# provenance: env=sys sha=717b683182 cmd="nvidia-smi --query-gpu=index,timestamp,pcie.link.gen.current,pcie.link.width.current,clocks.sm,clocks.mem,pstate,power.draw --format=csv -lms 200" date=2026-09-15T09:35:23+00:00 gpu="RTX 4090 x2" driver=610.57.04 exp=EXP-020-appendixC dtype=half round=4
index, timestamp, pcie.link.gen.current, pcie.link.width.current, clocks.current.sm [MHz], clocks.current.memory [MHz], pstate, power.draw [W]
0, 2026/09/15 09:35:23.344, 4, 16, 2835 MHz, 10501 MHz, P0, 83.90 W
1, 2026/09/15 09:35:23.351, 4, 16, 2820 MHz, 10501 MHz, P0, 79.65 W
0, 2026/09/15 09:35:23.556, 4, 16, 2835 MHz, 10501 MHz, P0, 83.90 W
1, 2026/09/15 09:35:23.556, 4, 16, 2820 MHz, 10501 MHz, P0, 79.65 W
0, 2026/09/15 09:35:23.756, 4, 16, 2835 MHz, 10501 MHz, P0, 83.90 W
1, 2026/09/15 09:35:23.757, 4, 16, 2820 MHz, 10501 MHz, P0, 78.42 W
0, 2026/09/15 09:35:23.957, 4, 16, 2835 MHz, 10501 MHz, P0, 83.44 W
1, 2026/09/15 09:35:23.957, 4, 16, 2820 MHz, 10501 MHz, P0, 78.42 W
0, 2026/09/15 09:35:24.158, 4, 16, 2835 MHz, 10501 MHz, P0, 83.44 W
1, 2026/09/15 09:35:24.158, 4, 16, 2820 MHz, 10501 MHz, P0, 78.42 W
0, 2026/09/15 09:35:24.358, 4, 16, 2520 MHz, 10251 MHz, P2, 80.50 W
1, 2026/09/15 09:35:24.358, 4, 16, 2520 MHz, 10251 MHz, P2, 76.53 W
0, 2026/09/15 09:35:24.559, 4, 16, 2520 MHz, 10251 MHz, P2, 80.50 W
1, 2026/09/15 09:35:24.559, 4, 16, 2520 MHz, 10251 MHz, P2, 76.53 W
0, 2026/09/15 09:35:24.759, 4, 16, 2520 MHz, 10251 MHz, P2, 74.15 W
1, 2026/09/15 09:35:24.759, 4, 16, 2520 MHz, 10251 MHz, P2, 70.40 W
0, 2026/09/15 09:35:24.959, 4, 16, 2520 MHz, 10251 MHz, P2, 74.15 W
1, 2026/09/15 09:35:24.960, 4, 16, 2520 MHz, 10251 MHz, P2, 70.40 W
0, 2026/09/15 09:35:25.160, 4, 16, 2520 MHz, 10251 MHz, P2, 74.15 W
1, 2026/09/15 09:35:25.160, 4, 16, 2520 MHz, 10251 MHz, P2, 70.40 W
0, 2026/09/15 09:35:25.360, 4, 16, 2835 MHz, 10251 MHz, P2, 72.31 W
1, 2026/09/15 09:35:25.361, 4, 16, 2820 MHz, 10251 MHz, P2, 70.49 W
0, 2026/09/15 09:35:25.561, 4, 16, 2835 MHz, 10251 MHz, P2, 72.31 W
1, 2026/09/15 09:35:25.561, 4, 16, 2820 MHz, 10251 MHz, P2, 70.49 W
0, 2026/09/15 09:35:25.761, 4, 16, 2835 MHz, 10251 MHz, P2, 90.57 W
1, 2026/09/15 09:35:25.761, 4, 16, 2820 MHz, 10251 MHz, P2, 86.22 W
0, 2026/09/15 09:35:25.962, 4, 16, 2835 MHz, 10251 MHz, P2, 90.57 W
1, 2026/09/15 09:35:25.962, 4, 16, 2820 MHz, 10251 MHz, P2, 86.22 W
0, 2026/09/15 09:35:26.162, 4, 16, 2835 MHz, 10251 MHz, P2, 90.57 W
1, 2026/09/15 09:35:26.162, 4, 16, 2820 MHz, 10251 MHz, P2, 86.22 W
0, 2026/09/15 09:35:26.362, 4, 16, 2835 MHz, 10251 MHz, P2, 105.98 W
1, 2026/09/15 09:35:26.365, 4, 16, 2820 MHz, 10251 MHz, P2, 99.76 W
0, 2026/09/15 09:35:26.565, 4, 16, 2835 MHz, 10251 MHz, P2, 105.98 W
1, 2026/09/15 09:35:26.565, 4, 16, 2820 MHz, 10251 MHz, P2, 99.76 W
0, 2026/09/15 09:35:26.765, 4, 16, 2835 MHz, 10501 MHz, P0, 100.11 W
1, 2026/09/15 09:35:26.765, 4, 16, 2820 MHz, 10501 MHz, P0, 94.07 W
0, 2026/09/15 09:35:26.965, 4, 16, 2835 MHz, 10501 MHz, P0, 100.11 W
1, 2026/09/15 09:35:26.966, 4, 16, 2820 MHz, 10501 MHz, P0, 94.07 W
0, 2026/09/15 09:35:27.166, 4, 16, 2835 MHz, 10501 MHz, P0, 100.11 W
1, 2026/09/15 09:35:27.166, 4, 16, 2820 MHz, 10501 MHz, P0, 94.07 W
0, 2026/09/15 09:35:27.366, 4, 16, 2835 MHz, 10501 MHz, P0, 88.25 W
1, 2026/09/15 09:35:27.366, 4, 16, 2820 MHz, 10501 MHz, P0, 83.26 W
0, 2026/09/15 09:35:27.567, 4, 16, 2835 MHz, 10501 MHz, P0, 88.25 W
1, 2026/09/15 09:35:27.567, 4, 16, 2820 MHz, 10501 MHz, P0, 83.26 W
0, 2026/09/15 09:35:27.767, 4, 16, 2835 MHz, 10501 MHz, P0, 83.49 W
1, 2026/09/15 09:35:27.767, 4, 16, 2820 MHz, 10501 MHz, P0, 78.95 W
0, 2026/09/15 09:35:27.967, 4, 16, 2835 MHz, 10501 MHz, P0, 83.49 W
1, 2026/09/15 09:35:27.967, 4, 16, 2820 MHz, 10501 MHz, P0, 78.95 W
0, 2026/09/15 09:35:28.168, 4, 16, 2835 MHz, 10501 MHz, P0, 83.49 W
1, 2026/09/15 09:35:28.168, 4, 16, 2820 MHz, 10501 MHz, P0, 78.95 W
0, 2026/09/15 09:35:28.368, 2, 16, 2835 MHz, 10501 MHz, P5, 83.49 W
1, 2026/09/15 09:35:28.368, 2, 16, 2820 MHz, 10501 MHz, P5, 78.95 W
0, 2026/09/15 09:35:28.568, 2, 16, 2835 MHz, 10501 MHz, P5, 83.49 W
1, 2026/09/15 09:35:28.569, 2, 16, 2820 MHz, 10501 MHz, P5, 78.95 W
0, 2026/09/15 09:35:28.769, 2, 16, 720 MHz, 810 MHz, P5, 57.35 W
1, 2026/09/15 09:35:28.769, 2, 16, 735 MHz, 810 MHz, P5, 56.53 W
0, 2026/09/15 09:35:28.969, 2, 16, 720 MHz, 810 MHz, P5, 57.35 W
1, 2026/09/15 09:35:28.969, 2, 16, 735 MHz, 810 MHz, P5, 56.53 W
0, 2026/09/15 09:35:29.170, 2, 16, 720 MHz, 810 MHz, P5, 57.35 W
1, 2026/09/15 09:35:29.170, 2, 16, 735 MHz, 810 MHz, P5, 56.53 W
0, 2026/09/15 09:35:29.370, 2, 16, 720 MHz, 810 MHz, P5, 57.35 W
1, 2026/09/15 09:35:29.370, 2, 16, 735 MHz, 810 MHz, P5, 56.53 W
0, 2026/09/15 09:35:29.570, 2, 16, 720 MHz, 810 MHz, P5, 57.35 W
1, 2026/09/15 09:35:29.571, 2, 16, 735 MHz, 810 MHz, P5, 56.53 W
0, 2026/09/15 09:35:29.771, 1, 16, 450 MHz, 405 MHz, P8, 40.28 W
1, 2026/09/15 09:35:29.771, 1, 16, 465 MHz, 405 MHz, P8, 38.57 W
0, 2026/09/15 09:35:29.971, 1, 16, 450 MHz, 405 MHz, P8, 40.28 W
1, 2026/09/15 09:35:29.971, 1, 16, 465 MHz, 405 MHz, P8, 38.57 W
0, 2026/09/15 09:35:30.171, 1, 16, 450 MHz, 405 MHz, P8, 40.28 W
1, 2026/09/15 09:35:30.172, 1, 16, 465 MHz, 405 MHz, P8, 38.57 W
0, 2026/09/15 09:35:30.372, 1, 16, 450 MHz, 405 MHz, P8, 40.28 W
1, 2026/09/15 09:35:30.372, 1, 16, 465 MHz, 405 MHz, P8, 38.57 W
0, 2026/09/15 09:35:30.572, 1, 16, 450 MHz, 405 MHz, P8, 40.28 W
1, 2026/09/15 09:35:30.572, 1, 16, 465 MHz, 405 MHz, P8, 38.57 W
0, 2026/09/15 09:35:30.773, 1, 16, 285 MHz, 405 MHz, P8, 21.82 W
1, 2026/09/15 09:35:30.773, 1, 16, 300 MHz, 405 MHz, P8, 20.09 W
0, 2026/09/15 09:35:30.973, 1, 16, 285 MHz, 405 MHz, P8, 21.82 W
1, 2026/09/15 09:35:30.973, 1, 16, 300 MHz, 405 MHz, P8, 20.09 W
0, 2026/09/15 09:35:31.173, 1, 16, 285 MHz, 405 MHz, P8, 21.82 W
1, 2026/09/15 09:35:31.174, 1, 16, 300 MHz, 405 MHz, P8, 20.09 W
0, 2026/09/15 09:35:31.374, 1, 16, 285 MHz, 405 MHz, P8, 21.82 W
1, 2026/09/15 09:35:31.374, 1, 16, 300 MHz, 405 MHz, P8, 20.09 W
0, 2026/09/15 09:35:31.574, 1, 16, 285 MHz, 405 MHz, P8, 21.82 W
1, 2026/09/15 09:35:31.574, 1, 16, 300 MHz, 405 MHz, P8, 20.09 W
0, 2026/09/15 09:35:31.775, 1, 16, 210 MHz, 405 MHz, P8, 17.76 W
1, 2026/09/15 09:35:31.775, 1, 16, 210 MHz, 405 MHz, P8, 17.28 W
0, 2026/09/15 09:35:31.975, 1, 16, 210 MHz, 405 MHz, P8, 17.76 W
1, 2026/09/15 09:35:31.975, 1, 16, 210 MHz, 405 MHz, P8, 17.28 W
0, 2026/09/15 09:35:32.175, 1, 16, 210 MHz, 405 MHz, P8, 17.76 W
1, 2026/09/15 09:35:32.176, 1, 16, 210 MHz, 405 MHz, P8, 17.28 W
0, 2026/09/15 09:35:32.376, 1, 16, 210 MHz, 405 MHz, P8, 17.76 W
1, 2026/09/15 09:35:32.376, 1, 16, 210 MHz, 405 MHz, P8, 17.28 W
0, 2026/09/15 09:35:32.576, 1, 16, 210 MHz, 405 MHz, P8, 17.76 W
1, 2026/09/15 09:35:32.576, 1, 16, 210 MHz, 405 MHz, P8, 17.28 W
0, 2026/09/15 09:35:32.777, 1, 16, 210 MHz, 405 MHz, P8, 17.31 W
1, 2026/09/15 09:35:32.777, 1, 16, 210 MHz, 405 MHz, P8, 16.76 W
0, 2026/09/15 09:35:32.977, 1, 16, 210 MHz, 405 MHz, P8, 17.31 W
1, 2026/09/15 09:35:32.977, 1, 16, 210 MHz, 405 MHz, P8, 16.76 W
0, 2026/09/15 09:35:33.177, 1, 16, 210 MHz, 405 MHz, P8, 17.31 W
1, 2026/09/15 09:35:33.178, 1, 16, 210 MHz, 405 MHz, P8, 16.76 W
0, 2026/09/15 09:35:33.378, 1, 16, 210 MHz, 405 MHz, P8, 17.31 W
1, 2026/09/15 09:35:33.378, 1, 16, 210 MHz, 405 MHz, P8, 16.76 W
0, 2026/09/15 09:35:33.578, 1, 16, 210 MHz, 405 MHz, P8, 17.31 W
1, 2026/09/15 09:35:33.579, 1, 16, 210 MHz, 405 MHz, P8, 16.76 W
0, 2026/09/15 09:35:33.779, 1, 16, 210 MHz, 405 MHz, P8, 16.92 W
1, 2026/09/15 09:35:33.794, 1, 16, 210 MHz, 405 MHz, P8, 16.49 W
0, 2026/09/15 09:35:33.994, 1, 16, 210 MHz, 405 MHz, P8, 16.92 W
1, 2026/09/15 09:35:33.995, 1, 16, 210 MHz, 405 MHz, P8, 16.49 W
0, 2026/09/15 09:35:34.195, 1, 16, 210 MHz, 405 MHz, P8, 16.92 W
1, 2026/09/15 09:35:34.195, 1, 16, 210 MHz, 405 MHz, P8, 16.49 W
0, 2026/09/15 09:35:34.395, 1, 16, 210 MHz, 405 MHz, P8, 16.92 W
1, 2026/09/15 09:35:34.396, 1, 16, 210 MHz, 405 MHz, P8, 16.49 W
0, 2026/09/15 09:35:34.596, 1, 16, 210 MHz, 405 MHz, P8, 16.92 W
1, 2026/09/15 09:35:34.596, 1, 16, 210 MHz, 405 MHz, P8, 16.49 W
0, 2026/09/15 09:35:34.797, 1, 16, 210 MHz, 405 MHz, P8, 16.89 W
1, 2026/09/15 09:35:34.797, 1, 16, 210 MHz, 405 MHz, P8, 16.68 W
0, 2026/09/15 09:35:34.997, 1, 16, 210 MHz, 405 MHz, P8, 16.89 W
1, 2026/09/15 09:35:34.997, 1, 16, 210 MHz, 405 MHz, P8, 16.68 W
0, 2026/09/15 09:35:35.198, 1, 16, 210 MHz, 405 MHz, P8, 16.89 W
1, 2026/09/15 09:35:35.198, 1, 16, 210 MHz, 405 MHz, P8, 16.68 W
0, 2026/09/15 09:35:35.398, 1, 16, 210 MHz, 405 MHz, P8, 16.89 W
1, 2026/09/15 09:35:35.398, 1, 16, 210 MHz, 405 MHz, P8, 16.68 W
0, 2026/09/15 09:35:35.599, 1, 16, 210 MHz, 405 MHz, P8, 16.89 W
1, 2026/09/15 09:35:35.599, 1, 16, 210 MHz, 405 MHz, P8, 16.68 W
0, 2026/09/15 09:35:35.799, 1, 16, 210 MHz, 405 MHz, P8, 17.03 W
1, 2026/09/15 09:35:35.799, 1, 16, 210 MHz, 405 MHz, P8, 16.63 W
0, 2026/09/15 09:35:35.999, 1, 16, 210 MHz, 405 MHz, P8, 17.03 W
1, 2026/09/15 09:35:36.000, 1, 16, 210 MHz, 405 MHz, P8, 16.63 W
0, 2026/09/15 09:35:36.200, 1, 16, 210 MHz, 405 MHz, P8, 17.03 W
1, 2026/09/15 09:35:36.200, 1, 16, 210 MHz, 405 MHz, P8, 16.63 W
0, 2026/09/15 09:35:36.400, 1, 16, 210 MHz, 405 MHz, P8, 17.03 W
1, 2026/09/15 09:35:36.400, 1, 16, 210 MHz, 405 MHz, P8, 16.63 W
0, 2026/09/15 09:35:36.601, 1, 16, 210 MHz, 405 MHz, P8, 17.03 W
1, 2026/09/15 09:35:36.601, 1, 16, 210 MHz, 405 MHz, P8, 16.63 W
0, 2026/09/15 09:35:36.801, 1, 16, 210 MHz, 405 MHz, P8, 16.93 W
1, 2026/09/15 09:35:36.801, 1, 16, 210 MHz, 405 MHz, P8, 16.45 W
0, 2026/09/15 09:35:37.001, 1, 16, 210 MHz, 405 MHz, P8, 16.93 W
1, 2026/09/15 09:35:37.002, 1, 16, 210 MHz, 405 MHz, P8, 16.45 W
0, 2026/09/15 09:35:37.202, 1, 16, 210 MHz, 405 MHz, P8, 16.93 W
1, 2026/09/15 09:35:37.202, 1, 16, 210 MHz, 405 MHz, P8, 16.45 W
0, 2026/09/15 09:35:37.402, 1, 16, 210 MHz, 405 MHz, P8, 16.93 W
1, 2026/09/15 09:35:37.402, 1, 16, 210 MHz, 405 MHz, P8, 16.45 W
0, 2026/09/15 09:35:37.603, 1, 16, 210 MHz, 405 MHz, P8, 16.93 W
1, 2026/09/15 09:35:37.603, 1, 16, 210 MHz, 405 MHz, P8, 16.45 W
0, 2026/09/15 09:35:37.803, 1, 16, 210 MHz, 405 MHz, P8, 17.12 W
1, 2026/09/15 09:35:37.803, 1, 16, 210 MHz, 405 MHz, P8, 16.41 W
0, 2026/09/15 09:35:38.004, 1, 16, 210 MHz, 405 MHz, P8, 17.12 W
1, 2026/09/15 09:35:38.004, 1, 16, 210 MHz, 405 MHz, P8, 16.41 W
0, 2026/09/15 09:35:38.204, 1, 16, 210 MHz, 405 MHz, P8, 17.12 W
1, 2026/09/15 09:35:38.204, 1, 16, 210 MHz, 405 MHz, P8, 16.41 W
0, 2026/09/15 09:35:38.404, 1, 16, 210 MHz, 405 MHz, P8, 17.12 W
1, 2026/09/15 09:35:38.405, 1, 16, 210 MHz, 405 MHz, P8, 16.41 W
0, 2026/09/15 09:35:38.605, 1, 16, 210 MHz, 405 MHz, P8, 17.12 W
1, 2026/09/15 09:35:38.605, 1, 16, 210 MHz, 405 MHz, P8, 16.41 W
0, 2026/09/15 09:35:38.805, 1, 16, 210 MHz, 405 MHz, P8, 17.22 W
1, 2026/09/15 09:35:38.806, 1, 16, 210 MHz, 405 MHz, P8, 16.42 W
0, 2026/09/15 09:35:39.006, 1, 16, 210 MHz, 405 MHz, P8, 17.22 W
1, 2026/09/15 09:35:39.006, 1, 16, 210 MHz, 405 MHz, P8, 16.42 W
0, 2026/09/15 09:35:39.206, 1, 16, 210 MHz, 405 MHz, P8, 17.22 W
1, 2026/09/15 09:35:39.207, 1, 16, 210 MHz, 405 MHz, P8, 16.42 W
0, 2026/09/15 09:35:39.408, 1, 16, 210 MHz, 405 MHz, P8, 17.22 W
1, 2026/09/15 09:35:39.408, 1, 16, 210 MHz, 405 MHz, P8, 16.42 W
0, 2026/09/15 09:35:39.608, 1, 16, 210 MHz, 405 MHz, P8, 17.22 W
1, 2026/09/15 09:35:39.608, 1, 16, 210 MHz, 405 MHz, P8, 16.42 W
0, 2026/09/15 09:35:39.809, 1, 16, 210 MHz, 405 MHz, P8, 17.06 W
1, 2026/09/15 09:35:39.809, 1, 16, 210 MHz, 405 MHz, P8, 16.52 W
0, 2026/09/15 09:35:40.009, 1, 16, 210 MHz, 405 MHz, P8, 17.06 W
1, 2026/09/15 09:35:40.009, 1, 16, 210 MHz, 405 MHz, P8, 16.52 W
0, 2026/09/15 09:35:40.210, 1, 16, 210 MHz, 405 MHz, P8, 17.06 W
1, 2026/09/15 09:35:40.210, 1, 16, 210 MHz, 405 MHz, P8, 16.52 W
0, 2026/09/15 09:35:40.410, 1, 16, 210 MHz, 405 MHz, P8, 17.06 W
1, 2026/09/15 09:35:40.410, 1, 16, 210 MHz, 405 MHz, P8, 16.52 W
0, 2026/09/15 09:35:40.610, 1, 16, 210 MHz, 405 MHz, P8, 17.06 W
1, 2026/09/15 09:35:40.611, 1, 16, 210 MHz, 405 MHz, P8, 16.52 W
0, 2026/09/15 09:35:40.811, 1, 16, 210 MHz, 405 MHz, P8, 17.06 W
1, 2026/09/15 09:35:40.811, 1, 16, 210 MHz, 405 MHz, P8, 16.54 W
0, 2026/09/15 09:35:41.011, 1, 16, 210 MHz, 405 MHz, P8, 17.06 W
1, 2026/09/15 09:35:41.011, 1, 16, 210 MHz, 405 MHz, P8, 16.54 W
0, 2026/09/15 09:35:41.212, 1, 16, 210 MHz, 405 MHz, P8, 17.06 W
1, 2026/09/15 09:35:41.212, 1, 16, 210 MHz, 405 MHz, P8, 16.54 W
0, 2026/09/15 09:35:41.412, 1, 16, 210 MHz, 405 MHz, P8, 17.06 W
1, 2026/09/15 09:35:41.412, 1, 16, 210 MHz, 405 MHz, P8, 16.54 W
0, 2026/09/15 09:35:41.613, 1, 16, 210 MHz, 405 MHz, P8, 17.06 W
1, 2026/09/15 09:35:41.613, 1, 16, 210 MHz, 405 MHz, P8, 16.54 W
0, 2026/09/15 09:35:41.813, 1, 16, 210 MHz, 405 MHz, P8, 16.95 W
1, 2026/09/15 09:35:41.813, 1, 16, 210 MHz, 405 MHz, P8, 16.47 W
0, 2026/09/15 09:35:42.014, 1, 16, 210 MHz, 405 MHz, P8, 16.95 W
1, 2026/09/15 09:35:42.014, 1, 16, 210 MHz, 405 MHz, P8, 16.47 W
0, 2026/09/15 09:35:42.214, 1, 16, 210 MHz, 405 MHz, P8, 16.95 W
1, 2026/09/15 09:35:42.214, 1, 16, 210 MHz, 405 MHz, P8, 16.47 W
0, 2026/09/15 09:35:42.414, 1, 16, 210 MHz, 405 MHz, P8, 16.95 W
1, 2026/09/15 09:35:42.415, 1, 16, 210 MHz, 405 MHz, P8, 16.47 W
0, 2026/09/15 09:35:42.615, 1, 16, 210 MHz, 405 MHz, P8, 16.95 W
1, 2026/09/15 09:35:42.615, 1, 16, 210 MHz, 405 MHz, P8, 16.47 W
0, 2026/09/15 09:35:42.815, 1, 16, 210 MHz, 405 MHz, P8, 16.72 W
1, 2026/09/15 09:35:42.815, 1, 16, 210 MHz, 405 MHz, P8, 16.32 W
0, 2026/09/15 09:35:43.016, 1, 16, 210 MHz, 405 MHz, P8, 16.72 W
1, 2026/09/15 09:35:43.016, 1, 16, 210 MHz, 405 MHz, P8, 16.32 W
0, 2026/09/15 09:35:43.216, 1, 16, 210 MHz, 405 MHz, P8, 16.72 W
1, 2026/09/15 09:35:43.216, 1, 16, 210 MHz, 405 MHz, P8, 16.32 W
0, 2026/09/15 09:35:43.416, 1, 16, 210 MHz, 405 MHz, P8, 16.72 W
1, 2026/09/15 09:35:43.417, 1, 16, 210 MHz, 405 MHz, P8, 16.32 W
0, 2026/09/15 09:35:43.617, 1, 16, 210 MHz, 405 MHz, P8, 16.72 W
1, 2026/09/15 09:35:43.617, 1, 16, 210 MHz, 405 MHz, P8, 16.32 W
0, 2026/09/15 09:35:43.817, 1, 16, 210 MHz, 405 MHz, P8, 16.69 W
1, 2026/09/15 09:35:43.817, 1, 16, 210 MHz, 405 MHz, P8, 16.18 W
0, 2026/09/15 09:35:44.018, 1, 16, 210 MHz, 405 MHz, P8, 16.69 W
1, 2026/09/15 09:35:44.018, 1, 16, 210 MHz, 405 MHz, P8, 16.18 W
0, 2026/09/15 09:35:44.219, 1, 16, 210 MHz, 405 MHz, P8, 16.69 W
1, 2026/09/15 09:35:44.219, 1, 16, 210 MHz, 405 MHz, P8, 16.18 W
0, 2026/09/15 09:35:44.419, 1, 16, 210 MHz, 405 MHz, P8, 16.69 W
1, 2026/09/15 09:35:44.420, 1, 16, 210 MHz, 405 MHz, P8, 16.18 W
0, 2026/09/15 09:35:44.620, 1, 16, 210 MHz, 405 MHz, P8, 16.69 W
1, 2026/09/15 09:35:44.620, 1, 16, 210 MHz, 405 MHz, P8, 16.18 W
0, 2026/09/15 09:35:44.820, 1, 16, 210 MHz, 405 MHz, P8, 16.98 W
1, 2026/09/15 09:35:44.820, 1, 16, 210 MHz, 405 MHz, P8, 16.12 W
0, 2026/09/15 09:35:45.021, 1, 16, 210 MHz, 405 MHz, P8, 16.98 W
1, 2026/09/15 09:35:45.021, 1, 16, 210 MHz, 405 MHz, P8, 16.12 W
0, 2026/09/15 09:35:45.221, 1, 16, 210 MHz, 405 MHz, P8, 16.98 W
1, 2026/09/15 09:35:45.221, 1, 16, 210 MHz, 405 MHz, P8, 16.12 W
0, 2026/09/15 09:35:45.422, 1, 16, 210 MHz, 405 MHz, P8, 16.98 W
1, 2026/09/15 09:35:45.422, 1, 16, 210 MHz, 405 MHz, P8, 16.12 W
0, 2026/09/15 09:35:45.622, 1, 16, 210 MHz, 405 MHz, P8, 16.98 W
1, 2026/09/15 09:35:45.622, 1, 16, 210 MHz, 405 MHz, P8, 16.12 W
0, 2026/09/15 09:35:45.823, 1, 16, 210 MHz, 405 MHz, P8, 17.06 W
1, 2026/09/15 09:35:45.823, 1, 16, 210 MHz, 405 MHz, P8, 16.08 W
0, 2026/09/15 09:35:46.023, 1, 16, 210 MHz, 405 MHz, P8, 17.06 W
1, 2026/09/15 09:35:46.023, 1, 16, 210 MHz, 405 MHz, P8, 16.08 W
0, 2026/09/15 09:35:46.223, 1, 16, 210 MHz, 405 MHz, P8, 17.06 W
1, 2026/09/15 09:35:46.224, 1, 16, 210 MHz, 405 MHz, P8, 16.08 W
0, 2026/09/15 09:35:46.424, 1, 16, 210 MHz, 405 MHz, P8, 17.06 W
1, 2026/09/15 09:35:46.424, 1, 16, 210 MHz, 405 MHz, P8, 16.08 W
0, 2026/09/15 09:35:46.624, 1, 16, 210 MHz, 405 MHz, P8, 17.06 W
1, 2026/09/15 09:35:46.624, 1, 16, 210 MHz, 405 MHz, P8, 16.08 W
0, 2026/09/15 09:35:46.825, 1, 16, 210 MHz, 405 MHz, P8, 16.94 W
1, 2026/09/15 09:35:46.825, 1, 16, 210 MHz, 405 MHz, P8, 16.27 W
0, 2026/09/15 09:35:47.025, 1, 16, 210 MHz, 405 MHz, P8, 16.94 W
1, 2026/09/15 09:35:47.025, 1, 16, 210 MHz, 405 MHz, P8, 16.27 W
0, 2026/09/15 09:35:47.225, 1, 16, 210 MHz, 405 MHz, P8, 16.94 W
1, 2026/09/15 09:35:47.225, 1, 16, 210 MHz, 405 MHz, P8, 16.27 W
0, 2026/09/15 09:35:47.426, 1, 16, 210 MHz, 405 MHz, P8, 16.94 W
1, 2026/09/15 09:35:47.426, 1, 16, 210 MHz, 405 MHz, P8, 16.27 W
0, 2026/09/15 09:35:47.626, 1, 16, 210 MHz, 405 MHz, P8, 16.94 W
1, 2026/09/15 09:35:47.626, 1, 16, 210 MHz, 405 MHz, P8, 16.27 W
0, 2026/09/15 09:35:47.827, 1, 16, 210 MHz, 405 MHz, P8, 16.72 W
1, 2026/09/15 09:35:47.827, 1, 16, 210 MHz, 405 MHz, P8, 16.45 W
0, 2026/09/15 09:35:48.027, 1, 16, 210 MHz, 405 MHz, P8, 16.72 W
1, 2026/09/15 09:35:48.027, 1, 16, 210 MHz, 405 MHz, P8, 16.45 W
0, 2026/09/15 09:35:48.227, 1, 16, 210 MHz, 405 MHz, P8, 16.72 W
1, 2026/09/15 09:35:48.228, 1, 16, 210 MHz, 405 MHz, P8, 16.45 W
0, 2026/09/15 09:35:48.428, 1, 16, 210 MHz, 405 MHz, P8, 16.72 W
1, 2026/09/15 09:35:48.428, 1, 16, 210 MHz, 405 MHz, P8, 16.45 W
0, 2026/09/15 09:35:48.628, 1, 16, 210 MHz, 405 MHz, P8, 16.72 W
1, 2026/09/15 09:35:48.628, 1, 16, 210 MHz, 405 MHz, P8, 16.45 W
0, 2026/09/15 09:35:48.829, 1, 16, 210 MHz, 405 MHz, P8, 16.60 W
1, 2026/09/15 09:35:48.829, 1, 16, 210 MHz, 405 MHz, P8, 16.33 W
0, 2026/09/15 09:35:49.029, 1, 16, 210 MHz, 405 MHz, P8, 16.60 W
1, 2026/09/15 09:35:49.029, 1, 16, 210 MHz, 405 MHz, P8, 16.33 W
0, 2026/09/15 09:35:49.229, 1, 16, 210 MHz, 405 MHz, P8, 16.60 W
1, 2026/09/15 09:35:49.230, 1, 16, 210 MHz, 405 MHz, P8, 16.33 W
0, 2026/09/15 09:35:49.430, 1, 16, 210 MHz, 405 MHz, P8, 16.60 W
1, 2026/09/15 09:35:49.430, 1, 16, 210 MHz, 405 MHz, P8, 16.33 W
0, 2026/09/15 09:35:49.630, 1, 16, 210 MHz, 405 MHz, P8, 16.60 W
1, 2026/09/15 09:35:49.630, 1, 16, 210 MHz, 405 MHz, P8, 16.33 W
0, 2026/09/15 09:35:49.831, 1, 16, 210 MHz, 405 MHz, P8, 16.68 W
1, 2026/09/15 09:35:49.831, 1, 16, 210 MHz, 405 MHz, P8, 16.16 W
0, 2026/09/15 09:35:50.031, 1, 16, 210 MHz, 405 MHz, P8, 16.68 W
1, 2026/09/15 09:35:50.031, 1, 16, 210 MHz, 405 MHz, P8, 16.16 W
0, 2026/09/15 09:35:50.232, 1, 16, 210 MHz, 405 MHz, P8, 16.68 W
1, 2026/09/15 09:35:50.232, 1, 16, 210 MHz, 405 MHz, P8, 16.16 W
0, 2026/09/15 09:35:50.432, 1, 16, 210 MHz, 405 MHz, P8, 16.68 W
1, 2026/09/15 09:35:50.432, 1, 16, 210 MHz, 405 MHz, P8, 16.16 W
0, 2026/09/15 09:35:50.632, 1, 16, 210 MHz, 405 MHz, P8, 16.68 W
1, 2026/09/15 09:35:50.632, 1, 16, 210 MHz, 405 MHz, P8, 16.16 W
0, 2026/09/15 09:35:50.833, 1, 16, 210 MHz, 405 MHz, P8, 16.91 W
1, 2026/09/15 09:35:50.833, 1, 16, 210 MHz, 405 MHz, P8, 16.20 W
0, 2026/09/15 09:35:51.033, 1, 16, 210 MHz, 405 MHz, P8, 16.91 W
1, 2026/09/15 09:35:51.033, 1, 16, 210 MHz, 405 MHz, P8, 16.20 W
0, 2026/09/15 09:35:51.233, 1, 16, 210 MHz, 405 MHz, P8, 16.91 W
1, 2026/09/15 09:35:51.234, 1, 16, 210 MHz, 405 MHz, P8, 16.20 W
0, 2026/09/15 09:35:51.434, 1, 16, 210 MHz, 405 MHz, P8, 16.91 W
1, 2026/09/15 09:35:51.434, 1, 16, 210 MHz, 405 MHz, P8, 16.20 W
0, 2026/09/15 09:35:51.634, 1, 16, 210 MHz, 405 MHz, P8, 16.91 W
1, 2026/09/15 09:35:51.635, 1, 16, 210 MHz, 405 MHz, P8, 16.20 W
0, 2026/09/15 09:35:51.836, 1, 16, 210 MHz, 405 MHz, P8, 16.90 W
1, 2026/09/15 09:35:51.836, 1, 16, 210 MHz, 405 MHz, P8, 16.28 W
0, 2026/09/15 09:35:52.036, 1, 16, 210 MHz, 405 MHz, P8, 16.90 W
1, 2026/09/15 09:35:52.036, 1, 16, 210 MHz, 405 MHz, P8, 16.28 W
0, 2026/09/15 09:35:52.237, 1, 16, 210 MHz, 405 MHz, P8, 16.90 W
1, 2026/09/15 09:35:52.237, 1, 16, 210 MHz, 405 MHz, P8, 16.28 W
0, 2026/09/15 09:35:52.437, 1, 16, 210 MHz, 405 MHz, P8, 16.90 W
1, 2026/09/15 09:35:52.437, 1, 16, 210 MHz, 405 MHz, P8, 16.28 W
0, 2026/09/15 09:35:52.637, 1, 16, 210 MHz, 405 MHz, P8, 16.90 W
1, 2026/09/15 09:35:52.638, 1, 16, 210 MHz, 405 MHz, P8, 16.28 W
0, 2026/09/15 09:35:52.838, 1, 16, 210 MHz, 405 MHz, P8, 16.77 W
1, 2026/09/15 09:35:52.838, 1, 16, 210 MHz, 405 MHz, P8, 16.31 W
0, 2026/09/15 09:35:53.038, 1, 16, 210 MHz, 405 MHz, P8, 16.77 W
1, 2026/09/15 09:35:53.038, 1, 16, 210 MHz, 405 MHz, P8, 16.31 W
0, 2026/09/15 09:35:53.238, 1, 16, 210 MHz, 405 MHz, P8, 16.77 W
1, 2026/09/15 09:35:53.239, 1, 16, 210 MHz, 405 MHz, P8, 16.31 W
0, 2026/09/15 09:35:53.439, 1, 16, 210 MHz, 405 MHz, P8, 16.77 W
1, 2026/09/15 09:35:53.439, 1, 16, 210 MHz, 405 MHz, P8, 16.31 W
0, 2026/09/15 09:35:53.639, 1, 16, 210 MHz, 405 MHz, P8, 16.77 W
1, 2026/09/15 09:35:53.640, 1, 16, 210 MHz, 405 MHz, P8, 16.31 W
0, 2026/09/15 09:35:53.840, 1, 16, 210 MHz, 405 MHz, P8, 17.03 W
1, 2026/09/15 09:35:53.840, 1, 16, 210 MHz, 405 MHz, P8, 16.45 W
0, 2026/09/15 09:35:54.040, 1, 16, 210 MHz, 405 MHz, P8, 17.03 W
1, 2026/09/15 09:35:54.040, 1, 16, 210 MHz, 405 MHz, P8, 16.45 W
0, 2026/09/15 09:35:54.241, 1, 16, 210 MHz, 405 MHz, P8, 17.03 W
1, 2026/09/15 09:35:54.241, 1, 16, 210 MHz, 405 MHz, P8, 16.45 W
0, 2026/09/15 09:35:54.441, 1, 16, 210 MHz, 405 MHz, P8, 17.03 W
1, 2026/09/15 09:35:54.442, 1, 16, 210 MHz, 405 MHz, P8, 16.45 W
0, 2026/09/15 09:35:54.642, 1, 16, 210 MHz, 405 MHz, P8, 17.03 W
1, 2026/09/15 09:35:54.642, 1, 16, 210 MHz, 405 MHz, P8, 16.45 W
0, 2026/09/15 09:35:54.842, 1, 16, 210 MHz, 405 MHz, P8, 17.29 W
1, 2026/09/15 09:35:54.843, 1, 16, 210 MHz, 405 MHz, P8, 16.59 W
0, 2026/09/15 09:35:55.043, 1, 16, 210 MHz, 405 MHz, P8, 17.29 W
1, 2026/09/15 09:35:55.043, 1, 16, 210 MHz, 405 MHz, P8, 16.59 W
0, 2026/09/15 09:35:55.243, 1, 16, 210 MHz, 405 MHz, P8, 17.29 W
1, 2026/09/15 09:35:55.243, 1, 16, 210 MHz, 405 MHz, P8, 16.59 W
0, 2026/09/15 09:35:55.443, 1, 16, 210 MHz, 405 MHz, P8, 17.29 W
1, 2026/09/15 09:35:55.444, 1, 16, 210 MHz, 405 MHz, P8, 16.59 W
0, 2026/09/15 09:35:55.644, 1, 16, 210 MHz, 405 MHz, P8, 17.29 W
1, 2026/09/15 09:35:55.644, 1, 16, 210 MHz, 405 MHz, P8, 16.59 W
0, 2026/09/15 09:35:55.844, 1, 16, 210 MHz, 405 MHz, P8, 17.43 W
1, 2026/09/15 09:35:55.844, 1, 16, 210 MHz, 405 MHz, P8, 16.62 W
0, 2026/09/15 09:35:56.045, 1, 16, 210 MHz, 405 MHz, P8, 17.43 W
1, 2026/09/15 09:35:56.045, 1, 16, 210 MHz, 405 MHz, P8, 16.62 W
0, 2026/09/15 09:35:56.245, 1, 16, 210 MHz, 405 MHz, P8, 17.43 W
1, 2026/09/15 09:35:56.245, 1, 16, 210 MHz, 405 MHz, P8, 16.62 W
0, 2026/09/15 09:35:56.445, 1, 16, 210 MHz, 405 MHz, P8, 17.43 W
1, 2026/09/15 09:35:56.445, 1, 16, 210 MHz, 405 MHz, P8, 16.62 W
0, 2026/09/15 09:35:56.646, 1, 16, 210 MHz, 405 MHz, P8, 17.43 W
1, 2026/09/15 09:35:56.646, 1, 16, 210 MHz, 405 MHz, P8, 16.62 W
0, 2026/09/15 09:35:56.846, 1, 16, 210 MHz, 405 MHz, P8, 17.36 W
1, 2026/09/15 09:35:56.846, 1, 16, 210 MHz, 405 MHz, P8, 16.54 W
0, 2026/09/15 09:35:57.046, 1, 16, 210 MHz, 405 MHz, P8, 17.36 W
1, 2026/09/15 09:35:57.047, 1, 16, 210 MHz, 405 MHz, P8, 16.54 W
0, 2026/09/15 09:35:57.247, 1, 16, 210 MHz, 405 MHz, P8, 17.36 W
1, 2026/09/15 09:35:57.247, 1, 16, 210 MHz, 405 MHz, P8, 16.54 W
0, 2026/09/15 09:35:57.447, 1, 16, 210 MHz, 405 MHz, P8, 17.36 W
1, 2026/09/15 09:35:57.447, 1, 16, 210 MHz, 405 MHz, P8, 16.54 W
0, 2026/09/15 09:35:57.647, 1, 16, 210 MHz, 405 MHz, P8, 17.36 W
1, 2026/09/15 09:35:57.648, 1, 16, 210 MHz, 405 MHz, P8, 16.54 W
0, 2026/09/15 09:35:57.848, 1, 16, 210 MHz, 405 MHz, P8, 17.41 W
1, 2026/09/15 09:35:57.848, 1, 16, 210 MHz, 405 MHz, P8, 16.66 W
0, 2026/09/15 09:35:58.048, 1, 16, 210 MHz, 405 MHz, P8, 17.41 W
1, 2026/09/15 09:35:58.048, 1, 16, 210 MHz, 405 MHz, P8, 16.66 W
0, 2026/09/15 09:35:58.249, 1, 16, 210 MHz, 405 MHz, P8, 17.41 W
1, 2026/09/15 09:35:58.249, 1, 16, 210 MHz, 405 MHz, P8, 16.66 W
0, 2026/09/15 09:35:58.449, 1, 16, 210 MHz, 405 MHz, P8, 17.41 W
1, 2026/09/15 09:35:58.449, 1, 16, 210 MHz, 405 MHz, P8, 16.66 W
0, 2026/09/15 09:35:58.649, 1, 16, 210 MHz, 405 MHz, P8, 17.41 W
1, 2026/09/15 09:35:58.649, 1, 16, 210 MHz, 405 MHz, P8, 16.66 W
0, 2026/09/15 09:35:58.850, 1, 16, 210 MHz, 405 MHz, P8, 17.32 W
1, 2026/09/15 09:35:58.850, 1, 16, 210 MHz, 405 MHz, P8, 16.70 W
0, 2026/09/15 09:35:59.050, 1, 16, 210 MHz, 405 MHz, P8, 17.32 W
1, 2026/09/15 09:35:59.050, 1, 16, 210 MHz, 405 MHz, P8, 16.70 W
0, 2026/09/15 09:35:59.250, 1, 16, 210 MHz, 405 MHz, P8, 17.32 W
1, 2026/09/15 09:35:59.250, 1, 16, 210 MHz, 405 MHz, P8, 16.70 W
0, 2026/09/15 09:35:59.450, 1, 16, 210 MHz, 405 MHz, P8, 17.32 W
1, 2026/09/15 09:35:59.451, 1, 16, 210 MHz, 405 MHz, P8, 16.70 W
0, 2026/09/15 09:35:59.651, 1, 16, 210 MHz, 405 MHz, P8, 17.32 W
1, 2026/09/15 09:35:59.651, 1, 16, 210 MHz, 405 MHz, P8, 16.70 W
0, 2026/09/15 09:35:59.851, 1, 16, 210 MHz, 405 MHz, P8, 17.10 W
1, 2026/09/15 09:35:59.851, 1, 16, 210 MHz, 405 MHz, P8, 16.48 W
0, 2026/09/15 09:36:00.052, 1, 16, 210 MHz, 405 MHz, P8, 17.10 W
1, 2026/09/15 09:36:00.052, 1, 16, 210 MHz, 405 MHz, P8, 16.48 W
0, 2026/09/15 09:36:00.252, 1, 16, 210 MHz, 405 MHz, P8, 17.10 W
1, 2026/09/15 09:36:00.252, 1, 16, 210 MHz, 405 MHz, P8, 16.48 W
0, 2026/09/15 09:36:00.452, 1, 16, 210 MHz, 405 MHz, P8, 17.10 W
1, 2026/09/15 09:36:00.452, 1, 16, 210 MHz, 405 MHz, P8, 16.48 W
0, 2026/09/15 09:36:00.653, 1, 16, 210 MHz, 405 MHz, P8, 17.10 W
1, 2026/09/15 09:36:00.653, 1, 16, 210 MHz, 405 MHz, P8, 16.48 W
0, 2026/09/15 09:36:00.853, 1, 16, 210 MHz, 405 MHz, P8, 17.15 W
1, 2026/09/15 09:36:00.853, 1, 16, 210 MHz, 405 MHz, P8, 16.28 W
0, 2026/09/15 09:36:01.054, 1, 16, 210 MHz, 405 MHz, P8, 17.15 W
1, 2026/09/15 09:36:01.054, 1, 16, 210 MHz, 405 MHz, P8, 16.28 W
0, 2026/09/15 09:36:01.254, 1, 16, 210 MHz, 405 MHz, P8, 17.15 W
1, 2026/09/15 09:36:01.254, 1, 16, 210 MHz, 405 MHz, P8, 16.28 W
0, 2026/09/15 09:36:01.455, 1, 16, 210 MHz, 405 MHz, P8, 17.15 W
1, 2026/09/15 09:36:01.455, 1, 16, 210 MHz, 405 MHz, P8, 16.28 W
0, 2026/09/15 09:36:01.655, 1, 16, 210 MHz, 405 MHz, P8, 17.15 W
1, 2026/09/15 09:36:01.655, 1, 16, 210 MHz, 405 MHz, P8, 16.28 W
0, 2026/09/15 09:36:01.855, 1, 16, 210 MHz, 405 MHz, P8, 17.11 W
1, 2026/09/15 09:36:01.856, 1, 16, 210 MHz, 405 MHz, P8, 16.18 W
0, 2026/09/15 09:36:02.056, 1, 16, 210 MHz, 405 MHz, P8, 17.11 W
1, 2026/09/15 09:36:02.056, 1, 16, 210 MHz, 405 MHz, P8, 16.18 W
0, 2026/09/15 09:36:02.256, 1, 16, 210 MHz, 405 MHz, P8, 17.11 W
1, 2026/09/15 09:36:02.256, 1, 16, 210 MHz, 405 MHz, P8, 16.18 W
0, 2026/09/15 09:36:02.457, 1, 16, 210 MHz, 405 MHz, P8, 17.11 W
1, 2026/09/15 09:36:02.457, 1, 16, 210 MHz, 405 MHz, P8, 16.18 W
0, 2026/09/15 09:36:02.657, 1, 16, 210 MHz, 405 MHz, P8, 17.11 W
1, 2026/09/15 09:36:02.657, 1, 16, 210 MHz, 405 MHz, P8, 16.18 W
0, 2026/09/15 09:36:02.858, 4, 16, 2520 MHz, 10501 MHz, P0, 17.21 W
1, 2026/09/15 09:36:02.869, 1, 16, 210 MHz, 405 MHz, P8, 16.29 W
0, 2026/09/15 09:36:03.070, 4, 16, 2520 MHz, 10501 MHz, P0, 17.21 W
1, 2026/09/15 09:36:03.070, 1, 16, 210 MHz, 405 MHz, P8, 16.29 W
0, 2026/09/15 09:36:03.270, 4, 16, 2520 MHz, 10251 MHz, P2, 30.59 W
1, 2026/09/15 09:36:03.270, 4, 16, 2520 MHz, 10251 MHz, P2, 25.04 W
0, 2026/09/15 09:36:03.471, 4, 16, 2520 MHz, 10251 MHz, P2, 30.59 W
1, 2026/09/15 09:36:03.471, 4, 16, 2520 MHz, 10251 MHz, P2, 25.04 W
0, 2026/09/15 09:36:03.671, 4, 16, 2520 MHz, 10251 MHz, P2, 30.59 W
1, 2026/09/15 09:36:03.671, 4, 16, 2520 MHz, 10251 MHz, P2, 25.04 W
0, 2026/09/15 09:36:03.871, 4, 16, 2730 MHz, 10251 MHz, P2, 64.13 W
1, 2026/09/15 09:36:03.872, 4, 16, 2820 MHz, 10251 MHz, P2, 58.43 W
0, 2026/09/15 09:36:04.072, 4, 16, 2730 MHz, 10251 MHz, P2, 64.13 W
1, 2026/09/15 09:36:04.072, 4, 16, 2820 MHz, 10251 MHz, P2, 58.43 W
0, 2026/09/15 09:36:04.273, 4, 16, 2805 MHz, 10251 MHz, P2, 84.76 W
1, 2026/09/15 09:36:04.273, 4, 16, 2820 MHz, 10251 MHz, P2, 81.79 W
0, 2026/09/15 09:36:04.473, 4, 16, 2805 MHz, 10251 MHz, P2, 84.76 W
1, 2026/09/15 09:36:04.473, 4, 16, 2820 MHz, 10251 MHz, P2, 81.79 W
0, 2026/09/15 09:36:04.673, 4, 16, 2805 MHz, 10251 MHz, P2, 84.76 W
1, 2026/09/15 09:36:04.674, 4, 16, 2820 MHz, 10251 MHz, P2, 81.79 W
0, 2026/09/15 09:36:04.874, 4, 16, 2805 MHz, 10251 MHz, P2, 103.26 W
1, 2026/09/15 09:36:04.874, 4, 16, 2820 MHz, 10251 MHz, P2, 98.80 W
0, 2026/09/15 09:36:05.074, 4, 16, 2805 MHz, 10251 MHz, P2, 103.26 W
1, 2026/09/15 09:36:05.074, 4, 16, 2820 MHz, 10251 MHz, P2, 98.80 W
0, 2026/09/15 09:36:05.275, 4, 16, 2805 MHz, 10251 MHz, P2, 109.08 W
1, 2026/09/15 09:36:05.275, 4, 16, 2820 MHz, 10251 MHz, P2, 101.85 W
0, 2026/09/15 09:36:05.475, 4, 16, 2805 MHz, 10251 MHz, P2, 109.08 W
1, 2026/09/15 09:36:05.475, 4, 16, 2820 MHz, 10251 MHz, P2, 101.85 W
0, 2026/09/15 09:36:05.675, 4, 16, 2805 MHz, 10251 MHz, P2, 109.08 W
1, 2026/09/15 09:36:05.675, 4, 16, 2820 MHz, 10251 MHz, P2, 101.85 W
0, 2026/09/15 09:36:05.876, 4, 16, 2805 MHz, 10251 MHz, P2, 110.34 W
1, 2026/09/15 09:36:05.876, 4, 16, 2820 MHz, 10251 MHz, P2, 102.96 W
0, 2026/09/15 09:36:06.076, 4, 16, 2805 MHz, 10251 MHz, P2, 110.34 W
1, 2026/09/15 09:36:06.076, 4, 16, 2820 MHz, 10251 MHz, P2, 102.96 W
0, 2026/09/15 09:36:06.276, 4, 16, 2805 MHz, 10251 MHz, P2, 110.79 W
1, 2026/09/15 09:36:06.277, 4, 16, 2820 MHz, 10251 MHz, P2, 103.59 W
0, 2026/09/15 09:36:06.477, 4, 16, 2805 MHz, 10251 MHz, P2, 110.79 W
1, 2026/09/15 09:36:06.477, 4, 16, 2820 MHz, 10251 MHz, P2, 103.59 W
0, 2026/09/15 09:36:06.677, 4, 16, 2805 MHz, 10251 MHz, P2, 110.79 W
1, 2026/09/15 09:36:06.677, 4, 16, 2820 MHz, 10251 MHz, P2, 103.59 W
0, 2026/09/15 09:36:06.878, 4, 16, 2805 MHz, 10251 MHz, P2, 111.43 W
1, 2026/09/15 09:36:06.878, 4, 16, 2820 MHz, 10251 MHz, P2, 104.29 W
0, 2026/09/15 09:36:07.078, 4, 16, 2805 MHz, 10251 MHz, P2, 111.43 W
1, 2026/09/15 09:36:07.078, 4, 16, 2820 MHz, 10251 MHz, P2, 104.29 W
0, 2026/09/15 09:36:07.278, 4, 16, 2805 MHz, 10251 MHz, P2, 111.32 W
1, 2026/09/15 09:36:07.278, 4, 16, 2820 MHz, 10251 MHz, P2, 104.29 W
0, 2026/09/15 09:36:07.479, 4, 16, 2805 MHz, 10251 MHz, P2, 111.32 W
1, 2026/09/15 09:36:07.479, 4, 16, 2820 MHz, 10251 MHz, P2, 104.29 W
0, 2026/09/15 09:36:07.679, 4, 16, 2805 MHz, 10251 MHz, P2, 111.32 W
1, 2026/09/15 09:36:07.679, 4, 16, 2820 MHz, 10251 MHz, P2, 104.29 W
0, 2026/09/15 09:36:07.879, 4, 16, 2805 MHz, 10251 MHz, P2, 111.99 W
1, 2026/09/15 09:36:07.879, 4, 16, 2820 MHz, 10251 MHz, P2, 104.96 W
0, 2026/09/15 09:36:08.080, 4, 16, 2805 MHz, 10251 MHz, P2, 111.99 W
1, 2026/09/15 09:36:08.080, 4, 16, 2820 MHz, 10251 MHz, P2, 104.96 W
0, 2026/09/15 09:36:08.280, 4, 16, 2805 MHz, 10251 MHz, P2, 112.55 W
1, 2026/09/15 09:36:08.280, 4, 16, 2820 MHz, 10251 MHz, P2, 105.31 W
0, 2026/09/15 09:36:08.480, 4, 16, 2805 MHz, 10251 MHz, P2, 112.55 W
1, 2026/09/15 09:36:08.481, 4, 16, 2820 MHz, 10251 MHz, P2, 105.31 W
0, 2026/09/15 09:36:08.681, 4, 16, 2805 MHz, 10251 MHz, P2, 112.55 W
1, 2026/09/15 09:36:08.681, 4, 16, 2820 MHz, 10251 MHz, P2, 105.31 W
0, 2026/09/15 09:36:08.881, 4, 16, 2805 MHz, 10251 MHz, P2, 112.26 W
1, 2026/09/15 09:36:08.881, 4, 16, 2820 MHz, 10251 MHz, P2, 104.64 W
0, 2026/09/15 09:36:09.081, 4, 16, 2805 MHz, 10251 MHz, P2, 112.26 W
1, 2026/09/15 09:36:09.082, 4, 16, 2820 MHz, 10251 MHz, P2, 104.64 W
0, 2026/09/15 09:36:09.282, 4, 16, 2805 MHz, 10251 MHz, P2, 113.51 W
1, 2026/09/15 09:36:09.282, 4, 16, 2820 MHz, 10251 MHz, P2, 105.75 W
0, 2026/09/15 09:36:09.482, 4, 16, 2805 MHz, 10251 MHz, P2, 113.51 W
1, 2026/09/15 09:36:09.482, 4, 16, 2820 MHz, 10251 MHz, P2, 105.75 W
0, 2026/09/15 09:36:09.683, 4, 16, 2805 MHz, 10251 MHz, P2, 113.51 W
1, 2026/09/15 09:36:09.683, 4, 16, 2820 MHz, 10251 MHz, P2, 105.75 W
0, 2026/09/15 09:36:09.883, 4, 16, 2805 MHz, 10251 MHz, P2, 113.48 W
1, 2026/09/15 09:36:09.883, 4, 16, 2820 MHz, 10251 MHz, P2, 105.67 W
0, 2026/09/15 09:36:10.084, 4, 16, 2805 MHz, 10251 MHz, P2, 113.48 W
1, 2026/09/15 09:36:10.116, 4, 16, 2820 MHz, 10251 MHz, P2, 105.67 W
0, 2026/09/15 09:36:10.316, 4, 16, 2805 MHz, 10251 MHz, P2, 111.94 W
1, 2026/09/15 09:36:10.317, 4, 16, 2820 MHz, 10251 MHz, P2, 104.27 W
0, 2026/09/15 09:36:10.517, 4, 16, 2805 MHz, 10251 MHz, P2, 111.94 W
1, 2026/09/15 09:36:10.517, 4, 16, 2820 MHz, 10251 MHz, P2, 104.27 W
0, 2026/09/15 09:36:10.717, 4, 16, 2805 MHz, 10251 MHz, P2, 111.94 W
1, 2026/09/15 09:36:10.717, 4, 16, 2820 MHz, 10251 MHz, P2, 104.27 W
0, 2026/09/15 09:36:10.918, 4, 16, 2805 MHz, 10251 MHz, P2, 110.60 W
1, 2026/09/15 09:36:10.918, 4, 16, 2820 MHz, 10251 MHz, P2, 103.40 W
0, 2026/09/15 09:36:11.118, 4, 16, 2805 MHz, 10251 MHz, P2, 110.60 W
1, 2026/09/15 09:36:11.118, 4, 16, 2820 MHz, 10251 MHz, P2, 103.40 W
0, 2026/09/15 09:36:11.318, 4, 16, 2805 MHz, 10501 MHz, P0, 98.05 W
1, 2026/09/15 09:36:11.319, 4, 16, 2820 MHz, 10501 MHz, P0, 92.69 W
0, 2026/09/15 09:36:11.519, 4, 16, 2805 MHz, 10501 MHz, P0, 98.05 W
1, 2026/09/15 09:36:11.519, 4, 16, 2820 MHz, 10501 MHz, P0, 92.69 W
0, 2026/09/15 09:36:11.719, 4, 16, 2805 MHz, 10501 MHz, P0, 98.05 W
1, 2026/09/15 09:36:11.721, 4, 16, 2820 MHz, 10501 MHz, P0, 92.69 W
0, 2026/09/15 09:36:11.922, 4, 16, 2805 MHz, 10501 MHz, P0, 84.28 W
1, 2026/09/15 09:36:11.922, 4, 16, 2820 MHz, 10501 MHz, P0, 79.89 W
0, 2026/09/15 09:36:12.122, 4, 16, 2805 MHz, 10501 MHz, P0, 84.28 W
1, 2026/09/15 09:36:12.122, 4, 16, 2820 MHz, 10501 MHz, P0, 79.89 W
0, 2026/09/15 09:36:12.323, 4, 16, 2805 MHz, 10501 MHz, P0, 82.48 W
1, 2026/09/15 09:36:12.323, 4, 16, 2820 MHz, 10501 MHz, P0, 77.91 W
0, 2026/09/15 09:36:12.523, 4, 16, 2805 MHz, 10501 MHz, P0, 82.48 W
1, 2026/09/15 09:36:12.523, 4, 16, 2820 MHz, 10501 MHz, P0, 77.91 W
0, 2026/09/15 09:36:12.724, 4, 16, 2805 MHz, 10501 MHz, P0, 82.48 W
1, 2026/09/15 09:36:12.745, 4, 16, 705 MHz, 810 MHz, P0, 63.82 W
0, 2026/09/15 09:36:12.945, 4, 16, 2520 MHz, 10251 MHz, P2, 77.90 W
1, 2026/09/15 09:36:12.945, 4, 16, 705 MHz, 810 MHz, P0, 63.82 W
0, 2026/09/15 09:36:13.146, 4, 16, 2520 MHz, 10251 MHz, P2, 77.90 W
1, 2026/09/15 09:36:13.146, 4, 16, 705 MHz, 810 MHz, P0, 63.82 W
0, 2026/09/15 09:36:13.346, 4, 16, 2520 MHz, 10251 MHz, P2, 70.51 W
1, 2026/09/15 09:36:13.346, 4, 16, 2520 MHz, 10251 MHz, P2, 55.13 W
0, 2026/09/15 09:36:13.546, 4, 16, 2520 MHz, 10251 MHz, P2, 70.51 W
1, 2026/09/15 09:36:13.547, 4, 16, 2520 MHz, 10251 MHz, P2, 55.13 W
0, 2026/09/15 09:36:13.748, 4, 16, 2520 MHz, 10251 MHz, P2, 70.51 W
1, 2026/09/15 09:36:13.748, 4, 16, 2820 MHz, 10251 MHz, P2, 61.71 W
0, 2026/09/15 09:36:13.948, 4, 16, 2805 MHz, 10251 MHz, P2, 70.32 W
1, 2026/09/15 09:36:13.949, 4, 16, 2820 MHz, 10251 MHz, P2, 61.71 W
0, 2026/09/15 09:36:14.149, 4, 16, 2805 MHz, 10251 MHz, P2, 70.32 W
1, 2026/09/15 09:36:14.149, 4, 16, 2820 MHz, 10251 MHz, P2, 61.71 W
0, 2026/09/15 09:36:14.349, 4, 16, 2805 MHz, 10251 MHz, P2, 87.17 W
1, 2026/09/15 09:36:14.349, 4, 16, 2820 MHz, 10251 MHz, P2, 83.44 W
0, 2026/09/15 09:36:14.550, 4, 16, 2805 MHz, 10251 MHz, P2, 87.17 W
1, 2026/09/15 09:36:14.550, 4, 16, 2820 MHz, 10251 MHz, P2, 83.44 W
0, 2026/09/15 09:36:14.750, 4, 16, 2805 MHz, 10251 MHz, P2, 87.17 W
1, 2026/09/15 09:36:14.750, 4, 16, 2820 MHz, 10251 MHz, P2, 99.86 W
0, 2026/09/15 09:36:14.950, 4, 16, 2805 MHz, 10251 MHz, P2, 105.53 W
1, 2026/09/15 09:36:14.951, 4, 16, 2820 MHz, 10251 MHz, P2, 99.86 W
0, 2026/09/15 09:36:15.151, 4, 16, 2805 MHz, 10251 MHz, P2, 105.53 W
1, 2026/09/15 09:36:15.151, 4, 16, 2820 MHz, 10251 MHz, P2, 99.86 W
0, 2026/09/15 09:36:15.351, 4, 16, 2805 MHz, 10251 MHz, P2, 110.36 W
1, 2026/09/15 09:36:15.351, 4, 16, 2820 MHz, 10251 MHz, P2, 104.36 W
0, 2026/09/15 09:36:15.552, 4, 16, 2805 MHz, 10251 MHz, P2, 110.36 W
1, 2026/09/15 09:36:15.552, 4, 16, 2820 MHz, 10251 MHz, P2, 104.36 W
0, 2026/09/15 09:36:15.752, 4, 16, 2805 MHz, 10251 MHz, P2, 110.36 W
1, 2026/09/15 09:36:15.752, 4, 16, 2820 MHz, 10251 MHz, P2, 105.18 W
0, 2026/09/15 09:36:15.952, 4, 16, 2805 MHz, 10251 MHz, P2, 111.66 W
1, 2026/09/15 09:36:15.953, 4, 16, 2820 MHz, 10251 MHz, P2, 105.18 W
0, 2026/09/15 09:36:16.153, 4, 16, 2805 MHz, 10251 MHz, P2, 111.66 W
1, 2026/09/15 09:36:16.153, 4, 16, 2820 MHz, 10251 MHz, P2, 105.18 W
0, 2026/09/15 09:36:16.353, 4, 16, 2835 MHz, 10251 MHz, P2, 112.88 W
1, 2026/09/15 09:36:16.353, 4, 16, 2820 MHz, 10251 MHz, P2, 105.36 W
0, 2026/09/15 09:36:16.554, 4, 16, 2835 MHz, 10251 MHz, P2, 112.88 W
1, 2026/09/15 09:36:16.554, 4, 16, 2820 MHz, 10251 MHz, P2, 105.36 W
0, 2026/09/15 09:36:16.754, 4, 16, 2835 MHz, 10251 MHz, P2, 112.88 W
1, 2026/09/15 09:36:16.754, 4, 16, 2820 MHz, 10251 MHz, P2, 105.68 W
0, 2026/09/15 09:36:16.954, 4, 16, 2835 MHz, 10251 MHz, P2, 112.54 W
1, 2026/09/15 09:36:16.955, 4, 16, 2820 MHz, 10251 MHz, P2, 105.68 W
0, 2026/09/15 09:36:17.155, 4, 16, 2835 MHz, 10251 MHz, P2, 112.54 W
1, 2026/09/15 09:36:17.155, 4, 16, 2820 MHz, 10251 MHz, P2, 105.68 W
0, 2026/09/15 09:36:17.355, 4, 16, 2835 MHz, 10251 MHz, P2, 113.67 W
1, 2026/09/15 09:36:17.356, 4, 16, 2820 MHz, 10251 MHz, P2, 107.42 W
0, 2026/09/15 09:36:17.556, 4, 16, 2835 MHz, 10251 MHz, P2, 113.67 W
1, 2026/09/15 09:36:17.556, 4, 16, 2820 MHz, 10251 MHz, P2, 107.42 W
0, 2026/09/15 09:36:17.757, 4, 16, 2835 MHz, 10251 MHz, P2, 113.67 W
1, 2026/09/15 09:36:17.757, 4, 16, 2820 MHz, 10251 MHz, P2, 107.03 W
0, 2026/09/15 09:36:17.957, 4, 16, 2835 MHz, 10251 MHz, P2, 113.22 W
1, 2026/09/15 09:36:17.957, 4, 16, 2820 MHz, 10251 MHz, P2, 107.03 W
0, 2026/09/15 09:36:18.158, 4, 16, 2835 MHz, 10251 MHz, P2, 113.22 W
1, 2026/09/15 09:36:18.158, 4, 16, 2820 MHz, 10251 MHz, P2, 107.03 W
0, 2026/09/15 09:36:18.358, 4, 16, 2835 MHz, 10251 MHz, P2, 112.31 W
1, 2026/09/15 09:36:18.358, 4, 16, 2820 MHz, 10251 MHz, P2, 106.36 W
0, 2026/09/15 09:36:18.559, 4, 16, 2835 MHz, 10251 MHz, P2, 112.31 W
1, 2026/09/15 09:36:18.559, 4, 16, 2820 MHz, 10251 MHz, P2, 106.36 W
0, 2026/09/15 09:36:18.759, 4, 16, 2835 MHz, 10251 MHz, P2, 112.31 W
1, 2026/09/15 09:36:18.760, 4, 16, 2820 MHz, 10251 MHz, P2, 108.07 W
0, 2026/09/15 09:36:18.960, 4, 16, 2835 MHz, 10251 MHz, P2, 114.40 W
1, 2026/09/15 09:36:18.960, 4, 16, 2820 MHz, 10251 MHz, P2, 108.07 W
0, 2026/09/15 09:36:19.160, 4, 16, 2835 MHz, 10251 MHz, P2, 114.40 W
1, 2026/09/15 09:36:19.161, 4, 16, 2820 MHz, 10251 MHz, P2, 108.07 W
0, 2026/09/15 09:36:19.361, 4, 16, 2835 MHz, 10251 MHz, P2, 114.05 W
1, 2026/09/15 09:36:19.361, 4, 16, 2820 MHz, 10251 MHz, P2, 108.10 W
0, 2026/09/15 09:36:19.561, 4, 16, 2835 MHz, 10251 MHz, P2, 114.05 W
1, 2026/09/15 09:36:19.561, 4, 16, 2820 MHz, 10251 MHz, P2, 108.10 W
0, 2026/09/15 09:36:19.762, 4, 16, 2835 MHz, 10251 MHz, P2, 111.56 W
1, 2026/09/15 09:36:19.762, 4, 16, 2820 MHz, 10251 MHz, P2, 105.76 W
0, 2026/09/15 09:36:19.962, 4, 16, 2835 MHz, 10251 MHz, P2, 111.56 W
1, 2026/09/15 09:36:19.962, 4, 16, 2820 MHz, 10251 MHz, P2, 105.76 W
0, 2026/09/15 09:36:20.162, 4, 16, 2835 MHz, 10251 MHz, P2, 111.56 W
1, 2026/09/15 09:36:20.163, 4, 16, 2820 MHz, 10251 MHz, P2, 105.76 W
0, 2026/09/15 09:36:20.363, 4, 16, 2835 MHz, 10251 MHz, P2, 103.80 W
1, 2026/09/15 09:36:20.363, 4, 16, 2820 MHz, 10251 MHz, P2, 101.71 W
0, 2026/09/15 09:36:20.563, 4, 16, 2835 MHz, 10251 MHz, P2, 103.80 W
1, 2026/09/15 09:36:20.611, 4, 16, 2820 MHz, 10251 MHz, P2, 101.71 W
0, 2026/09/15 09:36:20.815, 4, 16, 2835 MHz, 10501 MHz, P0, 91.73 W
1, 2026/09/15 09:36:20.815, 4, 16, 2820 MHz, 10501 MHz, P0, 90.61 W
0, 2026/09/15 09:36:21.015, 4, 16, 2835 MHz, 10501 MHz, P0, 91.73 W
1, 2026/09/15 09:36:21.016, 4, 16, 2820 MHz, 10501 MHz, P0, 90.61 W
0, 2026/09/15 09:36:21.216, 4, 16, 2835 MHz, 10501 MHz, P0, 91.73 W
1, 2026/09/15 09:36:21.216, 4, 16, 2820 MHz, 10501 MHz, P0, 90.61 W
0, 2026/09/15 09:36:21.417, 4, 16, 2835 MHz, 10501 MHz, P0, 82.85 W
1, 2026/09/15 09:36:21.417, 4, 16, 2820 MHz, 10501 MHz, P0, 79.60 W
0, 2026/09/15 09:36:21.618, 4, 16, 2835 MHz, 10501 MHz, P0, 82.85 W
1, 2026/09/15 09:36:21.618, 4, 16, 2820 MHz, 10501 MHz, P0, 79.60 W
0, 2026/09/15 09:36:21.818, 4, 16, 2835 MHz, 10501 MHz, P0, 82.31 W
1, 2026/09/15 09:36:21.818, 4, 16, 2820 MHz, 10501 MHz, P0, 78.41 W
0, 2026/09/15 09:36:22.018, 4, 16, 2835 MHz, 10501 MHz, P0, 82.31 W
1, 2026/09/15 09:36:22.018, 4, 16, 2820 MHz, 10501 MHz, P0, 78.41 W
0, 2026/09/15 09:36:22.219, 4, 16, 2835 MHz, 10501 MHz, P0, 82.31 W
1, 2026/09/15 09:36:22.234, 4, 16, 2520 MHz, 10501 MHz, P0, 69.81 W
0, 2026/09/15 09:36:22.434, 4, 16, 2520 MHz, 10251 MHz, P2, 64.74 W
1, 2026/09/15 09:36:22.434, 4, 16, 2520 MHz, 10501 MHz, P0, 69.81 W
0, 2026/09/15 09:36:22.635, 4, 16, 2520 MHz, 10251 MHz, P2, 64.74 W
1, 2026/09/15 09:36:22.635, 4, 16, 2520 MHz, 10501 MHz, P0, 69.81 W
0, 2026/09/15 09:36:22.835, 4, 16, 2520 MHz, 10251 MHz, P2, 58.72 W
1, 2026/09/15 09:36:22.836, 4, 16, 2520 MHz, 10251 MHz, P2, 61.03 W
0, 2026/09/15 09:36:23.036, 4, 16, 2520 MHz, 10251 MHz, P2, 58.72 W
1, 2026/09/15 09:36:23.036, 4, 16, 2520 MHz, 10251 MHz, P2, 61.03 W
0, 2026/09/15 09:36:23.237, 4, 16, 2520 MHz, 10251 MHz, P2, 58.72 W
1, 2026/09/15 09:36:23.237, 4, 16, 2820 MHz, 10251 MHz, P2, 60.86 W
0, 2026/09/15 09:36:23.437, 4, 16, 2835 MHz, 10251 MHz, P2, 69.11 W
1, 2026/09/15 09:36:23.437, 4, 16, 2820 MHz, 10251 MHz, P2, 60.86 W
0, 2026/09/15 09:36:23.638, 4, 16, 2835 MHz, 10251 MHz, P2, 69.11 W
1, 2026/09/15 09:36:23.638, 4, 16, 2820 MHz, 10251 MHz, P2, 60.86 W
0, 2026/09/15 09:36:23.838, 4, 16, 2835 MHz, 10251 MHz, P2, 86.39 W
1, 2026/09/15 09:36:23.839, 4, 16, 2820 MHz, 10251 MHz, P2, 79.34 W
0, 2026/09/15 09:36:24.039, 4, 16, 2835 MHz, 10251 MHz, P2, 86.39 W
1, 2026/09/15 09:36:24.039, 4, 16, 2820 MHz, 10251 MHz, P2, 79.34 W
0, 2026/09/15 09:36:24.240, 4, 16, 2835 MHz, 10251 MHz, P2, 86.39 W
1, 2026/09/15 09:36:24.240, 4, 16, 2820 MHz, 10251 MHz, P2, 95.76 W
0, 2026/09/15 09:36:24.440, 4, 16, 2835 MHz, 10251 MHz, P2, 103.97 W
1, 2026/09/15 09:36:24.440, 4, 16, 2820 MHz, 10251 MHz, P2, 95.76 W
0, 2026/09/15 09:36:24.641, 4, 16, 2835 MHz, 10251 MHz, P2, 103.97 W
1, 2026/09/15 09:36:24.641, 4, 16, 2820 MHz, 10251 MHz, P2, 95.76 W
0, 2026/09/15 09:36:24.841, 4, 16, 2835 MHz, 10251 MHz, P2, 109.31 W
1, 2026/09/15 09:36:24.841, 4, 16, 2820 MHz, 10251 MHz, P2, 103.05 W
0, 2026/09/15 09:36:25.042, 4, 16, 2835 MHz, 10251 MHz, P2, 109.31 W
1, 2026/09/15 09:36:25.042, 4, 16, 2820 MHz, 10251 MHz, P2, 103.05 W
0, 2026/09/15 09:36:25.242, 4, 16, 2835 MHz, 10251 MHz, P2, 109.31 W
1, 2026/09/15 09:36:25.243, 4, 16, 2820 MHz, 10251 MHz, P2, 104.44 W
0, 2026/09/15 09:36:25.443, 4, 16, 2835 MHz, 10251 MHz, P2, 110.28 W
1, 2026/09/15 09:36:25.443, 4, 16, 2820 MHz, 10251 MHz, P2, 104.44 W
0, 2026/09/15 09:36:25.643, 4, 16, 2835 MHz, 10251 MHz, P2, 110.28 W
1, 2026/09/15 09:36:25.644, 4, 16, 2820 MHz, 10251 MHz, P2, 104.44 W
0, 2026/09/15 09:36:25.844, 4, 16, 2835 MHz, 10251 MHz, P2, 110.54 W
1, 2026/09/15 09:36:25.844, 4, 16, 2820 MHz, 10251 MHz, P2, 104.77 W
0, 2026/09/15 09:36:26.044, 4, 16, 2835 MHz, 10251 MHz, P2, 110.54 W
1, 2026/09/15 09:36:26.044, 4, 16, 2820 MHz, 10251 MHz, P2, 104.77 W
0, 2026/09/15 09:36:26.244, 4, 16, 2835 MHz, 10251 MHz, P2, 110.54 W
1, 2026/09/15 09:36:26.245, 4, 16, 2820 MHz, 10251 MHz, P2, 105.28 W
0, 2026/09/15 09:36:26.445, 4, 16, 2835 MHz, 10251 MHz, P2, 111.03 W
1, 2026/09/15 09:36:26.445, 4, 16, 2820 MHz, 10251 MHz, P2, 105.28 W
0, 2026/09/15 09:36:26.645, 4, 16, 2835 MHz, 10251 MHz, P2, 111.03 W
1, 2026/09/15 09:36:26.645, 4, 16, 2820 MHz, 10251 MHz, P2, 105.28 W
0, 2026/09/15 09:36:26.846, 4, 16, 2835 MHz, 10251 MHz, P2, 111.35 W
1, 2026/09/15 09:36:26.846, 4, 16, 2820 MHz, 10251 MHz, P2, 105.21 W
0, 2026/09/15 09:36:27.046, 4, 16, 2835 MHz, 10251 MHz, P2, 111.35 W
1, 2026/09/15 09:36:27.046, 4, 16, 2820 MHz, 10251 MHz, P2, 105.21 W
0, 2026/09/15 09:36:27.246, 4, 16, 2835 MHz, 10251 MHz, P2, 111.35 W
1, 2026/09/15 09:36:27.246, 4, 16, 2820 MHz, 10251 MHz, P2, 105.85 W
0, 2026/09/15 09:36:27.447, 4, 16, 2835 MHz, 10251 MHz, P2, 112.19 W
1, 2026/09/15 09:36:27.447, 4, 16, 2820 MHz, 10251 MHz, P2, 105.85 W
0, 2026/09/15 09:36:27.647, 4, 16, 2835 MHz, 10251 MHz, P2, 112.19 W
1, 2026/09/15 09:36:27.647, 4, 16, 2820 MHz, 10251 MHz, P2, 105.85 W
0, 2026/09/15 09:36:27.848, 4, 16, 2835 MHz, 10251 MHz, P2, 112.70 W
1, 2026/09/15 09:36:27.848, 4, 16, 2820 MHz, 10251 MHz, P2, 106.16 W
0, 2026/09/15 09:36:28.048, 4, 16, 2835 MHz, 10251 MHz, P2, 112.70 W
1, 2026/09/15 09:36:28.048, 4, 16, 2820 MHz, 10251 MHz, P2, 106.16 W
0, 2026/09/15 09:36:28.249, 4, 16, 2835 MHz, 10251 MHz, P2, 112.70 W
1, 2026/09/15 09:36:28.249, 4, 16, 2820 MHz, 10251 MHz, P2, 105.57 W
0, 2026/09/15 09:36:28.449, 4, 16, 2835 MHz, 10251 MHz, P2, 111.84 W
1, 2026/09/15 09:36:28.449, 4, 16, 2820 MHz, 10251 MHz, P2, 105.57 W
0, 2026/09/15 09:36:28.650, 4, 16, 2835 MHz, 10251 MHz, P2, 111.84 W
1, 2026/09/15 09:36:28.650, 4, 16, 2820 MHz, 10251 MHz, P2, 105.57 W
0, 2026/09/15 09:36:28.850, 4, 16, 2835 MHz, 10251 MHz, P2, 112.34 W
1, 2026/09/15 09:36:28.851, 4, 16, 2820 MHz, 10251 MHz, P2, 106.57 W
0, 2026/09/15 09:36:29.051, 4, 16, 2835 MHz, 10251 MHz, P2, 112.34 W
1, 2026/09/15 09:36:29.051, 4, 16, 2820 MHz, 10251 MHz, P2, 106.57 W
0, 2026/09/15 09:36:29.251, 4, 16, 2835 MHz, 10251 MHz, P2, 112.34 W
1, 2026/09/15 09:36:29.252, 4, 16, 2820 MHz, 10251 MHz, P2, 106.70 W
0, 2026/09/15 09:36:29.452, 4, 16, 2835 MHz, 10251 MHz, P2, 112.54 W
1, 2026/09/15 09:36:29.452, 4, 16, 2820 MHz, 10251 MHz, P2, 106.70 W
0, 2026/09/15 09:36:29.652, 4, 16, 2835 MHz, 10251 MHz, P2, 112.54 W
1, 2026/09/15 09:36:29.652, 4, 16, 2820 MHz, 10251 MHz, P2, 106.70 W
0, 2026/09/15 09:36:29.853, 4, 16, 2835 MHz, 10251 MHz, P2, 112.03 W
1, 2026/09/15 09:36:29.853, 4, 16, 2820 MHz, 10251 MHz, P2, 106.04 W
0, 2026/09/15 09:36:30.053, 4, 16, 2835 MHz, 10251 MHz, P2, 112.03 W
1, 2026/09/15 09:36:30.053, 4, 16, 2820 MHz, 10251 MHz, P2, 106.04 W
0, 2026/09/15 09:36:30.253, 4, 16, 2835 MHz, 10251 MHz, P2, 112.03 W
1, 2026/09/15 09:36:30.254, 4, 16, 2820 MHz, 10251 MHz, P2, 103.67 W
0, 2026/09/15 09:36:30.454, 4, 16, 2835 MHz, 10251 MHz, P2, 106.66 W
1, 2026/09/15 09:36:30.454, 4, 16, 2820 MHz, 10251 MHz, P2, 103.67 W
0, 2026/09/15 09:36:30.654, 4, 16, 2835 MHz, 10251 MHz, P2, 106.66 W
1, 2026/09/15 09:36:30.655, 4, 16, 2820 MHz, 10251 MHz, P2, 103.67 W
0, 2026/09/15 09:36:30.856, 4, 16, 2835 MHz, 10501 MHz, P0, 94.32 W
1, 2026/09/15 09:36:30.856, 4, 16, 2820 MHz, 10501 MHz, P0, 92.39 W
0, 2026/09/15 09:36:31.056, 4, 16, 2835 MHz, 10501 MHz, P0, 94.32 W
1, 2026/09/15 09:36:31.056, 4, 16, 2820 MHz, 10501 MHz, P0, 92.39 W
0, 2026/09/15 09:36:31.256, 4, 16, 2835 MHz, 10501 MHz, P0, 94.32 W
1, 2026/09/15 09:36:31.257, 4, 16, 2820 MHz, 10501 MHz, P0, 79.88 W
0, 2026/09/15 09:36:31.457, 4, 16, 2835 MHz, 10501 MHz, P0, 82.97 W
1, 2026/09/15 09:36:31.457, 4, 16, 2820 MHz, 10501 MHz, P0, 79.88 W
0, 2026/09/15 09:36:31.657, 4, 16, 2835 MHz, 10501 MHz, P0, 82.97 W
1, 2026/09/15 09:36:31.657, 4, 16, 2820 MHz, 10501 MHz, P0, 79.88 W
0, 2026/09/15 09:36:31.858, 4, 16, 2835 MHz, 10501 MHz, P0, 82.36 W
1, 2026/09/15 09:36:31.858, 4, 16, 2820 MHz, 10501 MHz, P0, 78.69 W
0, 2026/09/15 09:36:32.058, 4, 16, 2835 MHz, 10501 MHz, P0, 82.36 W
1, 2026/09/15 09:36:32.059, 4, 16, 2820 MHz, 10501 MHz, P0, 78.69 W
0, 2026/09/15 09:36:32.281, 4, 16, 2520 MHz, 10501 MHz, P0, 61.91 W
1, 2026/09/15 09:36:32.281, 2, 16, 825 MHz, 810 MHz, P5, 70.57 W
0, 2026/09/15 09:36:32.488, 4, 16, 2520 MHz, 10501 MHz, P0, 61.91 W
1, 2026/09/15 09:36:32.488, 2, 16, 825 MHz, 810 MHz, P5, 70.57 W
0, 2026/09/15 09:36:32.689, 4, 16, 2520 MHz, 10501 MHz, P0, 61.91 W
1, 2026/09/15 09:36:32.689, 2, 16, 825 MHz, 810 MHz, P5, 70.57 W
0, 2026/09/15 09:36:32.889, 4, 16, 2520 MHz, 10251 MHz, P2, 53.90 W
1, 2026/09/15 09:36:32.890, 4, 16, 2520 MHz, 10251 MHz, P2, 59.22 W
0, 2026/09/15 09:36:33.090, 4, 16, 2520 MHz, 10251 MHz, P2, 53.90 W
1, 2026/09/15 09:36:33.090, 4, 16, 2520 MHz, 10251 MHz, P2, 59.22 W
0, 2026/09/15 09:36:33.290, 4, 16, 2835 MHz, 10251 MHz, P2, 69.18 W
1, 2026/09/15 09:36:33.290, 4, 16, 2820 MHz, 10251 MHz, P2, 59.11 W
0, 2026/09/15 09:36:33.490, 4, 16, 2835 MHz, 10251 MHz, P2, 69.18 W
1, 2026/09/15 09:36:33.491, 4, 16, 2820 MHz, 10251 MHz, P2, 59.11 W
0, 2026/09/15 09:36:33.691, 4, 16, 2835 MHz, 10251 MHz, P2, 69.18 W
1, 2026/09/15 09:36:33.691, 4, 16, 2820 MHz, 10251 MHz, P2, 59.11 W
0, 2026/09/15 09:36:33.891, 4, 16, 2835 MHz, 10251 MHz, P2, 87.78 W
1, 2026/09/15 09:36:33.891, 4, 16, 2820 MHz, 10251 MHz, P2, 80.72 W
0, 2026/09/15 09:36:34.092, 4, 16, 2835 MHz, 10251 MHz, P2, 87.78 W
1, 2026/09/15 09:36:34.092, 4, 16, 2820 MHz, 10251 MHz, P2, 80.72 W
0, 2026/09/15 09:36:34.292, 4, 16, 2835 MHz, 10251 MHz, P2, 106.70 W
1, 2026/09/15 09:36:34.292, 4, 16, 2820 MHz, 10251 MHz, P2, 98.39 W
0, 2026/09/15 09:36:34.492, 4, 16, 2835 MHz, 10251 MHz, P2, 106.70 W
1, 2026/09/15 09:36:34.493, 4, 16, 2820 MHz, 10251 MHz, P2, 98.39 W
0, 2026/09/15 09:36:34.693, 4, 16, 2835 MHz, 10251 MHz, P2, 106.70 W
1, 2026/09/15 09:36:34.693, 4, 16, 2820 MHz, 10251 MHz, P2, 98.39 W
0, 2026/09/15 09:36:34.894, 4, 16, 2835 MHz, 10251 MHz, P2, 111.24 W
1, 2026/09/15 09:36:34.894, 4, 16, 2820 MHz, 10251 MHz, P2, 105.11 W
0, 2026/09/15 09:36:35.094, 4, 16, 2835 MHz, 10251 MHz, P2, 111.24 W
1, 2026/09/15 09:36:35.095, 4, 16, 2820 MHz, 10251 MHz, P2, 105.11 W
0, 2026/09/15 09:36:35.295, 4, 16, 2835 MHz, 10251 MHz, P2, 112.39 W
1, 2026/09/15 09:36:35.295, 4, 16, 2820 MHz, 10251 MHz, P2, 106.19 W
0, 2026/09/15 09:36:35.495, 4, 16, 2835 MHz, 10251 MHz, P2, 112.39 W
1, 2026/09/15 09:36:35.495, 4, 16, 2820 MHz, 10251 MHz, P2, 106.19 W
0, 2026/09/15 09:36:35.696, 4, 16, 2835 MHz, 10251 MHz, P2, 112.39 W
1, 2026/09/15 09:36:35.696, 4, 16, 2820 MHz, 10251 MHz, P2, 106.19 W
0, 2026/09/15 09:36:35.896, 4, 16, 2835 MHz, 10251 MHz, P2, 113.06 W
1, 2026/09/15 09:36:35.896, 4, 16, 2820 MHz, 10251 MHz, P2, 106.41 W
0, 2026/09/15 09:36:36.096, 4, 16, 2835 MHz, 10251 MHz, P2, 113.06 W
1, 2026/09/15 09:36:36.097, 4, 16, 2820 MHz, 10251 MHz, P2, 106.41 W
0, 2026/09/15 09:36:36.297, 4, 16, 2835 MHz, 10251 MHz, P2, 112.43 W
1, 2026/09/15 09:36:36.297, 4, 16, 2820 MHz, 10251 MHz, P2, 106.41 W
0, 2026/09/15 09:36:36.497, 4, 16, 2835 MHz, 10251 MHz, P2, 112.43 W
1, 2026/09/15 09:36:36.497, 4, 16, 2820 MHz, 10251 MHz, P2, 106.41 W
0, 2026/09/15 09:36:36.698, 4, 16, 2835 MHz, 10251 MHz, P2, 112.43 W
1, 2026/09/15 09:36:36.698, 4, 16, 2820 MHz, 10251 MHz, P2, 106.41 W
0, 2026/09/15 09:36:36.898, 4, 16, 2835 MHz, 10251 MHz, P2, 113.18 W
1, 2026/09/15 09:36:36.898, 4, 16, 2820 MHz, 10251 MHz, P2, 107.90 W
0, 2026/09/15 09:36:37.098, 4, 16, 2835 MHz, 10251 MHz, P2, 113.18 W
1, 2026/09/15 09:36:37.099, 4, 16, 2820 MHz, 10251 MHz, P2, 107.90 W
0, 2026/09/15 09:36:37.299, 4, 16, 2835 MHz, 10251 MHz, P2, 113.48 W
1, 2026/09/15 09:36:37.299, 4, 16, 2820 MHz, 10251 MHz, P2, 107.79 W
0, 2026/09/15 09:36:37.499, 4, 16, 2835 MHz, 10251 MHz, P2, 113.48 W
1, 2026/09/15 09:36:37.499, 4, 16, 2820 MHz, 10251 MHz, P2, 107.79 W
0, 2026/09/15 09:36:37.700, 4, 16, 2835 MHz, 10251 MHz, P2, 113.48 W
1, 2026/09/15 09:36:37.700, 4, 16, 2820 MHz, 10251 MHz, P2, 107.79 W
0, 2026/09/15 09:36:37.900, 4, 16, 2835 MHz, 10251 MHz, P2, 113.70 W
1, 2026/09/15 09:36:37.900, 4, 16, 2820 MHz, 10251 MHz, P2, 107.24 W
0, 2026/09/15 09:36:38.100, 4, 16, 2835 MHz, 10251 MHz, P2, 113.70 W
1, 2026/09/15 09:36:38.100, 4, 16, 2820 MHz, 10251 MHz, P2, 107.24 W
0, 2026/09/15 09:36:38.301, 4, 16, 2835 MHz, 10251 MHz, P2, 114.57 W
1, 2026/09/15 09:36:38.301, 4, 16, 2820 MHz, 10251 MHz, P2, 109.24 W
0, 2026/09/15 09:36:38.501, 4, 16, 2835 MHz, 10251 MHz, P2, 114.57 W
1, 2026/09/15 09:36:38.501, 4, 16, 2820 MHz, 10251 MHz, P2, 109.24 W
0, 2026/09/15 09:36:38.702, 4, 16, 2835 MHz, 10251 MHz, P2, 114.57 W
1, 2026/09/15 09:36:38.702, 4, 16, 2820 MHz, 10251 MHz, P2, 109.24 W
0, 2026/09/15 09:36:38.902, 4, 16, 2835 MHz, 10251 MHz, P2, 114.64 W
1, 2026/09/15 09:36:38.902, 4, 16, 2820 MHz, 10251 MHz, P2, 109.17 W
0, 2026/09/15 09:36:39.102, 4, 16, 2835 MHz, 10251 MHz, P2, 114.64 W
1, 2026/09/15 09:36:39.102, 4, 16, 2820 MHz, 10251 MHz, P2, 109.17 W
0, 2026/09/15 09:36:39.303, 4, 16, 2835 MHz, 10251 MHz, P2, 111.83 W
1, 2026/09/15 09:36:39.303, 4, 16, 2820 MHz, 10251 MHz, P2, 107.64 W
0, 2026/09/15 09:36:39.503, 4, 16, 2835 MHz, 10251 MHz, P2, 111.83 W
1, 2026/09/15 09:36:39.503, 4, 16, 2820 MHz, 10251 MHz, P2, 107.64 W
0, 2026/09/15 09:36:39.703, 4, 16, 2835 MHz, 10251 MHz, P2, 111.83 W
1, 2026/09/15 09:36:39.704, 4, 16, 2820 MHz, 10251 MHz, P2, 107.64 W
0, 2026/09/15 09:36:39.904, 4, 16, 2835 MHz, 10501 MHz, P0, 99.14 W
1, 2026/09/15 09:36:39.904, 4, 16, 2820 MHz, 10501 MHz, P0, 97.32 W
0, 2026/09/15 09:36:40.104, 4, 16, 2835 MHz, 10501 MHz, P0, 99.14 W
1, 2026/09/15 09:36:40.104, 4, 16, 2820 MHz, 10501 MHz, P0, 97.32 W
0, 2026/09/15 09:36:40.304, 4, 16, 2835 MHz, 10501 MHz, P0, 84.39 W
1, 2026/09/15 09:36:40.305, 4, 16, 2820 MHz, 10501 MHz, P0, 84.71 W
0, 2026/09/15 09:36:40.505, 4, 16, 2835 MHz, 10501 MHz, P0, 84.39 W
1, 2026/09/15 09:36:40.505, 4, 16, 2820 MHz, 10501 MHz, P0, 84.71 W
0, 2026/09/15 09:36:40.705, 4, 16, 2835 MHz, 10501 MHz, P0, 84.39 W
1, 2026/09/15 09:36:40.705, 4, 16, 2820 MHz, 10501 MHz, P0, 84.71 W
0, 2026/09/15 09:36:40.906, 4, 16, 2835 MHz, 10501 MHz, P0, 82.31 W
1, 2026/09/15 09:36:40.906, 4, 16, 2820 MHz, 10501 MHz, P0, 78.80 W
0, 2026/09/15 09:36:41.106, 4, 16, 2835 MHz, 10501 MHz, P0, 82.31 W
1, 2026/09/15 09:36:41.106, 4, 16, 2820 MHz, 10501 MHz, P0, 78.80 W
0, 2026/09/15 09:36:41.306, 4, 16, 2520 MHz, 10251 MHz, P2, 76.14 W
1, 2026/09/15 09:36:41.307, 4, 16, 2520 MHz, 10501 MHz, P0, 74.11 W
0, 2026/09/15 09:36:41.507, 4, 16, 2520 MHz, 10251 MHz, P2, 76.14 W
1, 2026/09/15 09:36:41.507, 4, 16, 2520 MHz, 10501 MHz, P0, 74.11 W
0, 2026/09/15 09:36:41.707, 4, 16, 2520 MHz, 10251 MHz, P2, 76.14 W
1, 2026/09/15 09:36:41.708, 4, 16, 2520 MHz, 10501 MHz, P0, 74.11 W
0, 2026/09/15 09:36:41.908, 4, 16, 2520 MHz, 10251 MHz, P2, 68.27 W
1, 2026/09/15 09:36:41.908, 4, 16, 2520 MHz, 10251 MHz, P2, 67.09 W
0, 2026/09/15 09:36:42.108, 4, 16, 2520 MHz, 10251 MHz, P2, 68.27 W
1, 2026/09/15 09:36:42.108, 4, 16, 2520 MHz, 10251 MHz, P2, 67.09 W
0, 2026/09/15 09:36:42.309, 4, 16, 2835 MHz, 10251 MHz, P2, 73.13 W
1, 2026/09/15 09:36:42.309, 4, 16, 2820 MHz, 10251 MHz, P2, 67.71 W
0, 2026/09/15 09:36:42.509, 4, 16, 2835 MHz, 10251 MHz, P2, 73.13 W
1, 2026/09/15 09:36:42.509, 4, 16, 2820 MHz, 10251 MHz, P2, 67.71 W
0, 2026/09/15 09:36:42.709, 4, 16, 2835 MHz, 10251 MHz, P2, 73.13 W
1, 2026/09/15 09:36:42.709, 4, 16, 2820 MHz, 10251 MHz, P2, 67.71 W
0, 2026/09/15 09:36:42.910, 4, 16, 2835 MHz, 10251 MHz, P2, 92.42 W
1, 2026/09/15 09:36:42.910, 4, 16, 2820 MHz, 10251 MHz, P2, 86.50 W
0, 2026/09/15 09:36:43.110, 4, 16, 2835 MHz, 10251 MHz, P2, 92.42 W
1, 2026/09/15 09:36:43.110, 4, 16, 2820 MHz, 10251 MHz, P2, 86.50 W
0, 2026/09/15 09:36:43.310, 4, 16, 2835 MHz, 10251 MHz, P2, 106.62 W
1, 2026/09/15 09:36:43.311, 4, 16, 2820 MHz, 10251 MHz, P2, 100.00 W
0, 2026/09/15 09:36:43.511, 4, 16, 2835 MHz, 10251 MHz, P2, 106.62 W
1, 2026/09/15 09:36:43.511, 4, 16, 2820 MHz, 10251 MHz, P2, 100.00 W
0, 2026/09/15 09:36:43.711, 4, 16, 2835 MHz, 10251 MHz, P2, 106.62 W
1, 2026/09/15 09:36:43.711, 4, 16, 2820 MHz, 10251 MHz, P2, 100.00 W
0, 2026/09/15 09:36:43.912, 4, 16, 2835 MHz, 10251 MHz, P2, 109.27 W
1, 2026/09/15 09:36:43.912, 4, 16, 2820 MHz, 10251 MHz, P2, 103.36 W
0, 2026/09/15 09:36:44.112, 4, 16, 2835 MHz, 10251 MHz, P2, 109.27 W
1, 2026/09/15 09:36:44.112, 4, 16, 2820 MHz, 10251 MHz, P2, 103.36 W
0, 2026/09/15 09:36:44.312, 4, 16, 2835 MHz, 10251 MHz, P2, 110.14 W
1, 2026/09/15 09:36:44.313, 4, 16, 2820 MHz, 10251 MHz, P2, 103.92 W
0, 2026/09/15 09:36:44.513, 4, 16, 2835 MHz, 10251 MHz, P2, 110.14 W
1, 2026/09/15 09:36:44.513, 4, 16, 2820 MHz, 10251 MHz, P2, 103.92 W
0, 2026/09/15 09:36:44.713, 4, 16, 2835 MHz, 10251 MHz, P2, 110.14 W
1, 2026/09/15 09:36:44.714, 4, 16, 2820 MHz, 10251 MHz, P2, 103.92 W
0, 2026/09/15 09:36:44.914, 4, 16, 2835 MHz, 10251 MHz, P2, 110.63 W
1, 2026/09/15 09:36:44.914, 4, 16, 2820 MHz, 10251 MHz, P2, 104.79 W
0, 2026/09/15 09:36:45.114, 4, 16, 2835 MHz, 10251 MHz, P2, 110.63 W
1, 2026/09/15 09:36:45.114, 4, 16, 2820 MHz, 10251 MHz, P2, 104.79 W
0, 2026/09/15 09:36:45.314, 4, 16, 2835 MHz, 10251 MHz, P2, 111.36 W
1, 2026/09/15 09:36:45.315, 4, 16, 2820 MHz, 10251 MHz, P2, 105.18 W
0, 2026/09/15 09:36:45.515, 4, 16, 2835 MHz, 10251 MHz, P2, 111.36 W
1, 2026/09/15 09:36:45.516, 4, 16, 2820 MHz, 10251 MHz, P2, 105.18 W
0, 2026/09/15 09:36:45.716, 4, 16, 2835 MHz, 10251 MHz, P2, 111.36 W
1, 2026/09/15 09:36:45.716, 4, 16, 2820 MHz, 10251 MHz, P2, 105.18 W
0, 2026/09/15 09:36:45.916, 4, 16, 2835 MHz, 10251 MHz, P2, 111.19 W
1, 2026/09/15 09:36:45.916, 4, 16, 2820 MHz, 10251 MHz, P2, 105.18 W
0, 2026/09/15 09:36:46.117, 4, 16, 2835 MHz, 10251 MHz, P2, 111.19 W
1, 2026/09/15 09:36:46.117, 4, 16, 2820 MHz, 10251 MHz, P2, 105.18 W
0, 2026/09/15 09:36:46.317, 4, 16, 2835 MHz, 10251 MHz, P2, 111.60 W
1, 2026/09/15 09:36:46.317, 4, 16, 2820 MHz, 10251 MHz, P2, 105.87 W
0, 2026/09/15 09:36:46.517, 4, 16, 2835 MHz, 10251 MHz, P2, 111.60 W
1, 2026/09/15 09:36:46.518, 4, 16, 2820 MHz, 10251 MHz, P2, 105.87 W
0, 2026/09/15 09:36:46.718, 4, 16, 2835 MHz, 10251 MHz, P2, 111.60 W
1, 2026/09/15 09:36:46.718, 4, 16, 2820 MHz, 10251 MHz, P2, 105.87 W
0, 2026/09/15 09:36:46.918, 4, 16, 2835 MHz, 10251 MHz, P2, 111.53 W
1, 2026/09/15 09:36:46.918, 4, 16, 2820 MHz, 10251 MHz, P2, 105.45 W
0, 2026/09/15 09:36:47.118, 4, 16, 2835 MHz, 10251 MHz, P2, 111.53 W
1, 2026/09/15 09:36:47.119, 4, 16, 2820 MHz, 10251 MHz, P2, 105.45 W
0, 2026/09/15 09:36:47.319, 4, 16, 2835 MHz, 10251 MHz, P2, 111.09 W
1, 2026/09/15 09:36:47.319, 4, 16, 2820 MHz, 10251 MHz, P2, 105.73 W
0, 2026/09/15 09:36:47.519, 4, 16, 2835 MHz, 10251 MHz, P2, 111.09 W
1, 2026/09/15 09:36:47.519, 4, 16, 2820 MHz, 10251 MHz, P2, 105.73 W
0, 2026/09/15 09:36:47.720, 4, 16, 2835 MHz, 10251 MHz, P2, 111.09 W
1, 2026/09/15 09:36:47.720, 4, 16, 2820 MHz, 10251 MHz, P2, 105.73 W
0, 2026/09/15 09:36:47.920, 4, 16, 2835 MHz, 10251 MHz, P2, 111.38 W
1, 2026/09/15 09:36:47.920, 4, 16, 2820 MHz, 10251 MHz, P2, 104.95 W
0, 2026/09/15 09:36:48.120, 4, 16, 2835 MHz, 10251 MHz, P2, 111.38 W
1, 2026/09/15 09:36:48.121, 4, 16, 2820 MHz, 10251 MHz, P2, 104.95 W
0, 2026/09/15 09:36:48.321, 4, 16, 2835 MHz, 10251 MHz, P2, 112.74 W
1, 2026/09/15 09:36:48.321, 4, 16, 2820 MHz, 10251 MHz, P2, 106.25 W
0, 2026/09/15 09:36:48.521, 4, 16, 2835 MHz, 10251 MHz, P2, 112.74 W
1, 2026/09/15 09:36:48.521, 4, 16, 2820 MHz, 10251 MHz, P2, 106.25 W
0, 2026/09/15 09:36:48.722, 4, 16, 2835 MHz, 10251 MHz, P2, 112.74 W
1, 2026/09/15 09:36:48.722, 4, 16, 2820 MHz, 10251 MHz, P2, 106.25 W
0, 2026/09/15 09:36:48.922, 4, 16, 2835 MHz, 10251 MHz, P2, 112.80 W
1, 2026/09/15 09:36:48.922, 4, 16, 2820 MHz, 10251 MHz, P2, 106.33 W
0, 2026/09/15 09:36:49.122, 4, 16, 2835 MHz, 10251 MHz, P2, 112.80 W
1, 2026/09/15 09:36:49.123, 4, 16, 2820 MHz, 10251 MHz, P2, 106.33 W
0, 2026/09/15 09:36:49.323, 4, 16, 2835 MHz, 10251 MHz, P2, 111.74 W
1, 2026/09/15 09:36:49.323, 4, 16, 2820 MHz, 10251 MHz, P2, 105.01 W
0, 2026/09/15 09:36:49.523, 4, 16, 2835 MHz, 10251 MHz, P2, 111.74 W
1, 2026/09/15 09:36:49.523, 4, 16, 2820 MHz, 10251 MHz, P2, 105.01 W
0, 2026/09/15 09:36:49.724, 4, 16, 2835 MHz, 10251 MHz, P2, 111.74 W
1, 2026/09/15 09:36:49.724, 4, 16, 2820 MHz, 10251 MHz, P2, 105.01 W
0, 2026/09/15 09:36:49.924, 4, 16, 2835 MHz, 10251 MHz, P2, 112.55 W
1, 2026/09/15 09:36:49.924, 4, 16, 2820 MHz, 10251 MHz, P2, 105.09 W
0, 2026/09/15 09:36:50.125, 4, 16, 2835 MHz, 10251 MHz, P2, 112.55 W
1, 2026/09/15 09:36:50.125, 4, 16, 2820 MHz, 10251 MHz, P2, 105.09 W
0, 2026/09/15 09:36:50.325, 4, 16, 2835 MHz, 10251 MHz, P2, 99.55 W
1, 2026/09/15 09:36:50.326, 4, 16, 2820 MHz, 10251 MHz, P2, 96.64 W
0, 2026/09/15 09:36:50.527, 4, 16, 2835 MHz, 10251 MHz, P2, 99.55 W
1, 2026/09/15 09:36:50.545, 4, 16, 2820 MHz, 10251 MHz, P2, 96.64 W
0, 2026/09/15 09:36:50.748, 4, 16, 2835 MHz, 10251 MHz, P2, 99.55 W
1, 2026/09/15 09:36:50.748, 4, 16, 2820 MHz, 10501 MHz, P0, 86.43 W
0, 2026/09/15 09:36:50.949, 4, 16, 2835 MHz, 10501 MHz, P0, 87.63 W
1, 2026/09/15 09:36:50.949, 4, 16, 2820 MHz, 10501 MHz, P0, 86.43 W
0, 2026/09/15 09:36:51.149, 4, 16, 2835 MHz, 10501 MHz, P0, 87.63 W
1, 2026/09/15 09:36:51.149, 4, 16, 2820 MHz, 10501 MHz, P0, 86.43 W
0, 2026/09/15 09:36:51.352, 4, 16, 2835 MHz, 10501 MHz, P0, 83.72 W
1, 2026/09/15 09:36:51.352, 4, 16, 2820 MHz, 10501 MHz, P0, 80.50 W
0, 2026/09/15 09:36:51.552, 4, 16, 2835 MHz, 10501 MHz, P0, 83.72 W
1, 2026/09/15 09:36:51.553, 4, 16, 2820 MHz, 10501 MHz, P0, 80.50 W
0, 2026/09/15 09:36:51.753, 4, 16, 2835 MHz, 10501 MHz, P0, 83.72 W
1, 2026/09/15 09:36:51.753, 4, 16, 2820 MHz, 10501 MHz, P0, 79.36 W
0, 2026/09/15 09:36:51.953, 2, 16, 2835 MHz, 10501 MHz, P5, 83.34 W
1, 2026/09/15 09:36:51.953, 4, 16, 2820 MHz, 10501 MHz, P0, 79.36 W
0, 2026/09/15 09:36:52.154, 2, 16, 2835 MHz, 10501 MHz, P5, 83.34 W
1, 2026/09/15 09:36:52.155, 4, 16, 2820 MHz, 10501 MHz, P0, 79.36 W
0, 2026/09/15 09:36:52.355, 4, 16, 2520 MHz, 10251 MHz, P2, 63.15 W
1, 2026/09/15 09:36:52.355, 4, 16, 2520 MHz, 10501 MHz, P0, 68.67 W
0, 2026/09/15 09:36:52.556, 4, 16, 2520 MHz, 10251 MHz, P2, 63.15 W
1, 2026/09/15 09:36:52.556, 4, 16, 2520 MHz, 10501 MHz, P0, 68.67 W
0, 2026/09/15 09:36:52.756, 4, 16, 2520 MHz, 10251 MHz, P2, 63.15 W
1, 2026/09/15 09:36:52.756, 4, 16, 2520 MHz, 10251 MHz, P2, 63.33 W
0, 2026/09/15 09:36:52.956, 4, 16, 2520 MHz, 10251 MHz, P2, 59.19 W
1, 2026/09/15 09:36:52.957, 4, 16, 2520 MHz, 10251 MHz, P2, 63.33 W
0, 2026/09/15 09:36:53.157, 4, 16, 2520 MHz, 10251 MHz, P2, 59.19 W
1, 2026/09/15 09:36:53.157, 4, 16, 2520 MHz, 10251 MHz, P2, 63.33 W
0, 2026/09/15 09:36:53.357, 4, 16, 2835 MHz, 10251 MHz, P2, 74.79 W
1, 2026/09/15 09:36:53.357, 4, 16, 2820 MHz, 10251 MHz, P2, 69.10 W
0, 2026/09/15 09:36:53.558, 4, 16, 2835 MHz, 10251 MHz, P2, 74.79 W
1, 2026/09/15 09:36:53.558, 4, 16, 2820 MHz, 10251 MHz, P2, 69.10 W
0, 2026/09/15 09:36:53.758, 4, 16, 2835 MHz, 10251 MHz, P2, 74.79 W
1, 2026/09/15 09:36:53.758, 4, 16, 2820 MHz, 10251 MHz, P2, 86.84 W
0, 2026/09/15 09:36:53.958, 4, 16, 2835 MHz, 10251 MHz, P2, 94.68 W
1, 2026/09/15 09:36:53.958, 4, 16, 2820 MHz, 10251 MHz, P2, 86.84 W
0, 2026/09/15 09:36:54.159, 4, 16, 2835 MHz, 10251 MHz, P2, 94.68 W
1, 2026/09/15 09:36:54.159, 4, 16, 2820 MHz, 10251 MHz, P2, 86.84 W
0, 2026/09/15 09:36:54.359, 4, 16, 2835 MHz, 10251 MHz, P2, 108.00 W
1, 2026/09/15 09:36:54.359, 4, 16, 2820 MHz, 10251 MHz, P2, 100.98 W
0, 2026/09/15 09:36:54.560, 4, 16, 2835 MHz, 10251 MHz, P2, 108.00 W
1, 2026/09/15 09:36:54.560, 4, 16, 2820 MHz, 10251 MHz, P2, 100.98 W
0, 2026/09/15 09:36:54.760, 4, 16, 2835 MHz, 10251 MHz, P2, 108.00 W
1, 2026/09/15 09:36:54.760, 4, 16, 2820 MHz, 10251 MHz, P2, 104.21 W
0, 2026/09/15 09:36:54.960, 4, 16, 2835 MHz, 10251 MHz, P2, 111.03 W
1, 2026/09/15 09:36:54.960, 4, 16, 2820 MHz, 10251 MHz, P2, 104.21 W
0, 2026/09/15 09:36:55.161, 4, 16, 2835 MHz, 10251 MHz, P2, 111.03 W
1, 2026/09/15 09:36:55.161, 4, 16, 2820 MHz, 10251 MHz, P2, 104.21 W
0, 2026/09/15 09:36:55.361, 4, 16, 2835 MHz, 10251 MHz, P2, 111.64 W
1, 2026/09/15 09:36:55.361, 4, 16, 2820 MHz, 10251 MHz, P2, 104.91 W
0, 2026/09/15 09:36:55.562, 4, 16, 2835 MHz, 10251 MHz, P2, 111.64 W
1, 2026/09/15 09:36:55.562, 4, 16, 2820 MHz, 10251 MHz, P2, 104.91 W
0, 2026/09/15 09:36:55.762, 4, 16, 2835 MHz, 10251 MHz, P2, 111.64 W
1, 2026/09/15 09:36:55.762, 4, 16, 2820 MHz, 10251 MHz, P2, 105.41 W
0, 2026/09/15 09:36:55.962, 4, 16, 2835 MHz, 10251 MHz, P2, 111.82 W
1, 2026/09/15 09:36:55.963, 4, 16, 2820 MHz, 10251 MHz, P2, 105.41 W
0, 2026/09/15 09:36:56.163, 4, 16, 2835 MHz, 10251 MHz, P2, 111.82 W
1, 2026/09/15 09:36:56.163, 4, 16, 2820 MHz, 10251 MHz, P2, 105.41 W
0, 2026/09/15 09:36:56.363, 4, 16, 2835 MHz, 10251 MHz, P2, 112.71 W
1, 2026/09/15 09:36:56.363, 4, 16, 2820 MHz, 10251 MHz, P2, 105.16 W
0, 2026/09/15 09:36:56.564, 4, 16, 2835 MHz, 10251 MHz, P2, 112.71 W
1, 2026/09/15 09:36:56.564, 4, 16, 2820 MHz, 10251 MHz, P2, 105.16 W
0, 2026/09/15 09:36:56.764, 4, 16, 2835 MHz, 10251 MHz, P2, 112.71 W
1, 2026/09/15 09:36:56.764, 4, 16, 2820 MHz, 10251 MHz, P2, 105.74 W
0, 2026/09/15 09:36:56.965, 4, 16, 2835 MHz, 10251 MHz, P2, 112.25 W
1, 2026/09/15 09:36:56.965, 4, 16, 2820 MHz, 10251 MHz, P2, 105.74 W
0, 2026/09/15 09:36:57.165, 4, 16, 2835 MHz, 10251 MHz, P2, 112.25 W
1, 2026/09/15 09:36:57.165, 4, 16, 2820 MHz, 10251 MHz, P2, 105.74 W
0, 2026/09/15 09:36:57.365, 4, 16, 2835 MHz, 10251 MHz, P2, 112.69 W
1, 2026/09/15 09:36:57.366, 4, 16, 2820 MHz, 10251 MHz, P2, 106.19 W
0, 2026/09/15 09:36:57.566, 4, 16, 2835 MHz, 10251 MHz, P2, 112.69 W
1, 2026/09/15 09:36:57.566, 4, 16, 2820 MHz, 10251 MHz, P2, 106.19 W
0, 2026/09/15 09:36:57.767, 4, 16, 2835 MHz, 10251 MHz, P2, 112.62 W
1, 2026/09/15 09:36:57.767, 4, 16, 2820 MHz, 10251 MHz, P2, 106.42 W
0, 2026/09/15 09:36:57.967, 4, 16, 2835 MHz, 10251 MHz, P2, 112.62 W
1, 2026/09/15 09:36:57.968, 4, 16, 2820 MHz, 10251 MHz, P2, 106.42 W
0, 2026/09/15 09:36:58.168, 4, 16, 2835 MHz, 10251 MHz, P2, 112.62 W
1, 2026/09/15 09:36:58.168, 4, 16, 2820 MHz, 10251 MHz, P2, 106.42 W
0, 2026/09/15 09:36:58.368, 4, 16, 2835 MHz, 10251 MHz, P2, 112.41 W
1, 2026/09/15 09:36:58.368, 4, 16, 2820 MHz, 10251 MHz, P2, 106.57 W
0, 2026/09/15 09:36:58.569, 4, 16, 2835 MHz, 10251 MHz, P2, 112.41 W
1, 2026/09/15 09:36:58.569, 4, 16, 2820 MHz, 10251 MHz, P2, 106.57 W
0, 2026/09/15 09:36:58.769, 4, 16, 2835 MHz, 10251 MHz, P2, 111.57 W
1, 2026/09/15 09:36:58.769, 4, 16, 2820 MHz, 10251 MHz, P2, 105.11 W
0, 2026/09/15 09:36:58.969, 4, 16, 2835 MHz, 10251 MHz, P2, 111.57 W
1, 2026/09/15 09:36:58.970, 4, 16, 2820 MHz, 10251 MHz, P2, 105.11 W
0, 2026/09/15 09:36:59.170, 4, 16, 2835 MHz, 10251 MHz, P2, 111.57 W
1, 2026/09/15 09:36:59.170, 4, 16, 2820 MHz, 10251 MHz, P2, 105.11 W
0, 2026/09/15 09:36:59.370, 4, 16, 2835 MHz, 10251 MHz, P2, 113.63 W
1, 2026/09/15 09:36:59.389, 4, 16, 2820 MHz, 10251 MHz, P2, 107.11 W
0, 2026/09/15 09:36:59.589, 4, 16, 2835 MHz, 10251 MHz, P2, 113.63 W
1, 2026/09/15 09:36:59.590, 4, 16, 2820 MHz, 10251 MHz, P2, 107.11 W
0, 2026/09/15 09:36:59.790, 4, 16, 2835 MHz, 10251 MHz, P2, 113.76 W
1, 2026/09/15 09:36:59.790, 4, 16, 2820 MHz, 10251 MHz, P2, 107.25 W
0, 2026/09/15 09:36:59.990, 4, 16, 2835 MHz, 10251 MHz, P2, 113.76 W
1, 2026/09/15 09:36:59.991, 4, 16, 2820 MHz, 10251 MHz, P2, 107.25 W
0, 2026/09/15 09:37:00.191, 4, 16, 2835 MHz, 10251 MHz, P2, 113.76 W
1, 2026/09/15 09:37:00.191, 4, 16, 2820 MHz, 10251 MHz, P2, 107.25 W
0, 2026/09/15 09:37:00.391, 4, 16, 2835 MHz, 10251 MHz, P2, 111.67 W
1, 2026/09/15 09:37:00.391, 4, 16, 2820 MHz, 10251 MHz, P2, 106.33 W
0, 2026/09/15 09:37:00.592, 4, 16, 2835 MHz, 10251 MHz, P2, 111.67 W
1, 2026/09/15 09:37:00.592, 4, 16, 2820 MHz, 10251 MHz, P2, 106.33 W
0, 2026/09/15 09:37:00.792, 4, 16, 2835 MHz, 10251 MHz, P2, 111.39 W
1, 2026/09/15 09:37:00.792, 4, 16, 2820 MHz, 10251 MHz, P2, 105.01 W
0, 2026/09/15 09:37:00.992, 4, 16, 2835 MHz, 10251 MHz, P2, 111.39 W
1, 2026/09/15 09:37:00.993, 4, 16, 2820 MHz, 10251 MHz, P2, 105.01 W
0, 2026/09/15 09:37:01.193, 4, 16, 2835 MHz, 10251 MHz, P2, 111.39 W
1, 2026/09/15 09:37:01.194, 4, 16, 2820 MHz, 10251 MHz, P2, 105.01 W
0, 2026/09/15 09:37:01.394, 4, 16, 2835 MHz, 10251 MHz, P2, 103.35 W
1, 2026/09/15 09:37:01.394, 4, 16, 2820 MHz, 10251 MHz, P2, 99.93 W
0, 2026/09/15 09:37:01.594, 4, 16, 2835 MHz, 10251 MHz, P2, 103.35 W
1, 2026/09/15 09:37:01.595, 4, 16, 2820 MHz, 10251 MHz, P2, 99.93 W
0, 2026/09/15 09:37:01.795, 4, 16, 2835 MHz, 10501 MHz, P0, 91.39 W
1, 2026/09/15 09:37:01.795, 4, 16, 2820 MHz, 10501 MHz, P0, 89.65 W
0, 2026/09/15 09:37:01.995, 4, 16, 2835 MHz, 10501 MHz, P0, 91.39 W
1, 2026/09/15 09:37:01.995, 4, 16, 2820 MHz, 10501 MHz, P0, 89.65 W
0, 2026/09/15 09:37:02.196, 4, 16, 2835 MHz, 10501 MHz, P0, 91.39 W
1, 2026/09/15 09:37:02.196, 4, 16, 2820 MHz, 10501 MHz, P0, 89.65 W
0, 2026/09/15 09:37:02.396, 4, 16, 2835 MHz, 10501 MHz, P0, 83.68 W
1, 2026/09/15 09:37:02.396, 4, 16, 2820 MHz, 10501 MHz, P0, 80.27 W
0, 2026/09/15 09:37:02.597, 4, 16, 2835 MHz, 10501 MHz, P0, 83.68 W
1, 2026/09/15 09:37:02.597, 4, 16, 2820 MHz, 10501 MHz, P0, 80.27 W
0, 2026/09/15 09:37:02.797, 4, 16, 2835 MHz, 10501 MHz, P0, 83.27 W
1, 2026/09/15 09:37:02.797, 4, 16, 2820 MHz, 10501 MHz, P0, 79.19 W
0, 2026/09/15 09:37:02.998, 4, 16, 2835 MHz, 10501 MHz, P0, 83.27 W
1, 2026/09/15 09:37:02.998, 4, 16, 2820 MHz, 10501 MHz, P0, 79.19 W
0, 2026/09/15 09:37:03.198, 4, 16, 2835 MHz, 10501 MHz, P0, 83.27 W
1, 2026/09/15 09:37:03.198, 4, 16, 2820 MHz, 10501 MHz, P0, 79.19 W
0, 2026/09/15 09:37:03.399, 4, 16, 2520 MHz, 10251 MHz, P2, 71.64 W
1, 2026/09/15 09:37:03.399, 4, 16, 2520 MHz, 10251 MHz, P2, 73.88 W
0, 2026/09/15 09:37:03.599, 4, 16, 2520 MHz, 10251 MHz, P2, 71.64 W
1, 2026/09/15 09:37:03.599, 4, 16, 2520 MHz, 10251 MHz, P2, 73.88 W
0, 2026/09/15 09:37:03.800, 4, 16, 2520 MHz, 10251 MHz, P2, 66.69 W
1, 2026/09/15 09:37:03.800, 4, 16, 2520 MHz, 10251 MHz, P2, 67.69 W
0, 2026/09/15 09:37:04.000, 4, 16, 2520 MHz, 10251 MHz, P2, 66.69 W
1, 2026/09/15 09:37:04.000, 4, 16, 2520 MHz, 10251 MHz, P2, 67.69 W
0, 2026/09/15 09:37:04.200, 4, 16, 2520 MHz, 10251 MHz, P2, 66.69 W
1, 2026/09/15 09:37:04.201, 4, 16, 2520 MHz, 10251 MHz, P2, 67.69 W
0, 2026/09/15 09:37:04.401, 4, 16, 2835 MHz, 10251 MHz, P2, 75.69 W
1, 2026/09/15 09:37:04.401, 4, 16, 2820 MHz, 10251 MHz, P2, 70.65 W
0, 2026/09/15 09:37:04.601, 4, 16, 2835 MHz, 10251 MHz, P2, 75.69 W
1, 2026/09/15 09:37:04.601, 4, 16, 2820 MHz, 10251 MHz, P2, 70.65 W
0, 2026/09/15 09:37:04.802, 4, 16, 2835 MHz, 10251 MHz, P2, 93.17 W
1, 2026/09/15 09:37:04.802, 4, 16, 2820 MHz, 10251 MHz, P2, 86.48 W
0, 2026/09/15 09:37:05.002, 4, 16, 2835 MHz, 10251 MHz, P2, 93.17 W
1, 2026/09/15 09:37:05.002, 4, 16, 2820 MHz, 10251 MHz, P2, 86.48 W
0, 2026/09/15 09:37:05.202, 4, 16, 2835 MHz, 10251 MHz, P2, 93.17 W
1, 2026/09/15 09:37:05.203, 4, 16, 2820 MHz, 10251 MHz, P2, 86.48 W
0, 2026/09/15 09:37:05.403, 4, 16, 2835 MHz, 10251 MHz, P2, 105.26 W
1, 2026/09/15 09:37:05.403, 4, 16, 2820 MHz, 10251 MHz, P2, 99.74 W
0, 2026/09/15 09:37:05.603, 4, 16, 2835 MHz, 10251 MHz, P2, 105.26 W
1, 2026/09/15 09:37:05.604, 4, 16, 2820 MHz, 10251 MHz, P2, 99.74 W
0, 2026/09/15 09:37:05.804, 4, 16, 2835 MHz, 10251 MHz, P2, 108.29 W
1, 2026/09/15 09:37:05.804, 4, 16, 2820 MHz, 10251 MHz, P2, 103.43 W
0, 2026/09/15 09:37:06.004, 4, 16, 2835 MHz, 10251 MHz, P2, 108.29 W
1, 2026/09/15 09:37:06.004, 4, 16, 2820 MHz, 10251 MHz, P2, 103.43 W
0, 2026/09/15 09:37:06.205, 4, 16, 2835 MHz, 10251 MHz, P2, 108.29 W
1, 2026/09/15 09:37:06.205, 4, 16, 2820 MHz, 10251 MHz, P2, 103.43 W
0, 2026/09/15 09:37:06.405, 4, 16, 2835 MHz, 10251 MHz, P2, 109.57 W
1, 2026/09/15 09:37:06.405, 4, 16, 2820 MHz, 10251 MHz, P2, 104.34 W
0, 2026/09/15 09:37:06.606, 4, 16, 2835 MHz, 10251 MHz, P2, 109.57 W
1, 2026/09/15 09:37:06.606, 4, 16, 2820 MHz, 10251 MHz, P2, 104.34 W
0, 2026/09/15 09:37:06.806, 4, 16, 2835 MHz, 10251 MHz, P2, 110.19 W
1, 2026/09/15 09:37:06.806, 4, 16, 2820 MHz, 10251 MHz, P2, 105.02 W
0, 2026/09/15 09:37:07.007, 4, 16, 2835 MHz, 10251 MHz, P2, 110.19 W
1, 2026/09/15 09:37:07.007, 4, 16, 2820 MHz, 10251 MHz, P2, 105.02 W
0, 2026/09/15 09:37:07.207, 4, 16, 2835 MHz, 10251 MHz, P2, 110.19 W
1, 2026/09/15 09:37:07.207, 4, 16, 2820 MHz, 10251 MHz, P2, 105.02 W
0, 2026/09/15 09:37:07.407, 4, 16, 2835 MHz, 10251 MHz, P2, 110.57 W
1, 2026/09/15 09:37:07.408, 4, 16, 2820 MHz, 10251 MHz, P2, 105.22 W
0, 2026/09/15 09:37:07.608, 4, 16, 2835 MHz, 10251 MHz, P2, 110.57 W
1, 2026/09/15 09:37:07.608, 4, 16, 2820 MHz, 10251 MHz, P2, 105.22 W
0, 2026/09/15 09:37:07.808, 4, 16, 2835 MHz, 10251 MHz, P2, 111.04 W
1, 2026/09/15 09:37:07.808, 4, 16, 2820 MHz, 10251 MHz, P2, 105.75 W
0, 2026/09/15 09:37:08.008, 4, 16, 2835 MHz, 10251 MHz, P2, 111.04 W
1, 2026/09/15 09:37:08.009, 4, 16, 2820 MHz, 10251 MHz, P2, 105.75 W
0, 2026/09/15 09:37:08.209, 4, 16, 2835 MHz, 10251 MHz, P2, 111.04 W
1, 2026/09/15 09:37:08.209, 4, 16, 2820 MHz, 10251 MHz, P2, 105.75 W
0, 2026/09/15 09:37:08.409, 4, 16, 2835 MHz, 10251 MHz, P2, 110.87 W
1, 2026/09/15 09:37:08.409, 4, 16, 2820 MHz, 10251 MHz, P2, 105.85 W
0, 2026/09/15 09:37:08.610, 4, 16, 2835 MHz, 10251 MHz, P2, 110.87 W
1, 2026/09/15 09:37:08.610, 4, 16, 2820 MHz, 10251 MHz, P2, 105.85 W
0, 2026/09/15 09:37:08.810, 4, 16, 2835 MHz, 10251 MHz, P2, 111.55 W
1, 2026/09/15 09:37:08.810, 4, 16, 2820 MHz, 10251 MHz, P2, 106.41 W
0, 2026/09/15 09:37:09.010, 4, 16, 2835 MHz, 10251 MHz, P2, 111.55 W
1, 2026/09/15 09:37:09.011, 4, 16, 2820 MHz, 10251 MHz, P2, 106.41 W
0, 2026/09/15 09:37:09.211, 4, 16, 2835 MHz, 10251 MHz, P2, 111.55 W
1, 2026/09/15 09:37:09.211, 4, 16, 2820 MHz, 10251 MHz, P2, 106.41 W
0, 2026/09/15 09:37:09.411, 4, 16, 2835 MHz, 10251 MHz, P2, 111.84 W
1, 2026/09/15 09:37:09.411, 4, 16, 2820 MHz, 10251 MHz, P2, 106.52 W
0, 2026/09/15 09:37:09.612, 4, 16, 2835 MHz, 10251 MHz, P2, 111.84 W
1, 2026/09/15 09:37:09.612, 4, 16, 2820 MHz, 10251 MHz, P2, 106.52 W
0, 2026/09/15 09:37:09.812, 4, 16, 2835 MHz, 10251 MHz, P2, 111.28 W
1, 2026/09/15 09:37:09.812, 4, 16, 2820 MHz, 10251 MHz, P2, 105.87 W
0, 2026/09/15 09:37:10.012, 4, 16, 2835 MHz, 10251 MHz, P2, 111.28 W
1, 2026/09/15 09:37:10.013, 4, 16, 2820 MHz, 10251 MHz, P2, 105.87 W
0, 2026/09/15 09:37:10.213, 4, 16, 2835 MHz, 10251 MHz, P2, 111.28 W
1, 2026/09/15 09:37:10.213, 4, 16, 2820 MHz, 10251 MHz, P2, 105.87 W
0, 2026/09/15 09:37:10.413, 4, 16, 2835 MHz, 10251 MHz, P2, 111.99 W
1, 2026/09/15 09:37:10.413, 4, 16, 2820 MHz, 10251 MHz, P2, 105.93 W
0, 2026/09/15 09:37:10.614, 4, 16, 2835 MHz, 10251 MHz, P2, 111.99 W
1, 2026/09/15 09:37:10.614, 4, 16, 2820 MHz, 10251 MHz, P2, 105.93 W
0, 2026/09/15 09:37:10.814, 4, 16, 2835 MHz, 10251 MHz, P2, 112.21 W
1, 2026/09/15 09:37:10.814, 4, 16, 2820 MHz, 10251 MHz, P2, 107.11 W
0, 2026/09/15 09:37:11.014, 4, 16, 2835 MHz, 10251 MHz, P2, 112.21 W
1, 2026/09/15 09:37:11.015, 4, 16, 2820 MHz, 10251 MHz, P2, 107.11 W
0, 2026/09/15 09:37:11.215, 4, 16, 2835 MHz, 10251 MHz, P2, 112.21 W
1, 2026/09/15 09:37:11.215, 4, 16, 2820 MHz, 10251 MHz, P2, 107.11 W
0, 2026/09/15 09:37:11.415, 4, 16, 2835 MHz, 10251 MHz, P2, 111.96 W
1, 2026/09/15 09:37:11.415, 4, 16, 2820 MHz, 10251 MHz, P2, 107.12 W
0, 2026/09/15 09:37:11.616, 4, 16, 2835 MHz, 10251 MHz, P2, 111.96 W
1, 2026/09/15 09:37:11.616, 4, 16, 2820 MHz, 10251 MHz, P2, 107.12 W
0, 2026/09/15 09:37:11.816, 4, 16, 2835 MHz, 10251 MHz, P2, 110.89 W
1, 2026/09/15 09:37:11.816, 4, 16, 2820 MHz, 10251 MHz, P2, 106.07 W
0, 2026/09/15 09:37:12.016, 4, 16, 2835 MHz, 10251 MHz, P2, 110.89 W
1, 2026/09/15 09:37:12.017, 4, 16, 2820 MHz, 10251 MHz, P2, 106.07 W
0, 2026/09/15 09:37:12.217, 4, 16, 2835 MHz, 10251 MHz, P2, 110.89 W
1, 2026/09/15 09:37:12.217, 4, 16, 2820 MHz, 10251 MHz, P2, 106.07 W
0, 2026/09/15 09:37:12.417, 4, 16, 2835 MHz, 10251 MHz, P2, 111.99 W
1, 2026/09/15 09:37:12.417, 4, 16, 2820 MHz, 10251 MHz, P2, 106.04 W
0, 2026/09/15 09:37:12.618, 4, 16, 2835 MHz, 10251 MHz, P2, 111.99 W
1, 2026/09/15 09:37:12.618, 4, 16, 2820 MHz, 10251 MHz, P2, 106.04 W
0, 2026/09/15 09:37:12.818, 4, 16, 2835 MHz, 10251 MHz, P2, 99.13 W
1, 2026/09/15 09:37:12.819, 4, 16, 2820 MHz, 10251 MHz, P2, 97.49 W
0, 2026/09/15 09:37:13.020, 4, 16, 2835 MHz, 10251 MHz, P2, 99.13 W
1, 2026/09/15 09:37:13.020, 4, 16, 2820 MHz, 10251 MHz, P2, 97.49 W
0, 2026/09/15 09:37:13.220, 4, 16, 2835 MHz, 10251 MHz, P2, 99.13 W
1, 2026/09/15 09:37:13.220, 4, 16, 2820 MHz, 10251 MHz, P2, 97.49 W
0, 2026/09/15 09:37:13.421, 4, 16, 2835 MHz, 10501 MHz, P0, 86.24 W
1, 2026/09/15 09:37:13.421, 4, 16, 2820 MHz, 10501 MHz, P0, 87.18 W
0, 2026/09/15 09:37:13.621, 4, 16, 2835 MHz, 10501 MHz, P0, 86.24 W
1, 2026/09/15 09:37:13.621, 4, 16, 2820 MHz, 10501 MHz, P0, 87.18 W
0, 2026/09/15 09:37:13.822, 4, 16, 2835 MHz, 10501 MHz, P0, 83.58 W
1, 2026/09/15 09:37:13.822, 4, 16, 2820 MHz, 10501 MHz, P0, 81.34 W
0, 2026/09/15 09:37:14.022, 4, 16, 2835 MHz, 10501 MHz, P0, 83.58 W
1, 2026/09/15 09:37:14.023, 4, 16, 2820 MHz, 10501 MHz, P0, 81.34 W
0, 2026/09/15 09:37:14.223, 4, 16, 2835 MHz, 10501 MHz, P0, 83.58 W
1, 2026/09/15 09:37:14.223, 4, 16, 2820 MHz, 10501 MHz, P0, 81.34 W
0, 2026/09/15 09:37:14.423, 4, 16, 2835 MHz, 10501 MHz, P0, 82.85 W
1, 2026/09/15 09:37:14.424, 2, 16, 2820 MHz, 10501 MHz, P5, 79.83 W
0, 2026/09/15 09:37:14.624, 4, 16, 2835 MHz, 10501 MHz, P0, 82.85 W
1, 2026/09/15 09:37:14.624, 2, 16, 2820 MHz, 10501 MHz, P5, 79.83 W
0, 2026/09/15 09:37:14.825, 4, 16, 2520 MHz, 10251 MHz, P2, 72.72 W
1, 2026/09/15 09:37:14.825, 4, 16, 2520 MHz, 10251 MHz, P2, 58.60 W
0, 2026/09/15 09:37:15.025, 4, 16, 2520 MHz, 10251 MHz, P2, 72.72 W
1, 2026/09/15 09:37:15.026, 4, 16, 2520 MHz, 10251 MHz, P2, 58.60 W
0, 2026/09/15 09:37:15.226, 4, 16, 2520 MHz, 10251 MHz, P2, 72.72 W
1, 2026/09/15 09:37:15.228, 4, 16, 2520 MHz, 10251 MHz, P2, 53.97 W
0, 2026/09/15 09:37:15.428, 4, 16, 2520 MHz, 10251 MHz, P2, 67.68 W
1, 2026/09/15 09:37:15.428, 4, 16, 2520 MHz, 10251 MHz, P2, 53.97 W
0, 2026/09/15 09:37:15.628, 4, 16, 2520 MHz, 10251 MHz, P2, 67.68 W
1, 2026/09/15 09:37:15.629, 4, 16, 2520 MHz, 10251 MHz, P2, 53.97 W
0, 2026/09/15 09:37:15.829, 4, 16, 2835 MHz, 10251 MHz, P2, 78.83 W
1, 2026/09/15 09:37:15.829, 4, 16, 2820 MHz, 10251 MHz, P2, 73.30 W
0, 2026/09/15 09:37:16.029, 4, 16, 2835 MHz, 10251 MHz, P2, 78.83 W
1, 2026/09/15 09:37:16.029, 4, 16, 2820 MHz, 10251 MHz, P2, 73.30 W
0, 2026/09/15 09:37:16.230, 4, 16, 2835 MHz, 10251 MHz, P2, 78.83 W
1, 2026/09/15 09:37:16.230, 4, 16, 2820 MHz, 10251 MHz, P2, 90.42 W
0, 2026/09/15 09:37:16.430, 4, 16, 2835 MHz, 10251 MHz, P2, 98.22 W
1, 2026/09/15 09:37:16.430, 4, 16, 2820 MHz, 10251 MHz, P2, 90.42 W
0, 2026/09/15 09:37:16.630, 4, 16, 2835 MHz, 10251 MHz, P2, 98.22 W
1, 2026/09/15 09:37:16.631, 4, 16, 2820 MHz, 10251 MHz, P2, 90.42 W
0, 2026/09/15 09:37:16.831, 4, 16, 2835 MHz, 10251 MHz, P2, 108.53 W
1, 2026/09/15 09:37:16.831, 4, 16, 2820 MHz, 10251 MHz, P2, 102.08 W
0, 2026/09/15 09:37:17.031, 4, 16, 2835 MHz, 10251 MHz, P2, 108.53 W
1, 2026/09/15 09:37:17.031, 4, 16, 2820 MHz, 10251 MHz, P2, 102.08 W
0, 2026/09/15 09:37:17.232, 4, 16, 2835 MHz, 10251 MHz, P2, 108.53 W
1, 2026/09/15 09:37:17.232, 4, 16, 2820 MHz, 10251 MHz, P2, 104.29 W
0, 2026/09/15 09:37:17.432, 4, 16, 2835 MHz, 10251 MHz, P2, 110.68 W
1, 2026/09/15 09:37:17.432, 4, 16, 2820 MHz, 10251 MHz, P2, 104.29 W
0, 2026/09/15 09:37:17.632, 4, 16, 2835 MHz, 10251 MHz, P2, 110.68 W
1, 2026/09/15 09:37:17.633, 4, 16, 2820 MHz, 10251 MHz, P2, 104.29 W
0, 2026/09/15 09:37:17.833, 4, 16, 2835 MHz, 10251 MHz, P2, 111.52 W
1, 2026/09/15 09:37:17.833, 4, 16, 2820 MHz, 10251 MHz, P2, 105.01 W
0, 2026/09/15 09:37:18.033, 4, 16, 2835 MHz, 10251 MHz, P2, 111.52 W
1, 2026/09/15 09:37:18.033, 4, 16, 2820 MHz, 10251 MHz, P2, 105.01 W
0, 2026/09/15 09:37:18.234, 4, 16, 2835 MHz, 10251 MHz, P2, 111.52 W
1, 2026/09/15 09:37:18.234, 4, 16, 2820 MHz, 10251 MHz, P2, 105.82 W
0, 2026/09/15 09:37:18.434, 4, 16, 2835 MHz, 10251 MHz, P2, 111.95 W
1, 2026/09/15 09:37:18.434, 4, 16, 2820 MHz, 10251 MHz, P2, 105.82 W
0, 2026/09/15 09:37:18.634, 4, 16, 2835 MHz, 10251 MHz, P2, 111.95 W
1, 2026/09/15 09:37:18.635, 4, 16, 2820 MHz, 10251 MHz, P2, 105.82 W
0, 2026/09/15 09:37:18.835, 4, 16, 2835 MHz, 10251 MHz, P2, 112.39 W
1, 2026/09/15 09:37:18.835, 4, 16, 2820 MHz, 10251 MHz, P2, 106.57 W
0, 2026/09/15 09:37:19.035, 4, 16, 2835 MHz, 10251 MHz, P2, 112.39 W
1, 2026/09/15 09:37:19.035, 4, 16, 2820 MHz, 10251 MHz, P2, 106.57 W
0, 2026/09/15 09:37:19.236, 4, 16, 2835 MHz, 10251 MHz, P2, 112.39 W
1, 2026/09/15 09:37:19.236, 4, 16, 2820 MHz, 10251 MHz, P2, 105.97 W
0, 2026/09/15 09:37:19.436, 4, 16, 2835 MHz, 10251 MHz, P2, 111.98 W
1, 2026/09/15 09:37:19.436, 4, 16, 2820 MHz, 10251 MHz, P2, 105.97 W
0, 2026/09/15 09:37:19.637, 4, 16, 2835 MHz, 10251 MHz, P2, 111.98 W
1, 2026/09/15 09:37:19.637, 4, 16, 2820 MHz, 10251 MHz, P2, 105.97 W
0, 2026/09/15 09:37:19.837, 4, 16, 2835 MHz, 10251 MHz, P2, 112.73 W
1, 2026/09/15 09:37:19.837, 4, 16, 2820 MHz, 10251 MHz, P2, 106.84 W
0, 2026/09/15 09:37:20.037, 4, 16, 2835 MHz, 10251 MHz, P2, 112.73 W
1, 2026/09/15 09:37:20.038, 4, 16, 2820 MHz, 10251 MHz, P2, 106.84 W
0, 2026/09/15 09:37:20.238, 4, 16, 2835 MHz, 10251 MHz, P2, 112.73 W
1, 2026/09/15 09:37:20.238, 4, 16, 2820 MHz, 10251 MHz, P2, 107.02 W
0, 2026/09/15 09:37:20.438, 4, 16, 2835 MHz, 10251 MHz, P2, 113.39 W
1, 2026/09/15 09:37:20.438, 4, 16, 2820 MHz, 10251 MHz, P2, 107.02 W
0, 2026/09/15 09:37:20.639, 4, 16, 2835 MHz, 10251 MHz, P2, 113.39 W
1, 2026/09/15 09:37:20.639, 4, 16, 2820 MHz, 10251 MHz, P2, 107.02 W
0, 2026/09/15 09:37:20.839, 4, 16, 2835 MHz, 10251 MHz, P2, 112.32 W
1, 2026/09/15 09:37:20.839, 4, 16, 2820 MHz, 10251 MHz, P2, 107.24 W
0, 2026/09/15 09:37:21.040, 4, 16, 2835 MHz, 10251 MHz, P2, 112.32 W
1, 2026/09/15 09:37:21.041, 4, 16, 2820 MHz, 10251 MHz, P2, 107.24 W
0, 2026/09/15 09:37:21.243, 4, 16, 2835 MHz, 10251 MHz, P2, 112.32 W
1, 2026/09/15 09:37:21.243, 4, 16, 2820 MHz, 10251 MHz, P2, 105.94 W
0, 2026/09/15 09:37:21.443, 4, 16, 2835 MHz, 10251 MHz, P2, 113.56 W
1, 2026/09/15 09:37:21.443, 4, 16, 2820 MHz, 10251 MHz, P2, 105.94 W
0, 2026/09/15 09:37:21.644, 4, 16, 2835 MHz, 10251 MHz, P2, 113.56 W
1, 2026/09/15 09:37:21.644, 4, 16, 2820 MHz, 10251 MHz, P2, 105.94 W
0, 2026/09/15 09:37:21.844, 4, 16, 2835 MHz, 10251 MHz, P2, 114.54 W
1, 2026/09/15 09:37:21.844, 4, 16, 2820 MHz, 10251 MHz, P2, 107.65 W
0, 2026/09/15 09:37:22.044, 4, 16, 2835 MHz, 10251 MHz, P2, 114.54 W
1, 2026/09/15 09:37:22.045, 4, 16, 2820 MHz, 10251 MHz, P2, 107.65 W
0, 2026/09/15 09:37:22.245, 4, 16, 2835 MHz, 10251 MHz, P2, 114.54 W
1, 2026/09/15 09:37:22.245, 4, 16, 2820 MHz, 10251 MHz, P2, 107.61 W
0, 2026/09/15 09:37:22.445, 4, 16, 2835 MHz, 10251 MHz, P2, 114.39 W
1, 2026/09/15 09:37:22.446, 4, 16, 2820 MHz, 10251 MHz, P2, 107.61 W
0, 2026/09/15 09:37:22.646, 4, 16, 2835 MHz, 10251 MHz, P2, 114.39 W
1, 2026/09/15 09:37:22.646, 4, 16, 2820 MHz, 10251 MHz, P2, 107.61 W
0, 2026/09/15 09:37:22.846, 4, 16, 2835 MHz, 10251 MHz, P2, 112.34 W
1, 2026/09/15 09:37:22.846, 4, 16, 2820 MHz, 10251 MHz, P2, 105.39 W
0, 2026/09/15 09:37:23.047, 4, 16, 2835 MHz, 10251 MHz, P2, 112.34 W
1, 2026/09/15 09:37:23.047, 4, 16, 2820 MHz, 10251 MHz, P2, 105.39 W
0, 2026/09/15 09:37:23.247, 4, 16, 2835 MHz, 10251 MHz, P2, 112.34 W
1, 2026/09/15 09:37:23.249, 4, 16, 2820 MHz, 10501 MHz, P0, 103.81 W
0, 2026/09/15 09:37:23.450, 4, 16, 2835 MHz, 10251 MHz, P2, 108.24 W
1, 2026/09/15 09:37:23.450, 4, 16, 2820 MHz, 10501 MHz, P0, 103.81 W
0, 2026/09/15 09:37:23.650, 4, 16, 2835 MHz, 10251 MHz, P2, 108.24 W
1, 2026/09/15 09:37:23.650, 4, 16, 2820 MHz, 10501 MHz, P0, 103.81 W
0, 2026/09/15 09:37:23.851, 4, 16, 2835 MHz, 10501 MHz, P0, 96.11 W
1, 2026/09/15 09:37:23.851, 4, 16, 2820 MHz, 10501 MHz, P0, 93.58 W
0, 2026/09/15 09:37:24.051, 4, 16, 2835 MHz, 10501 MHz, P0, 96.11 W
1, 2026/09/15 09:37:24.051, 4, 16, 2820 MHz, 10501 MHz, P0, 93.58 W
0, 2026/09/15 09:37:24.252, 4, 16, 2835 MHz, 10501 MHz, P0, 96.11 W
1, 2026/09/15 09:37:24.252, 4, 16, 2820 MHz, 10501 MHz, P0, 80.68 W
0, 2026/09/15 09:37:24.452, 4, 16, 2835 MHz, 10501 MHz, P0, 84.40 W
1, 2026/09/15 09:37:24.452, 4, 16, 2820 MHz, 10501 MHz, P0, 80.68 W
0, 2026/09/15 09:37:24.653, 4, 16, 2835 MHz, 10501 MHz, P0, 84.40 W
1, 2026/09/15 09:37:24.653, 4, 16, 2820 MHz, 10501 MHz, P0, 80.68 W
0, 2026/09/15 09:37:24.853, 4, 16, 2835 MHz, 10501 MHz, P0, 83.75 W
1, 2026/09/15 09:37:24.856, 4, 16, 2820 MHz, 10501 MHz, P0, 79.32 W
0, 2026/09/15 09:37:25.056, 4, 16, 2835 MHz, 10501 MHz, P0, 83.75 W
1, 2026/09/15 09:37:25.056, 4, 16, 2820 MHz, 10501 MHz, P0, 79.32 W
0, 2026/09/15 09:37:25.256, 4, 16, 2835 MHz, 10501 MHz, P0, 83.75 W
1, 2026/09/15 09:37:25.257, 4, 16, 2520 MHz, 10251 MHz, P2, 77.36 W
0, 2026/09/15 09:37:25.457, 4, 16, 2520 MHz, 10251 MHz, P2, 79.57 W
1, 2026/09/15 09:37:25.457, 4, 16, 2520 MHz, 10251 MHz, P2, 77.36 W
0, 2026/09/15 09:37:25.657, 4, 16, 2520 MHz, 10251 MHz, P2, 79.57 W
1, 2026/09/15 09:37:25.657, 4, 16, 2520 MHz, 10251 MHz, P2, 77.36 W
0, 2026/09/15 09:37:25.858, 4, 16, 2835 MHz, 10251 MHz, P2, 74.89 W
1, 2026/09/15 09:37:25.858, 4, 16, 2520 MHz, 10251 MHz, P2, 71.81 W
0, 2026/09/15 09:37:26.058, 4, 16, 2835 MHz, 10251 MHz, P2, 74.89 W
1, 2026/09/15 09:37:26.058, 4, 16, 2520 MHz, 10251 MHz, P2, 71.81 W
0, 2026/09/15 09:37:26.258, 4, 16, 2835 MHz, 10251 MHz, P2, 74.89 W
1, 2026/09/15 09:37:26.259, 4, 16, 2820 MHz, 10251 MHz, P2, 77.05 W
0, 2026/09/15 09:37:26.459, 4, 16, 2835 MHz, 10251 MHz, P2, 83.22 W
1, 2026/09/15 09:37:26.459, 4, 16, 2820 MHz, 10251 MHz, P2, 77.05 W
0, 2026/09/15 09:37:26.659, 4, 16, 2835 MHz, 10251 MHz, P2, 83.22 W
1, 2026/09/15 09:37:26.659, 4, 16, 2820 MHz, 10251 MHz, P2, 77.05 W
0, 2026/09/15 09:37:26.860, 4, 16, 2835 MHz, 10251 MHz, P2, 104.08 W
1, 2026/09/15 09:37:26.860, 4, 16, 2820 MHz, 10251 MHz, P2, 95.51 W
0, 2026/09/15 09:37:27.060, 4, 16, 2835 MHz, 10251 MHz, P2, 104.08 W
1, 2026/09/15 09:37:27.060, 4, 16, 2820 MHz, 10251 MHz, P2, 95.51 W
0, 2026/09/15 09:37:27.260, 4, 16, 2835 MHz, 10251 MHz, P2, 104.08 W
1, 2026/09/15 09:37:27.261, 4, 16, 2820 MHz, 10251 MHz, P2, 104.75 W
0, 2026/09/15 09:37:27.461, 4, 16, 2835 MHz, 10251 MHz, P2, 111.43 W
1, 2026/09/15 09:37:27.461, 4, 16, 2820 MHz, 10251 MHz, P2, 104.75 W
0, 2026/09/15 09:37:27.661, 4, 16, 2835 MHz, 10251 MHz, P2, 111.43 W
1, 2026/09/15 09:37:27.661, 4, 16, 2820 MHz, 10251 MHz, P2, 104.75 W
0, 2026/09/15 09:37:27.862, 4, 16, 2835 MHz, 10251 MHz, P2, 112.72 W
1, 2026/09/15 09:37:27.862, 4, 16, 2820 MHz, 10251 MHz, P2, 106.35 W
0, 2026/09/15 09:37:28.062, 4, 16, 2835 MHz, 10251 MHz, P2, 112.72 W
1, 2026/09/15 09:37:28.062, 4, 16, 2820 MHz, 10251 MHz, P2, 106.35 W
0, 2026/09/15 09:37:28.263, 4, 16, 2835 MHz, 10251 MHz, P2, 112.72 W
1, 2026/09/15 09:37:28.263, 4, 16, 2820 MHz, 10251 MHz, P2, 106.59 W
0, 2026/09/15 09:37:28.463, 4, 16, 2835 MHz, 10251 MHz, P2, 112.88 W
1, 2026/09/15 09:37:28.463, 4, 16, 2820 MHz, 10251 MHz, P2, 106.59 W
0, 2026/09/15 09:37:28.663, 4, 16, 2835 MHz, 10251 MHz, P2, 112.88 W
1, 2026/09/15 09:37:28.664, 4, 16, 2820 MHz, 10251 MHz, P2, 106.59 W
0, 2026/09/15 09:37:28.864, 4, 16, 2835 MHz, 10251 MHz, P2, 112.72 W
1, 2026/09/15 09:37:28.864, 4, 16, 2820 MHz, 10251 MHz, P2, 106.32 W
0, 2026/09/15 09:37:29.064, 4, 16, 2835 MHz, 10251 MHz, P2, 112.72 W
1, 2026/09/15 09:37:29.064, 4, 16, 2820 MHz, 10251 MHz, P2, 106.32 W
0, 2026/09/15 09:37:29.265, 4, 16, 2835 MHz, 10251 MHz, P2, 112.72 W
1, 2026/09/15 09:37:29.265, 4, 16, 2820 MHz, 10251 MHz, P2, 107.37 W
0, 2026/09/15 09:37:29.465, 4, 16, 2835 MHz, 10251 MHz, P2, 113.08 W
1, 2026/09/15 09:37:29.466, 4, 16, 2820 MHz, 10251 MHz, P2, 107.37 W
0, 2026/09/15 09:37:29.666, 4, 16, 2835 MHz, 10251 MHz, P2, 113.08 W
1, 2026/09/15 09:37:29.666, 4, 16, 2820 MHz, 10251 MHz, P2, 107.37 W
0, 2026/09/15 09:37:29.866, 4, 16, 2835 MHz, 10251 MHz, P2, 113.32 W
1, 2026/09/15 09:37:29.867, 4, 16, 2820 MHz, 10251 MHz, P2, 107.45 W
0, 2026/09/15 09:37:30.067, 4, 16, 2835 MHz, 10251 MHz, P2, 113.32 W
1, 2026/09/15 09:37:30.067, 4, 16, 2820 MHz, 10251 MHz, P2, 107.45 W
0, 2026/09/15 09:37:30.267, 4, 16, 2835 MHz, 10251 MHz, P2, 113.32 W
1, 2026/09/15 09:37:30.267, 4, 16, 2820 MHz, 10251 MHz, P2, 107.86 W
0, 2026/09/15 09:37:30.468, 4, 16, 2835 MHz, 10251 MHz, P2, 113.34 W
1, 2026/09/15 09:37:30.468, 4, 16, 2820 MHz, 10251 MHz, P2, 107.86 W
0, 2026/09/15 09:37:30.668, 4, 16, 2835 MHz, 10251 MHz, P2, 113.34 W
1, 2026/09/15 09:37:30.669, 4, 16, 2820 MHz, 10251 MHz, P2, 107.86 W
0, 2026/09/15 09:37:30.869, 4, 16, 2835 MHz, 10251 MHz, P2, 114.73 W
1, 2026/09/15 09:37:30.869, 4, 16, 2820 MHz, 10251 MHz, P2, 108.37 W
0, 2026/09/15 09:37:31.069, 4, 16, 2835 MHz, 10251 MHz, P2, 114.73 W
1, 2026/09/15 09:37:31.069, 4, 16, 2820 MHz, 10251 MHz, P2, 108.37 W
0, 2026/09/15 09:37:31.270, 4, 16, 2835 MHz, 10251 MHz, P2, 114.73 W
1, 2026/09/15 09:37:31.270, 4, 16, 2820 MHz, 10251 MHz, P2, 108.51 W
0, 2026/09/15 09:37:31.470, 4, 16, 2835 MHz, 10251 MHz, P2, 114.71 W
1, 2026/09/15 09:37:31.470, 4, 16, 2820 MHz, 10251 MHz, P2, 108.51 W
0, 2026/09/15 09:37:31.671, 4, 16, 2835 MHz, 10251 MHz, P2, 114.71 W
1, 2026/09/15 09:37:31.671, 4, 16, 2820 MHz, 10251 MHz, P2, 108.51 W
0, 2026/09/15 09:37:31.871, 4, 16, 2835 MHz, 10251 MHz, P2, 113.90 W
1, 2026/09/15 09:37:31.871, 4, 16, 2820 MHz, 10251 MHz, P2, 107.79 W
0, 2026/09/15 09:37:32.071, 4, 16, 2835 MHz, 10251 MHz, P2, 113.90 W
1, 2026/09/15 09:37:32.072, 4, 16, 2820 MHz, 10251 MHz, P2, 107.79 W
0, 2026/09/15 09:37:32.272, 4, 16, 2835 MHz, 10251 MHz, P2, 113.90 W
1, 2026/09/15 09:37:32.272, 4, 16, 2820 MHz, 10251 MHz, P2, 105.44 W
0, 2026/09/15 09:37:32.472, 4, 16, 2835 MHz, 10251 MHz, P2, 108.72 W
1, 2026/09/15 09:37:32.473, 4, 16, 2820 MHz, 10251 MHz, P2, 105.44 W
0, 2026/09/15 09:37:32.673, 4, 16, 2835 MHz, 10251 MHz, P2, 108.72 W
1, 2026/09/15 09:37:32.673, 4, 16, 2820 MHz, 10251 MHz, P2, 105.44 W
0, 2026/09/15 09:37:32.876, 4, 16, 2835 MHz, 10251 MHz, P2, 95.05 W
1, 2026/09/15 09:37:32.878, 4, 16, 2820 MHz, 10501 MHz, P0, 93.20 W
0, 2026/09/15 09:37:33.078, 4, 16, 2835 MHz, 10251 MHz, P2, 95.05 W
1, 2026/09/15 09:37:33.078, 4, 16, 2820 MHz, 10501 MHz, P0, 93.20 W
0, 2026/09/15 09:37:33.278, 4, 16, 2835 MHz, 10501 MHz, P0, 83.65 W
1, 2026/09/15 09:37:33.278, 4, 16, 2820 MHz, 10501 MHz, P0, 80.61 W
0, 2026/09/15 09:37:33.479, 4, 16, 2835 MHz, 10501 MHz, P0, 83.65 W
1, 2026/09/15 09:37:33.479, 4, 16, 2820 MHz, 10501 MHz, P0, 80.61 W
0, 2026/09/15 09:37:33.679, 4, 16, 2835 MHz, 10501 MHz, P0, 83.65 W
1, 2026/09/15 09:37:33.679, 4, 16, 2820 MHz, 10501 MHz, P0, 80.61 W
0, 2026/09/15 09:37:33.879, 4, 16, 2520 MHz, 10501 MHz, P0, 83.27 W
1, 2026/09/15 09:37:33.880, 4, 16, 2820 MHz, 10501 MHz, P0, 80.61 W
0, 2026/09/15 09:37:34.080, 4, 16, 2520 MHz, 10501 MHz, P0, 83.27 W
1, 2026/09/15 09:37:34.080, 4, 16, 2820 MHz, 10501 MHz, P0, 80.61 W
0, 2026/09/15 09:37:34.280, 4, 16, 2520 MHz, 10501 MHz, P0, 73.33 W
1, 2026/09/15 09:37:34.280, 2, 16, 2820 MHz, 10501 MHz, P5, 79.13 W
0, 2026/09/15 09:37:34.481, 4, 16, 2520 MHz, 10501 MHz, P0, 73.33 W
1, 2026/09/15 09:37:34.481, 2, 16, 2820 MHz, 10501 MHz, P5, 79.13 W
0, 2026/09/15 09:37:34.685, 4, 16, 2520 MHz, 10501 MHz, P0, 73.33 W
1, 2026/09/15 09:37:34.685, 2, 16, 2820 MHz, 10501 MHz, P5, 79.13 W
0, 2026/09/15 09:37:34.886, 4, 16, 2520 MHz, 10251 MHz, P2, 66.24 W
1, 2026/09/15 09:38:02.276, 1, 16, 210 MHz, 405 MHz, P8, 15.11 W
0, 2026/09/15 09:38:02.476, 1, 16, 210 MHz, 405 MHz, P8, 16.10 W
1, 2026/09/15 09:38:02.477, 1, 16, 210 MHz, 405 MHz, P8, 15.11 W
0, 2026/09/15 09:38:02.677, 1, 16, 210 MHz, 405 MHz, P8, 16.10 W
1, 2026/09/15 09:38:02.677, 1, 16, 210 MHz, 405 MHz, P8, 15.11 W
0, 2026/09/15 09:38:02.878, 1, 16, 210 MHz, 405 MHz, P8, 16.54 W
1, 2026/09/15 09:38:02.904, 1, 16, 210 MHz, 405 MHz, P8, 15.11 W
0, 2026/09/15 09:38:03.104, 1, 16, 210 MHz, 405 MHz, P8, 16.54 W
1, 2026/09/15 09:38:03.105, 1, 16, 210 MHz, 405 MHz, P8, 15.11 W
0, 2026/09/15 09:38:03.306, 4, 16, 2520 MHz, 10251 MHz, P2, 23.15 W
1, 2026/09/15 09:38:03.316, 4, 16, 2520 MHz, 10501 MHz, P0, 17.28 W
0, 2026/09/15 09:38:03.516, 4, 16, 2520 MHz, 10251 MHz, P2, 23.15 W
1, 2026/09/15 09:38:03.516, 4, 16, 2520 MHz, 10501 MHz, P0, 17.28 W
0, 2026/09/15 09:38:03.717, 4, 16, 2520 MHz, 10251 MHz, P2, 23.15 W
1, 2026/09/15 09:38:03.717, 4, 16, 2520 MHz, 10501 MHz, P0, 17.28 W
0, 2026/09/15 09:38:03.917, 4, 16, 2520 MHz, 10251 MHz, P2, 33.51 W
1, 2026/09/15 09:38:03.918, 4, 16, 2520 MHz, 10251 MHz, P2, 29.67 W
0, 2026/09/15 09:38:04.118, 4, 16, 2520 MHz, 10251 MHz, P2, 33.51 W
1, 2026/09/15 09:38:04.118, 4, 16, 2520 MHz, 10251 MHz, P2, 29.67 W
0, 2026/09/15 09:38:04.319, 4, 16, 2835 MHz, 10251 MHz, P2, 70.30 W
1, 2026/09/15 09:38:04.319, 4, 16, 2820 MHz, 10251 MHz, P2, 67.50 W
0, 2026/09/15 09:38:04.519, 4, 16, 2835 MHz, 10251 MHz, P2, 70.30 W
1, 2026/09/15 09:38:04.519, 4, 16, 2820 MHz, 10251 MHz, P2, 67.50 W
0, 2026/09/15 09:38:04.720, 4, 16, 2835 MHz, 10251 MHz, P2, 70.30 W
1, 2026/09/15 09:38:04.720, 4, 16, 2820 MHz, 10251 MHz, P2, 67.50 W
0, 2026/09/15 09:38:04.920, 4, 16, 2835 MHz, 10251 MHz, P2, 89.35 W
1, 2026/09/15 09:38:04.920, 4, 16, 2820 MHz, 10251 MHz, P2, 87.01 W
0, 2026/09/15 09:38:05.121, 4, 16, 2835 MHz, 10251 MHz, P2, 89.35 W
1, 2026/09/15 09:38:05.121, 4, 16, 2820 MHz, 10251 MHz, P2, 87.01 W
0, 2026/09/15 09:38:05.321, 4, 16, 2835 MHz, 10251 MHz, P2, 107.69 W
1, 2026/09/15 09:38:05.321, 4, 16, 2820 MHz, 10251 MHz, P2, 102.83 W
0, 2026/09/15 09:38:05.522, 4, 16, 2835 MHz, 10251 MHz, P2, 107.69 W
1, 2026/09/15 09:38:05.522, 4, 16, 2820 MHz, 10251 MHz, P2, 102.83 W
0, 2026/09/15 09:38:05.722, 4, 16, 2835 MHz, 10251 MHz, P2, 107.69 W
1, 2026/09/15 09:38:05.722, 4, 16, 2820 MHz, 10251 MHz, P2, 102.83 W
0, 2026/09/15 09:38:05.923, 4, 16, 2835 MHz, 10251 MHz, P2, 111.38 W
1, 2026/09/15 09:38:05.923, 4, 16, 2820 MHz, 10251 MHz, P2, 105.96 W
0, 2026/09/15 09:38:06.123, 4, 16, 2835 MHz, 10251 MHz, P2, 111.38 W
1, 2026/09/15 09:38:06.123, 4, 16, 2820 MHz, 10251 MHz, P2, 105.96 W
0, 2026/09/15 09:38:06.324, 4, 16, 2835 MHz, 10251 MHz, P2, 112.48 W
1, 2026/09/15 09:38:06.324, 4, 16, 2820 MHz, 10251 MHz, P2, 106.64 W
0, 2026/09/15 09:38:06.524, 4, 16, 2835 MHz, 10251 MHz, P2, 112.48 W
1, 2026/09/15 09:38:06.524, 4, 16, 2820 MHz, 10251 MHz, P2, 106.64 W
0, 2026/09/15 09:38:06.724, 4, 16, 2835 MHz, 10251 MHz, P2, 112.48 W
1, 2026/09/15 09:38:06.725, 4, 16, 2820 MHz, 10251 MHz, P2, 106.64 W
0, 2026/09/15 09:38:06.925, 4, 16, 2835 MHz, 10251 MHz, P2, 112.91 W
1, 2026/09/15 09:38:06.925, 4, 16, 2820 MHz, 10251 MHz, P2, 107.05 W
0, 2026/09/15 09:38:07.125, 4, 16, 2835 MHz, 10251 MHz, P2, 112.91 W
1, 2026/09/15 09:38:07.126, 4, 16, 2820 MHz, 10251 MHz, P2, 107.05 W
0, 2026/09/15 09:38:07.326, 4, 16, 2835 MHz, 10251 MHz, P2, 112.45 W
1, 2026/09/15 09:38:07.326, 4, 16, 2820 MHz, 10251 MHz, P2, 106.68 W
0, 2026/09/15 09:38:07.526, 4, 16, 2835 MHz, 10251 MHz, P2, 112.45 W
1, 2026/09/15 09:38:07.526, 4, 16, 2820 MHz, 10251 MHz, P2, 106.68 W
0, 2026/09/15 09:38:07.727, 4, 16, 2835 MHz, 10251 MHz, P2, 112.45 W
1, 2026/09/15 09:38:07.727, 4, 16, 2820 MHz, 10251 MHz, P2, 106.68 W
0, 2026/09/15 09:38:07.927, 4, 16, 2835 MHz, 10251 MHz, P2, 113.06 W
1, 2026/09/15 09:38:07.927, 4, 16, 2820 MHz, 10251 MHz, P2, 107.32 W
0, 2026/09/15 09:38:08.127, 4, 16, 2835 MHz, 10251 MHz, P2, 113.06 W
1, 2026/09/15 09:38:08.128, 4, 16, 2820 MHz, 10251 MHz, P2, 107.32 W
0, 2026/09/15 09:38:08.328, 4, 16, 2835 MHz, 10251 MHz, P2, 113.32 W
1, 2026/09/15 09:38:08.328, 4, 16, 2820 MHz, 10251 MHz, P2, 107.54 W
0, 2026/09/15 09:38:08.528, 4, 16, 2835 MHz, 10251 MHz, P2, 113.32 W
1, 2026/09/15 09:38:08.529, 4, 16, 2820 MHz, 10251 MHz, P2, 107.54 W
0, 2026/09/15 09:38:08.729, 4, 16, 2835 MHz, 10251 MHz, P2, 113.32 W
1, 2026/09/15 09:38:08.729, 4, 16, 2820 MHz, 10251 MHz, P2, 107.54 W
0, 2026/09/15 09:38:08.929, 4, 16, 2835 MHz, 10251 MHz, P2, 112.70 W
1, 2026/09/15 09:38:08.930, 4, 16, 2820 MHz, 10251 MHz, P2, 107.06 W
0, 2026/09/15 09:38:09.130, 4, 16, 2835 MHz, 10251 MHz, P2, 112.70 W
1, 2026/09/15 09:38:09.130, 4, 16, 2820 MHz, 10251 MHz, P2, 107.06 W
0, 2026/09/15 09:38:09.330, 4, 16, 2835 MHz, 10251 MHz, P2, 113.53 W
1, 2026/09/15 09:38:09.330, 4, 16, 2820 MHz, 10251 MHz, P2, 108.16 W
0, 2026/09/15 09:38:09.531, 4, 16, 2835 MHz, 10251 MHz, P2, 113.53 W
1, 2026/09/15 09:38:09.531, 4, 16, 2820 MHz, 10251 MHz, P2, 108.16 W
0, 2026/09/15 09:38:09.731, 4, 16, 2835 MHz, 10251 MHz, P2, 113.53 W
1, 2026/09/15 09:38:09.731, 4, 16, 2820 MHz, 10251 MHz, P2, 108.26 W
0, 2026/09/15 09:38:09.931, 4, 16, 2835 MHz, 10251 MHz, P2, 113.41 W
1, 2026/09/15 09:38:09.932, 4, 16, 2820 MHz, 10251 MHz, P2, 108.26 W
0, 2026/09/15 09:38:10.132, 4, 16, 2835 MHz, 10251 MHz, P2, 113.41 W
1, 2026/09/15 09:38:10.132, 4, 16, 2820 MHz, 10251 MHz, P2, 108.26 W
0, 2026/09/15 09:38:10.332, 4, 16, 2835 MHz, 10251 MHz, P2, 111.84 W
1, 2026/09/15 09:38:10.332, 4, 16, 2820 MHz, 10251 MHz, P2, 106.96 W
0, 2026/09/15 09:38:10.533, 4, 16, 2835 MHz, 10251 MHz, P2, 111.84 W
1, 2026/09/15 09:38:10.533, 4, 16, 2820 MHz, 10251 MHz, P2, 106.96 W
0, 2026/09/15 09:38:10.733, 4, 16, 2835 MHz, 10251 MHz, P2, 111.84 W
1, 2026/09/15 09:38:10.733, 4, 16, 2820 MHz, 10251 MHz, P2, 100.07 W
0, 2026/09/15 09:38:10.933, 4, 16, 2835 MHz, 10251 MHz, P2, 104.20 W
1, 2026/09/15 09:38:10.934, 4, 16, 2820 MHz, 10251 MHz, P2, 100.07 W
0, 2026/09/15 09:38:11.136, 4, 16, 2835 MHz, 10251 MHz, P2, 104.20 W
1, 2026/09/15 09:38:11.136, 4, 16, 2820 MHz, 10251 MHz, P2, 100.07 W
0, 2026/09/15 09:38:11.336, 4, 16, 2835 MHz, 10501 MHz, P0, 92.25 W
1, 2026/09/15 09:38:11.336, 4, 16, 2820 MHz, 10501 MHz, P0, 88.78 W
0, 2026/09/15 09:38:11.537, 4, 16, 2835 MHz, 10501 MHz, P0, 92.25 W
1, 2026/09/15 09:38:11.537, 4, 16, 2820 MHz, 10501 MHz, P0, 88.78 W
0, 2026/09/15 09:38:11.737, 4, 16, 2835 MHz, 10501 MHz, P0, 92.25 W
1, 2026/09/15 09:38:11.737, 4, 16, 2820 MHz, 10501 MHz, P0, 80.15 W
0, 2026/09/15 09:38:11.938, 4, 16, 2835 MHz, 10501 MHz, P0, 83.18 W
1, 2026/09/15 09:38:11.938, 4, 16, 2820 MHz, 10501 MHz, P0, 80.15 W
0, 2026/09/15 09:38:12.138, 4, 16, 2835 MHz, 10501 MHz, P0, 83.18 W
1, 2026/09/15 09:38:12.139, 4, 16, 2820 MHz, 10501 MHz, P0, 80.15 W
0, 2026/09/15 09:38:12.339, 4, 16, 2835 MHz, 10501 MHz, P0, 82.65 W
1, 2026/09/15 09:38:12.339, 4, 16, 2820 MHz, 10501 MHz, P0, 78.71 W
0, 2026/09/15 09:38:12.539, 4, 16, 2835 MHz, 10501 MHz, P0, 82.65 W
1, 2026/09/15 09:38:12.539, 4, 16, 2820 MHz, 10501 MHz, P0, 78.71 W
0, 2026/09/15 09:38:12.740, 4, 16, 2835 MHz, 10501 MHz, P0, 82.65 W
1, 2026/09/15 09:38:12.740, 4, 16, 2520 MHz, 10501 MHz, P0, 61.63 W
0, 2026/09/15 09:38:12.940, 4, 16, 2520 MHz, 10251 MHz, P2, 76.15 W
1, 2026/09/15 09:38:12.941, 4, 16, 2520 MHz, 10501 MHz, P0, 61.63 W
0, 2026/09/15 09:38:13.141, 4, 16, 2520 MHz, 10251 MHz, P2, 76.15 W
1, 2026/09/15 09:38:13.146, 4, 16, 2520 MHz, 10501 MHz, P0, 61.63 W
0, 2026/09/15 09:38:13.347, 4, 16, 2520 MHz, 10251 MHz, P2, 69.57 W
1, 2026/09/15 09:38:13.347, 4, 16, 2520 MHz, 10251 MHz, P2, 57.11 W
0, 2026/09/15 09:38:13.547, 4, 16, 2520 MHz, 10251 MHz, P2, 69.57 W
1, 2026/09/15 09:38:13.547, 4, 16, 2520 MHz, 10251 MHz, P2, 57.11 W
0, 2026/09/15 09:38:13.748, 4, 16, 2520 MHz, 10251 MHz, P2, 69.57 W
1, 2026/09/15 09:38:13.748, 4, 16, 2745 MHz, 10251 MHz, P2, 67.47 W
0, 2026/09/15 09:38:13.948, 4, 16, 2835 MHz, 10251 MHz, P2, 67.67 W
1, 2026/09/15 09:38:13.950, 4, 16, 2745 MHz, 10251 MHz, P2, 67.47 W
0, 2026/09/15 09:38:14.158, 4, 16, 2835 MHz, 10251 MHz, P2, 67.67 W
1, 2026/09/15 09:38:14.158, 4, 16, 2745 MHz, 10251 MHz, P2, 67.47 W
0, 2026/09/15 09:38:14.365, 4, 16, 2835 MHz, 10251 MHz, P2, 85.21 W
1, 2026/09/15 09:38:14.365, 4, 16, 2820 MHz, 10251 MHz, P2, 85.41 W
0, 2026/09/15 09:38:14.565, 4, 16, 2835 MHz, 10251 MHz, P2, 85.21 W
1, 2026/09/15 09:38:14.565, 4, 16, 2820 MHz, 10251 MHz, P2, 85.41 W
0, 2026/09/15 09:38:14.766, 4, 16, 2835 MHz, 10251 MHz, P2, 85.21 W
1, 2026/09/15 09:38:14.766, 4, 16, 2820 MHz, 10251 MHz, P2, 100.01 W
0, 2026/09/15 09:38:14.966, 4, 16, 2835 MHz, 10251 MHz, P2, 103.32 W
1, 2026/09/15 09:38:14.980, 4, 16, 2820 MHz, 10251 MHz, P2, 100.01 W
0, 2026/09/15 09:38:15.180, 4, 16, 2835 MHz, 10251 MHz, P2, 103.32 W
1, 2026/09/15 09:38:15.200, 4, 16, 2820 MHz, 10251 MHz, P2, 100.01 W
0, 2026/09/15 09:38:15.402, 4, 16, 2835 MHz, 10251 MHz, P2, 109.58 W
1, 2026/09/15 09:38:15.402, 4, 16, 2820 MHz, 10251 MHz, P2, 104.09 W
0, 2026/09/15 09:38:15.602, 4, 16, 2835 MHz, 10251 MHz, P2, 109.58 W
1, 2026/09/15 09:38:15.602, 4, 16, 2820 MHz, 10251 MHz, P2, 104.09 W
0, 2026/09/15 09:38:15.803, 4, 16, 2835 MHz, 10251 MHz, P2, 110.47 W
1, 2026/09/15 09:38:15.803, 4, 16, 2820 MHz, 10251 MHz, P2, 105.12 W
0, 2026/09/15 09:38:16.003, 4, 16, 2835 MHz, 10251 MHz, P2, 110.47 W
1, 2026/09/15 09:38:16.003, 4, 16, 2820 MHz, 10251 MHz, P2, 105.12 W
0, 2026/09/15 09:38:16.204, 4, 16, 2835 MHz, 10251 MHz, P2, 110.47 W
1, 2026/09/15 09:38:16.204, 4, 16, 2820 MHz, 10251 MHz, P2, 105.12 W
0, 2026/09/15 09:38:16.404, 4, 16, 2835 MHz, 10251 MHz, P2, 110.85 W
1, 2026/09/15 09:38:16.404, 4, 16, 2820 MHz, 10251 MHz, P2, 105.68 W
0, 2026/09/15 09:38:16.604, 4, 16, 2835 MHz, 10251 MHz, P2, 110.85 W
1, 2026/09/15 09:38:16.604, 4, 16, 2820 MHz, 10251 MHz, P2, 105.68 W
0, 2026/09/15 09:38:16.805, 4, 16, 2835 MHz, 10251 MHz, P2, 110.64 W
1, 2026/09/15 09:38:16.805, 4, 16, 2820 MHz, 10251 MHz, P2, 105.38 W
0, 2026/09/15 09:38:17.005, 4, 16, 2835 MHz, 10251 MHz, P2, 110.64 W
1, 2026/09/15 09:38:17.005, 4, 16, 2820 MHz, 10251 MHz, P2, 105.38 W
0, 2026/09/15 09:38:17.205, 4, 16, 2835 MHz, 10251 MHz, P2, 110.64 W
1, 2026/09/15 09:38:17.206, 4, 16, 2820 MHz, 10251 MHz, P2, 105.38 W
0, 2026/09/15 09:38:17.406, 4, 16, 2835 MHz, 10251 MHz, P2, 111.16 W
1, 2026/09/15 09:38:17.406, 4, 16, 2820 MHz, 10251 MHz, P2, 106.06 W
0, 2026/09/15 09:38:17.606, 4, 16, 2835 MHz, 10251 MHz, P2, 111.16 W
1, 2026/09/15 09:38:17.606, 4, 16, 2820 MHz, 10251 MHz, P2, 106.06 W
0, 2026/09/15 09:38:17.807, 4, 16, 2835 MHz, 10251 MHz, P2, 111.06 W
1, 2026/09/15 09:38:17.807, 4, 16, 2820 MHz, 10251 MHz, P2, 105.70 W
0, 2026/09/15 09:38:18.007, 4, 16, 2835 MHz, 10251 MHz, P2, 111.06 W
1, 2026/09/15 09:38:18.007, 4, 16, 2820 MHz, 10251 MHz, P2, 105.70 W
0, 2026/09/15 09:38:18.207, 4, 16, 2835 MHz, 10251 MHz, P2, 111.06 W
1, 2026/09/15 09:38:18.207, 4, 16, 2820 MHz, 10251 MHz, P2, 105.70 W
0, 2026/09/15 09:38:18.408, 4, 16, 2835 MHz, 10251 MHz, P2, 112.32 W
1, 2026/09/15 09:38:18.408, 4, 16, 2820 MHz, 10251 MHz, P2, 105.40 W
0, 2026/09/15 09:38:18.608, 4, 16, 2835 MHz, 10251 MHz, P2, 112.32 W
1, 2026/09/15 09:38:18.608, 4, 16, 2820 MHz, 10251 MHz, P2, 105.40 W
0, 2026/09/15 09:38:18.808, 4, 16, 2835 MHz, 10251 MHz, P2, 111.98 W
1, 2026/09/15 09:38:18.809, 4, 16, 2820 MHz, 10251 MHz, P2, 106.19 W
0, 2026/09/15 09:38:19.009, 4, 16, 2835 MHz, 10251 MHz, P2, 111.98 W
1, 2026/09/15 09:38:19.009, 4, 16, 2820 MHz, 10251 MHz, P2, 106.19 W
0, 2026/09/15 09:38:19.209, 4, 16, 2835 MHz, 10251 MHz, P2, 111.98 W
1, 2026/09/15 09:38:19.209, 4, 16, 2820 MHz, 10251 MHz, P2, 106.19 W
0, 2026/09/15 09:38:19.410, 4, 16, 2835 MHz, 10251 MHz, P2, 111.87 W
1, 2026/09/15 09:38:19.410, 4, 16, 2820 MHz, 10251 MHz, P2, 106.23 W
0, 2026/09/15 09:38:19.610, 4, 16, 2835 MHz, 10251 MHz, P2, 111.87 W
1, 2026/09/15 09:38:19.610, 4, 16, 2820 MHz, 10251 MHz, P2, 106.23 W
0, 2026/09/15 09:38:19.810, 4, 16, 2835 MHz, 10251 MHz, P2, 110.65 W
1, 2026/09/15 09:38:19.811, 4, 16, 2820 MHz, 10251 MHz, P2, 104.86 W
0, 2026/09/15 09:38:20.011, 4, 16, 2835 MHz, 10251 MHz, P2, 110.65 W
1, 2026/09/15 09:38:20.011, 4, 16, 2820 MHz, 10251 MHz, P2, 104.86 W
0, 2026/09/15 09:38:20.211, 4, 16, 2835 MHz, 10251 MHz, P2, 110.65 W
1, 2026/09/15 09:38:20.240, 4, 16, 2820 MHz, 10251 MHz, P2, 106.04 W
0, 2026/09/15 09:38:20.441, 4, 16, 2835 MHz, 10251 MHz, P2, 111.86 W
1, 2026/09/15 09:38:20.441, 4, 16, 2820 MHz, 10251 MHz, P2, 106.04 W
0, 2026/09/15 09:38:20.641, 4, 16, 2835 MHz, 10251 MHz, P2, 111.86 W
1, 2026/09/15 09:38:20.642, 4, 16, 2820 MHz, 10251 MHz, P2, 106.04 W
0, 2026/09/15 09:38:20.842, 4, 16, 2835 MHz, 10251 MHz, P2, 112.78 W
1, 2026/09/15 09:38:20.842, 4, 16, 2820 MHz, 10251 MHz, P2, 107.12 W
0, 2026/09/15 09:38:21.042, 4, 16, 2835 MHz, 10251 MHz, P2, 112.78 W
1, 2026/09/15 09:38:21.042, 4, 16, 2820 MHz, 10251 MHz, P2, 107.12 W
0, 2026/09/15 09:38:21.243, 4, 16, 2835 MHz, 10251 MHz, P2, 112.78 W
1, 2026/09/15 09:38:21.243, 4, 16, 2820 MHz, 10251 MHz, P2, 107.07 W
0, 2026/09/15 09:38:21.443, 4, 16, 2835 MHz, 10251 MHz, P2, 112.62 W
1, 2026/09/15 09:38:21.443, 4, 16, 2820 MHz, 10251 MHz, P2, 107.07 W
0, 2026/09/15 09:38:21.643, 4, 16, 2835 MHz, 10251 MHz, P2, 112.62 W
1, 2026/09/15 09:38:21.644, 4, 16, 2820 MHz, 10251 MHz, P2, 107.07 W
0, 2026/09/15 09:38:21.844, 4, 16, 2835 MHz, 10251 MHz, P2, 110.53 W
1, 2026/09/15 09:38:21.844, 4, 16, 2820 MHz, 10251 MHz, P2, 105.02 W
0, 2026/09/15 09:38:22.044, 4, 16, 2835 MHz, 10251 MHz, P2, 110.53 W
1, 2026/09/15 09:38:22.044, 4, 16, 2820 MHz, 10251 MHz, P2, 105.02 W
0, 2026/09/15 09:38:22.245, 4, 16, 2835 MHz, 10251 MHz, P2, 110.53 W
1, 2026/09/15 09:38:22.245, 4, 16, 2820 MHz, 10251 MHz, P2, 104.91 W
0, 2026/09/15 09:38:22.445, 4, 16, 2835 MHz, 10251 MHz, P2, 110.32 W
1, 2026/09/15 09:38:22.445, 4, 16, 2820 MHz, 10251 MHz, P2, 104.91 W
0, 2026/09/15 09:38:22.645, 4, 16, 2835 MHz, 10251 MHz, P2, 110.32 W
1, 2026/09/15 09:38:22.645, 4, 16, 2820 MHz, 10251 MHz, P2, 104.91 W
0, 2026/09/15 09:38:22.846, 4, 16, 2835 MHz, 10251 MHz, P2, 102.43 W
1, 2026/09/15 09:38:22.846, 4, 16, 2820 MHz, 10251 MHz, P2, 97.96 W
0, 2026/09/15 09:38:23.046, 4, 16, 2835 MHz, 10251 MHz, P2, 102.43 W
1, 2026/09/15 09:38:23.046, 4, 16, 2820 MHz, 10251 MHz, P2, 97.96 W
0, 2026/09/15 09:38:23.247, 4, 16, 2835 MHz, 10251 MHz, P2, 102.43 W
1, 2026/09/15 09:38:23.247, 4, 16, 2820 MHz, 10501 MHz, P0, 87.75 W
0, 2026/09/15 09:38:23.447, 4, 16, 2835 MHz, 10501 MHz, P0, 90.84 W
1, 2026/09/15 09:38:23.447, 4, 16, 2820 MHz, 10501 MHz, P0, 87.75 W
0, 2026/09/15 09:38:23.647, 4, 16, 2835 MHz, 10501 MHz, P0, 90.84 W
1, 2026/09/15 09:38:23.647, 4, 16, 2820 MHz, 10501 MHz, P0, 87.75 W
0, 2026/09/15 09:38:23.848, 4, 16, 2835 MHz, 10501 MHz, P0, 82.68 W
1, 2026/09/15 09:38:23.848, 4, 16, 2820 MHz, 10501 MHz, P0, 80.18 W
0, 2026/09/15 09:38:24.048, 4, 16, 2835 MHz, 10501 MHz, P0, 82.68 W
1, 2026/09/15 09:38:24.049, 4, 16, 2820 MHz, 10501 MHz, P0, 80.18 W
0, 2026/09/15 09:38:24.249, 4, 16, 2835 MHz, 10501 MHz, P0, 82.68 W
1, 2026/09/15 09:38:24.249, 2, 16, 2820 MHz, 10501 MHz, P5, 78.80 W
0, 2026/09/15 09:38:24.449, 4, 16, 2835 MHz, 10501 MHz, P0, 81.99 W
1, 2026/09/15 09:38:24.449, 2, 16, 2820 MHz, 10501 MHz, P5, 78.80 W
0, 2026/09/15 09:38:24.650, 4, 16, 2835 MHz, 10501 MHz, P0, 81.99 W
1, 2026/09/15 09:38:24.650, 2, 16, 2820 MHz, 10501 MHz, P5, 78.80 W
0, 2026/09/15 09:38:24.851, 4, 16, 2520 MHz, 10501 MHz, P0, 72.19 W
1, 2026/09/15 09:38:24.869, 2, 16, 720 MHz, 810 MHz, P5, 50.78 W
0, 2026/09/15 09:38:25.070, 4, 16, 2520 MHz, 10501 MHz, P0, 72.19 W
1, 2026/09/15 09:38:25.070, 2, 16, 720 MHz, 810 MHz, P5, 50.78 W
0, 2026/09/15 09:38:25.270, 4, 16, 2520 MHz, 10501 MHz, P0, 72.19 W
1, 2026/09/15 09:38:25.270, 4, 16, 2520 MHz, 10251 MHz, P2, 39.87 W
0, 2026/09/15 09:38:25.470, 4, 16, 2520 MHz, 10251 MHz, P2, 65.12 W
1, 2026/09/15 09:38:25.471, 4, 16, 2520 MHz, 10251 MHz, P2, 39.87 W
0, 2026/09/15 09:38:25.671, 4, 16, 2520 MHz, 10251 MHz, P2, 65.12 W
1, 2026/09/15 09:38:25.671, 4, 16, 2520 MHz, 10251 MHz, P2, 39.87 W
0, 2026/09/15 09:38:25.871, 4, 16, 2835 MHz, 10251 MHz, P2, 67.54 W
1, 2026/09/15 09:38:25.871, 4, 16, 2520 MHz, 10251 MHz, P2, 59.71 W
0, 2026/09/15 09:38:26.072, 4, 16, 2835 MHz, 10251 MHz, P2, 67.54 W
1, 2026/09/15 09:38:26.072, 4, 16, 2520 MHz, 10251 MHz, P2, 59.71 W
0, 2026/09/15 09:38:26.272, 4, 16, 2835 MHz, 10251 MHz, P2, 67.54 W
1, 2026/09/15 09:38:26.272, 4, 16, 2820 MHz, 10251 MHz, P2, 81.32 W
0, 2026/09/15 09:38:26.472, 4, 16, 2835 MHz, 10251 MHz, P2, 84.21 W
1, 2026/09/15 09:38:26.473, 4, 16, 2820 MHz, 10251 MHz, P2, 81.32 W
0, 2026/09/15 09:38:26.673, 4, 16, 2835 MHz, 10251 MHz, P2, 84.21 W
1, 2026/09/15 09:38:26.673, 4, 16, 2820 MHz, 10251 MHz, P2, 81.32 W
0, 2026/09/15 09:38:26.873, 4, 16, 2835 MHz, 10251 MHz, P2, 102.60 W
1, 2026/09/15 09:38:26.873, 4, 16, 2820 MHz, 10251 MHz, P2, 97.83 W
0, 2026/09/15 09:38:27.074, 4, 16, 2835 MHz, 10251 MHz, P2, 102.60 W
1, 2026/09/15 09:38:27.074, 4, 16, 2820 MHz, 10251 MHz, P2, 97.83 W
0, 2026/09/15 09:38:27.274, 4, 16, 2835 MHz, 10251 MHz, P2, 102.60 W
1, 2026/09/15 09:38:27.274, 4, 16, 2820 MHz, 10251 MHz, P2, 103.69 W
0, 2026/09/15 09:38:27.474, 4, 16, 2835 MHz, 10251 MHz, P2, 109.11 W
1, 2026/09/15 09:38:27.474, 4, 16, 2820 MHz, 10251 MHz, P2, 103.69 W
0, 2026/09/15 09:38:27.675, 4, 16, 2835 MHz, 10251 MHz, P2, 109.11 W
1, 2026/09/15 09:38:27.675, 4, 16, 2820 MHz, 10251 MHz, P2, 103.69 W
0, 2026/09/15 09:38:27.875, 4, 16, 2835 MHz, 10251 MHz, P2, 110.27 W
1, 2026/09/15 09:38:27.875, 4, 16, 2820 MHz, 10251 MHz, P2, 104.69 W
0, 2026/09/15 09:38:28.075, 4, 16, 2835 MHz, 10251 MHz, P2, 110.27 W
1, 2026/09/15 09:38:28.075, 4, 16, 2820 MHz, 10251 MHz, P2, 104.69 W
0, 2026/09/15 09:38:28.276, 4, 16, 2835 MHz, 10251 MHz, P2, 110.27 W
1, 2026/09/15 09:38:28.276, 4, 16, 2820 MHz, 10251 MHz, P2, 105.25 W
0, 2026/09/15 09:38:28.476, 4, 16, 2835 MHz, 10251 MHz, P2, 110.82 W
1, 2026/09/15 09:38:28.476, 4, 16, 2820 MHz, 10251 MHz, P2, 105.25 W
0, 2026/09/15 09:38:28.676, 4, 16, 2835 MHz, 10251 MHz, P2, 110.82 W
1, 2026/09/15 09:38:28.677, 4, 16, 2820 MHz, 10251 MHz, P2, 105.25 W
0, 2026/09/15 09:38:28.877, 4, 16, 2835 MHz, 10251 MHz, P2, 110.98 W
1, 2026/09/15 09:38:28.877, 4, 16, 2820 MHz, 10251 MHz, P2, 105.43 W
0, 2026/09/15 09:38:29.077, 4, 16, 2835 MHz, 10251 MHz, P2, 110.98 W
1, 2026/09/15 09:38:29.077, 4, 16, 2820 MHz, 10251 MHz, P2, 105.43 W
0, 2026/09/15 09:38:29.278, 4, 16, 2835 MHz, 10251 MHz, P2, 110.98 W
1, 2026/09/15 09:38:29.278, 4, 16, 2820 MHz, 10251 MHz, P2, 105.84 W
0, 2026/09/15 09:38:29.478, 4, 16, 2835 MHz, 10251 MHz, P2, 111.53 W
1, 2026/09/15 09:38:29.478, 4, 16, 2820 MHz, 10251 MHz, P2, 105.84 W
0, 2026/09/15 09:38:29.678, 4, 16, 2835 MHz, 10251 MHz, P2, 111.53 W
1, 2026/09/15 09:38:29.679, 4, 16, 2820 MHz, 10251 MHz, P2, 105.84 W
0, 2026/09/15 09:38:29.879, 4, 16, 2835 MHz, 10251 MHz, P2, 111.62 W
1, 2026/09/15 09:38:29.879, 4, 16, 2820 MHz, 10251 MHz, P2, 105.68 W
0, 2026/09/15 09:38:30.079, 4, 16, 2835 MHz, 10251 MHz, P2, 111.62 W
1, 2026/09/15 09:38:30.079, 4, 16, 2820 MHz, 10251 MHz, P2, 105.68 W
0, 2026/09/15 09:38:30.279, 4, 16, 2835 MHz, 10251 MHz, P2, 111.62 W
1, 2026/09/15 09:38:30.280, 4, 16, 2820 MHz, 10251 MHz, P2, 106.24 W
0, 2026/09/15 09:38:30.480, 4, 16, 2835 MHz, 10251 MHz, P2, 112.42 W
1, 2026/09/15 09:38:30.480, 4, 16, 2820 MHz, 10251 MHz, P2, 106.24 W
0, 2026/09/15 09:38:30.680, 4, 16, 2835 MHz, 10251 MHz, P2, 112.42 W
1, 2026/09/15 09:38:30.680, 4, 16, 2820 MHz, 10251 MHz, P2, 106.24 W
0, 2026/09/15 09:38:30.881, 4, 16, 2835 MHz, 10251 MHz, P2, 112.69 W
1, 2026/09/15 09:38:30.881, 4, 16, 2820 MHz, 10251 MHz, P2, 106.53 W
0, 2026/09/15 09:38:31.081, 4, 16, 2835 MHz, 10251 MHz, P2, 112.69 W
1, 2026/09/15 09:38:31.081, 4, 16, 2820 MHz, 10251 MHz, P2, 106.53 W
0, 2026/09/15 09:38:31.281, 4, 16, 2835 MHz, 10251 MHz, P2, 111.96 W
1, 2026/09/15 09:38:31.282, 4, 16, 2820 MHz, 10251 MHz, P2, 105.79 W
0, 2026/09/15 09:38:31.482, 4, 16, 2835 MHz, 10251 MHz, P2, 111.96 W
1, 2026/09/15 09:38:31.482, 4, 16, 2820 MHz, 10251 MHz, P2, 105.79 W
0, 2026/09/15 09:38:31.682, 4, 16, 2835 MHz, 10251 MHz, P2, 111.96 W
1, 2026/09/15 09:38:31.682, 4, 16, 2820 MHz, 10251 MHz, P2, 105.79 W
0, 2026/09/15 09:38:31.883, 4, 16, 2835 MHz, 10251 MHz, P2, 113.10 W
1, 2026/09/15 09:38:31.883, 4, 16, 2820 MHz, 10251 MHz, P2, 107.06 W
0, 2026/09/15 09:38:32.083, 4, 16, 2835 MHz, 10251 MHz, P2, 113.10 W
1, 2026/09/15 09:38:32.083, 4, 16, 2820 MHz, 10251 MHz, P2, 107.06 W
0, 2026/09/15 09:38:32.283, 4, 16, 2835 MHz, 10251 MHz, P2, 113.11 W
1, 2026/09/15 09:38:32.283, 4, 16, 2820 MHz, 10251 MHz, P2, 106.96 W
0, 2026/09/15 09:38:32.484, 4, 16, 2835 MHz, 10251 MHz, P2, 113.11 W
1, 2026/09/15 09:38:32.484, 4, 16, 2820 MHz, 10251 MHz, P2, 106.96 W
0, 2026/09/15 09:38:32.684, 4, 16, 2835 MHz, 10251 MHz, P2, 113.11 W
1, 2026/09/15 09:38:32.684, 4, 16, 2820 MHz, 10251 MHz, P2, 106.96 W
0, 2026/09/15 09:38:32.884, 4, 16, 2835 MHz, 10251 MHz, P2, 112.07 W
1, 2026/09/15 09:38:32.885, 4, 16, 2820 MHz, 10251 MHz, P2, 105.76 W
0, 2026/09/15 09:38:33.085, 4, 16, 2835 MHz, 10251 MHz, P2, 112.07 W
1, 2026/09/15 09:38:33.085, 4, 16, 2820 MHz, 10251 MHz, P2, 105.76 W
0, 2026/09/15 09:38:33.285, 4, 16, 2835 MHz, 10251 MHz, P2, 112.08 W
1, 2026/09/15 09:38:33.285, 4, 16, 2820 MHz, 10251 MHz, P2, 105.96 W
0, 2026/09/15 09:38:33.486, 4, 16, 2835 MHz, 10251 MHz, P2, 112.08 W
1, 2026/09/15 09:38:33.486, 4, 16, 2820 MHz, 10251 MHz, P2, 105.96 W
0, 2026/09/15 09:38:33.686, 4, 16, 2835 MHz, 10251 MHz, P2, 112.08 W
1, 2026/09/15 09:38:33.687, 4, 16, 2820 MHz, 10251 MHz, P2, 105.96 W
0, 2026/09/15 09:38:33.887, 4, 16, 2835 MHz, 10501 MHz, P0, 104.44 W
1, 2026/09/15 09:38:33.887, 4, 16, 2820 MHz, 10501 MHz, P0, 99.71 W
0, 2026/09/15 09:38:34.087, 4, 16, 2835 MHz, 10501 MHz, P0, 104.44 W
1, 2026/09/15 09:38:34.087, 4, 16, 2820 MHz, 10501 MHz, P0, 99.71 W
0, 2026/09/15 09:38:34.288, 4, 16, 2835 MHz, 10501 MHz, P0, 90.69 W
1, 2026/09/15 09:38:34.288, 4, 16, 2820 MHz, 10501 MHz, P0, 87.19 W
0, 2026/09/15 09:38:34.488, 4, 16, 2835 MHz, 10501 MHz, P0, 90.69 W
1, 2026/09/15 09:38:34.488, 4, 16, 2820 MHz, 10501 MHz, P0, 87.19 W
0, 2026/09/15 09:38:34.688, 4, 16, 2835 MHz, 10501 MHz, P0, 90.69 W
1, 2026/09/15 09:38:34.689, 4, 16, 2820 MHz, 10501 MHz, P0, 87.19 W
0, 2026/09/15 09:38:34.889, 4, 16, 2835 MHz, 10501 MHz, P0, 82.18 W
1, 2026/09/15 09:38:34.889, 4, 16, 2820 MHz, 10501 MHz, P0, 78.67 W
0, 2026/09/15 09:38:35.089, 4, 16, 2835 MHz, 10501 MHz, P0, 82.18 W
1, 2026/09/15 09:38:35.093, 4, 16, 2820 MHz, 10501 MHz, P0, 78.67 W
0, 2026/09/15 09:38:35.313, 4, 16, 2520 MHz, 10501 MHz, P0, 79.16 W
1, 2026/09/15 09:38:35.314, 2, 16, 810 MHz, 810 MHz, P5, 74.75 W
0, 2026/09/15 09:38:35.514, 4, 16, 2520 MHz, 10501 MHz, P0, 79.16 W
1, 2026/09/15 09:38:35.514, 2, 16, 810 MHz, 810 MHz, P5, 74.75 W
0, 2026/09/15 09:38:35.715, 4, 16, 2520 MHz, 10501 MHz, P0, 79.16 W
1, 2026/09/15 09:38:35.715, 2, 16, 810 MHz, 810 MHz, P5, 74.75 W
0, 2026/09/15 09:38:35.915, 4, 16, 2520 MHz, 10251 MHz, P2, 71.97 W
1, 2026/09/15 09:38:35.915, 4, 16, 2520 MHz, 10251 MHz, P2, 64.47 W
0, 2026/09/15 09:38:36.115, 4, 16, 2520 MHz, 10251 MHz, P2, 71.97 W
1, 2026/09/15 09:38:36.116, 4, 16, 2520 MHz, 10251 MHz, P2, 64.47 W
0, 2026/09/15 09:38:36.316, 4, 16, 2835 MHz, 10251 MHz, P2, 68.02 W
1, 2026/09/15 09:38:36.316, 4, 16, 2820 MHz, 10251 MHz, P2, 61.78 W
0, 2026/09/15 09:38:36.516, 4, 16, 2835 MHz, 10251 MHz, P2, 68.02 W
1, 2026/09/15 09:38:36.517, 4, 16, 2820 MHz, 10251 MHz, P2, 61.78 W
0, 2026/09/15 09:38:36.717, 4, 16, 2835 MHz, 10251 MHz, P2, 68.02 W
1, 2026/09/15 09:38:36.717, 4, 16, 2820 MHz, 10251 MHz, P2, 61.78 W
0, 2026/09/15 09:38:36.917, 4, 16, 2835 MHz, 10251 MHz, P2, 86.90 W
1, 2026/09/15 09:38:36.917, 4, 16, 2820 MHz, 10251 MHz, P2, 83.78 W
0, 2026/09/15 09:38:37.118, 4, 16, 2835 MHz, 10251 MHz, P2, 86.90 W
1, 2026/09/15 09:38:37.118, 4, 16, 2820 MHz, 10251 MHz, P2, 83.78 W
0, 2026/09/15 09:38:37.318, 4, 16, 2835 MHz, 10251 MHz, P2, 105.65 W
1, 2026/09/15 09:38:37.318, 4, 16, 2820 MHz, 10251 MHz, P2, 100.24 W
0, 2026/09/15 09:38:37.518, 4, 16, 2835 MHz, 10251 MHz, P2, 105.65 W
1, 2026/09/15 09:38:37.518, 4, 16, 2820 MHz, 10251 MHz, P2, 100.24 W
0, 2026/09/15 09:38:37.719, 4, 16, 2835 MHz, 10251 MHz, P2, 105.65 W
1, 2026/09/15 09:38:37.719, 4, 16, 2820 MHz, 10251 MHz, P2, 100.24 W
0, 2026/09/15 09:38:37.919, 4, 16, 2835 MHz, 10251 MHz, P2, 109.86 W
1, 2026/09/15 09:38:37.919, 4, 16, 2820 MHz, 10251 MHz, P2, 103.76 W
0, 2026/09/15 09:38:38.119, 4, 16, 2835 MHz, 10251 MHz, P2, 109.86 W
1, 2026/09/15 09:38:38.120, 4, 16, 2820 MHz, 10251 MHz, P2, 103.76 W
0, 2026/09/15 09:38:38.320, 4, 16, 2835 MHz, 10251 MHz, P2, 110.81 W
1, 2026/09/15 09:38:38.320, 4, 16, 2820 MHz, 10251 MHz, P2, 104.82 W
0, 2026/09/15 09:38:38.520, 4, 16, 2835 MHz, 10251 MHz, P2, 110.81 W
1, 2026/09/15 09:38:38.521, 4, 16, 2820 MHz, 10251 MHz, P2, 104.82 W
0, 2026/09/15 09:38:38.721, 4, 16, 2835 MHz, 10251 MHz, P2, 110.81 W
1, 2026/09/15 09:38:38.721, 4, 16, 2820 MHz, 10251 MHz, P2, 104.82 W
0, 2026/09/15 09:38:38.921, 4, 16, 2835 MHz, 10251 MHz, P2, 111.62 W
1, 2026/09/15 09:38:38.922, 4, 16, 2820 MHz, 10251 MHz, P2, 105.49 W
0, 2026/09/15 09:38:39.122, 4, 16, 2835 MHz, 10251 MHz, P2, 111.62 W
1, 2026/09/15 09:38:39.122, 4, 16, 2820 MHz, 10251 MHz, P2, 105.49 W
0, 2026/09/15 09:38:39.322, 4, 16, 2835 MHz, 10251 MHz, P2, 111.75 W
1, 2026/09/15 09:38:39.323, 4, 16, 2820 MHz, 10251 MHz, P2, 105.19 W
0, 2026/09/15 09:38:39.523, 4, 16, 2835 MHz, 10251 MHz, P2, 111.75 W
1, 2026/09/15 09:38:39.523, 4, 16, 2820 MHz, 10251 MHz, P2, 105.19 W
0, 2026/09/15 09:38:39.723, 4, 16, 2835 MHz, 10251 MHz, P2, 111.75 W
1, 2026/09/15 09:38:39.723, 4, 16, 2820 MHz, 10251 MHz, P2, 105.19 W
0, 2026/09/15 09:38:39.924, 4, 16, 2835 MHz, 10251 MHz, P2, 112.21 W
1, 2026/09/15 09:38:39.924, 4, 16, 2820 MHz, 10251 MHz, P2, 105.25 W
0, 2026/09/15 09:38:40.124, 4, 16, 2835 MHz, 10251 MHz, P2, 112.21 W
1, 2026/09/15 09:38:40.124, 4, 16, 2820 MHz, 10251 MHz, P2, 105.25 W
0, 2026/09/15 09:38:40.324, 4, 16, 2835 MHz, 10251 MHz, P2, 112.65 W
1, 2026/09/15 09:38:40.325, 4, 16, 2820 MHz, 10251 MHz, P2, 105.66 W
0, 2026/09/15 09:38:40.525, 4, 16, 2835 MHz, 10251 MHz, P2, 112.65 W
1, 2026/09/15 09:38:40.525, 4, 16, 2820 MHz, 10251 MHz, P2, 105.66 W
0, 2026/09/15 09:38:40.725, 4, 16, 2835 MHz, 10251 MHz, P2, 112.65 W
1, 2026/09/15 09:38:40.725, 4, 16, 2820 MHz, 10251 MHz, P2, 105.66 W
0, 2026/09/15 09:38:40.925, 4, 16, 2835 MHz, 10251 MHz, P2, 113.19 W
1, 2026/09/15 09:38:40.926, 4, 16, 2820 MHz, 10251 MHz, P2, 106.02 W
0, 2026/09/15 09:38:41.126, 4, 16, 2835 MHz, 10251 MHz, P2, 113.19 W
1, 2026/09/15 09:38:41.126, 4, 16, 2820 MHz, 10251 MHz, P2, 106.02 W
0, 2026/09/15 09:38:41.326, 4, 16, 2835 MHz, 10251 MHz, P2, 113.57 W
1, 2026/09/15 09:38:41.326, 4, 16, 2820 MHz, 10251 MHz, P2, 106.23 W
0, 2026/09/15 09:38:41.527, 4, 16, 2835 MHz, 10251 MHz, P2, 113.57 W
1, 2026/09/15 09:38:41.527, 4, 16, 2820 MHz, 10251 MHz, P2, 106.23 W
0, 2026/09/15 09:38:41.727, 4, 16, 2835 MHz, 10251 MHz, P2, 113.57 W
1, 2026/09/15 09:38:41.727, 4, 16, 2820 MHz, 10251 MHz, P2, 106.23 W
0, 2026/09/15 09:38:41.927, 4, 16, 2835 MHz, 10251 MHz, P2, 112.14 W
1, 2026/09/15 09:38:41.928, 4, 16, 2820 MHz, 10251 MHz, P2, 104.95 W
0, 2026/09/15 09:38:42.128, 4, 16, 2835 MHz, 10251 MHz, P2, 112.14 W
1, 2026/09/15 09:38:42.128, 4, 16, 2820 MHz, 10251 MHz, P2, 104.95 W
0, 2026/09/15 09:38:42.328, 4, 16, 2835 MHz, 10251 MHz, P2, 114.07 W
1, 2026/09/15 09:38:42.328, 4, 16, 2820 MHz, 10251 MHz, P2, 107.23 W
0, 2026/09/15 09:38:42.528, 4, 16, 2835 MHz, 10251 MHz, P2, 114.07 W
1, 2026/09/15 09:38:42.529, 4, 16, 2820 MHz, 10251 MHz, P2, 107.23 W
0, 2026/09/15 09:38:42.729, 4, 16, 2835 MHz, 10251 MHz, P2, 114.07 W
1, 2026/09/15 09:38:42.729, 4, 16, 2820 MHz, 10251 MHz, P2, 107.23 W
0, 2026/09/15 09:38:42.929, 4, 16, 2835 MHz, 10251 MHz, P2, 114.09 W
1, 2026/09/15 09:38:42.929, 4, 16, 2820 MHz, 10251 MHz, P2, 107.33 W
0, 2026/09/15 09:38:43.130, 4, 16, 2835 MHz, 10251 MHz, P2, 114.09 W
1, 2026/09/15 09:38:43.130, 4, 16, 2820 MHz, 10251 MHz, P2, 107.33 W
0, 2026/09/15 09:38:43.330, 4, 16, 2835 MHz, 10251 MHz, P2, 111.87 W
1, 2026/09/15 09:38:43.330, 4, 16, 2820 MHz, 10251 MHz, P2, 105.09 W
0, 2026/09/15 09:38:43.530, 4, 16, 2835 MHz, 10251 MHz, P2, 111.87 W
1, 2026/09/15 09:38:43.530, 4, 16, 2820 MHz, 10251 MHz, P2, 105.09 W
0, 2026/09/15 09:38:43.731, 4, 16, 2835 MHz, 10251 MHz, P2, 111.87 W
1, 2026/09/15 09:38:43.731, 4, 16, 2820 MHz, 10251 MHz, P2, 105.09 W
0, 2026/09/15 09:38:43.931, 4, 16, 2835 MHz, 10251 MHz, P2, 112.52 W
1, 2026/09/15 09:38:43.931, 4, 16, 2820 MHz, 10251 MHz, P2, 105.88 W
0, 2026/09/15 09:38:44.131, 4, 16, 2835 MHz, 10251 MHz, P2, 112.52 W
1, 2026/09/15 09:38:44.132, 4, 16, 2820 MHz, 10251 MHz, P2, 105.88 W
0, 2026/09/15 09:38:44.332, 4, 16, 2835 MHz, 10501 MHz, P0, 103.24 W
1, 2026/09/15 09:38:44.332, 4, 16, 2820 MHz, 10501 MHz, P0, 98.01 W
0, 2026/09/15 09:38:44.532, 4, 16, 2835 MHz, 10501 MHz, P0, 103.24 W
1, 2026/09/15 09:38:44.532, 4, 16, 2820 MHz, 10501 MHz, P0, 98.01 W
0, 2026/09/15 09:38:44.733, 4, 16, 2835 MHz, 10501 MHz, P0, 103.24 W
1, 2026/09/15 09:38:44.733, 4, 16, 2820 MHz, 10501 MHz, P0, 86.16 W
0, 2026/09/15 09:38:44.933, 4, 16, 2835 MHz, 10501 MHz, P0, 89.79 W
1, 2026/09/15 09:38:44.933, 4, 16, 2820 MHz, 10501 MHz, P0, 86.16 W
0, 2026/09/15 09:38:45.133, 4, 16, 2835 MHz, 10501 MHz, P0, 89.79 W
1, 2026/09/15 09:38:45.134, 4, 16, 2820 MHz, 10501 MHz, P0, 86.16 W
0, 2026/09/15 09:38:45.334, 4, 16, 2835 MHz, 10501 MHz, P0, 83.19 W
1, 2026/09/15 09:38:45.334, 4, 16, 2820 MHz, 10501 MHz, P0, 79.05 W
0, 2026/09/15 09:38:45.534, 4, 16, 2835 MHz, 10501 MHz, P0, 83.19 W
1, 2026/09/15 09:38:45.537, 4, 16, 2820 MHz, 10501 MHz, P0, 79.05 W
0, 2026/09/15 09:38:45.757, 4, 16, 2835 MHz, 10501 MHz, P0, 83.19 W
1, 2026/09/15 09:38:45.757, 2, 16, 2820 MHz, 10501 MHz, P5, 79.55 W
0, 2026/09/15 09:38:45.958, 4, 16, 2520 MHz, 10501 MHz, P0, 83.18 W
1, 2026/09/15 09:38:45.958, 2, 16, 2820 MHz, 10501 MHz, P5, 79.55 W
0, 2026/09/15 09:38:46.158, 4, 16, 2520 MHz, 10501 MHz, P0, 83.18 W
1, 2026/09/15 09:38:46.159, 2, 16, 2820 MHz, 10501 MHz, P5, 79.55 W
0, 2026/09/15 09:38:46.359, 4, 16, 2520 MHz, 10251 MHz, P2, 76.04 W
1, 2026/09/15 09:38:46.360, 4, 16, 2520 MHz, 10251 MHz, P2, 70.36 W
0, 2026/09/15 09:38:46.560, 4, 16, 2520 MHz, 10251 MHz, P2, 76.04 W
1, 2026/09/15 09:38:46.561, 4, 16, 2520 MHz, 10251 MHz, P2, 70.36 W
0, 2026/09/15 09:38:46.761, 4, 16, 2520 MHz, 10251 MHz, P2, 76.04 W
1, 2026/09/15 09:38:46.761, 4, 16, 2520 MHz, 10251 MHz, P2, 65.78 W
0, 2026/09/15 09:38:46.961, 4, 16, 2835 MHz, 10251 MHz, P2, 69.99 W
1, 2026/09/15 09:38:46.961, 4, 16, 2520 MHz, 10251 MHz, P2, 65.78 W
0, 2026/09/15 09:38:47.162, 4, 16, 2835 MHz, 10251 MHz, P2, 69.99 W
1, 2026/09/15 09:38:47.162, 4, 16, 2520 MHz, 10251 MHz, P2, 65.78 W
0, 2026/09/15 09:38:47.362, 4, 16, 2835 MHz, 10251 MHz, P2, 85.13 W
1, 2026/09/15 09:38:47.362, 4, 16, 2820 MHz, 10251 MHz, P2, 82.81 W
0, 2026/09/15 09:38:47.563, 4, 16, 2835 MHz, 10251 MHz, P2, 85.13 W
1, 2026/09/15 09:38:47.563, 4, 16, 2820 MHz, 10251 MHz, P2, 82.81 W
0, 2026/09/15 09:38:47.763, 4, 16, 2835 MHz, 10251 MHz, P2, 85.13 W
1, 2026/09/15 09:38:47.763, 4, 16, 2820 MHz, 10251 MHz, P2, 99.41 W
0, 2026/09/15 09:38:47.963, 4, 16, 2835 MHz, 10251 MHz, P2, 103.68 W
1, 2026/09/15 09:38:47.964, 4, 16, 2820 MHz, 10251 MHz, P2, 99.41 W
0, 2026/09/15 09:38:48.164, 4, 16, 2835 MHz, 10251 MHz, P2, 103.68 W
1, 2026/09/15 09:38:48.164, 4, 16, 2820 MHz, 10251 MHz, P2, 99.41 W
0, 2026/09/15 09:38:48.364, 4, 16, 2835 MHz, 10251 MHz, P2, 110.49 W
1, 2026/09/15 09:38:48.364, 4, 16, 2820 MHz, 10251 MHz, P2, 105.41 W
0, 2026/09/15 09:38:48.564, 4, 16, 2835 MHz, 10251 MHz, P2, 110.49 W
1, 2026/09/15 09:38:48.565, 4, 16, 2820 MHz, 10251 MHz, P2, 105.41 W
0, 2026/09/15 09:38:48.765, 4, 16, 2835 MHz, 10251 MHz, P2, 110.49 W
1, 2026/09/15 09:38:48.765, 4, 16, 2820 MHz, 10251 MHz, P2, 105.96 W
0, 2026/09/15 09:38:48.965, 4, 16, 2835 MHz, 10251 MHz, P2, 111.64 W
1, 2026/09/15 09:38:48.965, 4, 16, 2820 MHz, 10251 MHz, P2, 105.96 W
0, 2026/09/15 09:38:49.166, 4, 16, 2835 MHz, 10251 MHz, P2, 111.64 W
1, 2026/09/15 09:38:49.166, 4, 16, 2820 MHz, 10251 MHz, P2, 105.96 W
0, 2026/09/15 09:38:49.366, 4, 16, 2835 MHz, 10251 MHz, P2, 112.06 W
1, 2026/09/15 09:38:49.366, 4, 16, 2820 MHz, 10251 MHz, P2, 106.50 W
0, 2026/09/15 09:38:49.566, 4, 16, 2835 MHz, 10251 MHz, P2, 112.06 W
1, 2026/09/15 09:38:49.567, 4, 16, 2820 MHz, 10251 MHz, P2, 106.50 W
0, 2026/09/15 09:38:49.767, 4, 16, 2835 MHz, 10251 MHz, P2, 112.06 W
1, 2026/09/15 09:38:49.767, 4, 16, 2820 MHz, 10251 MHz, P2, 107.20 W
0, 2026/09/15 09:38:49.967, 4, 16, 2835 MHz, 10251 MHz, P2, 112.96 W
1, 2026/09/15 09:38:49.967, 4, 16, 2820 MHz, 10251 MHz, P2, 107.20 W
0, 2026/09/15 09:38:50.168, 4, 16, 2835 MHz, 10251 MHz, P2, 112.96 W
1, 2026/09/15 09:38:50.168, 4, 16, 2820 MHz, 10251 MHz, P2, 107.20 W
0, 2026/09/15 09:38:50.368, 4, 16, 2835 MHz, 10251 MHz, P2, 112.67 W
1, 2026/09/15 09:38:50.368, 4, 16, 2820 MHz, 10251 MHz, P2, 106.96 W
0, 2026/09/15 09:38:50.568, 4, 16, 2835 MHz, 10251 MHz, P2, 112.67 W
1, 2026/09/15 09:38:50.569, 4, 16, 2820 MHz, 10251 MHz, P2, 106.96 W
0, 2026/09/15 09:38:50.769, 4, 16, 2835 MHz, 10251 MHz, P2, 112.67 W
1, 2026/09/15 09:38:50.769, 4, 16, 2820 MHz, 10251 MHz, P2, 107.37 W
0, 2026/09/15 09:38:50.969, 4, 16, 2835 MHz, 10251 MHz, P2, 113.14 W
1, 2026/09/15 09:38:50.969, 4, 16, 2820 MHz, 10251 MHz, P2, 107.37 W
0, 2026/09/15 09:38:51.169, 4, 16, 2835 MHz, 10251 MHz, P2, 113.14 W
1, 2026/09/15 09:38:51.170, 4, 16, 2820 MHz, 10251 MHz, P2, 107.37 W
0, 2026/09/15 09:38:51.370, 4, 16, 2835 MHz, 10251 MHz, P2, 113.68 W
1, 2026/09/15 09:38:51.370, 4, 16, 2820 MHz, 10251 MHz, P2, 107.67 W
0, 2026/09/15 09:38:51.570, 4, 16, 2835 MHz, 10251 MHz, P2, 113.68 W
1, 2026/09/15 09:38:51.570, 4, 16, 2820 MHz, 10251 MHz, P2, 107.67 W
0, 2026/09/15 09:38:51.771, 4, 16, 2835 MHz, 10251 MHz, P2, 113.68 W
1, 2026/09/15 09:38:51.771, 4, 16, 2820 MHz, 10251 MHz, P2, 107.13 W
0, 2026/09/15 09:38:51.971, 4, 16, 2835 MHz, 10251 MHz, P2, 113.22 W
1, 2026/09/15 09:38:51.971, 4, 16, 2820 MHz, 10251 MHz, P2, 107.13 W
0, 2026/09/15 09:38:52.171, 4, 16, 2835 MHz, 10251 MHz, P2, 113.22 W
1, 2026/09/15 09:38:52.172, 4, 16, 2820 MHz, 10251 MHz, P2, 107.13 W
0, 2026/09/15 09:38:52.372, 4, 16, 2835 MHz, 10251 MHz, P2, 114.51 W
1, 2026/09/15 09:38:52.372, 4, 16, 2820 MHz, 10251 MHz, P2, 108.32 W
0, 2026/09/15 09:38:52.572, 4, 16, 2835 MHz, 10251 MHz, P2, 114.51 W
1, 2026/09/15 09:38:52.572, 4, 16, 2820 MHz, 10251 MHz, P2, 108.32 W
0, 2026/09/15 09:38:52.772, 4, 16, 2835 MHz, 10251 MHz, P2, 114.51 W
1, 2026/09/15 09:38:52.773, 4, 16, 2820 MHz, 10251 MHz, P2, 108.30 W
0, 2026/09/15 09:38:52.973, 4, 16, 2835 MHz, 10251 MHz, P2, 114.43 W
1, 2026/09/15 09:38:52.973, 4, 16, 2820 MHz, 10251 MHz, P2, 108.30 W
0, 2026/09/15 09:38:53.173, 4, 16, 2835 MHz, 10251 MHz, P2, 114.43 W
1, 2026/09/15 09:38:53.174, 4, 16, 2820 MHz, 10251 MHz, P2, 108.30 W
0, 2026/09/15 09:38:53.374, 4, 16, 2835 MHz, 10251 MHz, P2, 113.20 W
1, 2026/09/15 09:38:53.374, 4, 16, 2820 MHz, 10251 MHz, P2, 106.86 W
0, 2026/09/15 09:38:53.574, 4, 16, 2835 MHz, 10251 MHz, P2, 113.20 W
1, 2026/09/15 09:38:53.574, 4, 16, 2820 MHz, 10251 MHz, P2, 106.86 W
0, 2026/09/15 09:38:53.775, 4, 16, 2835 MHz, 10251 MHz, P2, 113.20 W
1, 2026/09/15 09:38:53.775, 4, 16, 2820 MHz, 10251 MHz, P2, 103.86 W
0, 2026/09/15 09:38:53.975, 4, 16, 2835 MHz, 10251 MHz, P2, 110.02 W
1, 2026/09/15 09:38:53.976, 4, 16, 2820 MHz, 10251 MHz, P2, 103.86 W
0, 2026/09/15 09:38:54.177, 4, 16, 2835 MHz, 10251 MHz, P2, 110.02 W
1, 2026/09/15 09:38:54.196, 4, 16, 2820 MHz, 10251 MHz, P2, 103.86 W
0, 2026/09/15 09:38:54.400, 4, 16, 2835 MHz, 10501 MHz, P0, 97.92 W
1, 2026/09/15 09:38:54.400, 4, 16, 2820 MHz, 10501 MHz, P0, 92.86 W
0, 2026/09/15 09:38:54.600, 4, 16, 2835 MHz, 10501 MHz, P0, 97.92 W
1, 2026/09/15 09:38:54.600, 4, 16, 2820 MHz, 10501 MHz, P0, 92.86 W
0, 2026/09/15 09:38:54.800, 4, 16, 2835 MHz, 10501 MHz, P0, 83.79 W
1, 2026/09/15 09:38:54.801, 4, 16, 2820 MHz, 10501 MHz, P0, 80.20 W
0, 2026/09/15 09:38:55.001, 4, 16, 2835 MHz, 10501 MHz, P0, 83.79 W
1, 2026/09/15 09:38:55.001, 4, 16, 2820 MHz, 10501 MHz, P0, 80.20 W
0, 2026/09/15 09:38:55.201, 4, 16, 2835 MHz, 10501 MHz, P0, 83.79 W
1, 2026/09/15 09:38:55.201, 4, 16, 2820 MHz, 10501 MHz, P0, 80.20 W
0, 2026/09/15 09:38:55.402, 4, 16, 2835 MHz, 10501 MHz, P0, 83.14 W
1, 2026/09/15 09:38:55.402, 4, 16, 2820 MHz, 10501 MHz, P0, 78.99 W
0, 2026/09/15 09:38:55.603, 4, 16, 2835 MHz, 10501 MHz, P0, 83.14 W
1, 2026/09/15 09:38:55.604, 4, 16, 2820 MHz, 10501 MHz, P0, 78.99 W
0, 2026/09/15 09:38:55.805, 4, 16, 2520 MHz, 10251 MHz, P2, 76.39 W
1, 2026/09/15 09:38:55.805, 4, 16, 2520 MHz, 10501 MHz, P0, 60.34 W
0, 2026/09/15 09:38:56.005, 4, 16, 2520 MHz, 10251 MHz, P2, 76.39 W
1, 2026/09/15 09:38:56.005, 4, 16, 2520 MHz, 10501 MHz, P0, 60.34 W
0, 2026/09/15 09:38:56.205, 4, 16, 2520 MHz, 10251 MHz, P2, 76.39 W
1, 2026/09/15 09:38:56.206, 4, 16, 2520 MHz, 10501 MHz, P0, 60.34 W
0, 2026/09/15 09:38:56.406, 4, 16, 2520 MHz, 10251 MHz, P2, 68.61 W
1, 2026/09/15 09:38:56.406, 4, 16, 2520 MHz, 10251 MHz, P2, 54.15 W
0, 2026/09/15 09:38:56.607, 4, 16, 2520 MHz, 10251 MHz, P2, 68.61 W
1, 2026/09/15 09:38:56.607, 4, 16, 2520 MHz, 10251 MHz, P2, 54.15 W
0, 2026/09/15 09:38:56.807, 4, 16, 2835 MHz, 10251 MHz, P2, 68.24 W
1, 2026/09/15 09:38:56.807, 4, 16, 2820 MHz, 10251 MHz, P2, 67.92 W
0, 2026/09/15 09:38:57.008, 4, 16, 2835 MHz, 10251 MHz, P2, 68.24 W
1, 2026/09/15 09:38:57.008, 4, 16, 2820 MHz, 10251 MHz, P2, 67.92 W
0, 2026/09/15 09:38:57.208, 4, 16, 2835 MHz, 10251 MHz, P2, 68.24 W
1, 2026/09/15 09:38:57.209, 4, 16, 2820 MHz, 10251 MHz, P2, 67.92 W
0, 2026/09/15 09:38:57.409, 4, 16, 2835 MHz, 10251 MHz, P2, 84.72 W
1, 2026/09/15 09:38:57.409, 4, 16, 2820 MHz, 10251 MHz, P2, 86.36 W
0, 2026/09/15 09:38:57.609, 4, 16, 2835 MHz, 10251 MHz, P2, 84.72 W
1, 2026/09/15 09:38:57.610, 4, 16, 2820 MHz, 10251 MHz, P2, 86.36 W
0, 2026/09/15 09:38:57.810, 4, 16, 2835 MHz, 10251 MHz, P2, 103.45 W
1, 2026/09/15 09:38:57.810, 4, 16, 2820 MHz, 10251 MHz, P2, 99.91 W
0, 2026/09/15 09:38:58.010, 4, 16, 2835 MHz, 10251 MHz, P2, 103.45 W
1, 2026/09/15 09:38:58.011, 4, 16, 2820 MHz, 10251 MHz, P2, 99.91 W
0, 2026/09/15 09:38:58.211, 4, 16, 2835 MHz, 10251 MHz, P2, 103.45 W
1, 2026/09/15 09:38:58.211, 4, 16, 2820 MHz, 10251 MHz, P2, 99.91 W
0, 2026/09/15 09:38:58.411, 4, 16, 2835 MHz, 10251 MHz, P2, 111.19 W
1, 2026/09/15 09:38:58.412, 4, 16, 2820 MHz, 10251 MHz, P2, 104.77 W
0, 2026/09/15 09:38:58.612, 4, 16, 2835 MHz, 10251 MHz, P2, 111.19 W
1, 2026/09/15 09:38:58.612, 4, 16, 2820 MHz, 10251 MHz, P2, 104.77 W
0, 2026/09/15 09:38:58.812, 4, 16, 2835 MHz, 10251 MHz, P2, 112.63 W
1, 2026/09/15 09:38:58.813, 4, 16, 2820 MHz, 10251 MHz, P2, 106.05 W
0, 2026/09/15 09:38:59.013, 4, 16, 2835 MHz, 10251 MHz, P2, 112.63 W
1, 2026/09/15 09:38:59.013, 4, 16, 2820 MHz, 10251 MHz, P2, 106.05 W
0, 2026/09/15 09:38:59.213, 4, 16, 2835 MHz, 10251 MHz, P2, 112.63 W
1, 2026/09/15 09:38:59.213, 4, 16, 2820 MHz, 10251 MHz, P2, 106.05 W
0, 2026/09/15 09:38:59.414, 4, 16, 2835 MHz, 10251 MHz, P2, 114.14 W
1, 2026/09/15 09:38:59.414, 4, 16, 2820 MHz, 10251 MHz, P2, 106.96 W
0, 2026/09/15 09:38:59.614, 4, 16, 2835 MHz, 10251 MHz, P2, 114.14 W
1, 2026/09/15 09:38:59.614, 4, 16, 2820 MHz, 10251 MHz, P2, 106.96 W
0, 2026/09/15 09:38:59.815, 4, 16, 2835 MHz, 10251 MHz, P2, 115.15 W
1, 2026/09/15 09:38:59.815, 4, 16, 2820 MHz, 10251 MHz, P2, 107.71 W
0, 2026/09/15 09:39:00.015, 4, 16, 2835 MHz, 10251 MHz, P2, 115.15 W
1, 2026/09/15 09:39:00.015, 4, 16, 2820 MHz, 10251 MHz, P2, 107.71 W
0, 2026/09/15 09:39:00.215, 4, 16, 2835 MHz, 10251 MHz, P2, 115.15 W
1, 2026/09/15 09:39:00.216, 4, 16, 2820 MHz, 10251 MHz, P2, 107.71 W
0, 2026/09/15 09:39:00.416, 4, 16, 2835 MHz, 10251 MHz, P2, 114.58 W
1, 2026/09/15 09:39:00.416, 4, 16, 2820 MHz, 10251 MHz, P2, 107.36 W
0, 2026/09/15 09:39:00.616, 4, 16, 2835 MHz, 10251 MHz, P2, 114.58 W
1, 2026/09/15 09:39:00.616, 4, 16, 2820 MHz, 10251 MHz, P2, 107.36 W
0, 2026/09/15 09:39:00.817, 4, 16, 2835 MHz, 10251 MHz, P2, 115.25 W
1, 2026/09/15 09:39:00.817, 4, 16, 2820 MHz, 10251 MHz, P2, 108.32 W
0, 2026/09/15 09:39:01.017, 4, 16, 2835 MHz, 10251 MHz, P2, 115.25 W
1, 2026/09/15 09:39:01.017, 4, 16, 2820 MHz, 10251 MHz, P2, 108.32 W
0, 2026/09/15 09:39:01.217, 4, 16, 2835 MHz, 10251 MHz, P2, 115.25 W
1, 2026/09/15 09:39:01.218, 4, 16, 2820 MHz, 10251 MHz, P2, 108.32 W
0, 2026/09/15 09:39:01.418, 4, 16, 2835 MHz, 10251 MHz, P2, 115.62 W
1, 2026/09/15 09:39:01.418, 4, 16, 2820 MHz, 10251 MHz, P2, 108.19 W
0, 2026/09/15 09:39:01.618, 4, 16, 2835 MHz, 10251 MHz, P2, 115.62 W
1, 2026/09/15 09:39:01.618, 4, 16, 2820 MHz, 10251 MHz, P2, 108.19 W
0, 2026/09/15 09:39:01.819, 4, 16, 2835 MHz, 10251 MHz, P2, 114.66 W
1, 2026/09/15 09:39:01.819, 4, 16, 2820 MHz, 10251 MHz, P2, 107.00 W
0, 2026/09/15 09:39:02.019, 4, 16, 2835 MHz, 10251 MHz, P2, 114.66 W
1, 2026/09/15 09:39:02.019, 4, 16, 2820 MHz, 10251 MHz, P2, 107.00 W
0, 2026/09/15 09:39:02.219, 4, 16, 2835 MHz, 10251 MHz, P2, 114.66 W
1, 2026/09/15 09:39:02.220, 4, 16, 2820 MHz, 10251 MHz, P2, 107.00 W
0, 2026/09/15 09:39:02.420, 4, 16, 2835 MHz, 10251 MHz, P2, 116.42 W
1, 2026/09/15 09:39:02.420, 4, 16, 2820 MHz, 10251 MHz, P2, 108.93 W
0, 2026/09/15 09:39:02.620, 4, 16, 2835 MHz, 10251 MHz, P2, 116.42 W
1, 2026/09/15 09:39:02.621, 4, 16, 2820 MHz, 10251 MHz, P2, 108.93 W
0, 2026/09/15 09:39:02.821, 4, 16, 2835 MHz, 10251 MHz, P2, 116.44 W
1, 2026/09/15 09:39:02.821, 4, 16, 2820 MHz, 10251 MHz, P2, 108.95 W
0, 2026/09/15 09:39:03.021, 4, 16, 2835 MHz, 10251 MHz, P2, 116.44 W
1, 2026/09/15 09:39:03.021, 4, 16, 2820 MHz, 10251 MHz, P2, 108.95 W
0, 2026/09/15 09:39:03.222, 4, 16, 2835 MHz, 10251 MHz, P2, 116.44 W
1, 2026/09/15 09:39:03.222, 4, 16, 2820 MHz, 10251 MHz, P2, 108.95 W
0, 2026/09/15 09:39:03.422, 4, 16, 2835 MHz, 10251 MHz, P2, 115.18 W
1, 2026/09/15 09:39:03.422, 4, 16, 2820 MHz, 10251 MHz, P2, 107.86 W
0, 2026/09/15 09:39:03.623, 4, 16, 2835 MHz, 10251 MHz, P2, 115.18 W
1, 2026/09/15 09:39:03.623, 4, 16, 2820 MHz, 10251 MHz, P2, 107.86 W
0, 2026/09/15 09:39:03.823, 4, 16, 2835 MHz, 10251 MHz, P2, 114.84 W
1, 2026/09/15 09:39:03.823, 4, 16, 2820 MHz, 10251 MHz, P2, 107.81 W
0, 2026/09/15 09:39:04.024, 4, 16, 2835 MHz, 10251 MHz, P2, 114.84 W
1, 2026/09/15 09:39:04.024, 4, 16, 2820 MHz, 10251 MHz, P2, 107.81 W
0, 2026/09/15 09:39:04.224, 4, 16, 2835 MHz, 10251 MHz, P2, 114.84 W
1, 2026/09/15 09:39:04.224, 4, 16, 2820 MHz, 10251 MHz, P2, 107.81 W
0, 2026/09/15 09:39:04.424, 4, 16, 2835 MHz, 10501 MHz, P0, 104.44 W
1, 2026/09/15 09:39:04.425, 4, 16, 2820 MHz, 10501 MHz, P0, 98.20 W
0, 2026/09/15 09:39:04.625, 4, 16, 2835 MHz, 10501 MHz, P0, 104.44 W
1, 2026/09/15 09:39:04.625, 4, 16, 2820 MHz, 10501 MHz, P0, 98.20 W
0, 2026/09/15 09:39:04.825, 4, 16, 2835 MHz, 10501 MHz, P0, 91.36 W
1, 2026/09/15 09:39:04.826, 4, 16, 2820 MHz, 10501 MHz, P0, 85.32 W
0, 2026/09/15 09:39:05.026, 4, 16, 2835 MHz, 10501 MHz, P0, 91.36 W
1, 2026/09/15 09:39:05.026, 4, 16, 2820 MHz, 10501 MHz, P0, 85.32 W
0, 2026/09/15 09:39:05.226, 4, 16, 2835 MHz, 10501 MHz, P0, 91.36 W
1, 2026/09/15 09:39:05.227, 4, 16, 2820 MHz, 10501 MHz, P0, 85.32 W
0, 2026/09/15 09:39:05.427, 4, 16, 2835 MHz, 10501 MHz, P0, 85.46 W
1, 2026/09/15 09:39:05.427, 4, 16, 2820 MHz, 10501 MHz, P0, 78.91 W
0, 2026/09/15 09:39:05.627, 4, 16, 2835 MHz, 10501 MHz, P0, 85.46 W
1, 2026/09/15 09:39:05.627, 4, 16, 2820 MHz, 10501 MHz, P0, 78.91 W
0, 2026/09/15 09:39:05.827, 4, 16, 2520 MHz, 10501 MHz, P2, 81.34 W
1, 2026/09/15 09:39:05.838, 2, 16, 795 MHz, 810 MHz, P5, 69.72 W
0, 2026/09/15 09:39:06.038, 4, 16, 2520 MHz, 10501 MHz, P2, 81.34 W
1, 2026/09/15 09:39:06.038, 2, 16, 795 MHz, 810 MHz, P5, 69.72 W
0, 2026/09/15 09:39:06.238, 4, 16, 2520 MHz, 10501 MHz, P2, 81.34 W
1, 2026/09/15 09:39:06.238, 4, 16, 2520 MHz, 10251 MHz, P2, 59.82 W
0, 2026/09/15 09:39:06.438, 4, 16, 2520 MHz, 10251 MHz, P2, 72.77 W
1, 2026/09/15 09:39:06.439, 4, 16, 2520 MHz, 10251 MHz, P2, 59.82 W
0, 2026/09/15 09:39:06.639, 4, 16, 2520 MHz, 10251 MHz, P2, 72.77 W
1, 2026/09/15 09:39:06.639, 4, 16, 2520 MHz, 10251 MHz, P2, 59.82 W
0, 2026/09/15 09:39:06.839, 4, 16, 2835 MHz, 10251 MHz, P2, 67.40 W
1, 2026/09/15 09:39:06.839, 4, 16, 2520 MHz, 10251 MHz, P2, 60.28 W
0, 2026/09/15 09:39:07.040, 4, 16, 2835 MHz, 10251 MHz, P2, 67.40 W
1, 2026/09/15 09:39:07.040, 4, 16, 2520 MHz, 10251 MHz, P2, 60.28 W
0, 2026/09/15 09:39:07.240, 4, 16, 2835 MHz, 10251 MHz, P2, 67.40 W
1, 2026/09/15 09:39:07.240, 4, 16, 2820 MHz, 10251 MHz, P2, 81.02 W
0, 2026/09/15 09:39:07.440, 4, 16, 2835 MHz, 10251 MHz, P2, 83.22 W
1, 2026/09/15 09:39:07.440, 4, 16, 2820 MHz, 10251 MHz, P2, 81.02 W
0, 2026/09/15 09:39:07.641, 4, 16, 2835 MHz, 10251 MHz, P2, 83.22 W
1, 2026/09/15 09:39:07.641, 4, 16, 2820 MHz, 10251 MHz, P2, 81.02 W
0, 2026/09/15 09:39:07.841, 4, 16, 2835 MHz, 10251 MHz, P2, 101.62 W
1, 2026/09/15 09:39:07.841, 4, 16, 2820 MHz, 10251 MHz, P2, 97.47 W
0, 2026/09/15 09:39:08.041, 4, 16, 2835 MHz, 10251 MHz, P2, 101.62 W
1, 2026/09/15 09:39:08.042, 4, 16, 2820 MHz, 10251 MHz, P2, 97.47 W
0, 2026/09/15 09:39:08.242, 4, 16, 2835 MHz, 10251 MHz, P2, 101.62 W
1, 2026/09/15 09:39:08.242, 4, 16, 2820 MHz, 10251 MHz, P2, 103.83 W
0, 2026/09/15 09:39:08.442, 4, 16, 2835 MHz, 10251 MHz, P2, 108.97 W
1, 2026/09/15 09:39:08.443, 4, 16, 2820 MHz, 10251 MHz, P2, 103.83 W
0, 2026/09/15 09:39:08.643, 4, 16, 2835 MHz, 10251 MHz, P2, 108.97 W
1, 2026/09/15 09:39:08.643, 4, 16, 2820 MHz, 10251 MHz, P2, 103.83 W
0, 2026/09/15 09:39:08.843, 4, 16, 2835 MHz, 10251 MHz, P2, 111.06 W
1, 2026/09/15 09:39:08.843, 4, 16, 2820 MHz, 10251 MHz, P2, 105.62 W
0, 2026/09/15 09:39:09.044, 4, 16, 2835 MHz, 10251 MHz, P2, 111.06 W
1, 2026/09/15 09:39:09.044, 4, 16, 2820 MHz, 10251 MHz, P2, 105.62 W
0, 2026/09/15 09:39:09.244, 4, 16, 2835 MHz, 10251 MHz, P2, 111.06 W
1, 2026/09/15 09:39:09.244, 4, 16, 2820 MHz, 10251 MHz, P2, 106.43 W
0, 2026/09/15 09:39:09.444, 4, 16, 2835 MHz, 10251 MHz, P2, 111.87 W
1, 2026/09/15 09:39:09.445, 4, 16, 2820 MHz, 10251 MHz, P2, 106.43 W
0, 2026/09/15 09:39:09.645, 4, 16, 2835 MHz, 10251 MHz, P2, 111.87 W
1, 2026/09/15 09:39:09.645, 4, 16, 2820 MHz, 10251 MHz, P2, 106.43 W
0, 2026/09/15 09:39:09.845, 4, 16, 2835 MHz, 10251 MHz, P2, 112.46 W
1, 2026/09/15 09:39:09.846, 4, 16, 2820 MHz, 10251 MHz, P2, 106.80 W
0, 2026/09/15 09:39:10.046, 4, 16, 2835 MHz, 10251 MHz, P2, 112.46 W
1, 2026/09/15 09:39:10.046, 4, 16, 2820 MHz, 10251 MHz, P2, 106.80 W
0, 2026/09/15 09:39:10.246, 4, 16, 2835 MHz, 10251 MHz, P2, 112.46 W
1, 2026/09/15 09:39:10.247, 4, 16, 2820 MHz, 10251 MHz, P2, 106.43 W
0, 2026/09/15 09:39:10.447, 4, 16, 2835 MHz, 10251 MHz, P2, 112.34 W
1, 2026/09/15 09:39:10.447, 4, 16, 2820 MHz, 10251 MHz, P2, 106.43 W
0, 2026/09/15 09:39:10.648, 4, 16, 2835 MHz, 10251 MHz, P2, 112.34 W
1, 2026/09/15 09:39:10.648, 4, 16, 2820 MHz, 10251 MHz, P2, 106.43 W
0, 2026/09/15 09:39:10.848, 4, 16, 2835 MHz, 10251 MHz, P2, 112.70 W
1, 2026/09/15 09:39:10.848, 4, 16, 2820 MHz, 10251 MHz, P2, 106.90 W
0, 2026/09/15 09:39:11.048, 4, 16, 2835 MHz, 10251 MHz, P2, 112.70 W
1, 2026/09/15 09:39:11.049, 4, 16, 2820 MHz, 10251 MHz, P2, 106.90 W
0, 2026/09/15 09:39:11.249, 4, 16, 2835 MHz, 10251 MHz, P2, 112.70 W
1, 2026/09/15 09:39:11.249, 4, 16, 2820 MHz, 10251 MHz, P2, 106.80 W
0, 2026/09/15 09:39:11.449, 4, 16, 2835 MHz, 10251 MHz, P2, 112.67 W
1, 2026/09/15 09:39:11.449, 4, 16, 2820 MHz, 10251 MHz, P2, 106.80 W
0, 2026/09/15 09:39:11.650, 4, 16, 2835 MHz, 10251 MHz, P2, 112.67 W
1, 2026/09/15 09:39:11.650, 4, 16, 2820 MHz, 10251 MHz, P2, 106.80 W
0, 2026/09/15 09:39:11.850, 4, 16, 2835 MHz, 10251 MHz, P2, 112.83 W
1, 2026/09/15 09:39:11.850, 4, 16, 2820 MHz, 10251 MHz, P2, 106.61 W
0, 2026/09/15 09:39:12.050, 4, 16, 2835 MHz, 10251 MHz, P2, 112.83 W
1, 2026/09/15 09:39:12.050, 4, 16, 2820 MHz, 10251 MHz, P2, 106.61 W
0, 2026/09/15 09:39:12.250, 4, 16, 2835 MHz, 10251 MHz, P2, 112.83 W
1, 2026/09/15 09:39:12.251, 4, 16, 2820 MHz, 10251 MHz, P2, 106.62 W
0, 2026/09/15 09:39:12.451, 4, 16, 2835 MHz, 10251 MHz, P2, 113.19 W
1, 2026/09/15 09:39:12.451, 4, 16, 2820 MHz, 10251 MHz, P2, 106.62 W
0, 2026/09/15 09:39:12.651, 4, 16, 2835 MHz, 10251 MHz, P2, 113.19 W
1, 2026/09/15 09:39:12.651, 4, 16, 2820 MHz, 10251 MHz, P2, 106.62 W
0, 2026/09/15 09:39:12.851, 4, 16, 2835 MHz, 10251 MHz, P2, 114.73 W
1, 2026/09/15 09:39:12.851, 4, 16, 2820 MHz, 10251 MHz, P2, 107.84 W
0, 2026/09/15 09:39:13.052, 4, 16, 2835 MHz, 10251 MHz, P2, 114.73 W
1, 2026/09/15 09:39:13.052, 4, 16, 2820 MHz, 10251 MHz, P2, 107.84 W
0, 2026/09/15 09:39:13.252, 4, 16, 2835 MHz, 10251 MHz, P2, 114.73 W
1, 2026/09/15 09:39:13.252, 4, 16, 2820 MHz, 10251 MHz, P2, 107.99 W
0, 2026/09/15 09:39:13.452, 4, 16, 2835 MHz, 10251 MHz, P2, 114.89 W
1, 2026/09/15 09:39:13.453, 4, 16, 2820 MHz, 10251 MHz, P2, 107.99 W
0, 2026/09/15 09:39:13.653, 4, 16, 2835 MHz, 10251 MHz, P2, 114.89 W
1, 2026/09/15 09:39:13.653, 4, 16, 2820 MHz, 10251 MHz, P2, 107.99 W
0, 2026/09/15 09:39:13.853, 4, 16, 2835 MHz, 10251 MHz, P2, 113.67 W
1, 2026/09/15 09:39:13.853, 4, 16, 2820 MHz, 10251 MHz, P2, 107.01 W
0, 2026/09/15 09:39:14.054, 4, 16, 2835 MHz, 10251 MHz, P2, 113.67 W
1, 2026/09/15 09:39:14.054, 4, 16, 2820 MHz, 10251 MHz, P2, 107.01 W
0, 2026/09/15 09:39:14.254, 4, 16, 2835 MHz, 10251 MHz, P2, 113.67 W
1, 2026/09/15 09:39:14.254, 4, 16, 2820 MHz, 10251 MHz, P2, 100.75 W
0, 2026/09/15 09:39:14.454, 4, 16, 2835 MHz, 10251 MHz, P2, 106.77 W
1, 2026/09/15 09:39:14.455, 4, 16, 2820 MHz, 10251 MHz, P2, 100.75 W
0, 2026/09/15 09:39:14.655, 4, 16, 2835 MHz, 10251 MHz, P2, 106.77 W
1, 2026/09/15 09:39:14.655, 4, 16, 2820 MHz, 10251 MHz, P2, 100.75 W
0, 2026/09/15 09:39:14.855, 4, 16, 2835 MHz, 10501 MHz, P0, 93.88 W
1, 2026/09/15 09:39:14.855, 4, 16, 2820 MHz, 10501 MHz, P0, 89.47 W
0, 2026/09/15 09:39:15.056, 4, 16, 2835 MHz, 10501 MHz, P0, 93.88 W
1, 2026/09/15 09:39:15.056, 4, 16, 2820 MHz, 10501 MHz, P0, 89.47 W
0, 2026/09/15 09:39:15.256, 4, 16, 2835 MHz, 10501 MHz, P0, 93.88 W
1, 2026/09/15 09:39:15.256, 4, 16, 2820 MHz, 10501 MHz, P0, 80.20 W
0, 2026/09/15 09:39:15.456, 4, 16, 2835 MHz, 10501 MHz, P0, 84.51 W
1, 2026/09/15 09:39:15.457, 4, 16, 2820 MHz, 10501 MHz, P0, 80.20 W
0, 2026/09/15 09:39:15.657, 4, 16, 2835 MHz, 10501 MHz, P0, 84.51 W
1, 2026/09/15 09:39:15.657, 4, 16, 2820 MHz, 10501 MHz, P0, 80.20 W
0, 2026/09/15 09:39:15.857, 2, 16, 2835 MHz, 10501 MHz, P5, 84.18 W
1, 2026/09/15 09:39:15.858, 4, 16, 2820 MHz, 10501 MHz, P0, 78.77 W
0, 2026/09/15 09:39:16.058, 2, 16, 2835 MHz, 10501 MHz, P5, 84.18 W
1, 2026/09/15 09:39:16.058, 4, 16, 2820 MHz, 10501 MHz, P0, 78.77 W
0, 2026/09/15 09:39:16.258, 2, 16, 2835 MHz, 10501 MHz, P5, 84.18 W
1, 2026/09/15 09:39:16.264, 2, 16, 780 MHz, 810 MHz, P5, 68.38 W
0, 2026/09/15 09:39:16.464, 4, 16, 2520 MHz, 10251 MHz, P2, 63.89 W
1, 2026/09/15 09:39:16.464, 2, 16, 780 MHz, 810 MHz, P5, 68.38 W
0, 2026/09/15 09:39:16.665, 4, 16, 2520 MHz, 10251 MHz, P2, 63.89 W
1, 2026/09/15 09:39:16.665, 2, 16, 780 MHz, 810 MHz, P5, 68.38 W
0, 2026/09/15 09:39:16.865, 4, 16, 2520 MHz, 10251 MHz, P2, 55.67 W
1, 2026/09/15 09:39:16.865, 4, 16, 2520 MHz, 10251 MHz, P2, 59.43 W
0, 2026/09/15 09:39:17.066, 4, 16, 2520 MHz, 10251 MHz, P2, 55.67 W
1, 2026/09/15 09:39:17.066, 4, 16, 2520 MHz, 10251 MHz, P2, 59.43 W
0, 2026/09/15 09:39:17.266, 4, 16, 2520 MHz, 10251 MHz, P2, 55.67 W
1, 2026/09/15 09:39:17.266, 4, 16, 2820 MHz, 10251 MHz, P2, 62.51 W
0, 2026/09/15 09:39:17.466, 4, 16, 2835 MHz, 10251 MHz, P2, 69.29 W
1, 2026/09/15 09:39:17.467, 4, 16, 2820 MHz, 10251 MHz, P2, 62.51 W
0, 2026/09/15 09:39:17.667, 4, 16, 2835 MHz, 10251 MHz, P2, 69.29 W
1, 2026/09/15 09:39:17.667, 4, 16, 2820 MHz, 10251 MHz, P2, 62.51 W
0, 2026/09/15 09:39:17.867, 4, 16, 2835 MHz, 10251 MHz, P2, 86.24 W
1, 2026/09/15 09:39:17.867, 4, 16, 2820 MHz, 10251 MHz, P2, 83.17 W
0, 2026/09/15 09:39:18.068, 4, 16, 2835 MHz, 10251 MHz, P2, 86.24 W
1, 2026/09/15 09:39:18.068, 4, 16, 2820 MHz, 10251 MHz, P2, 83.17 W
0, 2026/09/15 09:39:18.268, 4, 16, 2835 MHz, 10251 MHz, P2, 86.24 W
1, 2026/09/15 09:39:18.268, 4, 16, 2820 MHz, 10251 MHz, P2, 99.70 W
0, 2026/09/15 09:39:18.468, 4, 16, 2835 MHz, 10251 MHz, P2, 104.31 W
1, 2026/09/15 09:39:18.469, 4, 16, 2820 MHz, 10251 MHz, P2, 99.70 W
0, 2026/09/15 09:39:18.669, 4, 16, 2835 MHz, 10251 MHz, P2, 104.31 W
1, 2026/09/15 09:39:18.669, 4, 16, 2820 MHz, 10251 MHz, P2, 99.70 W
0, 2026/09/15 09:39:18.869, 4, 16, 2835 MHz, 10251 MHz, P2, 109.87 W
1, 2026/09/15 09:39:18.869, 4, 16, 2820 MHz, 10251 MHz, P2, 105.00 W
0, 2026/09/15 09:39:19.070, 4, 16, 2835 MHz, 10251 MHz, P2, 109.87 W
1, 2026/09/15 09:39:19.070, 4, 16, 2820 MHz, 10251 MHz, P2, 105.00 W
0, 2026/09/15 09:39:19.270, 4, 16, 2835 MHz, 10251 MHz, P2, 109.87 W
1, 2026/09/15 09:39:19.270, 4, 16, 2820 MHz, 10251 MHz, P2, 106.23 W
0, 2026/09/15 09:39:19.470, 4, 16, 2835 MHz, 10251 MHz, P2, 111.94 W
1, 2026/09/15 09:39:19.471, 4, 16, 2820 MHz, 10251 MHz, P2, 106.23 W
0, 2026/09/15 09:39:19.671, 4, 16, 2835 MHz, 10251 MHz, P2, 111.94 W
1, 2026/09/15 09:39:19.671, 4, 16, 2820 MHz, 10251 MHz, P2, 106.23 W
0, 2026/09/15 09:39:19.871, 4, 16, 2835 MHz, 10251 MHz, P2, 112.44 W
1, 2026/09/15 09:39:19.871, 4, 16, 2820 MHz, 10251 MHz, P2, 106.96 W
0, 2026/09/15 09:39:20.072, 4, 16, 2835 MHz, 10251 MHz, P2, 112.44 W
1, 2026/09/15 09:39:20.072, 4, 16, 2820 MHz, 10251 MHz, P2, 106.96 W
0, 2026/09/15 09:39:20.272, 4, 16, 2835 MHz, 10251 MHz, P2, 112.44 W
1, 2026/09/15 09:39:20.272, 4, 16, 2820 MHz, 10251 MHz, P2, 107.57 W
0, 2026/09/15 09:39:20.472, 4, 16, 2835 MHz, 10251 MHz, P2, 113.50 W
1, 2026/09/15 09:39:20.473, 4, 16, 2820 MHz, 10251 MHz, P2, 107.57 W
0, 2026/09/15 09:39:20.673, 4, 16, 2835 MHz, 10251 MHz, P2, 113.50 W
1, 2026/09/15 09:39:20.673, 4, 16, 2820 MHz, 10251 MHz, P2, 107.57 W
0, 2026/09/15 09:39:20.873, 4, 16, 2835 MHz, 10251 MHz, P2, 113.53 W
1, 2026/09/15 09:39:20.873, 4, 16, 2820 MHz, 10251 MHz, P2, 107.23 W
0, 2026/09/15 09:39:21.074, 4, 16, 2835 MHz, 10251 MHz, P2, 113.53 W
1, 2026/09/15 09:39:21.074, 4, 16, 2820 MHz, 10251 MHz, P2, 107.23 W
0, 2026/09/15 09:39:21.274, 4, 16, 2835 MHz, 10251 MHz, P2, 113.53 W
1, 2026/09/15 09:39:21.274, 4, 16, 2820 MHz, 10251 MHz, P2, 107.85 W
0, 2026/09/15 09:39:21.474, 4, 16, 2835 MHz, 10251 MHz, P2, 114.09 W
1, 2026/09/15 09:39:21.475, 4, 16, 2820 MHz, 10251 MHz, P2, 107.85 W
0, 2026/09/15 09:39:21.675, 4, 16, 2835 MHz, 10251 MHz, P2, 114.09 W
1, 2026/09/15 09:39:21.675, 4, 16, 2820 MHz, 10251 MHz, P2, 107.85 W
0, 2026/09/15 09:39:21.875, 4, 16, 2835 MHz, 10251 MHz, P2, 114.33 W
1, 2026/09/15 09:39:21.875, 4, 16, 2820 MHz, 10251 MHz, P2, 108.10 W
0, 2026/09/15 09:39:22.076, 4, 16, 2835 MHz, 10251 MHz, P2, 114.33 W
1, 2026/09/15 09:39:22.076, 4, 16, 2820 MHz, 10251 MHz, P2, 108.10 W
0, 2026/09/15 09:39:22.276, 4, 16, 2835 MHz, 10251 MHz, P2, 114.33 W
1, 2026/09/15 09:39:22.276, 4, 16, 2820 MHz, 10251 MHz, P2, 107.08 W
0, 2026/09/15 09:39:22.476, 4, 16, 2835 MHz, 10251 MHz, P2, 113.63 W
1, 2026/09/15 09:39:22.477, 4, 16, 2820 MHz, 10251 MHz, P2, 107.08 W
0, 2026/09/15 09:39:22.677, 4, 16, 2835 MHz, 10251 MHz, P2, 113.63 W
1, 2026/09/15 09:39:22.677, 4, 16, 2820 MHz, 10251 MHz, P2, 107.08 W
0, 2026/09/15 09:39:22.877, 4, 16, 2835 MHz, 10251 MHz, P2, 115.42 W
1, 2026/09/15 09:39:22.877, 4, 16, 2820 MHz, 10251 MHz, P2, 108.83 W
0, 2026/09/15 09:39:23.078, 4, 16, 2835 MHz, 10251 MHz, P2, 115.42 W
1, 2026/09/15 09:39:23.078, 4, 16, 2820 MHz, 10251 MHz, P2, 108.83 W
0, 2026/09/15 09:39:23.278, 4, 16, 2835 MHz, 10251 MHz, P2, 115.42 W
1, 2026/09/15 09:39:23.278, 4, 16, 2820 MHz, 10251 MHz, P2, 108.70 W
0, 2026/09/15 09:39:23.478, 4, 16, 2835 MHz, 10251 MHz, P2, 115.40 W
1, 2026/09/15 09:39:23.479, 4, 16, 2820 MHz, 10251 MHz, P2, 108.70 W
0, 2026/09/15 09:39:23.679, 4, 16, 2835 MHz, 10251 MHz, P2, 115.40 W
1, 2026/09/15 09:39:23.679, 4, 16, 2820 MHz, 10251 MHz, P2, 108.70 W
0, 2026/09/15 09:39:23.879, 4, 16, 2835 MHz, 10251 MHz, P2, 113.35 W
1, 2026/09/15 09:39:23.879, 4, 16, 2820 MHz, 10251 MHz, P2, 106.83 W
0, 2026/09/15 09:39:24.080, 4, 16, 2835 MHz, 10251 MHz, P2, 113.35 W
1, 2026/09/15 09:39:24.080, 4, 16, 2820 MHz, 10251 MHz, P2, 106.83 W
0, 2026/09/15 09:39:24.280, 4, 16, 2835 MHz, 10251 MHz, P2, 113.35 W
1, 2026/09/15 09:39:24.280, 4, 16, 2820 MHz, 10251 MHz, P2, 101.00 W
0, 2026/09/15 09:39:24.480, 4, 16, 2835 MHz, 10251 MHz, P2, 106.38 W
1, 2026/09/15 09:39:24.481, 4, 16, 2820 MHz, 10251 MHz, P2, 101.00 W
0, 2026/09/15 09:39:24.681, 4, 16, 2835 MHz, 10251 MHz, P2, 106.38 W
1, 2026/09/15 09:39:24.701, 4, 16, 2820 MHz, 10251 MHz, P2, 101.00 W
0, 2026/09/15 09:39:24.901, 4, 16, 2835 MHz, 10501 MHz, P0, 94.26 W
1, 2026/09/15 09:39:24.901, 4, 16, 2820 MHz, 10501 MHz, P0, 89.79 W
0, 2026/09/15 09:39:25.101, 4, 16, 2835 MHz, 10501 MHz, P0, 94.26 W
1, 2026/09/15 09:39:25.101, 4, 16, 2820 MHz, 10501 MHz, P0, 89.79 W
0, 2026/09/15 09:39:25.302, 4, 16, 2835 MHz, 10501 MHz, P0, 84.40 W
1, 2026/09/15 09:39:25.302, 4, 16, 2820 MHz, 10501 MHz, P0, 80.06 W
0, 2026/09/15 09:39:25.502, 4, 16, 2835 MHz, 10501 MHz, P0, 84.40 W
1, 2026/09/15 09:39:25.502, 4, 16, 2820 MHz, 10501 MHz, P0, 80.06 W
0, 2026/09/15 09:39:25.703, 4, 16, 2835 MHz, 10501 MHz, P0, 84.40 W
1, 2026/09/15 09:39:25.703, 4, 16, 2820 MHz, 10501 MHz, P0, 80.06 W
0, 2026/09/15 09:39:25.903, 2, 16, 2835 MHz, 10501 MHz, P5, 83.75 W
1, 2026/09/15 09:39:25.903, 4, 16, 2820 MHz, 10501 MHz, P0, 78.73 W
0, 2026/09/15 09:39:26.103, 2, 16, 2835 MHz, 10501 MHz, P5, 83.75 W
1, 2026/09/15 09:39:26.108, 4, 16, 2820 MHz, 10501 MHz, P0, 78.73 W
0, 2026/09/15 09:39:26.308, 4, 16, 2520 MHz, 10501 MHz, P0, 59.89 W
1, 2026/09/15 09:39:26.309, 2, 16, 780 MHz, 810 MHz, P5, 67.81 W
0, 2026/09/15 09:39:26.509, 4, 16, 2520 MHz, 10501 MHz, P0, 59.89 W
1, 2026/09/15 09:39:26.509, 2, 16, 780 MHz, 810 MHz, P5, 67.81 W
0, 2026/09/15 09:39:26.721, 4, 16, 2520 MHz, 10501 MHz, P0, 59.89 W
1, 2026/09/15 09:39:26.721, 2, 16, 780 MHz, 810 MHz, P5, 67.81 W
0, 2026/09/15 09:39:26.921, 4, 16, 2520 MHz, 10251 MHz, P2, 51.22 W
1, 2026/09/15 09:39:26.921, 4, 16, 2520 MHz, 10251 MHz, P2, 55.21 W
0, 2026/09/15 09:39:27.122, 4, 16, 2520 MHz, 10251 MHz, P2, 51.22 W
1, 2026/09/15 09:39:27.122, 4, 16, 2520 MHz, 10251 MHz, P2, 55.21 W
0, 2026/09/15 09:39:27.322, 4, 16, 2520 MHz, 10251 MHz, P2, 63.92 W
1, 2026/09/15 09:39:27.322, 4, 16, 2520 MHz, 10251 MHz, P2, 58.57 W
0, 2026/09/15 09:39:27.523, 4, 16, 2520 MHz, 10251 MHz, P2, 63.92 W
1, 2026/09/15 09:39:27.523, 4, 16, 2520 MHz, 10251 MHz, P2, 58.57 W
0, 2026/09/15 09:39:27.723, 4, 16, 2520 MHz, 10251 MHz, P2, 63.92 W
1, 2026/09/15 09:39:27.723, 4, 16, 2520 MHz, 10251 MHz, P2, 58.57 W
0, 2026/09/15 09:39:27.924, 4, 16, 2835 MHz, 10251 MHz, P2, 80.23 W
1, 2026/09/15 09:39:27.924, 4, 16, 2820 MHz, 10251 MHz, P2, 77.10 W
0, 2026/09/15 09:39:28.124, 4, 16, 2835 MHz, 10251 MHz, P2, 80.23 W
1, 2026/09/15 09:39:28.124, 4, 16, 2820 MHz, 10251 MHz, P2, 77.10 W
0, 2026/09/15 09:39:28.324, 4, 16, 2835 MHz, 10251 MHz, P2, 99.38 W
1, 2026/09/15 09:39:28.325, 4, 16, 2820 MHz, 10251 MHz, P2, 94.67 W
0, 2026/09/15 09:39:28.525, 4, 16, 2835 MHz, 10251 MHz, P2, 99.38 W
1, 2026/09/15 09:39:28.525, 4, 16, 2820 MHz, 10251 MHz, P2, 94.67 W
0, 2026/09/15 09:39:28.725, 4, 16, 2835 MHz, 10251 MHz, P2, 99.38 W
1, 2026/09/15 09:39:28.726, 4, 16, 2820 MHz, 10251 MHz, P2, 94.67 W
0, 2026/09/15 09:39:28.926, 4, 16, 2835 MHz, 10251 MHz, P2, 108.79 W
1, 2026/09/15 09:39:28.926, 4, 16, 2820 MHz, 10251 MHz, P2, 103.77 W
0, 2026/09/15 09:39:29.126, 4, 16, 2835 MHz, 10251 MHz, P2, 108.79 W
1, 2026/09/15 09:39:29.126, 4, 16, 2820 MHz, 10251 MHz, P2, 103.77 W
0, 2026/09/15 09:39:29.327, 4, 16, 2835 MHz, 10251 MHz, P2, 111.36 W
1, 2026/09/15 09:39:29.327, 4, 16, 2820 MHz, 10251 MHz, P2, 105.93 W
0, 2026/09/15 09:39:29.527, 4, 16, 2835 MHz, 10251 MHz, P2, 111.36 W
1, 2026/09/15 09:39:29.527, 4, 16, 2820 MHz, 10251 MHz, P2, 105.93 W
0, 2026/09/15 09:39:29.728, 4, 16, 2835 MHz, 10251 MHz, P2, 111.36 W
1, 2026/09/15 09:39:29.728, 4, 16, 2820 MHz, 10251 MHz, P2, 105.93 W
0, 2026/09/15 09:39:29.928, 4, 16, 2835 MHz, 10251 MHz, P2, 112.49 W
1, 2026/09/15 09:39:29.928, 4, 16, 2820 MHz, 10251 MHz, P2, 106.57 W
0, 2026/09/15 09:39:30.128, 4, 16, 2835 MHz, 10251 MHz, P2, 112.49 W
1, 2026/09/15 09:39:30.129, 4, 16, 2820 MHz, 10251 MHz, P2, 106.57 W
0, 2026/09/15 09:39:30.329, 4, 16, 2835 MHz, 10251 MHz, P2, 113.37 W
1, 2026/09/15 09:39:30.329, 4, 16, 2820 MHz, 10251 MHz, P2, 106.95 W
0, 2026/09/15 09:39:30.529, 4, 16, 2835 MHz, 10251 MHz, P2, 113.37 W
1, 2026/09/15 09:39:30.529, 4, 16, 2820 MHz, 10251 MHz, P2, 106.95 W
0, 2026/09/15 09:39:30.730, 4, 16, 2835 MHz, 10251 MHz, P2, 113.37 W
1, 2026/09/15 09:39:30.730, 4, 16, 2820 MHz, 10251 MHz, P2, 106.95 W
0, 2026/09/15 09:39:30.930, 4, 16, 2835 MHz, 10251 MHz, P2, 113.82 W
1, 2026/09/15 09:39:30.930, 4, 16, 2820 MHz, 10251 MHz, P2, 106.87 W
0, 2026/09/15 09:39:31.130, 4, 16, 2835 MHz, 10251 MHz, P2, 113.82 W
1, 2026/09/15 09:39:31.131, 4, 16, 2820 MHz, 10251 MHz, P2, 106.87 W
0, 2026/09/15 09:39:31.331, 4, 16, 2835 MHz, 10251 MHz, P2, 114.31 W
1, 2026/09/15 09:39:31.331, 4, 16, 2820 MHz, 10251 MHz, P2, 107.57 W
0, 2026/09/15 09:39:31.531, 4, 16, 2835 MHz, 10251 MHz, P2, 114.31 W
1, 2026/09/15 09:39:31.531, 4, 16, 2820 MHz, 10251 MHz, P2, 107.57 W
0, 2026/09/15 09:39:31.732, 4, 16, 2835 MHz, 10251 MHz, P2, 114.31 W
1, 2026/09/15 09:39:31.732, 4, 16, 2820 MHz, 10251 MHz, P2, 107.57 W
0, 2026/09/15 09:39:31.932, 4, 16, 2835 MHz, 10251 MHz, P2, 114.63 W
1, 2026/09/15 09:39:31.932, 4, 16, 2820 MHz, 10251 MHz, P2, 107.52 W
0, 2026/09/15 09:39:32.132, 4, 16, 2835 MHz, 10251 MHz, P2, 114.63 W
1, 2026/09/15 09:39:32.133, 4, 16, 2820 MHz, 10251 MHz, P2, 107.52 W
0, 2026/09/15 09:39:32.333, 4, 16, 2835 MHz, 10251 MHz, P2, 114.58 W
1, 2026/09/15 09:39:32.333, 4, 16, 2820 MHz, 10251 MHz, P2, 107.17 W
0, 2026/09/15 09:39:32.533, 4, 16, 2835 MHz, 10251 MHz, P2, 114.58 W
1, 2026/09/15 09:39:32.533, 4, 16, 2820 MHz, 10251 MHz, P2, 107.17 W
0, 2026/09/15 09:39:32.734, 4, 16, 2835 MHz, 10251 MHz, P2, 114.58 W
1, 2026/09/15 09:39:32.734, 4, 16, 2820 MHz, 10251 MHz, P2, 107.17 W
0, 2026/09/15 09:39:32.934, 4, 16, 2835 MHz, 10251 MHz, P2, 115.52 W
1, 2026/09/15 09:39:32.934, 4, 16, 2820 MHz, 10251 MHz, P2, 108.18 W
0, 2026/09/15 09:39:33.134, 4, 16, 2835 MHz, 10251 MHz, P2, 115.52 W
1, 2026/09/15 09:39:33.134, 4, 16, 2820 MHz, 10251 MHz, P2, 108.18 W
0, 2026/09/15 09:39:33.335, 4, 16, 2835 MHz, 10251 MHz, P2, 115.23 W
1, 2026/09/15 09:39:33.335, 4, 16, 2820 MHz, 10251 MHz, P2, 108.14 W
0, 2026/09/15 09:39:33.535, 4, 16, 2835 MHz, 10251 MHz, P2, 115.23 W
1, 2026/09/15 09:39:33.535, 4, 16, 2820 MHz, 10251 MHz, P2, 108.14 W
0, 2026/09/15 09:39:33.735, 4, 16, 2835 MHz, 10251 MHz, P2, 115.23 W
1, 2026/09/15 09:39:33.736, 4, 16, 2820 MHz, 10251 MHz, P2, 107.13 W
0, 2026/09/15 09:39:33.936, 4, 16, 2835 MHz, 10251 MHz, P2, 114.17 W
1, 2026/09/15 09:39:33.936, 4, 16, 2820 MHz, 10251 MHz, P2, 107.13 W
0, 2026/09/15 09:39:34.136, 4, 16, 2835 MHz, 10251 MHz, P2, 114.17 W
1, 2026/09/15 09:39:34.137, 4, 16, 2820 MHz, 10251 MHz, P2, 107.13 W
0, 2026/09/15 09:39:34.337, 4, 16, 2835 MHz, 10251 MHz, P2, 105.22 W
1, 2026/09/15 09:39:34.337, 4, 16, 2820 MHz, 10501 MHz, P0, 99.87 W
0, 2026/09/15 09:39:34.537, 4, 16, 2835 MHz, 10251 MHz, P2, 105.22 W
1, 2026/09/15 09:39:34.537, 4, 16, 2820 MHz, 10501 MHz, P0, 99.87 W
0, 2026/09/15 09:39:34.738, 4, 16, 2835 MHz, 10251 MHz, P2, 105.22 W
1, 2026/09/15 09:39:34.738, 4, 16, 2820 MHz, 10501 MHz, P0, 87.03 W
0, 2026/09/15 09:39:34.938, 4, 16, 2835 MHz, 10501 MHz, P0, 91.90 W
1, 2026/09/15 09:39:34.938, 4, 16, 2820 MHz, 10501 MHz, P0, 87.03 W
0, 2026/09/15 09:39:35.138, 4, 16, 2835 MHz, 10501 MHz, P0, 91.90 W
1, 2026/09/15 09:39:35.139, 4, 16, 2820 MHz, 10501 MHz, P0, 87.03 W
0, 2026/09/15 09:39:35.339, 4, 16, 2835 MHz, 10501 MHz, P0, 84.06 W
1, 2026/09/15 09:39:35.339, 4, 16, 2820 MHz, 10501 MHz, P0, 79.10 W
0, 2026/09/15 09:39:35.539, 4, 16, 2835 MHz, 10501 MHz, P0, 84.06 W
1, 2026/09/15 09:39:35.539, 4, 16, 2820 MHz, 10501 MHz, P0, 79.10 W
0, 2026/09/15 09:39:35.739, 4, 16, 2835 MHz, 10501 MHz, P0, 84.06 W
1, 2026/09/15 09:39:35.740, 2, 16, 690 MHz, 810 MHz, P5, 79.11 W
0, 2026/09/15 09:39:35.940, 4, 16, 2520 MHz, 10501 MHz, P0, 83.46 W
1, 2026/09/15 09:39:35.944, 2, 16, 690 MHz, 810 MHz, P5, 79.11 W
0, 2026/09/15 09:39:36.145, 4, 16, 2520 MHz, 10501 MHz, P0, 83.46 W
1, 2026/09/15 09:39:36.145, 2, 16, 690 MHz, 810 MHz, P5, 79.11 W
0, 2026/09/15 09:39:36.345, 4, 16, 2520 MHz, 10251 MHz, P2, 75.79 W
1, 2026/09/15 09:39:36.345, 4, 16, 2520 MHz, 10251 MHz, P2, 66.01 W
0, 2026/09/15 09:39:36.546, 4, 16, 2520 MHz, 10251 MHz, P2, 75.79 W
1, 2026/09/15 09:39:36.546, 4, 16, 2520 MHz, 10251 MHz, P2, 66.01 W
0, 2026/09/15 09:39:36.746, 4, 16, 2520 MHz, 10251 MHz, P2, 75.79 W
1, 2026/09/15 09:39:36.746, 4, 16, 2820 MHz, 10251 MHz, P2, 64.62 W
0, 2026/09/15 09:39:36.946, 4, 16, 2640 MHz, 10251 MHz, P2, 68.12 W
1, 2026/09/15 09:39:36.946, 4, 16, 2820 MHz, 10251 MHz, P2, 64.62 W
0, 2026/09/15 09:39:37.147, 4, 16, 2640 MHz, 10251 MHz, P2, 68.12 W
1, 2026/09/15 09:39:37.147, 4, 16, 2820 MHz, 10251 MHz, P2, 64.62 W
0, 2026/09/15 09:39:37.347, 4, 16, 2835 MHz, 10251 MHz, P2, 79.55 W
1, 2026/09/15 09:39:37.347, 4, 16, 2820 MHz, 10251 MHz, P2, 80.31 W
0, 2026/09/15 09:39:37.548, 4, 16, 2835 MHz, 10251 MHz, P2, 79.55 W
1, 2026/09/15 09:39:37.548, 4, 16, 2820 MHz, 10251 MHz, P2, 80.31 W
0, 2026/09/15 09:39:37.748, 4, 16, 2835 MHz, 10251 MHz, P2, 79.55 W
1, 2026/09/15 09:39:37.748, 4, 16, 2820 MHz, 10251 MHz, P2, 98.43 W
0, 2026/09/15 09:39:37.948, 4, 16, 2835 MHz, 10251 MHz, P2, 99.51 W
1, 2026/09/15 09:39:37.949, 4, 16, 2820 MHz, 10251 MHz, P2, 98.43 W
0, 2026/09/15 09:39:38.149, 4, 16, 2835 MHz, 10251 MHz, P2, 99.51 W
1, 2026/09/15 09:39:38.149, 4, 16, 2820 MHz, 10251 MHz, P2, 98.43 W
0, 2026/09/15 09:39:38.349, 4, 16, 2835 MHz, 10251 MHz, P2, 110.35 W
1, 2026/09/15 09:39:38.349, 4, 16, 2820 MHz, 10251 MHz, P2, 104.58 W
0, 2026/09/15 09:39:38.550, 4, 16, 2835 MHz, 10251 MHz, P2, 110.35 W
1, 2026/09/15 09:39:38.550, 4, 16, 2820 MHz, 10251 MHz, P2, 104.58 W
0, 2026/09/15 09:39:38.750, 4, 16, 2835 MHz, 10251 MHz, P2, 110.35 W
1, 2026/09/15 09:39:38.750, 4, 16, 2820 MHz, 10251 MHz, P2, 106.04 W
0, 2026/09/15 09:39:38.951, 4, 16, 2835 MHz, 10251 MHz, P2, 112.16 W
1, 2026/09/15 09:39:38.951, 4, 16, 2820 MHz, 10251 MHz, P2, 106.04 W
0, 2026/09/15 09:39:39.151, 4, 16, 2835 MHz, 10251 MHz, P2, 112.16 W
1, 2026/09/15 09:39:39.151, 4, 16, 2820 MHz, 10251 MHz, P2, 106.04 W
0, 2026/09/15 09:39:39.351, 4, 16, 2835 MHz, 10251 MHz, P2, 112.65 W
1, 2026/09/15 09:39:39.352, 4, 16, 2820 MHz, 10251 MHz, P2, 106.73 W
0, 2026/09/15 09:39:39.552, 4, 16, 2835 MHz, 10251 MHz, P2, 112.65 W
1, 2026/09/15 09:39:39.552, 4, 16, 2820 MHz, 10251 MHz, P2, 106.73 W
0, 2026/09/15 09:39:39.752, 4, 16, 2835 MHz, 10251 MHz, P2, 112.65 W
1, 2026/09/15 09:39:39.752, 4, 16, 2820 MHz, 10251 MHz, P2, 106.62 W
0, 2026/09/15 09:39:39.953, 4, 16, 2835 MHz, 10251 MHz, P2, 112.39 W
1, 2026/09/15 09:39:39.953, 4, 16, 2820 MHz, 10251 MHz, P2, 106.62 W
0, 2026/09/15 09:39:40.153, 4, 16, 2835 MHz, 10251 MHz, P2, 112.39 W
1, 2026/09/15 09:39:40.153, 4, 16, 2820 MHz, 10251 MHz, P2, 106.62 W
0, 2026/09/15 09:39:40.354, 4, 16, 2835 MHz, 10251 MHz, P2, 112.98 W
1, 2026/09/15 09:39:40.354, 4, 16, 2820 MHz, 10251 MHz, P2, 107.15 W
0, 2026/09/15 09:39:40.554, 4, 16, 2835 MHz, 10251 MHz, P2, 112.98 W
1, 2026/09/15 09:39:40.554, 4, 16, 2820 MHz, 10251 MHz, P2, 107.15 W
0, 2026/09/15 09:39:40.754, 4, 16, 2835 MHz, 10251 MHz, P2, 112.98 W
1, 2026/09/15 09:39:40.755, 4, 16, 2820 MHz, 10251 MHz, P2, 107.24 W
0, 2026/09/15 09:39:40.955, 4, 16, 2835 MHz, 10251 MHz, P2, 112.81 W
1, 2026/09/15 09:39:40.955, 4, 16, 2820 MHz, 10251 MHz, P2, 107.24 W
0, 2026/09/15 09:39:41.155, 4, 16, 2835 MHz, 10251 MHz, P2, 112.81 W
1, 2026/09/15 09:39:41.155, 4, 16, 2820 MHz, 10251 MHz, P2, 107.24 W
0, 2026/09/15 09:39:41.356, 4, 16, 2835 MHz, 10251 MHz, P2, 113.47 W
1, 2026/09/15 09:39:41.356, 4, 16, 2820 MHz, 10251 MHz, P2, 107.68 W
0, 2026/09/15 09:39:41.556, 4, 16, 2835 MHz, 10251 MHz, P2, 113.47 W
1, 2026/09/15 09:39:41.556, 4, 16, 2820 MHz, 10251 MHz, P2, 107.68 W
0, 2026/09/15 09:39:41.756, 4, 16, 2835 MHz, 10251 MHz, P2, 113.47 W
1, 2026/09/15 09:39:41.757, 4, 16, 2820 MHz, 10251 MHz, P2, 107.70 W
0, 2026/09/15 09:39:41.957, 4, 16, 2835 MHz, 10251 MHz, P2, 114.06 W
1, 2026/09/15 09:39:41.957, 4, 16, 2820 MHz, 10251 MHz, P2, 107.70 W
0, 2026/09/15 09:39:42.157, 4, 16, 2835 MHz, 10251 MHz, P2, 114.06 W
1, 2026/09/15 09:39:42.158, 4, 16, 2820 MHz, 10251 MHz, P2, 107.70 W
0, 2026/09/15 09:39:42.358, 4, 16, 2835 MHz, 10251 MHz, P2, 113.12 W
1, 2026/09/15 09:39:42.358, 4, 16, 2820 MHz, 10251 MHz, P2, 106.47 W
0, 2026/09/15 09:39:42.558, 4, 16, 2835 MHz, 10251 MHz, P2, 113.12 W
1, 2026/09/15 09:39:42.558, 4, 16, 2820 MHz, 10251 MHz, P2, 106.47 W
0, 2026/09/15 09:39:42.759, 4, 16, 2835 MHz, 10251 MHz, P2, 113.12 W
1, 2026/09/15 09:39:42.759, 4, 16, 2820 MHz, 10251 MHz, P2, 106.11 W
0, 2026/09/15 09:39:42.959, 4, 16, 2835 MHz, 10251 MHz, P2, 114.36 W
1, 2026/09/15 09:39:42.960, 4, 16, 2820 MHz, 10251 MHz, P2, 106.11 W
0, 2026/09/15 09:39:43.160, 4, 16, 2835 MHz, 10251 MHz, P2, 114.36 W
1, 2026/09/15 09:39:43.160, 4, 16, 2820 MHz, 10251 MHz, P2, 106.11 W
0, 2026/09/15 09:39:43.360, 4, 16, 2835 MHz, 10251 MHz, P2, 114.76 W
1, 2026/09/15 09:39:43.361, 4, 16, 2820 MHz, 10251 MHz, P2, 108.52 W
0, 2026/09/15 09:39:43.561, 4, 16, 2835 MHz, 10251 MHz, P2, 114.76 W
1, 2026/09/15 09:39:43.561, 4, 16, 2820 MHz, 10251 MHz, P2, 108.52 W
0, 2026/09/15 09:39:43.761, 4, 16, 2835 MHz, 10251 MHz, P2, 114.76 W
1, 2026/09/15 09:39:43.761, 4, 16, 2820 MHz, 10251 MHz, P2, 108.45 W
0, 2026/09/15 09:39:43.961, 4, 16, 2835 MHz, 10251 MHz, P2, 114.48 W
1, 2026/09/15 09:39:43.962, 4, 16, 2820 MHz, 10251 MHz, P2, 108.45 W
0, 2026/09/15 09:39:44.162, 4, 16, 2835 MHz, 10251 MHz, P2, 114.48 W
1, 2026/09/15 09:39:44.162, 4, 16, 2820 MHz, 10251 MHz, P2, 108.45 W
0, 2026/09/15 09:39:44.362, 4, 16, 2835 MHz, 10251 MHz, P2, 112.38 W
1, 2026/09/15 09:39:44.362, 4, 16, 2820 MHz, 10251 MHz, P2, 106.22 W
0, 2026/09/15 09:39:44.563, 4, 16, 2835 MHz, 10251 MHz, P2, 112.38 W
1, 2026/09/15 09:39:44.563, 4, 16, 2820 MHz, 10251 MHz, P2, 106.22 W
0, 2026/09/15 09:39:44.763, 4, 16, 2835 MHz, 10251 MHz, P2, 112.38 W
1, 2026/09/15 09:39:44.763, 4, 16, 2820 MHz, 10251 MHz, P2, 107.02 W
0, 2026/09/15 09:39:44.963, 4, 16, 2835 MHz, 10251 MHz, P2, 113.42 W
1, 2026/09/15 09:39:44.964, 4, 16, 2820 MHz, 10251 MHz, P2, 107.02 W
0, 2026/09/15 09:39:45.164, 4, 16, 2835 MHz, 10251 MHz, P2, 113.42 W
1, 2026/09/15 09:39:45.164, 4, 16, 2820 MHz, 10251 MHz, P2, 107.02 W
0, 2026/09/15 09:39:45.364, 4, 16, 2835 MHz, 10251 MHz, P2, 101.05 W
1, 2026/09/15 09:39:45.364, 4, 16, 2820 MHz, 10501 MHz, P0, 96.24 W
0, 2026/09/15 09:39:45.565, 4, 16, 2835 MHz, 10251 MHz, P2, 101.05 W
1, 2026/09/15 09:39:45.565, 4, 16, 2820 MHz, 10501 MHz, P0, 96.24 W
0, 2026/09/15 09:39:45.765, 4, 16, 2835 MHz, 10251 MHz, P2, 101.05 W
1, 2026/09/15 09:39:45.765, 4, 16, 2820 MHz, 10501 MHz, P0, 83.08 W
0, 2026/09/15 09:39:45.965, 4, 16, 2835 MHz, 10501 MHz, P0, 87.75 W
1, 2026/09/15 09:39:45.966, 4, 16, 2820 MHz, 10501 MHz, P0, 83.08 W
0, 2026/09/15 09:39:46.166, 4, 16, 2835 MHz, 10501 MHz, P0, 87.75 W
1, 2026/09/15 09:39:46.166, 4, 16, 2820 MHz, 10501 MHz, P0, 83.08 W
0, 2026/09/15 09:39:46.366, 4, 16, 2835 MHz, 10501 MHz, P0, 84.32 W
1, 2026/09/15 09:39:46.366, 4, 16, 2820 MHz, 10501 MHz, P0, 79.04 W
0, 2026/09/15 09:39:46.567, 4, 16, 2835 MHz, 10501 MHz, P0, 84.32 W
1, 2026/09/15 09:39:46.567, 4, 16, 2820 MHz, 10501 MHz, P0, 79.04 W
0, 2026/09/15 09:39:46.767, 4, 16, 2835 MHz, 10501 MHz, P0, 84.32 W
1, 2026/09/15 09:39:46.773, 2, 16, 2820 MHz, 10501 MHz, P5, 78.70 W
0, 2026/09/15 09:39:46.973, 2, 16, 735 MHz, 810 MHz, P5, 78.91 W
1, 2026/09/15 09:39:46.973, 2, 16, 2820 MHz, 10501 MHz, P5, 78.70 W
0, 2026/09/15 09:39:47.185, 2, 16, 735 MHz, 810 MHz, P5, 78.91 W
1, 2026/09/15 09:39:47.185, 2, 16, 2820 MHz, 10501 MHz, P5, 78.70 W
0, 2026/09/15 09:39:47.386, 4, 16, 2520 MHz, 10251 MHz, P2, 69.33 W
1, 2026/09/15 09:39:47.386, 4, 16, 2520 MHz, 10251 MHz, P2, 53.25 W
0, 2026/09/15 09:39:47.586, 4, 16, 2520 MHz, 10251 MHz, P2, 69.33 W
1, 2026/09/15 09:39:47.586, 4, 16, 2520 MHz, 10251 MHz, P2, 53.25 W
0, 2026/09/15 09:39:47.787, 4, 16, 2520 MHz, 10251 MHz, P2, 69.33 W
1, 2026/09/15 09:39:47.787, 4, 16, 2520 MHz, 10251 MHz, P2, 53.87 W
0, 2026/09/15 09:39:47.987, 4, 16, 2520 MHz, 10251 MHz, P2, 67.33 W
1, 2026/09/15 09:39:47.987, 4, 16, 2520 MHz, 10251 MHz, P2, 53.87 W
0, 2026/09/15 09:39:48.187, 4, 16, 2520 MHz, 10251 MHz, P2, 67.33 W
1, 2026/09/15 09:39:48.188, 4, 16, 2520 MHz, 10251 MHz, P2, 53.87 W
0, 2026/09/15 09:39:48.388, 4, 16, 2835 MHz, 10251 MHz, P2, 76.36 W
1, 2026/09/15 09:39:48.388, 4, 16, 2820 MHz, 10251 MHz, P2, 74.51 W
0, 2026/09/15 09:39:48.588, 4, 16, 2835 MHz, 10251 MHz, P2, 76.36 W
1, 2026/09/15 09:39:48.588, 4, 16, 2820 MHz, 10251 MHz, P2, 74.51 W
0, 2026/09/15 09:39:48.789, 4, 16, 2835 MHz, 10251 MHz, P2, 76.36 W
1, 2026/09/15 09:39:48.789, 4, 16, 2820 MHz, 10251 MHz, P2, 90.94 W
0, 2026/09/15 09:39:48.989, 4, 16, 2835 MHz, 10251 MHz, P2, 94.99 W
1, 2026/09/15 09:39:48.989, 4, 16, 2820 MHz, 10251 MHz, P2, 90.94 W
0, 2026/09/15 09:39:49.189, 4, 16, 2835 MHz, 10251 MHz, P2, 94.99 W
1, 2026/09/15 09:39:49.189, 4, 16, 2820 MHz, 10251 MHz, P2, 90.94 W
0, 2026/09/15 09:39:49.389, 4, 16, 2835 MHz, 10251 MHz, P2, 107.26 W
1, 2026/09/15 09:39:49.390, 4, 16, 2820 MHz, 10251 MHz, P2, 101.75 W
0, 2026/09/15 09:39:49.590, 4, 16, 2835 MHz, 10251 MHz, P2, 107.26 W
1, 2026/09/15 09:39:49.590, 4, 16, 2820 MHz, 10251 MHz, P2, 101.75 W
0, 2026/09/15 09:39:49.790, 4, 16, 2835 MHz, 10251 MHz, P2, 107.26 W
1, 2026/09/15 09:39:49.790, 4, 16, 2820 MHz, 10251 MHz, P2, 105.11 W
0, 2026/09/15 09:39:49.991, 4, 16, 2835 MHz, 10251 MHz, P2, 111.09 W
1, 2026/09/15 09:39:49.991, 4, 16, 2820 MHz, 10251 MHz, P2, 105.11 W
0, 2026/09/15 09:39:50.191, 4, 16, 2835 MHz, 10251 MHz, P2, 111.09 W
1, 2026/09/15 09:39:50.191, 4, 16, 2820 MHz, 10251 MHz, P2, 105.11 W
0, 2026/09/15 09:39:50.391, 4, 16, 2835 MHz, 10251 MHz, P2, 112.36 W
1, 2026/09/15 09:39:50.391, 4, 16, 2820 MHz, 10251 MHz, P2, 106.00 W
0, 2026/09/15 09:39:50.592, 4, 16, 2835 MHz, 10251 MHz, P2, 112.36 W
1, 2026/09/15 09:39:50.592, 4, 16, 2820 MHz, 10251 MHz, P2, 106.00 W
0, 2026/09/15 09:39:50.792, 4, 16, 2835 MHz, 10251 MHz, P2, 112.65 W
1, 2026/09/15 09:39:50.792, 4, 16, 2820 MHz, 10251 MHz, P2, 106.38 W
0, 2026/09/15 09:39:50.992, 4, 16, 2835 MHz, 10251 MHz, P2, 112.65 W
1, 2026/09/15 09:39:50.992, 4, 16, 2820 MHz, 10251 MHz, P2, 106.38 W
0, 2026/09/15 09:39:51.193, 4, 16, 2835 MHz, 10251 MHz, P2, 112.65 W
1, 2026/09/15 09:39:51.193, 4, 16, 2820 MHz, 10251 MHz, P2, 106.38 W
0, 2026/09/15 09:39:51.393, 4, 16, 2835 MHz, 10251 MHz, P2, 113.31 W
1, 2026/09/15 09:39:51.393, 4, 16, 2820 MHz, 10251 MHz, P2, 106.77 W
0, 2026/09/15 09:39:51.593, 4, 16, 2835 MHz, 10251 MHz, P2, 113.31 W
1, 2026/09/15 09:39:51.594, 4, 16, 2820 MHz, 10251 MHz, P2, 106.77 W
0, 2026/09/15 09:39:51.794, 4, 16, 2835 MHz, 10251 MHz, P2, 113.75 W
1, 2026/09/15 09:39:51.794, 4, 16, 2820 MHz, 10251 MHz, P2, 107.46 W
0, 2026/09/15 09:39:51.994, 4, 16, 2835 MHz, 10251 MHz, P2, 113.75 W
1, 2026/09/15 09:39:51.994, 4, 16, 2820 MHz, 10251 MHz, P2, 107.46 W
0, 2026/09/15 09:39:52.195, 4, 16, 2835 MHz, 10251 MHz, P2, 113.75 W
1, 2026/09/15 09:39:52.195, 4, 16, 2820 MHz, 10251 MHz, P2, 107.46 W
0, 2026/09/15 09:39:52.395, 4, 16, 2835 MHz, 10251 MHz, P2, 113.58 W
1, 2026/09/15 09:39:52.395, 4, 16, 2820 MHz, 10251 MHz, P2, 107.34 W
0, 2026/09/15 09:39:52.595, 4, 16, 2835 MHz, 10251 MHz, P2, 113.58 W
1, 2026/09/15 09:39:52.595, 4, 16, 2820 MHz, 10251 MHz, P2, 107.34 W
0, 2026/09/15 09:39:52.796, 4, 16, 2835 MHz, 10251 MHz, P2, 113.35 W
1, 2026/09/15 09:39:52.796, 4, 16, 2820 MHz, 10251 MHz, P2, 107.12 W
0, 2026/09/15 09:39:52.996, 4, 16, 2835 MHz, 10251 MHz, P2, 113.35 W
1, 2026/09/15 09:39:52.996, 4, 16, 2820 MHz, 10251 MHz, P2, 107.12 W
0, 2026/09/15 09:39:53.196, 4, 16, 2835 MHz, 10251 MHz, P2, 113.35 W
1, 2026/09/15 09:39:53.196, 4, 16, 2820 MHz, 10251 MHz, P2, 107.12 W
0, 2026/09/15 09:39:53.397, 4, 16, 2835 MHz, 10251 MHz, P2, 114.12 W
1, 2026/09/15 09:39:53.397, 4, 16, 2820 MHz, 10251 MHz, P2, 106.90 W
0, 2026/09/15 09:39:53.597, 4, 16, 2835 MHz, 10251 MHz, P2, 114.12 W
1, 2026/09/15 09:39:53.597, 4, 16, 2820 MHz, 10251 MHz, P2, 106.90 W
0, 2026/09/15 09:39:53.797, 4, 16, 2835 MHz, 10251 MHz, P2, 114.21 W
1, 2026/09/15 09:39:53.798, 4, 16, 2820 MHz, 10251 MHz, P2, 108.07 W
0, 2026/09/15 09:39:53.998, 4, 16, 2835 MHz, 10251 MHz, P2, 114.21 W
1, 2026/09/15 09:39:53.998, 4, 16, 2820 MHz, 10251 MHz, P2, 108.07 W
0, 2026/09/15 09:39:54.198, 4, 16, 2835 MHz, 10251 MHz, P2, 114.21 W
1, 2026/09/15 09:39:54.198, 4, 16, 2820 MHz, 10251 MHz, P2, 108.07 W
0, 2026/09/15 09:39:54.398, 4, 16, 2835 MHz, 10251 MHz, P2, 114.23 W
1, 2026/09/15 09:39:54.399, 4, 16, 2820 MHz, 10251 MHz, P2, 108.05 W
0, 2026/09/15 09:39:54.599, 4, 16, 2835 MHz, 10251 MHz, P2, 114.23 W
1, 2026/09/15 09:39:54.599, 4, 16, 2820 MHz, 10251 MHz, P2, 108.05 W
0, 2026/09/15 09:39:54.799, 4, 16, 2835 MHz, 10251 MHz, P2, 113.11 W
1, 2026/09/15 09:39:54.799, 4, 16, 2820 MHz, 10251 MHz, P2, 107.02 W
0, 2026/09/15 09:39:55.000, 4, 16, 2835 MHz, 10251 MHz, P2, 113.11 W
1, 2026/09/15 09:39:55.000, 4, 16, 2820 MHz, 10251 MHz, P2, 107.02 W
0, 2026/09/15 09:39:55.200, 4, 16, 2835 MHz, 10251 MHz, P2, 113.11 W
1, 2026/09/15 09:39:55.200, 4, 16, 2820 MHz, 10251 MHz, P2, 107.02 W
0, 2026/09/15 09:39:55.401, 4, 16, 2835 MHz, 10251 MHz, P2, 103.91 W
1, 2026/09/15 09:39:55.434, 4, 16, 2820 MHz, 10501 MHz, P0, 101.03 W
0, 2026/09/15 09:39:55.637, 4, 16, 2835 MHz, 10251 MHz, P2, 103.91 W
1, 2026/09/15 09:39:55.637, 4, 16, 2820 MHz, 10501 MHz, P0, 101.03 W
0, 2026/09/15 09:39:55.837, 4, 16, 2835 MHz, 10501 MHz, P0, 91.05 W
1, 2026/09/15 09:39:55.838, 4, 16, 2820 MHz, 10501 MHz, P0, 89.27 W
0, 2026/09/15 09:39:56.038, 4, 16, 2835 MHz, 10501 MHz, P0, 91.05 W
1, 2026/09/15 09:39:56.038, 4, 16, 2820 MHz, 10501 MHz, P0, 89.27 W
0, 2026/09/15 09:39:56.238, 4, 16, 2835 MHz, 10501 MHz, P0, 91.05 W
1, 2026/09/15 09:39:56.238, 4, 16, 2820 MHz, 10501 MHz, P0, 80.41 W
0, 2026/09/15 09:39:56.439, 4, 16, 2835 MHz, 10501 MHz, P0, 84.03 W
1, 2026/09/15 09:39:56.439, 4, 16, 2820 MHz, 10501 MHz, P0, 80.41 W
0, 2026/09/15 09:39:56.639, 4, 16, 2835 MHz, 10501 MHz, P0, 84.03 W
1, 2026/09/15 09:39:56.639, 4, 16, 2820 MHz, 10501 MHz, P0, 80.41 W
0, 2026/09/15 09:39:56.839, 2, 16, 2835 MHz, 10501 MHz, P5, 83.82 W
1, 2026/09/15 09:39:56.840, 4, 16, 2820 MHz, 10501 MHz, P0, 78.86 W
0, 2026/09/15 09:39:57.040, 2, 16, 2835 MHz, 10501 MHz, P5, 83.82 W
1, 2026/09/15 09:39:57.040, 4, 16, 2820 MHz, 10501 MHz, P0, 78.86 W
0, 2026/09/15 09:39:57.240, 2, 16, 2835 MHz, 10501 MHz, P5, 83.82 W
1, 2026/09/15 09:39:57.240, 4, 16, 2520 MHz, 10251 MHz, P2, 72.78 W
0, 2026/09/15 09:39:57.440, 4, 16, 2520 MHz, 10251 MHz, P2, 67.59 W
1, 2026/09/15 09:39:57.440, 4, 16, 2520 MHz, 10251 MHz, P2, 72.78 W
0, 2026/09/15 09:39:57.640, 4, 16, 2520 MHz, 10251 MHz, P2, 67.59 W
1, 2026/09/15 09:39:57.641, 4, 16, 2520 MHz, 10251 MHz, P2, 72.78 W
0, 2026/09/15 09:39:57.841, 4, 16, 2520 MHz, 10251 MHz, P2, 64.67 W
1, 2026/09/15 09:39:57.841, 4, 16, 2520 MHz, 10251 MHz, P2, 68.30 W
0, 2026/09/15 09:39:58.041, 4, 16, 2520 MHz, 10251 MHz, P2, 64.67 W
1, 2026/09/15 09:39:58.041, 4, 16, 2520 MHz, 10251 MHz, P2, 68.30 W
0, 2026/09/15 09:39:58.241, 4, 16, 2520 MHz, 10251 MHz, P2, 64.67 W
1, 2026/09/15 09:39:58.241, 4, 16, 2820 MHz, 10251 MHz, P2, 74.20 W
0, 2026/09/15 09:39:58.442, 4, 16, 2835 MHz, 10251 MHz, P2, 75.74 W
1, 2026/09/15 09:39:58.442, 4, 16, 2820 MHz, 10251 MHz, P2, 74.20 W
0, 2026/09/15 09:39:58.642, 4, 16, 2835 MHz, 10251 MHz, P2, 75.74 W
1, 2026/09/15 09:39:58.642, 4, 16, 2820 MHz, 10251 MHz, P2, 74.20 W
0, 2026/09/15 09:39:58.842, 4, 16, 2835 MHz, 10251 MHz, P2, 94.55 W
1, 2026/09/15 09:39:58.843, 4, 16, 2820 MHz, 10251 MHz, P2, 89.88 W
0, 2026/09/15 09:39:59.043, 4, 16, 2835 MHz, 10251 MHz, P2, 94.55 W
1, 2026/09/15 09:39:59.043, 4, 16, 2820 MHz, 10251 MHz, P2, 89.88 W
0, 2026/09/15 09:39:59.243, 4, 16, 2835 MHz, 10251 MHz, P2, 94.55 W
1, 2026/09/15 09:39:59.243, 4, 16, 2820 MHz, 10251 MHz, P2, 101.82 W
0, 2026/09/15 09:39:59.443, 4, 16, 2835 MHz, 10251 MHz, P2, 108.23 W
1, 2026/09/15 09:39:59.443, 4, 16, 2820 MHz, 10251 MHz, P2, 101.82 W
0, 2026/09/15 09:39:59.644, 4, 16, 2835 MHz, 10251 MHz, P2, 108.23 W
1, 2026/09/15 09:39:59.644, 4, 16, 2820 MHz, 10251 MHz, P2, 101.82 W
0, 2026/09/15 09:39:59.844, 4, 16, 2835 MHz, 10251 MHz, P2, 111.65 W
1, 2026/09/15 09:39:59.844, 4, 16, 2820 MHz, 10251 MHz, P2, 105.58 W
0, 2026/09/15 09:40:00.044, 4, 16, 2835 MHz, 10251 MHz, P2, 111.65 W
1, 2026/09/15 09:40:00.045, 4, 16, 2820 MHz, 10251 MHz, P2, 105.58 W
0, 2026/09/15 09:40:00.245, 4, 16, 2835 MHz, 10251 MHz, P2, 111.65 W
1, 2026/09/15 09:40:00.245, 4, 16, 2820 MHz, 10251 MHz, P2, 107.08 W
0, 2026/09/15 09:40:00.445, 4, 16, 2835 MHz, 10251 MHz, P2, 112.65 W
1, 2026/09/15 09:40:00.445, 4, 16, 2820 MHz, 10251 MHz, P2, 107.08 W
0, 2026/09/15 09:40:00.646, 4, 16, 2835 MHz, 10251 MHz, P2, 112.65 W
1, 2026/09/15 09:40:00.646, 4, 16, 2820 MHz, 10251 MHz, P2, 107.08 W
0, 2026/09/15 09:40:00.846, 4, 16, 2835 MHz, 10251 MHz, P2, 113.85 W
1, 2026/09/15 09:40:00.846, 4, 16, 2820 MHz, 10251 MHz, P2, 107.06 W
0, 2026/09/15 09:40:01.046, 4, 16, 2835 MHz, 10251 MHz, P2, 113.85 W
1, 2026/09/15 09:40:01.046, 4, 16, 2820 MHz, 10251 MHz, P2, 107.06 W
0, 2026/09/15 09:40:01.246, 4, 16, 2835 MHz, 10251 MHz, P2, 113.85 W
1, 2026/09/15 09:40:01.247, 4, 16, 2820 MHz, 10251 MHz, P2, 107.65 W
0, 2026/09/15 09:40:01.447, 4, 16, 2835 MHz, 10251 MHz, P2, 114.36 W
1, 2026/09/15 09:40:01.447, 4, 16, 2820 MHz, 10251 MHz, P2, 107.65 W
0, 2026/09/15 09:40:01.647, 4, 16, 2835 MHz, 10251 MHz, P2, 114.36 W
1, 2026/09/15 09:40:01.647, 4, 16, 2820 MHz, 10251 MHz, P2, 107.65 W
0, 2026/09/15 09:40:01.848, 4, 16, 2835 MHz, 10251 MHz, P2, 116.23 W
1, 2026/09/15 09:40:01.848, 4, 16, 2820 MHz, 10251 MHz, P2, 108.71 W
0, 2026/09/15 09:40:02.048, 4, 16, 2835 MHz, 10251 MHz, P2, 116.23 W
1, 2026/09/15 09:40:02.048, 4, 16, 2820 MHz, 10251 MHz, P2, 108.71 W
0, 2026/09/15 09:40:02.248, 4, 16, 2835 MHz, 10251 MHz, P2, 116.23 W
1, 2026/09/15 09:40:02.248, 4, 16, 2820 MHz, 10251 MHz, P2, 108.16 W
0, 2026/09/15 09:40:02.449, 4, 16, 2835 MHz, 10251 MHz, P2, 116.42 W
1, 2026/09/15 09:40:02.449, 4, 16, 2820 MHz, 10251 MHz, P2, 108.16 W
0, 2026/09/15 09:40:02.649, 4, 16, 2835 MHz, 10251 MHz, P2, 116.42 W
1, 2026/09/15 09:40:02.649, 4, 16, 2820 MHz, 10251 MHz, P2, 108.16 W
0, 2026/09/15 09:40:02.849, 4, 16, 2835 MHz, 10251 MHz, P2, 116.01 W
1, 2026/09/15 09:40:02.850, 4, 16, 2820 MHz, 10251 MHz, P2, 108.29 W
0, 2026/09/15 09:40:03.050, 4, 16, 2835 MHz, 10251 MHz, P2, 116.01 W
1, 2026/09/15 09:40:03.050, 4, 16, 2820 MHz, 10251 MHz, P2, 108.29 W
0, 2026/09/15 09:40:03.250, 4, 16, 2835 MHz, 10251 MHz, P2, 116.01 W
1, 2026/09/15 09:40:03.250, 4, 16, 2820 MHz, 10251 MHz, P2, 107.88 W
0, 2026/09/15 09:40:03.451, 4, 16, 2835 MHz, 10251 MHz, P2, 117.52 W
1, 2026/09/15 09:40:03.451, 4, 16, 2820 MHz, 10251 MHz, P2, 107.88 W
0, 2026/09/15 09:40:03.651, 4, 16, 2835 MHz, 10251 MHz, P2, 117.52 W
1, 2026/09/15 09:40:03.651, 4, 16, 2820 MHz, 10251 MHz, P2, 107.88 W
0, 2026/09/15 09:40:03.851, 4, 16, 2835 MHz, 10251 MHz, P2, 117.29 W
1, 2026/09/15 09:40:03.851, 4, 16, 2820 MHz, 10251 MHz, P2, 108.93 W
0, 2026/09/15 09:40:04.052, 4, 16, 2835 MHz, 10251 MHz, P2, 117.29 W
1, 2026/09/15 09:40:04.052, 4, 16, 2820 MHz, 10251 MHz, P2, 108.93 W
0, 2026/09/15 09:40:04.252, 4, 16, 2835 MHz, 10251 MHz, P2, 117.29 W
1, 2026/09/15 09:40:04.252, 4, 16, 2820 MHz, 10251 MHz, P2, 107.71 W
0, 2026/09/15 09:40:04.453, 4, 16, 2835 MHz, 10251 MHz, P2, 115.85 W
1, 2026/09/15 09:40:04.453, 4, 16, 2820 MHz, 10251 MHz, P2, 107.71 W
0, 2026/09/15 09:40:04.653, 4, 16, 2835 MHz, 10251 MHz, P2, 115.85 W
1, 2026/09/15 09:40:04.653, 4, 16, 2820 MHz, 10251 MHz, P2, 107.71 W
0, 2026/09/15 09:40:04.853, 4, 16, 2835 MHz, 10251 MHz, P2, 115.36 W
1, 2026/09/15 09:40:04.854, 4, 16, 2820 MHz, 10251 MHz, P2, 107.77 W
0, 2026/09/15 09:40:05.054, 4, 16, 2835 MHz, 10251 MHz, P2, 115.36 W
1, 2026/09/15 09:40:05.054, 4, 16, 2820 MHz, 10251 MHz, P2, 107.77 W
0, 2026/09/15 09:40:05.254, 4, 16, 2835 MHz, 10251 MHz, P2, 115.36 W
1, 2026/09/15 09:40:05.255, 4, 16, 2820 MHz, 10251 MHz, P2, 97.01 W
0, 2026/09/15 09:40:05.455, 4, 16, 2835 MHz, 10251 MHz, P2, 101.91 W
1, 2026/09/15 09:40:05.455, 4, 16, 2820 MHz, 10251 MHz, P2, 97.01 W
0, 2026/09/15 09:40:05.655, 4, 16, 2835 MHz, 10251 MHz, P2, 101.91 W
1, 2026/09/15 09:40:05.655, 4, 16, 2820 MHz, 10251 MHz, P2, 97.01 W
0, 2026/09/15 09:40:05.856, 4, 16, 2835 MHz, 10501 MHz, P0, 88.51 W
1, 2026/09/15 09:40:05.856, 4, 16, 2820 MHz, 10501 MHz, P0, 86.21 W
0, 2026/09/15 09:40:06.056, 4, 16, 2835 MHz, 10501 MHz, P0, 88.51 W
1, 2026/09/15 09:40:06.056, 4, 16, 2820 MHz, 10501 MHz, P0, 86.21 W
0, 2026/09/15 09:40:06.256, 4, 16, 2835 MHz, 10501 MHz, P0, 88.51 W
1, 2026/09/15 09:40:06.257, 4, 16, 2820 MHz, 10501 MHz, P0, 80.66 W
0, 2026/09/15 09:40:06.457, 4, 16, 2835 MHz, 10501 MHz, P0, 86.44 W
1, 2026/09/15 09:40:06.457, 4, 16, 2820 MHz, 10501 MHz, P0, 80.66 W
0, 2026/09/15 09:40:06.657, 4, 16, 2835 MHz, 10501 MHz, P0, 86.44 W
1, 2026/09/15 09:40:06.657, 4, 16, 2820 MHz, 10501 MHz, P0, 80.66 W
0, 2026/09/15 09:40:06.858, 2, 16, 2835 MHz, 10501 MHz, P5, 85.78 W
1, 2026/09/15 09:40:06.858, 4, 16, 2820 MHz, 10501 MHz, P0, 79.05 W
0, 2026/09/15 09:40:07.058, 2, 16, 2835 MHz, 10501 MHz, P5, 85.78 W
1, 2026/09/15 09:40:07.084, 4, 16, 2820 MHz, 10501 MHz, P0, 79.05 W
0, 2026/09/15 09:40:07.284, 2, 16, 2835 MHz, 10501 MHz, P5, 85.78 W
1, 2026/09/15 09:40:07.284, 4, 16, 2520 MHz, 10501 MHz, P0, 66.42 W
0, 2026/09/15 09:40:07.484, 4, 16, 2520 MHz, 10251 MHz, P2, 61.51 W
1, 2026/09/15 09:40:07.484, 4, 16, 2520 MHz, 10501 MHz, P0, 66.42 W
0, 2026/09/15 09:40:07.685, 4, 16, 2520 MHz, 10251 MHz, P2, 61.51 W
1, 2026/09/15 09:40:07.686, 4, 16, 2520 MHz, 10501 MHz, P0, 66.42 W
0, 2026/09/15 09:40:07.886, 4, 16, 2520 MHz, 10251 MHz, P2, 57.41 W
1, 2026/09/15 09:40:07.887, 4, 16, 2520 MHz, 10251 MHz, P2, 61.59 W
0, 2026/09/15 09:40:08.087, 4, 16, 2520 MHz, 10251 MHz, P2, 57.41 W
1, 2026/09/15 09:40:08.087, 4, 16, 2520 MHz, 10251 MHz, P2, 61.59 W
0, 2026/09/15 09:40:08.287, 4, 16, 2520 MHz, 10251 MHz, P2, 57.41 W
1, 2026/09/15 09:40:08.287, 4, 16, 2820 MHz, 10251 MHz, P2, 65.51 W
0, 2026/09/15 09:40:08.488, 4, 16, 2835 MHz, 10251 MHz, P2, 72.61 W
1, 2026/09/15 09:40:08.488, 4, 16, 2820 MHz, 10251 MHz, P2, 65.51 W
0, 2026/09/15 09:40:08.688, 4, 16, 2835 MHz, 10251 MHz, P2, 72.61 W
1, 2026/09/15 09:40:08.688, 4, 16, 2820 MHz, 10251 MHz, P2, 65.51 W
0, 2026/09/15 09:40:08.889, 4, 16, 2835 MHz, 10251 MHz, P2, 90.97 W
1, 2026/09/15 09:40:08.889, 4, 16, 2820 MHz, 10251 MHz, P2, 83.47 W
0, 2026/09/15 09:40:09.089, 4, 16, 2835 MHz, 10251 MHz, P2, 90.97 W
1, 2026/09/15 09:40:09.089, 4, 16, 2820 MHz, 10251 MHz, P2, 83.47 W
0, 2026/09/15 09:40:09.290, 4, 16, 2835 MHz, 10251 MHz, P2, 90.97 W
1, 2026/09/15 09:40:09.290, 4, 16, 2820 MHz, 10251 MHz, P2, 98.80 W
0, 2026/09/15 09:40:09.490, 4, 16, 2835 MHz, 10251 MHz, P2, 106.77 W
1, 2026/09/15 09:40:09.490, 4, 16, 2820 MHz, 10251 MHz, P2, 98.80 W
0, 2026/09/15 09:40:09.691, 4, 16, 2835 MHz, 10251 MHz, P2, 106.77 W
1, 2026/09/15 09:40:09.691, 4, 16, 2820 MHz, 10251 MHz, P2, 98.80 W
0, 2026/09/15 09:40:09.891, 4, 16, 2835 MHz, 10251 MHz, P2, 111.00 W
1, 2026/09/15 09:40:09.891, 4, 16, 2820 MHz, 10251 MHz, P2, 103.42 W
0, 2026/09/15 09:40:10.091, 4, 16, 2835 MHz, 10251 MHz, P2, 111.00 W
1, 2026/09/15 09:40:10.092, 4, 16, 2820 MHz, 10251 MHz, P2, 103.42 W
0, 2026/09/15 09:40:10.292, 4, 16, 2835 MHz, 10251 MHz, P2, 111.00 W
1, 2026/09/15 09:40:10.292, 4, 16, 2820 MHz, 10251 MHz, P2, 105.31 W
0, 2026/09/15 09:40:10.492, 4, 16, 2835 MHz, 10251 MHz, P2, 113.02 W
1, 2026/09/15 09:40:10.492, 4, 16, 2820 MHz, 10251 MHz, P2, 105.31 W
0, 2026/09/15 09:40:10.693, 4, 16, 2835 MHz, 10251 MHz, P2, 113.02 W
1, 2026/09/15 09:40:10.693, 4, 16, 2820 MHz, 10251 MHz, P2, 105.31 W
0, 2026/09/15 09:40:10.893, 4, 16, 2835 MHz, 10251 MHz, P2, 114.06 W
1, 2026/09/15 09:40:10.893, 4, 16, 2820 MHz, 10251 MHz, P2, 105.96 W
0, 2026/09/15 09:40:11.094, 4, 16, 2835 MHz, 10251 MHz, P2, 114.06 W
1, 2026/09/15 09:40:11.094, 4, 16, 2820 MHz, 10251 MHz, P2, 105.96 W
0, 2026/09/15 09:40:11.294, 4, 16, 2835 MHz, 10251 MHz, P2, 114.06 W
1, 2026/09/15 09:40:11.294, 4, 16, 2820 MHz, 10251 MHz, P2, 106.56 W
0, 2026/09/15 09:40:11.495, 4, 16, 2835 MHz, 10251 MHz, P2, 114.79 W
1, 2026/09/15 09:40:11.495, 4, 16, 2820 MHz, 10251 MHz, P2, 106.56 W
0, 2026/09/15 09:40:11.695, 4, 16, 2835 MHz, 10251 MHz, P2, 114.79 W
1, 2026/09/15 09:40:11.695, 4, 16, 2820 MHz, 10251 MHz, P2, 106.56 W
0, 2026/09/15 09:40:11.895, 4, 16, 2835 MHz, 10251 MHz, P2, 115.12 W
1, 2026/09/15 09:40:11.896, 4, 16, 2820 MHz, 10251 MHz, P2, 106.54 W
0, 2026/09/15 09:40:12.096, 4, 16, 2835 MHz, 10251 MHz, P2, 115.12 W
1, 2026/09/15 09:40:12.096, 4, 16, 2820 MHz, 10251 MHz, P2, 106.54 W
0, 2026/09/15 09:40:12.296, 4, 16, 2835 MHz, 10251 MHz, P2, 115.12 W
1, 2026/09/15 09:40:12.296, 4, 16, 2820 MHz, 10251 MHz, P2, 107.11 W
0, 2026/09/15 09:40:12.497, 4, 16, 2835 MHz, 10251 MHz, P2, 115.75 W
1, 2026/09/15 09:40:12.497, 4, 16, 2820 MHz, 10251 MHz, P2, 107.11 W
0, 2026/09/15 09:40:12.697, 4, 16, 2835 MHz, 10251 MHz, P2, 115.75 W
1, 2026/09/15 09:40:12.697, 4, 16, 2820 MHz, 10251 MHz, P2, 107.11 W
0, 2026/09/15 09:40:12.898, 4, 16, 2835 MHz, 10251 MHz, P2, 116.66 W
1, 2026/09/15 09:40:12.898, 4, 16, 2820 MHz, 10251 MHz, P2, 107.09 W
0, 2026/09/15 09:40:13.098, 4, 16, 2835 MHz, 10251 MHz, P2, 116.66 W
1, 2026/09/15 09:40:13.098, 4, 16, 2820 MHz, 10251 MHz, P2, 107.09 W
0, 2026/09/15 09:40:13.299, 4, 16, 2835 MHz, 10251 MHz, P2, 116.57 W
1, 2026/09/15 09:40:13.299, 4, 16, 2820 MHz, 10251 MHz, P2, 106.78 W
0, 2026/09/15 09:40:13.499, 4, 16, 2835 MHz, 10251 MHz, P2, 116.57 W
1, 2026/09/15 09:40:13.499, 4, 16, 2820 MHz, 10251 MHz, P2, 106.78 W
0, 2026/09/15 09:40:13.699, 4, 16, 2835 MHz, 10251 MHz, P2, 116.57 W
1, 2026/09/15 09:40:13.700, 4, 16, 2820 MHz, 10251 MHz, P2, 106.78 W
0, 2026/09/15 09:40:13.900, 4, 16, 2835 MHz, 10251 MHz, P2, 117.46 W
1, 2026/09/15 09:40:13.900, 4, 16, 2820 MHz, 10251 MHz, P2, 107.87 W
0, 2026/09/15 09:40:14.100, 4, 16, 2835 MHz, 10251 MHz, P2, 117.46 W
1, 2026/09/15 09:40:14.101, 4, 16, 2820 MHz, 10251 MHz, P2, 107.87 W
0, 2026/09/15 09:40:14.301, 4, 16, 2835 MHz, 10251 MHz, P2, 117.32 W
1, 2026/09/15 09:40:14.301, 4, 16, 2820 MHz, 10251 MHz, P2, 107.82 W
0, 2026/09/15 09:40:14.501, 4, 16, 2835 MHz, 10251 MHz, P2, 117.32 W
1, 2026/09/15 09:40:14.502, 4, 16, 2820 MHz, 10251 MHz, P2, 107.82 W
0, 2026/09/15 09:40:14.702, 4, 16, 2835 MHz, 10251 MHz, P2, 117.32 W
1, 2026/09/15 09:40:14.702, 4, 16, 2820 MHz, 10251 MHz, P2, 107.82 W
0, 2026/09/15 09:40:14.902, 4, 16, 2835 MHz, 10251 MHz, P2, 116.43 W
1, 2026/09/15 09:40:14.903, 4, 16, 2820 MHz, 10251 MHz, P2, 107.32 W
0, 2026/09/15 09:40:15.103, 4, 16, 2835 MHz, 10251 MHz, P2, 116.43 W
1, 2026/09/15 09:40:15.103, 4, 16, 2820 MHz, 10251 MHz, P2, 107.32 W
0, 2026/09/15 09:40:15.303, 4, 16, 2835 MHz, 10251 MHz, P2, 114.32 W
1, 2026/09/15 09:40:15.304, 4, 16, 2820 MHz, 10251 MHz, P2, 107.45 W
0, 2026/09/15 09:40:15.504, 4, 16, 2835 MHz, 10251 MHz, P2, 114.32 W
1, 2026/09/15 09:40:15.504, 4, 16, 2820 MHz, 10251 MHz, P2, 107.45 W
0, 2026/09/15 09:40:15.704, 4, 16, 2835 MHz, 10251 MHz, P2, 114.32 W
1, 2026/09/15 09:40:15.704, 4, 16, 2820 MHz, 10251 MHz, P2, 107.45 W
0, 2026/09/15 09:40:15.905, 4, 16, 2835 MHz, 10501 MHz, P0, 101.84 W
1, 2026/09/15 09:40:15.905, 4, 16, 2820 MHz, 10501 MHz, P0, 96.62 W
0, 2026/09/15 09:40:16.105, 4, 16, 2835 MHz, 10501 MHz, P0, 101.84 W
1, 2026/09/15 09:40:16.105, 4, 16, 2820 MHz, 10501 MHz, P0, 96.62 W
0, 2026/09/15 09:40:16.305, 4, 16, 2835 MHz, 10501 MHz, P0, 87.02 W
1, 2026/09/15 09:40:16.307, 4, 16, 2820 MHz, 10501 MHz, P0, 83.53 W
0, 2026/09/15 09:40:16.507, 4, 16, 2835 MHz, 10501 MHz, P0, 87.02 W
1, 2026/09/15 09:40:16.508, 4, 16, 2820 MHz, 10501 MHz, P0, 83.53 W
0, 2026/09/15 09:40:16.708, 4, 16, 2835 MHz, 10501 MHz, P0, 87.02 W
1, 2026/09/15 09:40:16.708, 4, 16, 2820 MHz, 10501 MHz, P0, 83.53 W
0, 2026/09/15 09:40:16.908, 4, 16, 2835 MHz, 10501 MHz, P0, 86.17 W
1, 2026/09/15 09:40:16.909, 4, 16, 2820 MHz, 10501 MHz, P0, 79.41 W
0, 2026/09/15 09:40:17.109, 4, 16, 2835 MHz, 10501 MHz, P0, 86.17 W
1, 2026/09/15 09:40:17.109, 4, 16, 2820 MHz, 10501 MHz, P0, 79.41 W
0, 2026/09/15 09:40:17.309, 4, 16, 2520 MHz, 10501 MHz, P2, 81.36 W
1, 2026/09/15 09:40:17.310, 2, 16, 690 MHz, 810 MHz, P5, 75.45 W
0, 2026/09/15 09:40:17.520, 4, 16, 2520 MHz, 10501 MHz, P2, 81.36 W
1, 2026/09/15 09:40:17.520, 2, 16, 690 MHz, 810 MHz, P5, 75.45 W
0, 2026/09/15 09:40:17.721, 4, 16, 2520 MHz, 10501 MHz, P2, 81.36 W
1, 2026/09/15 09:40:17.721, 2, 16, 690 MHz, 810 MHz, P5, 75.45 W
0, 2026/09/15 09:40:17.921, 4, 16, 2520 MHz, 10251 MHz, P2, 73.57 W
1, 2026/09/15 09:40:17.921, 4, 16, 2520 MHz, 10251 MHz, P2, 63.87 W
0, 2026/09/15 09:40:18.122, 4, 16, 2520 MHz, 10251 MHz, P2, 73.57 W
1, 2026/09/15 09:40:18.122, 4, 16, 2520 MHz, 10251 MHz, P2, 63.87 W
0, 2026/09/15 09:40:18.322, 4, 16, 2520 MHz, 10251 MHz, P2, 68.91 W
1, 2026/09/15 09:40:18.322, 4, 16, 2520 MHz, 10251 MHz, P2, 58.72 W
0, 2026/09/15 09:40:18.523, 4, 16, 2520 MHz, 10251 MHz, P2, 68.91 W
1, 2026/09/15 09:40:18.523, 4, 16, 2520 MHz, 10251 MHz, P2, 58.72 W
0, 2026/09/15 09:40:18.723, 4, 16, 2520 MHz, 10251 MHz, P2, 68.91 W
1, 2026/09/15 09:40:18.723, 4, 16, 2520 MHz, 10251 MHz, P2, 58.72 W
0, 2026/09/15 09:40:18.924, 4, 16, 2835 MHz, 10251 MHz, P2, 86.26 W
1, 2026/09/15 09:40:18.924, 4, 16, 2820 MHz, 10251 MHz, P2, 78.30 W
0, 2026/09/15 09:40:19.124, 4, 16, 2835 MHz, 10251 MHz, P2, 86.26 W
1, 2026/09/15 09:40:19.124, 4, 16, 2820 MHz, 10251 MHz, P2, 78.30 W
0, 2026/09/15 09:40:19.324, 4, 16, 2835 MHz, 10251 MHz, P2, 105.29 W
1, 2026/09/15 09:40:19.325, 4, 16, 2820 MHz, 10251 MHz, P2, 95.67 W
0, 2026/09/15 09:40:19.525, 4, 16, 2835 MHz, 10251 MHz, P2, 105.29 W
1, 2026/09/15 09:40:19.525, 4, 16, 2820 MHz, 10251 MHz, P2, 95.67 W
0, 2026/09/15 09:40:19.725, 4, 16, 2835 MHz, 10251 MHz, P2, 105.29 W
1, 2026/09/15 09:40:19.725, 4, 16, 2820 MHz, 10251 MHz, P2, 95.67 W
0, 2026/09/15 09:40:19.926, 4, 16, 2835 MHz, 10251 MHz, P2, 113.65 W
1, 2026/09/15 09:40:19.926, 4, 16, 2820 MHz, 10251 MHz, P2, 104.44 W
0, 2026/09/15 09:40:20.126, 4, 16, 2835 MHz, 10251 MHz, P2, 113.65 W
1, 2026/09/15 09:40:20.126, 4, 16, 2820 MHz, 10251 MHz, P2, 104.44 W
0, 2026/09/15 09:40:20.326, 4, 16, 2835 MHz, 10251 MHz, P2, 115.14 W
1, 2026/09/15 09:40:20.327, 4, 16, 2820 MHz, 10251 MHz, P2, 106.42 W
0, 2026/09/15 09:40:20.527, 4, 16, 2835 MHz, 10251 MHz, P2, 115.14 W
1, 2026/09/15 09:40:20.527, 4, 16, 2820 MHz, 10251 MHz, P2, 106.42 W
0, 2026/09/15 09:40:20.727, 4, 16, 2835 MHz, 10251 MHz, P2, 115.14 W
1, 2026/09/15 09:40:20.728, 4, 16, 2820 MHz, 10251 MHz, P2, 106.42 W
0, 2026/09/15 09:40:20.928, 4, 16, 2835 MHz, 10251 MHz, P2, 115.51 W
1, 2026/09/15 09:40:20.928, 4, 16, 2820 MHz, 10251 MHz, P2, 107.08 W
0, 2026/09/15 09:40:21.128, 4, 16, 2835 MHz, 10251 MHz, P2, 115.51 W
1, 2026/09/15 09:40:21.128, 4, 16, 2820 MHz, 10251 MHz, P2, 107.08 W
0, 2026/09/15 09:40:21.329, 4, 16, 2835 MHz, 10251 MHz, P2, 116.10 W
1, 2026/09/15 09:40:21.329, 4, 16, 2820 MHz, 10251 MHz, P2, 107.77 W
0, 2026/09/15 09:40:21.529, 4, 16, 2835 MHz, 10251 MHz, P2, 116.10 W
1, 2026/09/15 09:40:21.529, 4, 16, 2820 MHz, 10251 MHz, P2, 107.77 W
0, 2026/09/15 09:40:21.730, 4, 16, 2835 MHz, 10251 MHz, P2, 116.10 W
1, 2026/09/15 09:40:21.730, 4, 16, 2820 MHz, 10251 MHz, P2, 107.77 W
0, 2026/09/15 09:40:21.930, 4, 16, 2835 MHz, 10251 MHz, P2, 115.40 W
1, 2026/09/15 09:40:21.930, 4, 16, 2820 MHz, 10251 MHz, P2, 107.24 W
0, 2026/09/15 09:40:22.130, 4, 16, 2835 MHz, 10251 MHz, P2, 115.40 W
1, 2026/09/15 09:40:22.131, 4, 16, 2820 MHz, 10251 MHz, P2, 107.24 W
0, 2026/09/15 09:40:22.331, 4, 16, 2835 MHz, 10251 MHz, P2, 115.92 W
1, 2026/09/15 09:40:22.331, 4, 16, 2820 MHz, 10251 MHz, P2, 107.86 W
0, 2026/09/15 09:40:22.531, 4, 16, 2835 MHz, 10251 MHz, P2, 115.92 W
1, 2026/09/15 09:40:22.531, 4, 16, 2820 MHz, 10251 MHz, P2, 107.86 W
0, 2026/09/15 09:40:22.732, 4, 16, 2835 MHz, 10251 MHz, P2, 115.92 W
1, 2026/09/15 09:40:22.732, 4, 16, 2820 MHz, 10251 MHz, P2, 107.86 W
0, 2026/09/15 09:40:22.932, 4, 16, 2835 MHz, 10251 MHz, P2, 116.58 W
1, 2026/09/15 09:40:22.932, 4, 16, 2820 MHz, 10251 MHz, P2, 108.26 W
0, 2026/09/15 09:40:23.132, 4, 16, 2835 MHz, 10251 MHz, P2, 116.58 W
1, 2026/09/15 09:40:23.133, 4, 16, 2820 MHz, 10251 MHz, P2, 108.26 W
0, 2026/09/15 09:40:23.333, 4, 16, 2835 MHz, 10251 MHz, P2, 116.82 W
1, 2026/09/15 09:40:23.333, 4, 16, 2820 MHz, 10251 MHz, P2, 107.24 W
0, 2026/09/15 09:40:23.533, 4, 16, 2835 MHz, 10251 MHz, P2, 116.82 W
1, 2026/09/15 09:40:23.533, 4, 16, 2820 MHz, 10251 MHz, P2, 107.24 W
0, 2026/09/15 09:40:23.734, 4, 16, 2835 MHz, 10251 MHz, P2, 116.82 W
1, 2026/09/15 09:40:23.734, 4, 16, 2820 MHz, 10251 MHz, P2, 107.24 W
0, 2026/09/15 09:40:23.934, 4, 16, 2835 MHz, 10251 MHz, P2, 117.42 W
1, 2026/09/15 09:40:23.934, 4, 16, 2820 MHz, 10251 MHz, P2, 108.99 W
0, 2026/09/15 09:40:24.134, 4, 16, 2835 MHz, 10251 MHz, P2, 117.42 W
1, 2026/09/15 09:40:24.135, 4, 16, 2820 MHz, 10251 MHz, P2, 108.99 W
0, 2026/09/15 09:40:24.335, 4, 16, 2835 MHz, 10251 MHz, P2, 117.08 W
1, 2026/09/15 09:40:24.335, 4, 16, 2820 MHz, 10251 MHz, P2, 109.00 W
0, 2026/09/15 09:40:24.535, 4, 16, 2835 MHz, 10251 MHz, P2, 117.08 W
1, 2026/09/15 09:40:24.536, 4, 16, 2820 MHz, 10251 MHz, P2, 109.00 W
0, 2026/09/15 09:40:24.736, 4, 16, 2835 MHz, 10251 MHz, P2, 117.08 W
1, 2026/09/15 09:40:24.736, 4, 16, 2820 MHz, 10251 MHz, P2, 109.00 W
0, 2026/09/15 09:40:24.936, 4, 16, 2835 MHz, 10251 MHz, P2, 114.84 W
1, 2026/09/15 09:40:24.936, 4, 16, 2820 MHz, 10251 MHz, P2, 107.28 W
0, 2026/09/15 09:40:25.137, 4, 16, 2835 MHz, 10251 MHz, P2, 114.84 W
1, 2026/09/15 09:40:25.137, 4, 16, 2820 MHz, 10251 MHz, P2, 107.28 W
0, 2026/09/15 09:40:25.337, 4, 16, 2835 MHz, 10251 MHz, P2, 105.16 W
1, 2026/09/15 09:40:25.337, 4, 16, 2820 MHz, 10251 MHz, P2, 101.03 W
0, 2026/09/15 09:40:25.537, 4, 16, 2835 MHz, 10251 MHz, P2, 105.16 W
1, 2026/09/15 09:40:25.538, 4, 16, 2820 MHz, 10251 MHz, P2, 101.03 W
0, 2026/09/15 09:40:25.739, 4, 16, 2835 MHz, 10251 MHz, P2, 105.16 W
1, 2026/09/15 09:40:25.748, 4, 16, 2820 MHz, 10501 MHz, P0, 89.67 W
0, 2026/09/15 09:40:25.948, 4, 16, 2835 MHz, 10501 MHz, P0, 93.14 W
1, 2026/09/15 09:40:25.948, 4, 16, 2820 MHz, 10501 MHz, P0, 89.67 W
0, 2026/09/15 09:40:26.148, 4, 16, 2835 MHz, 10501 MHz, P0, 93.14 W
1, 2026/09/15 09:40:26.148, 4, 16, 2820 MHz, 10501 MHz, P0, 89.67 W
0, 2026/09/15 09:40:26.349, 4, 16, 2835 MHz, 10501 MHz, P0, 86.23 W
1, 2026/09/15 09:40:26.349, 4, 16, 2820 MHz, 10501 MHz, P0, 80.31 W
0, 2026/09/15 09:40:26.549, 4, 16, 2835 MHz, 10501 MHz, P0, 86.23 W
1, 2026/09/15 09:40:26.549, 4, 16, 2820 MHz, 10501 MHz, P0, 80.31 W
0, 2026/09/15 09:40:26.749, 4, 16, 2835 MHz, 10501 MHz, P0, 86.23 W
1, 2026/09/15 09:40:26.750, 4, 16, 2520 MHz, 10501 MHz, P0, 78.94 W
0, 2026/09/15 09:40:26.950, 2, 16, 2520 MHz, 10501 MHz, P5, 86.16 W
1, 2026/09/15 09:40:26.950, 4, 16, 2520 MHz, 10501 MHz, P0, 78.94 W
0, 2026/09/15 09:40:27.150, 2, 16, 2520 MHz, 10501 MHz, P5, 86.16 W
1, 2026/09/15 09:40:27.150, 4, 16, 2520 MHz, 10501 MHz, P0, 78.94 W
0, 2026/09/15 09:40:27.351, 4, 16, 2520 MHz, 10501 MHz, P0, 57.87 W
1, 2026/09/15 09:40:27.353, 2, 16, 780 MHz, 810 MHz, P5, 66.74 W
0, 2026/09/15 09:40:27.554, 4, 16, 2520 MHz, 10501 MHz, P0, 57.87 W
1, 2026/09/15 09:40:27.555, 2, 16, 780 MHz, 810 MHz, P5, 66.74 W
0, 2026/09/15 09:40:27.755, 4, 16, 2520 MHz, 10501 MHz, P0, 57.87 W
1, 2026/09/15 09:40:27.755, 4, 16, 2520 MHz, 10251 MHz, P2, 54.50 W
0, 2026/09/15 09:40:27.955, 4, 16, 2520 MHz, 10251 MHz, P2, 49.28 W
1, 2026/09/15 09:40:27.956, 4, 16, 2520 MHz, 10251 MHz, P2, 54.50 W
0, 2026/09/15 09:40:28.157, 4, 16, 2520 MHz, 10251 MHz, P2, 49.28 W
1, 2026/09/15 09:40:28.157, 4, 16, 2520 MHz, 10251 MHz, P2, 54.50 W
0, 2026/09/15 09:40:28.357, 4, 16, 2520 MHz, 10251 MHz, P2, 64.97 W
1, 2026/09/15 09:40:28.358, 4, 16, 2520 MHz, 10251 MHz, P2, 56.74 W
0, 2026/09/15 09:40:28.558, 4, 16, 2520 MHz, 10251 MHz, P2, 64.97 W
1, 2026/09/15 09:40:28.558, 4, 16, 2520 MHz, 10251 MHz, P2, 56.74 W
0, 2026/09/15 09:40:28.758, 4, 16, 2520 MHz, 10251 MHz, P2, 64.97 W
1, 2026/09/15 09:40:28.759, 4, 16, 2820 MHz, 10251 MHz, P2, 77.18 W
0, 2026/09/15 09:40:28.959, 4, 16, 2835 MHz, 10251 MHz, P2, 83.95 W
1, 2026/09/15 09:40:28.959, 4, 16, 2820 MHz, 10251 MHz, P2, 77.18 W
0, 2026/09/15 09:40:29.159, 4, 16, 2835 MHz, 10251 MHz, P2, 83.95 W
1, 2026/09/15 09:40:29.159, 4, 16, 2820 MHz, 10251 MHz, P2, 77.18 W
0, 2026/09/15 09:40:29.360, 4, 16, 2835 MHz, 10251 MHz, P2, 103.67 W
1, 2026/09/15 09:40:29.360, 4, 16, 2820 MHz, 10251 MHz, P2, 94.04 W
0, 2026/09/15 09:40:29.560, 4, 16, 2835 MHz, 10251 MHz, P2, 103.67 W
1, 2026/09/15 09:40:29.560, 4, 16, 2820 MHz, 10251 MHz, P2, 94.04 W
0, 2026/09/15 09:40:29.761, 4, 16, 2835 MHz, 10251 MHz, P2, 103.67 W
1, 2026/09/15 09:40:29.761, 4, 16, 2820 MHz, 10251 MHz, P2, 103.15 W
0, 2026/09/15 09:40:29.961, 4, 16, 2835 MHz, 10251 MHz, P2, 111.10 W
1, 2026/09/15 09:40:29.961, 4, 16, 2820 MHz, 10251 MHz, P2, 103.15 W
0, 2026/09/15 09:40:30.161, 4, 16, 2835 MHz, 10251 MHz, P2, 111.10 W
1, 2026/09/15 09:40:30.162, 4, 16, 2820 MHz, 10251 MHz, P2, 103.15 W
0, 2026/09/15 09:40:30.362, 4, 16, 2835 MHz, 10251 MHz, P2, 113.61 W
1, 2026/09/15 09:40:30.362, 4, 16, 2820 MHz, 10251 MHz, P2, 105.71 W
0, 2026/09/15 09:40:30.562, 4, 16, 2835 MHz, 10251 MHz, P2, 113.61 W
1, 2026/09/15 09:40:30.563, 4, 16, 2820 MHz, 10251 MHz, P2, 105.71 W
0, 2026/09/15 09:40:30.763, 4, 16, 2835 MHz, 10251 MHz, P2, 113.61 W
1, 2026/09/15 09:40:30.763, 4, 16, 2820 MHz, 10251 MHz, P2, 106.65 W
0, 2026/09/15 09:40:30.963, 4, 16, 2835 MHz, 10251 MHz, P2, 115.30 W
1, 2026/09/15 09:40:30.963, 4, 16, 2820 MHz, 10251 MHz, P2, 106.65 W
0, 2026/09/15 09:40:31.164, 4, 16, 2835 MHz, 10251 MHz, P2, 115.30 W
1, 2026/09/15 09:40:31.164, 4, 16, 2820 MHz, 10251 MHz, P2, 106.65 W
0, 2026/09/15 09:40:31.364, 4, 16, 2835 MHz, 10251 MHz, P2, 116.50 W
1, 2026/09/15 09:40:31.364, 4, 16, 2820 MHz, 10251 MHz, P2, 107.36 W
0, 2026/09/15 09:40:31.564, 4, 16, 2835 MHz, 10251 MHz, P2, 116.50 W
1, 2026/09/15 09:40:31.565, 4, 16, 2820 MHz, 10251 MHz, P2, 107.36 W
0, 2026/09/15 09:40:31.765, 4, 16, 2835 MHz, 10251 MHz, P2, 116.50 W
1, 2026/09/15 09:40:31.765, 4, 16, 2820 MHz, 10251 MHz, P2, 107.32 W
0, 2026/09/15 09:40:31.965, 4, 16, 2835 MHz, 10251 MHz, P2, 116.53 W
1, 2026/09/15 09:40:31.966, 4, 16, 2820 MHz, 10251 MHz, P2, 107.32 W
0, 2026/09/15 09:40:32.166, 4, 16, 2835 MHz, 10251 MHz, P2, 116.53 W
1, 2026/09/15 09:40:32.166, 4, 16, 2820 MHz, 10251 MHz, P2, 107.32 W
0, 2026/09/15 09:40:32.366, 4, 16, 2835 MHz, 10251 MHz, P2, 116.84 W
1, 2026/09/15 09:40:32.366, 4, 16, 2820 MHz, 10251 MHz, P2, 108.06 W
0, 2026/09/15 09:40:32.567, 4, 16, 2835 MHz, 10251 MHz, P2, 116.84 W
1, 2026/09/15 09:40:32.567, 4, 16, 2820 MHz, 10251 MHz, P2, 108.06 W
0, 2026/09/15 09:40:32.767, 4, 16, 2835 MHz, 10251 MHz, P2, 116.84 W
1, 2026/09/15 09:40:32.767, 4, 16, 2820 MHz, 10251 MHz, P2, 107.91 W
0, 2026/09/15 09:40:32.967, 4, 16, 2835 MHz, 10251 MHz, P2, 117.15 W
1, 2026/09/15 09:40:32.968, 4, 16, 2820 MHz, 10251 MHz, P2, 107.91 W
0, 2026/09/15 09:40:33.168, 4, 16, 2835 MHz, 10251 MHz, P2, 117.15 W
1, 2026/09/15 09:40:33.168, 4, 16, 2820 MHz, 10251 MHz, P2, 107.91 W
0, 2026/09/15 09:40:33.368, 4, 16, 2835 MHz, 10251 MHz, P2, 117.48 W
1, 2026/09/15 09:40:33.368, 4, 16, 2820 MHz, 10251 MHz, P2, 107.32 W
0, 2026/09/15 09:40:33.569, 4, 16, 2835 MHz, 10251 MHz, P2, 117.48 W
1, 2026/09/15 09:40:33.569, 4, 16, 2820 MHz, 10251 MHz, P2, 107.32 W
0, 2026/09/15 09:40:33.769, 4, 16, 2835 MHz, 10251 MHz, P2, 117.48 W
1, 2026/09/15 09:40:33.769, 4, 16, 2820 MHz, 10251 MHz, P2, 108.24 W
0, 2026/09/15 09:40:33.970, 4, 16, 2835 MHz, 10251 MHz, P2, 117.78 W
1, 2026/09/15 09:40:33.970, 4, 16, 2820 MHz, 10251 MHz, P2, 108.24 W
0, 2026/09/15 09:40:34.170, 4, 16, 2835 MHz, 10251 MHz, P2, 117.78 W
1, 2026/09/15 09:40:34.170, 4, 16, 2820 MHz, 10251 MHz, P2, 108.24 W
0, 2026/09/15 09:40:34.370, 4, 16, 2835 MHz, 10251 MHz, P2, 117.73 W
1, 2026/09/15 09:40:34.371, 4, 16, 2820 MHz, 10251 MHz, P2, 108.20 W
0, 2026/09/15 09:40:34.571, 4, 16, 2835 MHz, 10251 MHz, P2, 117.73 W
1, 2026/09/15 09:40:34.571, 4, 16, 2820 MHz, 10251 MHz, P2, 108.20 W
0, 2026/09/15 09:40:34.771, 4, 16, 2835 MHz, 10251 MHz, P2, 117.73 W
1, 2026/09/15 09:40:34.772, 4, 16, 2820 MHz, 10251 MHz, P2, 107.33 W
0, 2026/09/15 09:40:34.972, 4, 16, 2835 MHz, 10251 MHz, P2, 117.79 W
1, 2026/09/15 09:40:34.972, 4, 16, 2820 MHz, 10251 MHz, P2, 107.33 W
0, 2026/09/15 09:40:35.172, 4, 16, 2835 MHz, 10251 MHz, P2, 117.79 W
1, 2026/09/15 09:40:35.172, 4, 16, 2820 MHz, 10251 MHz, P2, 107.33 W
0, 2026/09/15 09:40:35.373, 4, 16, 2835 MHz, 10251 MHz, P2, 106.41 W
1, 2026/09/15 09:40:35.373, 4, 16, 2820 MHz, 10501 MHz, P0, 100.93 W
0, 2026/09/15 09:40:35.573, 4, 16, 2835 MHz, 10251 MHz, P2, 106.41 W
1, 2026/09/15 09:40:35.573, 4, 16, 2820 MHz, 10501 MHz, P0, 100.93 W
0, 2026/09/15 09:40:35.773, 4, 16, 2835 MHz, 10251 MHz, P2, 106.41 W
1, 2026/09/15 09:40:35.774, 4, 16, 2820 MHz, 10501 MHz, P0, 88.17 W
0, 2026/09/15 09:40:35.974, 4, 16, 2835 MHz, 10501 MHz, P0, 92.85 W
1, 2026/09/15 09:40:35.974, 4, 16, 2820 MHz, 10501 MHz, P0, 88.17 W
0, 2026/09/15 09:40:36.174, 4, 16, 2835 MHz, 10501 MHz, P0, 92.85 W
1, 2026/09/15 09:40:36.175, 4, 16, 2820 MHz, 10501 MHz, P0, 88.17 W
0, 2026/09/15 09:40:36.375, 4, 16, 2835 MHz, 10501 MHz, P0, 87.16 W
1, 2026/09/15 09:40:36.375, 4, 16, 2820 MHz, 10501 MHz, P0, 80.17 W
0, 2026/09/15 09:40:36.575, 4, 16, 2835 MHz, 10501 MHz, P0, 87.16 W
1, 2026/09/15 09:40:36.575, 4, 16, 2820 MHz, 10501 MHz, P0, 80.17 W
0, 2026/09/15 09:40:36.776, 4, 16, 2835 MHz, 10501 MHz, P0, 87.16 W
1, 2026/09/15 09:40:36.776, 4, 16, 2820 MHz, 10501 MHz, P0, 79.17 W
0, 2026/09/15 09:40:36.976, 4, 16, 690 MHz, 810 MHz, P0, 84.31 W
1, 2026/09/15 09:40:36.976, 4, 16, 2820 MHz, 10501 MHz, P0, 79.17 W
0, 2026/09/15 09:40:37.177, 4, 16, 690 MHz, 810 MHz, P0, 84.31 W
1, 2026/09/15 09:40:37.177, 4, 16, 2820 MHz, 10501 MHz, P0, 79.17 W
0, 2026/09/15 09:40:37.377, 4, 16, 2520 MHz, 10251 MHz, P2, 74.78 W
1, 2026/09/15 09:40:37.378, 4, 16, 2520 MHz, 10251 MHz, P2, 72.71 W
0, 2026/09/15 09:40:37.578, 4, 16, 2520 MHz, 10251 MHz, P2, 74.78 W
1, 2026/09/15 09:40:37.578, 4, 16, 2520 MHz, 10251 MHz, P2, 72.71 W
0, 2026/09/15 09:40:37.778, 4, 16, 2520 MHz, 10251 MHz, P2, 74.78 W
1, 2026/09/15 09:40:37.778, 4, 16, 2520 MHz, 10251 MHz, P2, 68.95 W
0, 2026/09/15 09:40:37.979, 4, 16, 2520 MHz, 10251 MHz, P2, 65.42 W
1, 2026/09/15 09:40:37.979, 4, 16, 2520 MHz, 10251 MHz, P2, 68.95 W
0, 2026/09/15 09:40:38.179, 4, 16, 2520 MHz, 10251 MHz, P2, 65.42 W
1, 2026/09/15 09:40:38.179, 4, 16, 2520 MHz, 10251 MHz, P2, 68.95 W
0, 2026/09/15 09:40:38.380, 4, 16, 2835 MHz, 10251 MHz, P2, 80.61 W
1, 2026/09/15 09:40:38.380, 4, 16, 2820 MHz, 10251 MHz, P2, 73.98 W
0, 2026/09/15 09:40:38.580, 4, 16, 2835 MHz, 10251 MHz, P2, 80.61 W
1, 2026/09/15 09:40:38.580, 4, 16, 2820 MHz, 10251 MHz, P2, 73.98 W
0, 2026/09/15 09:40:38.780, 4, 16, 2835 MHz, 10251 MHz, P2, 80.61 W
1, 2026/09/15 09:40:38.781, 4, 16, 2820 MHz, 10251 MHz, P2, 90.70 W
0, 2026/09/15 09:40:38.981, 4, 16, 2835 MHz, 10251 MHz, P2, 100.63 W
1, 2026/09/15 09:40:38.981, 4, 16, 2820 MHz, 10251 MHz, P2, 90.70 W
0, 2026/09/15 09:40:39.181, 4, 16, 2835 MHz, 10251 MHz, P2, 100.63 W
1, 2026/09/15 09:40:39.181, 4, 16, 2820 MHz, 10251 MHz, P2, 90.70 W
0, 2026/09/15 09:40:39.382, 4, 16, 2835 MHz, 10251 MHz, P2, 111.11 W
1, 2026/09/15 09:40:39.382, 4, 16, 2820 MHz, 10251 MHz, P2, 102.84 W
0, 2026/09/15 09:40:39.582, 4, 16, 2835 MHz, 10251 MHz, P2, 111.11 W
1, 2026/09/15 09:40:39.582, 4, 16, 2820 MHz, 10251 MHz, P2, 102.84 W
0, 2026/09/15 09:40:39.782, 4, 16, 2835 MHz, 10251 MHz, P2, 111.11 W
1, 2026/09/15 09:40:39.783, 4, 16, 2820 MHz, 10251 MHz, P2, 105.82 W
0, 2026/09/15 09:40:39.983, 4, 16, 2835 MHz, 10251 MHz, P2, 113.60 W
1, 2026/09/15 09:40:39.983, 4, 16, 2820 MHz, 10251 MHz, P2, 105.82 W
0, 2026/09/15 09:40:40.184, 4, 16, 2835 MHz, 10251 MHz, P2, 113.60 W
1, 2026/09/15 09:40:40.184, 4, 16, 2820 MHz, 10251 MHz, P2, 105.82 W
0, 2026/09/15 09:40:40.384, 4, 16, 2835 MHz, 10251 MHz, P2, 114.34 W
1, 2026/09/15 09:40:40.384, 4, 16, 2820 MHz, 10251 MHz, P2, 106.68 W
0, 2026/09/15 09:40:40.585, 4, 16, 2835 MHz, 10251 MHz, P2, 114.34 W
1, 2026/09/15 09:40:40.585, 4, 16, 2820 MHz, 10251 MHz, P2, 106.68 W
0, 2026/09/15 09:40:40.785, 4, 16, 2835 MHz, 10251 MHz, P2, 114.34 W
1, 2026/09/15 09:40:40.786, 4, 16, 2820 MHz, 10251 MHz, P2, 106.88 W
0, 2026/09/15 09:40:40.986, 4, 16, 2835 MHz, 10251 MHz, P2, 114.67 W
1, 2026/09/15 09:40:40.986, 4, 16, 2820 MHz, 10251 MHz, P2, 106.88 W
0, 2026/09/15 09:40:41.187, 4, 16, 2835 MHz, 10251 MHz, P2, 114.67 W
1, 2026/09/15 09:40:41.187, 4, 16, 2820 MHz, 10251 MHz, P2, 106.88 W
0, 2026/09/15 09:40:41.387, 4, 16, 2835 MHz, 10251 MHz, P2, 114.17 W
1, 2026/09/15 09:40:41.388, 4, 16, 2820 MHz, 10251 MHz, P2, 107.18 W
0, 2026/09/15 09:40:41.588, 4, 16, 2835 MHz, 10251 MHz, P2, 114.17 W
1, 2026/09/15 09:40:41.588, 4, 16, 2820 MHz, 10251 MHz, P2, 107.18 W
0, 2026/09/15 09:40:41.788, 4, 16, 2835 MHz, 10251 MHz, P2, 114.17 W
1, 2026/09/15 09:40:41.789, 4, 16, 2820 MHz, 10251 MHz, P2, 107.30 W
0, 2026/09/15 09:40:41.989, 4, 16, 2835 MHz, 10251 MHz, P2, 115.46 W
1, 2026/09/15 09:40:41.989, 4, 16, 2820 MHz, 10251 MHz, P2, 107.30 W
0, 2026/09/15 09:40:42.190, 4, 16, 2835 MHz, 10251 MHz, P2, 115.46 W
1, 2026/09/15 09:40:42.190, 4, 16, 2820 MHz, 10251 MHz, P2, 107.30 W
0, 2026/09/15 09:40:42.390, 4, 16, 2835 MHz, 10251 MHz, P2, 115.25 W
1, 2026/09/15 09:40:42.390, 4, 16, 2820 MHz, 10251 MHz, P2, 107.60 W
0, 2026/09/15 09:40:42.590, 4, 16, 2835 MHz, 10251 MHz, P2, 115.25 W
1, 2026/09/15 09:40:42.591, 4, 16, 2820 MHz, 10251 MHz, P2, 107.60 W
0, 2026/09/15 09:40:42.792, 4, 16, 2835 MHz, 10251 MHz, P2, 115.25 W
1, 2026/09/15 09:40:42.792, 4, 16, 2820 MHz, 10251 MHz, P2, 107.74 W
0, 2026/09/15 09:40:42.992, 4, 16, 2835 MHz, 10251 MHz, P2, 115.28 W
1, 2026/09/15 09:40:42.992, 4, 16, 2820 MHz, 10251 MHz, P2, 107.74 W
0, 2026/09/15 09:40:43.192, 4, 16, 2835 MHz, 10251 MHz, P2, 115.28 W
1, 2026/09/15 09:40:43.192, 4, 16, 2820 MHz, 10251 MHz, P2, 107.74 W
0, 2026/09/15 09:40:43.393, 4, 16, 2835 MHz, 10251 MHz, P2, 115.32 W
1, 2026/09/15 09:40:43.393, 4, 16, 2820 MHz, 10251 MHz, P2, 106.83 W
0, 2026/09/15 09:40:43.593, 4, 16, 2835 MHz, 10251 MHz, P2, 115.32 W
1, 2026/09/15 09:40:43.593, 4, 16, 2820 MHz, 10251 MHz, P2, 106.83 W
0, 2026/09/15 09:40:43.793, 4, 16, 2835 MHz, 10251 MHz, P2, 115.32 W
1, 2026/09/15 09:40:43.794, 4, 16, 2820 MHz, 10251 MHz, P2, 108.90 W
0, 2026/09/15 09:40:43.994, 4, 16, 2835 MHz, 10251 MHz, P2, 117.42 W
1, 2026/09/15 09:40:43.994, 4, 16, 2820 MHz, 10251 MHz, P2, 108.90 W
0, 2026/09/15 09:40:44.194, 4, 16, 2835 MHz, 10251 MHz, P2, 117.42 W
1, 2026/09/15 09:40:44.194, 4, 16, 2820 MHz, 10251 MHz, P2, 108.90 W
0, 2026/09/15 09:40:44.395, 4, 16, 2835 MHz, 10251 MHz, P2, 117.54 W
1, 2026/09/15 09:40:44.395, 4, 16, 2820 MHz, 10251 MHz, P2, 108.78 W
0, 2026/09/15 09:40:44.595, 4, 16, 2835 MHz, 10251 MHz, P2, 117.54 W
1, 2026/09/15 09:40:44.595, 4, 16, 2820 MHz, 10251 MHz, P2, 108.78 W
0, 2026/09/15 09:40:44.795, 4, 16, 2835 MHz, 10251 MHz, P2, 117.54 W
1, 2026/09/15 09:40:44.796, 4, 16, 2820 MHz, 10251 MHz, P2, 106.67 W
0, 2026/09/15 09:40:44.996, 4, 16, 2835 MHz, 10251 MHz, P2, 115.61 W
1, 2026/09/15 09:40:44.996, 4, 16, 2820 MHz, 10251 MHz, P2, 106.67 W
0, 2026/09/15 09:40:45.197, 4, 16, 2835 MHz, 10251 MHz, P2, 115.61 W
1, 2026/09/15 09:40:45.197, 4, 16, 2820 MHz, 10251 MHz, P2, 106.67 W
0, 2026/09/15 09:40:45.397, 4, 16, 2835 MHz, 10251 MHz, P2, 111.46 W
1, 2026/09/15 09:40:45.397, 4, 16, 2820 MHz, 10251 MHz, P2, 105.35 W
0, 2026/09/15 09:40:45.597, 4, 16, 2835 MHz, 10251 MHz, P2, 111.46 W
1, 2026/09/15 09:40:45.598, 4, 16, 2820 MHz, 10251 MHz, P2, 105.35 W
0, 2026/09/15 09:40:45.798, 4, 16, 2835 MHz, 10251 MHz, P2, 111.46 W
1, 2026/09/15 09:40:45.798, 4, 16, 2820 MHz, 10501 MHz, P0, 93.97 W
0, 2026/09/15 09:40:45.998, 4, 16, 2835 MHz, 10251 MHz, P2, 98.69 W
1, 2026/09/15 09:40:45.998, 4, 16, 2820 MHz, 10501 MHz, P0, 93.97 W
0, 2026/09/15 09:40:46.199, 4, 16, 2835 MHz, 10251 MHz, P2, 98.69 W
1, 2026/09/15 09:40:46.199, 4, 16, 2820 MHz, 10501 MHz, P0, 93.97 W
0, 2026/09/15 09:40:46.399, 4, 16, 2835 MHz, 10501 MHz, P0, 87.24 W
1, 2026/09/15 09:40:46.399, 4, 16, 2820 MHz, 10501 MHz, P0, 81.34 W
0, 2026/09/15 09:40:46.599, 4, 16, 2835 MHz, 10501 MHz, P0, 87.24 W
1, 2026/09/15 09:40:46.600, 4, 16, 2820 MHz, 10501 MHz, P0, 81.34 W
0, 2026/09/15 09:40:46.800, 4, 16, 2835 MHz, 10501 MHz, P0, 87.24 W
1, 2026/09/15 09:40:46.800, 4, 16, 2820 MHz, 10501 MHz, P0, 80.74 W
0, 2026/09/15 09:40:47.000, 4, 16, 2835 MHz, 10501 MHz, P0, 86.81 W
1, 2026/09/15 09:40:47.000, 4, 16, 2820 MHz, 10501 MHz, P0, 80.74 W
0, 2026/09/15 09:40:47.201, 4, 16, 2835 MHz, 10501 MHz, P0, 86.81 W
1, 2026/09/15 09:40:47.203, 4, 16, 2820 MHz, 10501 MHz, P0, 80.74 W
0, 2026/09/15 09:40:47.403, 4, 16, 2520 MHz, 10501 MHz, P0, 78.31 W
1, 2026/09/15 09:40:47.404, 2, 16, 2820 MHz, 10501 MHz, P5, 79.24 W
0, 2026/09/15 09:40:47.604, 4, 16, 2520 MHz, 10501 MHz, P0, 78.31 W
1, 2026/09/15 09:40:47.605, 2, 16, 2820 MHz, 10501 MHz, P5, 79.24 W
0, 2026/09/15 09:40:47.805, 4, 16, 2520 MHz, 10501 MHz, P0, 78.31 W
1, 2026/09/15 09:40:47.805, 4, 16, 2520 MHz, 10251 MHz, P2, 55.39 W
0, 2026/09/15 09:40:48.005, 4, 16, 2520 MHz, 10251 MHz, P2, 69.03 W
1, 2026/09/15 09:40:48.005, 4, 16, 2520 MHz, 10251 MHz, P2, 55.39 W
0, 2026/09/15 09:40:48.205, 4, 16, 2520 MHz, 10251 MHz, P2, 69.03 W
1, 2026/09/15 09:40:48.206, 4, 16, 2520 MHz, 10251 MHz, P2, 55.39 W
0, 2026/09/15 09:40:48.406, 4, 16, 2520 MHz, 10251 MHz, P2, 66.30 W
1, 2026/09/15 09:40:48.406, 4, 16, 2520 MHz, 10251 MHz, P2, 53.45 W
0, 2026/09/15 09:40:48.606, 4, 16, 2520 MHz, 10251 MHz, P2, 66.30 W
1, 2026/09/15 09:40:48.606, 4, 16, 2520 MHz, 10251 MHz, P2, 53.45 W
0, 2026/09/15 09:40:48.807, 4, 16, 2520 MHz, 10251 MHz, P2, 66.30 W
1, 2026/09/15 09:40:48.807, 4, 16, 2820 MHz, 10251 MHz, P2, 74.13 W
0, 2026/09/15 09:40:49.007, 4, 16, 2835 MHz, 10251 MHz, P2, 77.68 W
1, 2026/09/15 09:40:49.007, 4, 16, 2820 MHz, 10251 MHz, P2, 74.13 W
0, 2026/09/15 09:40:49.207, 4, 16, 2835 MHz, 10251 MHz, P2, 77.68 W
1, 2026/09/15 09:40:49.207, 4, 16, 2820 MHz, 10251 MHz, P2, 74.13 W
0, 2026/09/15 09:40:49.408, 4, 16, 2835 MHz, 10251 MHz, P2, 96.86 W
1, 2026/09/15 09:40:49.408, 4, 16, 2820 MHz, 10251 MHz, P2, 90.46 W
0, 2026/09/15 09:40:49.608, 4, 16, 2835 MHz, 10251 MHz, P2, 96.86 W
1, 2026/09/15 09:40:49.608, 4, 16, 2820 MHz, 10251 MHz, P2, 90.46 W
0, 2026/09/15 09:40:49.808, 4, 16, 2835 MHz, 10251 MHz, P2, 109.73 W
1, 2026/09/15 09:40:49.808, 4, 16, 2820 MHz, 10251 MHz, P2, 101.54 W
0, 2026/09/15 09:40:50.009, 4, 16, 2835 MHz, 10251 MHz, P2, 109.73 W
1, 2026/09/15 09:40:50.009, 4, 16, 2820 MHz, 10251 MHz, P2, 101.54 W
0, 2026/09/15 09:40:50.209, 4, 16, 2835 MHz, 10251 MHz, P2, 109.73 W
1, 2026/09/15 09:40:50.209, 4, 16, 2820 MHz, 10251 MHz, P2, 101.54 W
0, 2026/09/15 09:40:50.409, 4, 16, 2835 MHz, 10251 MHz, P2, 112.29 W
1, 2026/09/15 09:40:50.409, 4, 16, 2820 MHz, 10251 MHz, P2, 104.33 W
0, 2026/09/15 09:40:50.610, 4, 16, 2835 MHz, 10251 MHz, P2, 112.29 W
1, 2026/09/15 09:40:50.610, 4, 16, 2820 MHz, 10251 MHz, P2, 104.33 W
0, 2026/09/15 09:40:50.810, 4, 16, 2835 MHz, 10251 MHz, P2, 112.75 W
1, 2026/09/15 09:40:50.810, 4, 16, 2820 MHz, 10251 MHz, P2, 105.36 W
0, 2026/09/15 09:40:51.011, 4, 16, 2835 MHz, 10251 MHz, P2, 112.75 W
1, 2026/09/15 09:40:51.011, 4, 16, 2820 MHz, 10251 MHz, P2, 105.36 W
0, 2026/09/15 09:40:51.211, 4, 16, 2835 MHz, 10251 MHz, P2, 112.75 W
1, 2026/09/15 09:40:51.211, 4, 16, 2820 MHz, 10251 MHz, P2, 105.36 W
0, 2026/09/15 09:40:51.411, 4, 16, 2835 MHz, 10251 MHz, P2, 113.53 W
1, 2026/09/15 09:40:51.412, 4, 16, 2820 MHz, 10251 MHz, P2, 105.82 W
0, 2026/09/15 09:40:51.612, 4, 16, 2835 MHz, 10251 MHz, P2, 113.53 W
1, 2026/09/15 09:40:51.612, 4, 16, 2820 MHz, 10251 MHz, P2, 105.82 W
0, 2026/09/15 09:40:51.812, 4, 16, 2835 MHz, 10251 MHz, P2, 114.48 W
1, 2026/09/15 09:40:51.813, 4, 16, 2820 MHz, 10251 MHz, P2, 106.33 W
0, 2026/09/15 09:40:52.013, 4, 16, 2835 MHz, 10251 MHz, P2, 114.48 W
1, 2026/09/15 09:40:52.013, 4, 16, 2820 MHz, 10251 MHz, P2, 106.33 W
0, 2026/09/15 09:40:52.213, 4, 16, 2835 MHz, 10251 MHz, P2, 114.48 W
1, 2026/09/15 09:40:52.213, 4, 16, 2820 MHz, 10251 MHz, P2, 106.33 W
0, 2026/09/15 09:40:52.414, 4, 16, 2835 MHz, 10251 MHz, P2, 115.11 W
1, 2026/09/15 09:40:52.414, 4, 16, 2820 MHz, 10251 MHz, P2, 106.27 W
0, 2026/09/15 09:40:52.614, 4, 16, 2835 MHz, 10251 MHz, P2, 115.11 W
1, 2026/09/15 09:40:52.614, 4, 16, 2820 MHz, 10251 MHz, P2, 106.27 W
0, 2026/09/15 09:40:52.814, 4, 16, 2835 MHz, 10251 MHz, P2, 115.45 W
1, 2026/09/15 09:40:52.815, 4, 16, 2820 MHz, 10251 MHz, P2, 106.81 W
0, 2026/09/15 09:40:53.015, 4, 16, 2835 MHz, 10251 MHz, P2, 115.45 W
1, 2026/09/15 09:40:53.015, 4, 16, 2820 MHz, 10251 MHz, P2, 106.81 W
0, 2026/09/15 09:40:53.215, 4, 16, 2835 MHz, 10251 MHz, P2, 115.45 W
1, 2026/09/15 09:40:53.215, 4, 16, 2820 MHz, 10251 MHz, P2, 106.81 W
0, 2026/09/15 09:40:53.416, 4, 16, 2835 MHz, 10251 MHz, P2, 116.05 W
1, 2026/09/15 09:40:53.416, 4, 16, 2820 MHz, 10251 MHz, P2, 107.06 W
0, 2026/09/15 09:40:53.616, 4, 16, 2835 MHz, 10251 MHz, P2, 116.05 W
1, 2026/09/15 09:40:53.616, 4, 16, 2820 MHz, 10251 MHz, P2, 107.06 W
0, 2026/09/15 09:40:53.816, 4, 16, 2835 MHz, 10251 MHz, P2, 115.99 W
1, 2026/09/15 09:40:53.817, 4, 16, 2820 MHz, 10251 MHz, P2, 106.56 W
0, 2026/09/15 09:40:54.017, 4, 16, 2835 MHz, 10251 MHz, P2, 115.99 W
1, 2026/09/15 09:40:54.017, 4, 16, 2820 MHz, 10251 MHz, P2, 106.56 W
0, 2026/09/15 09:40:54.217, 4, 16, 2835 MHz, 10251 MHz, P2, 115.99 W
1, 2026/09/15 09:40:54.217, 4, 16, 2820 MHz, 10251 MHz, P2, 106.56 W
0, 2026/09/15 09:40:54.418, 4, 16, 2835 MHz, 10251 MHz, P2, 116.96 W
1, 2026/09/15 09:40:54.418, 4, 16, 2820 MHz, 10251 MHz, P2, 107.62 W
0, 2026/09/15 09:40:54.618, 4, 16, 2835 MHz, 10251 MHz, P2, 116.96 W
1, 2026/09/15 09:40:54.618, 4, 16, 2820 MHz, 10251 MHz, P2, 107.62 W
0, 2026/09/15 09:40:54.818, 4, 16, 2835 MHz, 10251 MHz, P2, 116.94 W
1, 2026/09/15 09:40:54.818, 4, 16, 2820 MHz, 10251 MHz, P2, 107.70 W
0, 2026/09/15 09:40:55.019, 4, 16, 2835 MHz, 10251 MHz, P2, 116.94 W
1, 2026/09/15 09:40:55.019, 4, 16, 2820 MHz, 10251 MHz, P2, 107.70 W
0, 2026/09/15 09:40:55.219, 4, 16, 2835 MHz, 10251 MHz, P2, 116.94 W
1, 2026/09/15 09:40:55.219, 4, 16, 2820 MHz, 10251 MHz, P2, 107.70 W
0, 2026/09/15 09:40:55.420, 4, 16, 2835 MHz, 10251 MHz, P2, 116.24 W
1, 2026/09/15 09:40:55.420, 4, 16, 2820 MHz, 10251 MHz, P2, 106.97 W
0, 2026/09/15 09:40:55.620, 4, 16, 2835 MHz, 10251 MHz, P2, 116.24 W
1, 2026/09/15 09:40:55.620, 4, 16, 2820 MHz, 10251 MHz, P2, 106.97 W
0, 2026/09/15 09:40:55.820, 4, 16, 2835 MHz, 10251 MHz, P2, 110.76 W
1, 2026/09/15 09:40:55.821, 4, 16, 2820 MHz, 10501 MHz, P0, 104.64 W
0, 2026/09/15 09:40:56.021, 4, 16, 2835 MHz, 10251 MHz, P2, 110.76 W
1, 2026/09/15 09:40:56.021, 4, 16, 2820 MHz, 10501 MHz, P0, 104.64 W
0, 2026/09/15 09:40:56.221, 4, 16, 2835 MHz, 10251 MHz, P2, 110.76 W
1, 2026/09/15 09:40:56.221, 4, 16, 2820 MHz, 10501 MHz, P0, 104.64 W
0, 2026/09/15 09:40:56.422, 4, 16, 2835 MHz, 10501 MHz, P0, 97.34 W
1, 2026/09/15 09:40:56.422, 4, 16, 2820 MHz, 10501 MHz, P0, 92.94 W
0, 2026/09/15 09:40:56.622, 4, 16, 2835 MHz, 10501 MHz, P0, 97.34 W
1, 2026/09/15 09:40:56.622, 4, 16, 2820 MHz, 10501 MHz, P0, 92.94 W
0, 2026/09/15 09:40:56.823, 4, 16, 2835 MHz, 10501 MHz, P0, 86.49 W
1, 2026/09/15 09:40:56.823, 4, 16, 2820 MHz, 10501 MHz, P0, 80.66 W
0, 2026/09/15 09:40:57.023, 4, 16, 2835 MHz, 10501 MHz, P0, 86.49 W
1, 2026/09/15 09:40:57.023, 4, 16, 2820 MHz, 10501 MHz, P0, 80.66 W
0, 2026/09/15 09:40:57.223, 4, 16, 2835 MHz, 10501 MHz, P0, 86.49 W
1, 2026/09/15 09:40:57.224, 4, 16, 2820 MHz, 10501 MHz, P0, 80.66 W
0, 2026/09/15 09:40:57.424, 4, 16, 2835 MHz, 10501 MHz, P0, 86.30 W
1, 2026/09/15 09:40:57.424, 4, 16, 2820 MHz, 10501 MHz, P0, 79.17 W
0, 2026/09/15 09:40:57.624, 4, 16, 2835 MHz, 10501 MHz, P0, 86.30 W
1, 2026/09/15 09:40:57.625, 4, 16, 2820 MHz, 10501 MHz, P0, 79.17 W
0, 2026/09/15 09:40:57.825, 4, 16, 2520 MHz, 10251 MHz, P2, 76.50 W
1, 2026/09/15 09:40:57.826, 4, 16, 2520 MHz, 10251 MHz, P2, 63.94 W
0, 2026/09/15 09:40:58.026, 4, 16, 2520 MHz, 10251 MHz, P2, 76.50 W
1, 2026/09/15 09:40:58.026, 4, 16, 2520 MHz, 10251 MHz, P2, 63.94 W
0, 2026/09/15 09:40:58.226, 4, 16, 2520 MHz, 10251 MHz, P2, 76.50 W
1, 2026/09/15 09:40:58.226, 4, 16, 2520 MHz, 10251 MHz, P2, 63.94 W
0, 2026/09/15 09:40:58.427, 4, 16, 2520 MHz, 10251 MHz, P2, 71.33 W
1, 2026/09/15 09:40:58.427, 4, 16, 2520 MHz, 10251 MHz, P2, 60.37 W
0, 2026/09/15 09:40:58.627, 4, 16, 2520 MHz, 10251 MHz, P2, 71.33 W
1, 2026/09/15 09:40:58.627, 4, 16, 2520 MHz, 10251 MHz, P2, 60.37 W
0, 2026/09/15 09:40:58.828, 4, 16, 2835 MHz, 10251 MHz, P2, 76.86 W
1, 2026/09/15 09:40:58.828, 4, 16, 2820 MHz, 10251 MHz, P2, 71.00 W
0, 2026/09/15 09:40:59.028, 4, 16, 2835 MHz, 10251 MHz, P2, 76.86 W
1, 2026/09/15 09:40:59.028, 4, 16, 2820 MHz, 10251 MHz, P2, 71.00 W
0, 2026/09/15 09:40:59.229, 4, 16, 2835 MHz, 10251 MHz, P2, 76.86 W
1, 2026/09/15 09:40:59.229, 4, 16, 2820 MHz, 10251 MHz, P2, 71.00 W
0, 2026/09/15 09:40:59.429, 4, 16, 2835 MHz, 10251 MHz, P2, 96.27 W
1, 2026/09/15 09:40:59.429, 4, 16, 2820 MHz, 10251 MHz, P2, 87.22 W
0, 2026/09/15 09:40:59.629, 4, 16, 2835 MHz, 10251 MHz, P2, 96.27 W
1, 2026/09/15 09:40:59.630, 4, 16, 2820 MHz, 10251 MHz, P2, 87.22 W
0, 2026/09/15 09:40:59.830, 4, 16, 2835 MHz, 10251 MHz, P2, 109.79 W
1, 2026/09/15 09:40:59.830, 4, 16, 2820 MHz, 10251 MHz, P2, 101.54 W
0, 2026/09/15 09:41:00.030, 4, 16, 2835 MHz, 10251 MHz, P2, 109.79 W
1, 2026/09/15 09:41:00.031, 4, 16, 2820 MHz, 10251 MHz, P2, 101.54 W
0, 2026/09/15 09:41:00.231, 4, 16, 2835 MHz, 10251 MHz, P2, 109.79 W
1, 2026/09/15 09:41:00.231, 4, 16, 2820 MHz, 10251 MHz, P2, 101.54 W
0, 2026/09/15 09:41:00.431, 4, 16, 2835 MHz, 10251 MHz, P2, 113.27 W
1, 2026/09/15 09:41:00.431, 4, 16, 2820 MHz, 10251 MHz, P2, 105.16 W
0, 2026/09/15 09:41:00.632, 4, 16, 2835 MHz, 10251 MHz, P2, 113.27 W
1, 2026/09/15 09:41:00.632, 4, 16, 2820 MHz, 10251 MHz, P2, 105.16 W
0, 2026/09/15 09:41:00.832, 4, 16, 2835 MHz, 10251 MHz, P2, 114.78 W
1, 2026/09/15 09:41:00.832, 4, 16, 2820 MHz, 10251 MHz, P2, 106.54 W
0, 2026/09/15 09:41:01.033, 4, 16, 2835 MHz, 10251 MHz, P2, 114.78 W
1, 2026/09/15 09:41:01.033, 4, 16, 2820 MHz, 10251 MHz, P2, 106.54 W
0, 2026/09/15 09:41:01.233, 4, 16, 2835 MHz, 10251 MHz, P2, 114.78 W
1, 2026/09/15 09:41:01.233, 4, 16, 2820 MHz, 10251 MHz, P2, 106.54 W
0, 2026/09/15 09:41:01.433, 4, 16, 2835 MHz, 10251 MHz, P2, 116.46 W
1, 2026/09/15 09:41:01.434, 4, 16, 2820 MHz, 10251 MHz, P2, 106.65 W
0, 2026/09/15 09:41:01.634, 4, 16, 2835 MHz, 10251 MHz, P2, 116.46 W
1, 2026/09/15 09:41:01.634, 4, 16, 2820 MHz, 10251 MHz, P2, 106.65 W
0, 2026/09/15 09:41:01.834, 4, 16, 2835 MHz, 10251 MHz, P2, 116.21 W
1, 2026/09/15 09:41:01.834, 4, 16, 2820 MHz, 10251 MHz, P2, 107.29 W
0, 2026/09/15 09:41:02.035, 4, 16, 2835 MHz, 10251 MHz, P2, 116.21 W
1, 2026/09/15 09:41:02.035, 4, 16, 2820 MHz, 10251 MHz, P2, 107.29 W
0, 2026/09/15 09:41:02.235, 4, 16, 2835 MHz, 10251 MHz, P2, 116.21 W
1, 2026/09/15 09:41:02.235, 4, 16, 2820 MHz, 10251 MHz, P2, 107.29 W
0, 2026/09/15 09:41:02.436, 4, 16, 2835 MHz, 10251 MHz, P2, 116.86 W
1, 2026/09/15 09:41:02.436, 4, 16, 2820 MHz, 10251 MHz, P2, 108.51 W
0, 2026/09/15 09:41:02.636, 4, 16, 2835 MHz, 10251 MHz, P2, 116.86 W
1, 2026/09/15 09:41:02.636, 4, 16, 2820 MHz, 10251 MHz, P2, 108.51 W
0, 2026/09/15 09:41:02.836, 4, 16, 2835 MHz, 10251 MHz, P2, 116.55 W
1, 2026/09/15 09:41:02.837, 4, 16, 2820 MHz, 10251 MHz, P2, 108.14 W
0, 2026/09/15 09:41:03.037, 4, 16, 2835 MHz, 10251 MHz, P2, 116.55 W
1, 2026/09/15 09:41:03.037, 4, 16, 2820 MHz, 10251 MHz, P2, 108.14 W
0, 2026/09/15 09:41:03.237, 4, 16, 2835 MHz, 10251 MHz, P2, 116.55 W
1, 2026/09/15 09:41:03.237, 4, 16, 2820 MHz, 10251 MHz, P2, 108.14 W
0, 2026/09/15 09:41:03.438, 4, 16, 2835 MHz, 10251 MHz, P2, 115.61 W
1, 2026/09/15 09:41:03.438, 4, 16, 2820 MHz, 10251 MHz, P2, 108.15 W
0, 2026/09/15 09:41:03.638, 4, 16, 2835 MHz, 10251 MHz, P2, 115.61 W
1, 2026/09/15 09:41:03.638, 4, 16, 2820 MHz, 10251 MHz, P2, 108.15 W
0, 2026/09/15 09:41:03.839, 4, 16, 2835 MHz, 10251 MHz, P2, 117.12 W
1, 2026/09/15 09:41:03.839, 4, 16, 2820 MHz, 10251 MHz, P2, 107.78 W
0, 2026/09/15 09:41:04.039, 4, 16, 2835 MHz, 10251 MHz, P2, 117.12 W
1, 2026/09/15 09:41:04.039, 4, 16, 2820 MHz, 10251 MHz, P2, 107.78 W
0, 2026/09/15 09:41:04.240, 4, 16, 2835 MHz, 10251 MHz, P2, 117.12 W
1, 2026/09/15 09:41:04.240, 4, 16, 2820 MHz, 10251 MHz, P2, 107.78 W
0, 2026/09/15 09:41:04.440, 4, 16, 2835 MHz, 10251 MHz, P2, 117.34 W
1, 2026/09/15 09:41:04.440, 4, 16, 2820 MHz, 10251 MHz, P2, 108.68 W
0, 2026/09/15 09:41:04.640, 4, 16, 2835 MHz, 10251 MHz, P2, 117.34 W
1, 2026/09/15 09:41:04.640, 4, 16, 2820 MHz, 10251 MHz, P2, 108.68 W
0, 2026/09/15 09:41:04.841, 4, 16, 2835 MHz, 10251 MHz, P2, 116.34 W
1, 2026/09/15 09:41:04.841, 4, 16, 2820 MHz, 10251 MHz, P2, 107.52 W
0, 2026/09/15 09:41:05.041, 4, 16, 2835 MHz, 10251 MHz, P2, 116.34 W
1, 2026/09/15 09:41:05.041, 4, 16, 2820 MHz, 10251 MHz, P2, 107.52 W
0, 2026/09/15 09:41:05.241, 4, 16, 2835 MHz, 10251 MHz, P2, 116.34 W
1, 2026/09/15 09:41:05.242, 4, 16, 2820 MHz, 10251 MHz, P2, 107.52 W
0, 2026/09/15 09:41:05.442, 4, 16, 2835 MHz, 10251 MHz, P2, 116.78 W
1, 2026/09/15 09:41:05.442, 4, 16, 2820 MHz, 10251 MHz, P2, 106.30 W
0, 2026/09/15 09:41:05.642, 4, 16, 2835 MHz, 10251 MHz, P2, 116.78 W
1, 2026/09/15 09:41:05.643, 4, 16, 2820 MHz, 10251 MHz, P2, 106.30 W
0, 2026/09/15 09:41:05.843, 4, 16, 2835 MHz, 10251 MHz, P2, 103.62 W
1, 2026/09/15 09:41:05.844, 4, 16, 2820 MHz, 10251 MHz, P2, 97.57 W
0, 2026/09/15 09:41:06.045, 4, 16, 2835 MHz, 10251 MHz, P2, 103.62 W
1, 2026/09/15 09:41:06.045, 4, 16, 2820 MHz, 10251 MHz, P2, 97.57 W
0, 2026/09/15 09:41:06.245, 4, 16, 2835 MHz, 10251 MHz, P2, 103.62 W
1, 2026/09/15 09:41:06.245, 4, 16, 2820 MHz, 10251 MHz, P2, 97.57 W
0, 2026/09/15 09:41:06.445, 4, 16, 2835 MHz, 10501 MHz, P0, 90.14 W
1, 2026/09/15 09:41:06.446, 4, 16, 2820 MHz, 10501 MHz, P0, 86.69 W
0, 2026/09/15 09:41:06.646, 4, 16, 2835 MHz, 10501 MHz, P0, 90.14 W
1, 2026/09/15 09:41:06.646, 4, 16, 2820 MHz, 10501 MHz, P0, 86.69 W
0, 2026/09/15 09:41:06.846, 4, 16, 2835 MHz, 10501 MHz, P0, 87.99 W
1, 2026/09/15 09:41:06.847, 4, 16, 2820 MHz, 10501 MHz, P0, 80.35 W
0, 2026/09/15 09:41:07.047, 4, 16, 2835 MHz, 10501 MHz, P0, 87.99 W
1, 2026/09/15 09:41:07.047, 4, 16, 2820 MHz, 10501 MHz, P0, 80.35 W
0, 2026/09/15 09:41:07.249, 4, 16, 2835 MHz, 10501 MHz, P0, 87.99 W
1, 2026/09/15 09:41:07.249, 4, 16, 2820 MHz, 10501 MHz, P0, 80.35 W
0, 2026/09/15 09:41:07.449, 4, 16, 2835 MHz, 10501 MHz, P0, 87.30 W
1, 2026/09/15 09:41:07.459, 2, 16, 2820 MHz, 10501 MHz, P5, 78.78 W
0, 2026/09/15 09:41:07.659, 4, 16, 2835 MHz, 10501 MHz, P0, 87.30 W
1, 2026/09/15 09:41:07.661, 2, 16, 2820 MHz, 10501 MHz, P5, 78.78 W
0, 2026/09/15 09:41:07.861, 4, 16, 2520 MHz, 10251 MHz, P2, 73.60 W
1, 2026/09/15 09:41:07.862, 4, 16, 2520 MHz, 10501 MHz, P0, 50.70 W
0, 2026/09/15 09:41:08.062, 4, 16, 2520 MHz, 10251 MHz, P2, 73.60 W
1, 2026/09/15 09:41:08.062, 4, 16, 2520 MHz, 10501 MHz, P0, 50.70 W
0, 2026/09/15 09:41:08.262, 4, 16, 2520 MHz, 10251 MHz, P2, 73.60 W
1, 2026/09/15 09:41:08.263, 4, 16, 2520 MHz, 10251 MHz, P2, 47.25 W
0, 2026/09/15 09:41:08.463, 4, 16, 2520 MHz, 10251 MHz, P2, 67.65 W
1, 2026/09/15 09:41:08.463, 4, 16, 2520 MHz, 10251 MHz, P2, 47.25 W
0, 2026/09/15 09:41:08.663, 4, 16, 2520 MHz, 10251 MHz, P2, 67.65 W
1, 2026/09/15 09:41:08.663, 4, 16, 2520 MHz, 10251 MHz, P2, 47.25 W
0, 2026/09/15 09:41:08.864, 4, 16, 2835 MHz, 10251 MHz, P2, 71.34 W
1, 2026/09/15 09:41:08.864, 4, 16, 2820 MHz, 10251 MHz, P2, 67.09 W
0, 2026/09/15 09:41:09.064, 4, 16, 2835 MHz, 10251 MHz, P2, 71.34 W
1, 2026/09/15 09:41:09.064, 4, 16, 2820 MHz, 10251 MHz, P2, 67.09 W
0, 2026/09/15 09:41:09.265, 4, 16, 2835 MHz, 10251 MHz, P2, 71.34 W
1, 2026/09/15 09:41:09.265, 4, 16, 2820 MHz, 10251 MHz, P2, 86.30 W
0, 2026/09/15 09:41:09.465, 4, 16, 2835 MHz, 10251 MHz, P2, 90.38 W
1, 2026/09/15 09:41:09.465, 4, 16, 2820 MHz, 10251 MHz, P2, 86.30 W
0, 2026/09/15 09:41:09.665, 4, 16, 2835 MHz, 10251 MHz, P2, 90.38 W
1, 2026/09/15 09:41:09.666, 4, 16, 2820 MHz, 10251 MHz, P2, 86.30 W
0, 2026/09/15 09:41:09.866, 4, 16, 2835 MHz, 10251 MHz, P2, 109.94 W
1, 2026/09/15 09:41:09.866, 4, 16, 2820 MHz, 10251 MHz, P2, 99.85 W
0, 2026/09/15 09:41:10.066, 4, 16, 2835 MHz, 10251 MHz, P2, 109.94 W
1, 2026/09/15 09:41:10.066, 4, 16, 2820 MHz, 10251 MHz, P2, 99.85 W
0, 2026/09/15 09:41:10.267, 4, 16, 2835 MHz, 10251 MHz, P2, 109.94 W
1, 2026/09/15 09:41:10.267, 4, 16, 2820 MHz, 10251 MHz, P2, 104.46 W
0, 2026/09/15 09:41:10.467, 4, 16, 2835 MHz, 10251 MHz, P2, 114.32 W
1, 2026/09/15 09:41:10.467, 4, 16, 2820 MHz, 10251 MHz, P2, 104.46 W
0, 2026/09/15 09:41:10.667, 4, 16, 2835 MHz, 10251 MHz, P2, 114.32 W
1, 2026/09/15 09:41:10.668, 4, 16, 2820 MHz, 10251 MHz, P2, 104.46 W
0, 2026/09/15 09:41:10.868, 4, 16, 2835 MHz, 10251 MHz, P2, 115.23 W
1, 2026/09/15 09:41:10.868, 4, 16, 2820 MHz, 10251 MHz, P2, 106.09 W
0, 2026/09/15 09:41:11.068, 4, 16, 2835 MHz, 10251 MHz, P2, 115.23 W
1, 2026/09/15 09:41:11.068, 4, 16, 2820 MHz, 10251 MHz, P2, 106.09 W
0, 2026/09/15 09:41:11.269, 4, 16, 2835 MHz, 10251 MHz, P2, 115.23 W
1, 2026/09/15 09:41:11.269, 4, 16, 2820 MHz, 10251 MHz, P2, 106.49 W
0, 2026/09/15 09:41:11.469, 4, 16, 2835 MHz, 10251 MHz, P2, 115.15 W
1, 2026/09/15 09:41:11.469, 4, 16, 2820 MHz, 10251 MHz, P2, 106.49 W
0, 2026/09/15 09:41:11.669, 4, 16, 2835 MHz, 10251 MHz, P2, 115.15 W
1, 2026/09/15 09:41:11.670, 4, 16, 2820 MHz, 10251 MHz, P2, 106.49 W
0, 2026/09/15 09:41:11.870, 4, 16, 2835 MHz, 10251 MHz, P2, 115.64 W
1, 2026/09/15 09:41:11.870, 4, 16, 2820 MHz, 10251 MHz, P2, 106.67 W
0, 2026/09/15 09:41:12.070, 4, 16, 2835 MHz, 10251 MHz, P2, 115.64 W
1, 2026/09/15 09:41:12.070, 4, 16, 2820 MHz, 10251 MHz, P2, 106.67 W
0, 2026/09/15 09:41:12.271, 4, 16, 2835 MHz, 10251 MHz, P2, 115.64 W
1, 2026/09/15 09:41:12.271, 4, 16, 2820 MHz, 10251 MHz, P2, 106.72 W
0, 2026/09/15 09:41:12.471, 4, 16, 2835 MHz, 10251 MHz, P2, 116.31 W
1, 2026/09/15 09:41:12.471, 4, 16, 2820 MHz, 10251 MHz, P2, 106.72 W
0, 2026/09/15 09:41:12.671, 4, 16, 2835 MHz, 10251 MHz, P2, 116.31 W
1, 2026/09/15 09:41:12.671, 4, 16, 2820 MHz, 10251 MHz, P2, 106.72 W
0, 2026/09/15 09:41:12.872, 4, 16, 2835 MHz, 10251 MHz, P2, 116.63 W
1, 2026/09/15 09:41:12.872, 4, 16, 2820 MHz, 10251 MHz, P2, 107.25 W
0, 2026/09/15 09:41:13.072, 4, 16, 2835 MHz, 10251 MHz, P2, 116.63 W
1, 2026/09/15 09:41:13.072, 4, 16, 2820 MHz, 10251 MHz, P2, 107.25 W
0, 2026/09/15 09:41:13.272, 4, 16, 2835 MHz, 10251 MHz, P2, 116.63 W
1, 2026/09/15 09:41:13.273, 4, 16, 2820 MHz, 10251 MHz, P2, 107.35 W
0, 2026/09/15 09:41:13.473, 4, 16, 2835 MHz, 10251 MHz, P2, 116.82 W
1, 2026/09/15 09:41:13.473, 4, 16, 2820 MHz, 10251 MHz, P2, 107.35 W
0, 2026/09/15 09:41:13.673, 4, 16, 2835 MHz, 10251 MHz, P2, 116.82 W
1, 2026/09/15 09:41:13.673, 4, 16, 2820 MHz, 10251 MHz, P2, 107.35 W
0, 2026/09/15 09:41:13.874, 4, 16, 2835 MHz, 10251 MHz, P2, 115.96 W
1, 2026/09/15 09:41:13.874, 4, 16, 2820 MHz, 10251 MHz, P2, 106.78 W
0, 2026/09/15 09:41:14.074, 4, 16, 2835 MHz, 10251 MHz, P2, 115.96 W
1, 2026/09/15 09:41:14.074, 4, 16, 2820 MHz, 10251 MHz, P2, 106.78 W
0, 2026/09/15 09:41:14.274, 4, 16, 2835 MHz, 10251 MHz, P2, 115.96 W
1, 2026/09/15 09:41:14.275, 4, 16, 2820 MHz, 10251 MHz, P2, 107.84 W
0, 2026/09/15 09:41:14.475, 4, 16, 2835 MHz, 10251 MHz, P2, 117.24 W
1, 2026/09/15 09:41:14.475, 4, 16, 2820 MHz, 10251 MHz, P2, 107.84 W
0, 2026/09/15 09:41:14.675, 4, 16, 2835 MHz, 10251 MHz, P2, 117.24 W
1, 2026/09/15 09:41:14.675, 4, 16, 2820 MHz, 10251 MHz, P2, 107.84 W
0, 2026/09/15 09:41:14.876, 4, 16, 2835 MHz, 10251 MHz, P2, 117.88 W
1, 2026/09/15 09:41:14.876, 4, 16, 2820 MHz, 10251 MHz, P2, 108.03 W
0, 2026/09/15 09:41:15.076, 4, 16, 2835 MHz, 10251 MHz, P2, 117.88 W
1, 2026/09/15 09:41:15.076, 4, 16, 2820 MHz, 10251 MHz, P2, 108.03 W
0, 2026/09/15 09:41:15.276, 4, 16, 2835 MHz, 10251 MHz, P2, 117.88 W
1, 2026/09/15 09:41:15.277, 4, 16, 2820 MHz, 10251 MHz, P2, 107.20 W
0, 2026/09/15 09:41:15.477, 4, 16, 2835 MHz, 10251 MHz, P2, 116.96 W
1, 2026/09/15 09:41:15.477, 4, 16, 2820 MHz, 10251 MHz, P2, 107.20 W
0, 2026/09/15 09:41:15.677, 4, 16, 2835 MHz, 10251 MHz, P2, 116.96 W
1, 2026/09/15 09:41:15.677, 4, 16, 2820 MHz, 10251 MHz, P2, 107.20 W
0, 2026/09/15 09:41:15.878, 4, 16, 2835 MHz, 10251 MHz, P2, 106.48 W
1, 2026/09/15 09:41:15.879, 4, 16, 2820 MHz, 10251 MHz, P2, 100.21 W
0, 2026/09/15 09:41:16.080, 4, 16, 2835 MHz, 10251 MHz, P2, 106.48 W
1, 2026/09/15 09:41:16.117, 4, 16, 2820 MHz, 10251 MHz, P2, 100.21 W
0, 2026/09/15 09:41:16.320, 4, 16, 2835 MHz, 10501 MHz, P0, 94.05 W
1, 2026/09/15 09:41:16.320, 4, 16, 2820 MHz, 10501 MHz, P0, 88.85 W
0, 2026/09/15 09:41:16.520, 4, 16, 2835 MHz, 10501 MHz, P0, 94.05 W
1, 2026/09/15 09:41:16.520, 4, 16, 2820 MHz, 10501 MHz, P0, 88.85 W
0, 2026/09/15 09:41:16.720, 4, 16, 2835 MHz, 10501 MHz, P0, 94.05 W
1, 2026/09/15 09:41:16.721, 4, 16, 2820 MHz, 10501 MHz, P0, 88.85 W
0, 2026/09/15 09:41:16.921, 4, 16, 2835 MHz, 10501 MHz, P0, 87.48 W
1, 2026/09/15 09:41:16.921, 4, 16, 2820 MHz, 10501 MHz, P0, 80.25 W
0, 2026/09/15 09:41:17.122, 4, 16, 2835 MHz, 10501 MHz, P0, 87.48 W
1, 2026/09/15 09:41:17.122, 4, 16, 2820 MHz, 10501 MHz, P0, 80.25 W
0, 2026/09/15 09:41:17.322, 4, 16, 2835 MHz, 10501 MHz, P0, 86.57 W
1, 2026/09/15 09:41:17.322, 4, 16, 2820 MHz, 10501 MHz, P0, 78.87 W
0, 2026/09/15 09:41:17.522, 4, 16, 2835 MHz, 10501 MHz, P0, 86.57 W
1, 2026/09/15 09:41:17.523, 4, 16, 2820 MHz, 10501 MHz, P0, 78.87 W
0, 2026/09/15 09:41:17.723, 4, 16, 2835 MHz, 10501 MHz, P0, 86.57 W
1, 2026/09/15 09:41:17.723, 4, 16, 2820 MHz, 10501 MHz, P0, 78.87 W
0, 2026/09/15 09:41:17.924, 4, 16, 2520 MHz, 10251 MHz, P2, 76.80 W
1, 2026/09/15 09:41:17.924, 2, 16, 645 MHz, 810 MHz, P5, 59.58 W
0, 2026/09/15 09:41:18.127, 4, 16, 2520 MHz, 10251 MHz, P2, 76.80 W
1, 2026/09/15 09:41:18.127, 2, 16, 645 MHz, 810 MHz, P5, 59.58 W
0, 2026/09/15 09:41:18.328, 4, 16, 2520 MHz, 10251 MHz, P2, 69.08 W
1, 2026/09/15 09:41:18.328, 4, 16, 2520 MHz, 10251 MHz, P2, 48.27 W
0, 2026/09/15 09:41:18.528, 4, 16, 2520 MHz, 10251 MHz, P2, 69.08 W
1, 2026/09/15 09:41:18.528, 4, 16, 2520 MHz, 10251 MHz, P2, 48.27 W
0, 2026/09/15 09:41:18.729, 4, 16, 2520 MHz, 10251 MHz, P2, 69.08 W
1, 2026/09/15 09:41:18.729, 4, 16, 2520 MHz, 10251 MHz, P2, 48.27 W
0, 2026/09/15 09:41:18.929, 4, 16, 2835 MHz, 10251 MHz, P2, 70.32 W
1, 2026/09/15 09:41:18.929, 4, 16, 2820 MHz, 10251 MHz, P2, 67.83 W
0, 2026/09/15 09:41:19.130, 4, 16, 2835 MHz, 10251 MHz, P2, 70.32 W
1, 2026/09/15 09:41:19.130, 4, 16, 2820 MHz, 10251 MHz, P2, 67.83 W
0, 2026/09/15 09:41:19.330, 4, 16, 2835 MHz, 10251 MHz, P2, 87.37 W
1, 2026/09/15 09:41:19.330, 4, 16, 2820 MHz, 10251 MHz, P2, 79.93 W
0, 2026/09/15 09:41:19.530, 4, 16, 2835 MHz, 10251 MHz, P2, 87.37 W
1, 2026/09/15 09:41:19.531, 4, 16, 2820 MHz, 10251 MHz, P2, 79.93 W
0, 2026/09/15 09:41:19.731, 4, 16, 2835 MHz, 10251 MHz, P2, 87.37 W
1, 2026/09/15 09:41:19.731, 4, 16, 2820 MHz, 10251 MHz, P2, 79.93 W
0, 2026/09/15 09:41:19.931, 4, 16, 2835 MHz, 10251 MHz, P2, 106.42 W
1, 2026/09/15 09:41:19.931, 4, 16, 2820 MHz, 10251 MHz, P2, 97.05 W
0, 2026/09/15 09:41:20.132, 4, 16, 2835 MHz, 10251 MHz, P2, 106.42 W
1, 2026/09/15 09:41:20.132, 4, 16, 2820 MHz, 10251 MHz, P2, 97.05 W
0, 2026/09/15 09:41:20.332, 4, 16, 2835 MHz, 10251 MHz, P2, 112.16 W
1, 2026/09/15 09:41:20.332, 4, 16, 2820 MHz, 10251 MHz, P2, 104.07 W
0, 2026/09/15 09:41:20.532, 4, 16, 2835 MHz, 10251 MHz, P2, 112.16 W
1, 2026/09/15 09:41:20.533, 4, 16, 2820 MHz, 10251 MHz, P2, 104.07 W
0, 2026/09/15 09:41:20.733, 4, 16, 2835 MHz, 10251 MHz, P2, 112.16 W
1, 2026/09/15 09:41:20.733, 4, 16, 2820 MHz, 10251 MHz, P2, 104.07 W
0, 2026/09/15 09:41:20.933, 4, 16, 2835 MHz, 10251 MHz, P2, 113.75 W
1, 2026/09/15 09:41:20.935, 4, 16, 2820 MHz, 10251 MHz, P2, 106.05 W
0, 2026/09/15 09:41:21.135, 4, 16, 2835 MHz, 10251 MHz, P2, 113.75 W
1, 2026/09/15 09:41:21.135, 4, 16, 2820 MHz, 10251 MHz, P2, 106.05 W
0, 2026/09/15 09:41:21.335, 4, 16, 2835 MHz, 10251 MHz, P2, 114.92 W
1, 2026/09/15 09:41:21.335, 4, 16, 2820 MHz, 10251 MHz, P2, 106.80 W
0, 2026/09/15 09:41:21.536, 4, 16, 2835 MHz, 10251 MHz, P2, 114.92 W
1, 2026/09/15 09:41:21.536, 4, 16, 2820 MHz, 10251 MHz, P2, 106.80 W
0, 2026/09/15 09:41:21.736, 4, 16, 2835 MHz, 10251 MHz, P2, 114.92 W
1, 2026/09/15 09:41:21.736, 4, 16, 2820 MHz, 10251 MHz, P2, 106.80 W
0, 2026/09/15 09:41:21.936, 4, 16, 2835 MHz, 10251 MHz, P2, 115.47 W
1, 2026/09/15 09:41:21.936, 4, 16, 2820 MHz, 10251 MHz, P2, 106.71 W
0, 2026/09/15 09:41:22.137, 4, 16, 2835 MHz, 10251 MHz, P2, 115.47 W
1, 2026/09/15 09:41:22.137, 4, 16, 2820 MHz, 10251 MHz, P2, 106.71 W
0, 2026/09/15 09:41:22.337, 4, 16, 2835 MHz, 10251 MHz, P2, 115.46 W
1, 2026/09/15 09:41:22.337, 4, 16, 2820 MHz, 10251 MHz, P2, 107.26 W
0, 2026/09/15 09:41:22.537, 4, 16, 2835 MHz, 10251 MHz, P2, 115.46 W
1, 2026/09/15 09:41:22.537, 4, 16, 2820 MHz, 10251 MHz, P2, 107.26 W
0, 2026/09/15 09:41:22.738, 4, 16, 2835 MHz, 10251 MHz, P2, 115.46 W
1, 2026/09/15 09:41:22.738, 4, 16, 2820 MHz, 10251 MHz, P2, 107.26 W
0, 2026/09/15 09:41:22.938, 4, 16, 2835 MHz, 10251 MHz, P2, 117.27 W
1, 2026/09/15 09:41:22.938, 4, 16, 2820 MHz, 10251 MHz, P2, 108.63 W
0, 2026/09/15 09:41:23.138, 4, 16, 2835 MHz, 10251 MHz, P2, 117.27 W
1, 2026/09/15 09:41:23.139, 4, 16, 2820 MHz, 10251 MHz, P2, 108.63 W
0, 2026/09/15 09:41:23.339, 4, 16, 2835 MHz, 10251 MHz, P2, 116.84 W
1, 2026/09/15 09:41:23.339, 4, 16, 2820 MHz, 10251 MHz, P2, 107.92 W
0, 2026/09/15 09:41:23.539, 4, 16, 2835 MHz, 10251 MHz, P2, 116.84 W
1, 2026/09/15 09:41:23.539, 4, 16, 2820 MHz, 10251 MHz, P2, 107.92 W
0, 2026/09/15 09:41:23.740, 4, 16, 2835 MHz, 10251 MHz, P2, 116.84 W
1, 2026/09/15 09:41:23.740, 4, 16, 2820 MHz, 10251 MHz, P2, 107.92 W
0, 2026/09/15 09:41:23.940, 4, 16, 2835 MHz, 10251 MHz, P2, 115.92 W
1, 2026/09/15 09:41:23.940, 4, 16, 2820 MHz, 10251 MHz, P2, 107.79 W
0, 2026/09/15 09:41:24.140, 4, 16, 2835 MHz, 10251 MHz, P2, 115.92 W
1, 2026/09/15 09:41:24.141, 4, 16, 2820 MHz, 10251 MHz, P2, 107.79 W
0, 2026/09/15 09:41:24.341, 4, 16, 2835 MHz, 10251 MHz, P2, 118.04 W
1, 2026/09/15 09:41:24.341, 4, 16, 2820 MHz, 10251 MHz, P2, 107.49 W
0, 2026/09/15 09:41:24.541, 4, 16, 2835 MHz, 10251 MHz, P2, 118.04 W
1, 2026/09/15 09:41:24.541, 4, 16, 2820 MHz, 10251 MHz, P2, 107.49 W
0, 2026/09/15 09:41:24.742, 4, 16, 2835 MHz, 10251 MHz, P2, 118.04 W
1, 2026/09/15 09:41:24.742, 4, 16, 2820 MHz, 10251 MHz, P2, 107.49 W
0, 2026/09/15 09:41:24.942, 4, 16, 2835 MHz, 10251 MHz, P2, 117.93 W
1, 2026/09/15 09:41:24.942, 4, 16, 2820 MHz, 10251 MHz, P2, 108.56 W
0, 2026/09/15 09:41:25.142, 4, 16, 2835 MHz, 10251 MHz, P2, 117.93 W
1, 2026/09/15 09:41:25.143, 4, 16, 2820 MHz, 10251 MHz, P2, 108.56 W
0, 2026/09/15 09:41:25.343, 4, 16, 2835 MHz, 10251 MHz, P2, 116.37 W
1, 2026/09/15 09:41:25.343, 4, 16, 2820 MHz, 10251 MHz, P2, 108.68 W
0, 2026/09/15 09:41:25.543, 4, 16, 2835 MHz, 10251 MHz, P2, 116.37 W
1, 2026/09/15 09:41:25.543, 4, 16, 2820 MHz, 10251 MHz, P2, 108.68 W
0, 2026/09/15 09:41:25.744, 4, 16, 2835 MHz, 10251 MHz, P2, 116.37 W
1, 2026/09/15 09:41:25.744, 4, 16, 2820 MHz, 10251 MHz, P2, 108.68 W
0, 2026/09/15 09:41:25.944, 4, 16, 2835 MHz, 10251 MHz, P2, 116.94 W
1, 2026/09/15 09:41:25.944, 4, 16, 2820 MHz, 10251 MHz, P2, 106.29 W
0, 2026/09/15 09:41:26.144, 4, 16, 2835 MHz, 10251 MHz, P2, 116.94 W
1, 2026/09/15 09:41:26.145, 4, 16, 2820 MHz, 10251 MHz, P2, 106.29 W
0, 2026/09/15 09:41:26.345, 4, 16, 2835 MHz, 10501 MHz, P0, 105.15 W
1, 2026/09/15 09:41:26.345, 4, 16, 2820 MHz, 10501 MHz, P0, 99.25 W
0, 2026/09/15 09:41:26.546, 4, 16, 2835 MHz, 10501 MHz, P0, 105.15 W
1, 2026/09/15 09:41:26.546, 4, 16, 2820 MHz, 10501 MHz, P0, 99.25 W
0, 2026/09/15 09:41:26.746, 4, 16, 2835 MHz, 10501 MHz, P0, 105.15 W
1, 2026/09/15 09:41:26.747, 4, 16, 2820 MHz, 10501 MHz, P0, 99.25 W
0, 2026/09/15 09:41:26.947, 4, 16, 2835 MHz, 10501 MHz, P0, 91.10 W
1, 2026/09/15 09:41:26.947, 4, 16, 2820 MHz, 10501 MHz, P0, 86.69 W
0, 2026/09/15 09:41:27.147, 4, 16, 2835 MHz, 10501 MHz, P0, 91.10 W
1, 2026/09/15 09:41:27.148, 4, 16, 2820 MHz, 10501 MHz, P0, 86.69 W
0, 2026/09/15 09:41:27.348, 4, 16, 2835 MHz, 10501 MHz, P0, 87.32 W
1, 2026/09/15 09:41:27.348, 4, 16, 2820 MHz, 10501 MHz, P0, 78.65 W
0, 2026/09/15 09:41:27.549, 4, 16, 2835 MHz, 10501 MHz, P0, 87.32 W
1, 2026/09/15 09:41:27.549, 4, 16, 2820 MHz, 10501 MHz, P0, 78.65 W
0, 2026/09/15 09:41:27.749, 4, 16, 2835 MHz, 10501 MHz, P0, 87.32 W
1, 2026/09/15 09:41:27.766, 2, 16, 690 MHz, 810 MHz, P5, 77.84 W
0, 2026/09/15 09:41:27.967, 4, 16, 2520 MHz, 10501 MHz, P0, 85.00 W
1, 2026/09/15 09:41:27.967, 2, 16, 690 MHz, 810 MHz, P5, 77.84 W
0, 2026/09/15 09:41:28.168, 4, 16, 2520 MHz, 10501 MHz, P0, 85.00 W
1, 2026/09/15 09:41:28.168, 2, 16, 690 MHz, 810 MHz, P5, 77.84 W
0, 2026/09/15 09:41:28.368, 4, 16, 2520 MHz, 10251 MHz, P2, 75.62 W
1, 2026/09/15 09:41:28.368, 4, 16, 2520 MHz, 10251 MHz, P2, 64.53 W
0, 2026/09/15 09:41:28.569, 4, 16, 2520 MHz, 10251 MHz, P2, 75.62 W
1, 2026/09/15 09:41:28.569, 4, 16, 2520 MHz, 10251 MHz, P2, 64.53 W
0, 2026/09/15 09:41:28.769, 4, 16, 2520 MHz, 10251 MHz, P2, 75.62 W
1, 2026/09/15 09:41:28.770, 4, 16, 2520 MHz, 10251 MHz, P2, 63.38 W
0, 2026/09/15 09:41:28.970, 4, 16, 2520 MHz, 10251 MHz, P2, 66.89 W
1, 2026/09/15 09:41:28.970, 4, 16, 2520 MHz, 10251 MHz, P2, 63.38 W
0, 2026/09/15 09:41:29.170, 4, 16, 2520 MHz, 10251 MHz, P2, 66.89 W
1, 2026/09/15 09:41:29.170, 4, 16, 2520 MHz, 10251 MHz, P2, 63.38 W
0, 2026/09/15 09:41:29.371, 4, 16, 2835 MHz, 10251 MHz, P2, 80.71 W
1, 2026/09/15 09:41:29.371, 4, 16, 2820 MHz, 10251 MHz, P2, 77.04 W
0, 2026/09/15 09:41:29.571, 4, 16, 2835 MHz, 10251 MHz, P2, 80.71 W
1, 2026/09/15 09:41:29.571, 4, 16, 2820 MHz, 10251 MHz, P2, 77.04 W
0, 2026/09/15 09:41:29.772, 4, 16, 2835 MHz, 10251 MHz, P2, 80.71 W
1, 2026/09/15 09:41:29.772, 4, 16, 2820 MHz, 10251 MHz, P2, 94.28 W
0, 2026/09/15 09:41:29.972, 4, 16, 2835 MHz, 10251 MHz, P2, 100.51 W
1, 2026/09/15 09:41:29.972, 4, 16, 2820 MHz, 10251 MHz, P2, 94.28 W
0, 2026/09/15 09:41:30.172, 4, 16, 2835 MHz, 10251 MHz, P2, 100.51 W
1, 2026/09/15 09:41:30.173, 4, 16, 2820 MHz, 10251 MHz, P2, 94.28 W
0, 2026/09/15 09:41:30.373, 4, 16, 2835 MHz, 10251 MHz, P2, 110.54 W
1, 2026/09/15 09:41:30.373, 4, 16, 2820 MHz, 10251 MHz, P2, 103.08 W
0, 2026/09/15 09:41:30.573, 4, 16, 2835 MHz, 10251 MHz, P2, 110.54 W
1, 2026/09/15 09:41:30.573, 4, 16, 2820 MHz, 10251 MHz, P2, 103.08 W
0, 2026/09/15 09:41:30.774, 4, 16, 2835 MHz, 10251 MHz, P2, 110.54 W
1, 2026/09/15 09:41:30.774, 4, 16, 2820 MHz, 10251 MHz, P2, 105.14 W
0, 2026/09/15 09:41:30.974, 4, 16, 2835 MHz, 10251 MHz, P2, 113.07 W
1, 2026/09/15 09:41:30.974, 4, 16, 2820 MHz, 10251 MHz, P2, 105.14 W
0, 2026/09/15 09:41:31.175, 4, 16, 2835 MHz, 10251 MHz, P2, 113.07 W
1, 2026/09/15 09:41:31.175, 4, 16, 2820 MHz, 10251 MHz, P2, 105.14 W
0, 2026/09/15 09:41:31.375, 4, 16, 2835 MHz, 10251 MHz, P2, 114.49 W
1, 2026/09/15 09:41:31.375, 4, 16, 2820 MHz, 10251 MHz, P2, 106.28 W
0, 2026/09/15 09:41:31.575, 4, 16, 2835 MHz, 10251 MHz, P2, 114.49 W
1, 2026/09/15 09:41:31.576, 4, 16, 2820 MHz, 10251 MHz, P2, 106.28 W
0, 2026/09/15 09:41:31.776, 4, 16, 2835 MHz, 10251 MHz, P2, 114.49 W
1, 2026/09/15 09:41:31.776, 4, 16, 2820 MHz, 10251 MHz, P2, 106.29 W
0, 2026/09/15 09:41:31.976, 4, 16, 2835 MHz, 10251 MHz, P2, 114.93 W
1, 2026/09/15 09:41:31.976, 4, 16, 2820 MHz, 10251 MHz, P2, 106.29 W
0, 2026/09/15 09:41:32.177, 4, 16, 2835 MHz, 10251 MHz, P2, 114.93 W
1, 2026/09/15 09:41:32.177, 4, 16, 2820 MHz, 10251 MHz, P2, 106.29 W
0, 2026/09/15 09:41:32.377, 4, 16, 2835 MHz, 10251 MHz, P2, 115.01 W
1, 2026/09/15 09:41:32.378, 4, 16, 2820 MHz, 10251 MHz, P2, 106.48 W
0, 2026/09/15 09:41:32.578, 4, 16, 2835 MHz, 10251 MHz, P2, 115.01 W
1, 2026/09/15 09:41:32.578, 4, 16, 2820 MHz, 10251 MHz, P2, 106.48 W
0, 2026/09/15 09:41:32.779, 4, 16, 2835 MHz, 10251 MHz, P2, 115.01 W
1, 2026/09/15 09:41:32.779, 4, 16, 2820 MHz, 10251 MHz, P2, 106.33 W
0, 2026/09/15 09:41:32.979, 4, 16, 2835 MHz, 10251 MHz, P2, 114.14 W
1, 2026/09/15 09:41:32.979, 4, 16, 2820 MHz, 10251 MHz, P2, 106.33 W
0, 2026/09/15 09:41:33.179, 4, 16, 2835 MHz, 10251 MHz, P2, 114.14 W
1, 2026/09/15 09:41:33.180, 4, 16, 2820 MHz, 10251 MHz, P2, 106.33 W
0, 2026/09/15 09:41:33.380, 4, 16, 2835 MHz, 10251 MHz, P2, 114.86 W
1, 2026/09/15 09:41:33.380, 4, 16, 2820 MHz, 10251 MHz, P2, 106.69 W
0, 2026/09/15 09:41:33.580, 4, 16, 2835 MHz, 10251 MHz, P2, 114.86 W
1, 2026/09/15 09:41:33.580, 4, 16, 2820 MHz, 10251 MHz, P2, 106.69 W
0, 2026/09/15 09:41:33.781, 4, 16, 2835 MHz, 10251 MHz, P2, 114.86 W
1, 2026/09/15 09:41:33.781, 4, 16, 2820 MHz, 10251 MHz, P2, 107.35 W
0, 2026/09/15 09:41:33.981, 4, 16, 2835 MHz, 10251 MHz, P2, 116.53 W
1, 2026/09/15 09:41:33.981, 4, 16, 2820 MHz, 10251 MHz, P2, 107.35 W
0, 2026/09/15 09:41:34.182, 4, 16, 2835 MHz, 10251 MHz, P2, 116.53 W
1, 2026/09/15 09:41:34.182, 4, 16, 2820 MHz, 10251 MHz, P2, 107.35 W
0, 2026/09/15 09:41:34.382, 4, 16, 2835 MHz, 10251 MHz, P2, 116.74 W
1, 2026/09/15 09:41:34.382, 4, 16, 2820 MHz, 10251 MHz, P2, 107.00 W
0, 2026/09/15 09:41:34.582, 4, 16, 2835 MHz, 10251 MHz, P2, 116.74 W
1, 2026/09/15 09:41:34.583, 4, 16, 2820 MHz, 10251 MHz, P2, 107.00 W
0, 2026/09/15 09:41:34.783, 4, 16, 2835 MHz, 10251 MHz, P2, 116.74 W
1, 2026/09/15 09:41:34.783, 4, 16, 2820 MHz, 10251 MHz, P2, 108.05 W
0, 2026/09/15 09:41:34.983, 4, 16, 2835 MHz, 10251 MHz, P2, 117.66 W
1, 2026/09/15 09:41:34.983, 4, 16, 2820 MHz, 10251 MHz, P2, 108.05 W
0, 2026/09/15 09:41:35.184, 4, 16, 2835 MHz, 10251 MHz, P2, 117.66 W
1, 2026/09/15 09:41:35.184, 4, 16, 2820 MHz, 10251 MHz, P2, 108.05 W
0, 2026/09/15 09:41:35.384, 4, 16, 2835 MHz, 10251 MHz, P2, 117.94 W
1, 2026/09/15 09:41:35.384, 4, 16, 2820 MHz, 10251 MHz, P2, 108.04 W
0, 2026/09/15 09:41:35.584, 4, 16, 2835 MHz, 10251 MHz, P2, 117.94 W
1, 2026/09/15 09:41:35.584, 4, 16, 2820 MHz, 10251 MHz, P2, 108.04 W
0, 2026/09/15 09:41:35.784, 4, 16, 2835 MHz, 10251 MHz, P2, 117.94 W
1, 2026/09/15 09:41:35.785, 4, 16, 2820 MHz, 10251 MHz, P2, 107.05 W
0, 2026/09/15 09:41:35.985, 4, 16, 2835 MHz, 10251 MHz, P2, 117.13 W
1, 2026/09/15 09:41:35.985, 4, 16, 2820 MHz, 10251 MHz, P2, 107.05 W
0, 2026/09/15 09:41:36.185, 4, 16, 2835 MHz, 10251 MHz, P2, 117.13 W
1, 2026/09/15 09:41:36.185, 4, 16, 2820 MHz, 10251 MHz, P2, 107.05 W
0, 2026/09/15 09:41:36.386, 4, 16, 2835 MHz, 10251 MHz, P2, 112.86 W
1, 2026/09/15 09:41:36.386, 4, 16, 2820 MHz, 10251 MHz, P2, 103.35 W
0, 2026/09/15 09:41:36.586, 4, 16, 2835 MHz, 10251 MHz, P2, 112.86 W
1, 2026/09/15 09:41:36.587, 4, 16, 2820 MHz, 10251 MHz, P2, 103.35 W
0, 2026/09/15 09:41:36.787, 4, 16, 2835 MHz, 10251 MHz, P2, 112.86 W
1, 2026/09/15 09:41:36.787, 4, 16, 2820 MHz, 10501 MHz, P0, 92.07 W
0, 2026/09/15 09:41:36.988, 4, 16, 2835 MHz, 10251 MHz, P2, 99.79 W
1, 2026/09/15 09:41:36.988, 4, 16, 2820 MHz, 10501 MHz, P0, 92.07 W
0, 2026/09/15 09:41:37.188, 4, 16, 2835 MHz, 10251 MHz, P2, 99.79 W
1, 2026/09/15 09:41:37.188, 4, 16, 2820 MHz, 10501 MHz, P0, 92.07 W
0, 2026/09/15 09:41:37.388, 4, 16, 2835 MHz, 10501 MHz, P0, 88.08 W
1, 2026/09/15 09:41:37.388, 4, 16, 2820 MHz, 10501 MHz, P0, 80.66 W
0, 2026/09/15 09:41:37.589, 4, 16, 2835 MHz, 10501 MHz, P0, 88.08 W
1, 2026/09/15 09:41:37.589, 4, 16, 2820 MHz, 10501 MHz, P0, 80.66 W
0, 2026/09/15 09:41:37.790, 4, 16, 2835 MHz, 10501 MHz, P0, 88.08 W
1, 2026/09/15 09:41:37.790, 4, 16, 2820 MHz, 10501 MHz, P0, 79.63 W
0, 2026/09/15 09:41:37.991, 4, 16, 2835 MHz, 10501 MHz, P0, 87.48 W
1, 2026/09/15 09:41:37.991, 4, 16, 2820 MHz, 10501 MHz, P0, 79.63 W
0, 2026/09/15 09:41:38.191, 4, 16, 2835 MHz, 10501 MHz, P0, 87.48 W
1, 2026/09/15 09:41:38.191, 4, 16, 2820 MHz, 10501 MHz, P0, 79.63 W
0, 2026/09/15 09:41:38.391, 4, 16, 2835 MHz, 10501 MHz, P0, 87.48 W
1, 2026/09/15 09:41:38.391, 2, 16, 2820 MHz, 10501 MHz, P5, 79.08 W
0, 2026/09/15 09:41:38.592, 4, 16, 2835 MHz, 10501 MHz, P0, 87.48 W
1, 2026/09/15 09:41:38.613, 2, 16, 2820 MHz, 10501 MHz, P5, 79.08 W
0, 2026/09/15 09:41:38.813, 4, 16, 2520 MHz, 10251 MHz, P2, 87.48 W
1, 2026/09/15 09:41:38.814, 4, 16, 2520 MHz, 10251 MHz, P2, 49.95 W
0, 2026/09/15 09:41:39.014, 4, 16, 2520 MHz, 10251 MHz, P2, 69.25 W
1, 2026/09/15 09:41:39.014, 4, 16, 2520 MHz, 10251 MHz, P2, 49.95 W
0, 2026/09/15 09:41:39.215, 4, 16, 2520 MHz, 10251 MHz, P2, 69.25 W
1, 2026/09/15 09:41:39.215, 4, 16, 2520 MHz, 10251 MHz, P2, 49.95 W
0, 2026/09/15 09:41:39.415, 4, 16, 2520 MHz, 10251 MHz, P2, 67.06 W
1, 2026/09/15 09:41:39.415, 4, 16, 2520 MHz, 10251 MHz, P2, 50.62 W
0, 2026/09/15 09:41:39.615, 4, 16, 2520 MHz, 10251 MHz, P2, 67.06 W
1, 2026/09/15 09:41:39.616, 4, 16, 2520 MHz, 10251 MHz, P2, 50.62 W
0, 2026/09/15 09:41:39.816, 4, 16, 2835 MHz, 10251 MHz, P2, 76.58 W
1, 2026/09/15 09:41:39.816, 4, 16, 2820 MHz, 10251 MHz, P2, 73.00 W
0, 2026/09/15 09:41:40.016, 4, 16, 2835 MHz, 10251 MHz, P2, 76.58 W
1, 2026/09/15 09:41:40.016, 4, 16, 2820 MHz, 10251 MHz, P2, 73.00 W
0, 2026/09/15 09:41:40.217, 4, 16, 2835 MHz, 10251 MHz, P2, 76.58 W
1, 2026/09/15 09:41:40.217, 4, 16, 2820 MHz, 10251 MHz, P2, 73.00 W
0, 2026/09/15 09:41:40.417, 4, 16, 2835 MHz, 10251 MHz, P2, 95.85 W
1, 2026/09/15 09:41:40.417, 4, 16, 2820 MHz, 10251 MHz, P2, 89.86 W
0, 2026/09/15 09:41:40.617, 4, 16, 2835 MHz, 10251 MHz, P2, 95.85 W
1, 2026/09/15 09:41:40.618, 4, 16, 2820 MHz, 10251 MHz, P2, 89.86 W
0, 2026/09/15 09:41:40.818, 4, 16, 2835 MHz, 10251 MHz, P2, 108.95 W
1, 2026/09/15 09:41:40.818, 4, 16, 2820 MHz, 10251 MHz, P2, 101.79 W
0, 2026/09/15 09:41:41.018, 4, 16, 2835 MHz, 10251 MHz, P2, 108.95 W
1, 2026/09/15 09:41:41.018, 4, 16, 2820 MHz, 10251 MHz, P2, 101.79 W
0, 2026/09/15 09:41:41.219, 4, 16, 2835 MHz, 10251 MHz, P2, 108.95 W
1, 2026/09/15 09:41:41.219, 4, 16, 2820 MHz, 10251 MHz, P2, 101.79 W
0, 2026/09/15 09:41:41.419, 4, 16, 2835 MHz, 10251 MHz, P2, 112.49 W
1, 2026/09/15 09:41:41.420, 4, 16, 2820 MHz, 10251 MHz, P2, 104.93 W
0, 2026/09/15 09:41:41.620, 4, 16, 2835 MHz, 10251 MHz, P2, 112.49 W
1, 2026/09/15 09:41:41.620, 4, 16, 2820 MHz, 10251 MHz, P2, 104.93 W
0, 2026/09/15 09:41:41.820, 4, 16, 2835 MHz, 10251 MHz, P2, 115.05 W
1, 2026/09/15 09:41:41.820, 4, 16, 2820 MHz, 10251 MHz, P2, 106.53 W
0, 2026/09/15 09:41:42.021, 4, 16, 2835 MHz, 10251 MHz, P2, 115.05 W
1, 2026/09/15 09:41:42.021, 4, 16, 2820 MHz, 10251 MHz, P2, 106.53 W
0, 2026/09/15 09:41:42.221, 4, 16, 2835 MHz, 10251 MHz, P2, 115.05 W
1, 2026/09/15 09:41:42.221, 4, 16, 2820 MHz, 10251 MHz, P2, 106.53 W
0, 2026/09/15 09:41:42.422, 4, 16, 2835 MHz, 10251 MHz, P2, 115.99 W
1, 2026/09/15 09:41:42.422, 4, 16, 2820 MHz, 10251 MHz, P2, 106.73 W
0, 2026/09/15 09:41:42.622, 4, 16, 2835 MHz, 10251 MHz, P2, 115.99 W
1, 2026/09/15 09:41:42.622, 4, 16, 2820 MHz, 10251 MHz, P2, 106.73 W
0, 2026/09/15 09:41:42.823, 4, 16, 2835 MHz, 10251 MHz, P2, 116.50 W
1, 2026/09/15 09:41:42.823, 4, 16, 2820 MHz, 10251 MHz, P2, 107.74 W
0, 2026/09/15 09:41:43.023, 4, 16, 2835 MHz, 10251 MHz, P2, 116.50 W
1, 2026/09/15 09:41:43.024, 4, 16, 2820 MHz, 10251 MHz, P2, 107.74 W
0, 2026/09/15 09:41:43.224, 4, 16, 2835 MHz, 10251 MHz, P2, 116.50 W
1, 2026/09/15 09:41:43.224, 4, 16, 2820 MHz, 10251 MHz, P2, 107.74 W
0, 2026/09/15 09:41:43.425, 4, 16, 2835 MHz, 10251 MHz, P2, 117.52 W
1, 2026/09/15 09:41:43.425, 4, 16, 2820 MHz, 10251 MHz, P2, 108.33 W
0, 2026/09/15 09:41:43.625, 4, 16, 2835 MHz, 10251 MHz, P2, 117.52 W
1, 2026/09/15 09:41:43.625, 4, 16, 2820 MHz, 10251 MHz, P2, 108.33 W
0, 2026/09/15 09:41:43.826, 4, 16, 2835 MHz, 10251 MHz, P2, 117.50 W
1, 2026/09/15 09:41:43.826, 4, 16, 2820 MHz, 10251 MHz, P2, 107.91 W
0, 2026/09/15 09:41:44.026, 4, 16, 2835 MHz, 10251 MHz, P2, 117.50 W
1, 2026/09/15 09:41:44.026, 4, 16, 2820 MHz, 10251 MHz, P2, 107.91 W
0, 2026/09/15 09:41:44.226, 4, 16, 2835 MHz, 10251 MHz, P2, 117.50 W
1, 2026/09/15 09:41:44.227, 4, 16, 2820 MHz, 10251 MHz, P2, 107.91 W
0, 2026/09/15 09:41:44.427, 4, 16, 2835 MHz, 10251 MHz, P2, 117.29 W
1, 2026/09/15 09:41:44.427, 4, 16, 2820 MHz, 10251 MHz, P2, 107.57 W
0, 2026/09/15 09:41:44.627, 4, 16, 2835 MHz, 10251 MHz, P2, 117.29 W
1, 2026/09/15 09:41:44.628, 4, 16, 2820 MHz, 10251 MHz, P2, 107.57 W
0, 2026/09/15 09:41:44.828, 4, 16, 2835 MHz, 10251 MHz, P2, 117.13 W
1, 2026/09/15 09:41:44.828, 4, 16, 2820 MHz, 10251 MHz, P2, 106.63 W
0, 2026/09/15 09:41:45.028, 4, 16, 2835 MHz, 10251 MHz, P2, 117.13 W
1, 2026/09/15 09:41:45.028, 4, 16, 2820 MHz, 10251 MHz, P2, 106.63 W
0, 2026/09/15 09:41:45.229, 4, 16, 2835 MHz, 10251 MHz, P2, 117.13 W
1, 2026/09/15 09:41:45.229, 4, 16, 2820 MHz, 10251 MHz, P2, 106.63 W
0, 2026/09/15 09:41:45.429, 4, 16, 2835 MHz, 10251 MHz, P2, 118.24 W
1, 2026/09/15 09:41:45.429, 4, 16, 2820 MHz, 10251 MHz, P2, 108.48 W
0, 2026/09/15 09:41:45.630, 4, 16, 2835 MHz, 10251 MHz, P2, 118.24 W
1, 2026/09/15 09:41:45.630, 4, 16, 2820 MHz, 10251 MHz, P2, 108.48 W
0, 2026/09/15 09:41:45.830, 4, 16, 2835 MHz, 10251 MHz, P2, 118.72 W
1, 2026/09/15 09:41:45.830, 4, 16, 2820 MHz, 10251 MHz, P2, 108.68 W
0, 2026/09/15 09:41:46.031, 4, 16, 2835 MHz, 10251 MHz, P2, 118.72 W
1, 2026/09/15 09:41:46.031, 4, 16, 2820 MHz, 10251 MHz, P2, 108.68 W
0, 2026/09/15 09:41:46.231, 4, 16, 2835 MHz, 10251 MHz, P2, 118.72 W
1, 2026/09/15 09:41:46.231, 4, 16, 2820 MHz, 10251 MHz, P2, 108.68 W
0, 2026/09/15 09:41:46.432, 4, 16, 2835 MHz, 10251 MHz, P2, 116.61 W
1, 2026/09/15 09:41:46.432, 4, 16, 2820 MHz, 10251 MHz, P2, 106.84 W
0, 2026/09/15 09:41:46.632, 4, 16, 2835 MHz, 10251 MHz, P2, 116.61 W
1, 2026/09/15 09:41:46.632, 4, 16, 2820 MHz, 10251 MHz, P2, 106.84 W
0, 2026/09/15 09:41:46.833, 4, 16, 2835 MHz, 10251 MHz, P2, 109.00 W
1, 2026/09/15 09:41:46.834, 4, 16, 2820 MHz, 10251 MHz, P2, 100.46 W
0, 2026/09/15 09:41:47.035, 4, 16, 2835 MHz, 10251 MHz, P2, 109.00 W
1, 2026/09/15 09:41:47.078, 4, 16, 2820 MHz, 10251 MHz, P2, 100.46 W
0, 2026/09/15 09:41:47.281, 4, 16, 2835 MHz, 10251 MHz, P2, 109.00 W
1, 2026/09/15 09:41:47.281, 4, 16, 2820 MHz, 10501 MHz, P0, 88.99 W
0, 2026/09/15 09:41:47.481, 4, 16, 2835 MHz, 10501 MHz, P0, 96.32 W
1, 2026/09/15 09:41:47.482, 4, 16, 2820 MHz, 10501 MHz, P0, 88.99 W
0, 2026/09/15 09:41:47.682, 4, 16, 2835 MHz, 10501 MHz, P0, 96.32 W
1, 2026/09/15 09:41:47.682, 4, 16, 2820 MHz, 10501 MHz, P0, 88.99 W
0, 2026/09/15 09:41:47.882, 4, 16, 2835 MHz, 10501 MHz, P0, 87.61 W
1, 2026/09/15 09:41:47.883, 4, 16, 2820 MHz, 10501 MHz, P0, 80.71 W
0, 2026/09/15 09:41:48.083, 4, 16, 2835 MHz, 10501 MHz, P0, 87.61 W
1, 2026/09/15 09:41:48.083, 4, 16, 2820 MHz, 10501 MHz, P0, 80.71 W
0, 2026/09/15 09:41:48.283, 4, 16, 2835 MHz, 10501 MHz, P0, 87.61 W
1, 2026/09/15 09:41:48.283, 4, 16, 2820 MHz, 10501 MHz, P5, 79.18 W
0, 2026/09/15 09:41:48.484, 4, 16, 2835 MHz, 10501 MHz, P0, 86.98 W
1, 2026/09/15 09:41:48.484, 4, 16, 2820 MHz, 10501 MHz, P5, 79.18 W
0, 2026/09/15 09:41:48.684, 4, 16, 2835 MHz, 10501 MHz, P0, 86.98 W
1, 2026/09/15 09:41:48.685, 4, 16, 2820 MHz, 10501 MHz, P5, 79.18 W
0, 2026/09/15 09:41:48.891, 4, 16, 2520 MHz, 10251 MHz, P2, 77.67 W
1, 2026/09/15 09:41:48.892, 4, 16, 2520 MHz, 10501 MHz, P0, 57.59 W
0, 2026/09/15 09:41:49.092, 4, 16, 2520 MHz, 10251 MHz, P2, 77.67 W
1, 2026/09/15 09:41:49.092, 4, 16, 2520 MHz, 10501 MHz, P0, 57.59 W
0, 2026/09/15 09:41:49.292, 4, 16, 2520 MHz, 10251 MHz, P2, 77.67 W
1, 2026/09/15 09:41:49.292, 4, 16, 2520 MHz, 10251 MHz, P2, 52.84 W
0, 2026/09/15 09:41:49.493, 4, 16, 2520 MHz, 10251 MHz, P2, 69.50 W
1, 2026/09/15 09:41:49.493, 4, 16, 2520 MHz, 10251 MHz, P2, 52.84 W
0, 2026/09/15 09:41:49.693, 4, 16, 2520 MHz, 10251 MHz, P2, 69.50 W
1, 2026/09/15 09:41:49.693, 4, 16, 2520 MHz, 10251 MHz, P2, 52.84 W
0, 2026/09/15 09:41:49.894, 4, 16, 2835 MHz, 10251 MHz, P2, 76.76 W
1, 2026/09/15 09:41:49.894, 4, 16, 2820 MHz, 10251 MHz, P2, 72.06 W
0, 2026/09/15 09:41:50.094, 4, 16, 2835 MHz, 10251 MHz, P2, 76.76 W
1, 2026/09/15 09:41:50.094, 4, 16, 2820 MHz, 10251 MHz, P2, 72.06 W
0, 2026/09/15 09:41:50.294, 4, 16, 2835 MHz, 10251 MHz, P2, 76.76 W
1, 2026/09/15 09:41:50.295, 4, 16, 2820 MHz, 10251 MHz, P2, 89.81 W
0, 2026/09/15 09:41:50.495, 4, 16, 2835 MHz, 10251 MHz, P2, 96.25 W
1, 2026/09/15 09:41:50.495, 4, 16, 2820 MHz, 10251 MHz, P2, 89.81 W
0, 2026/09/15 09:41:50.695, 4, 16, 2835 MHz, 10251 MHz, P2, 96.25 W
1, 2026/09/15 09:41:50.695, 4, 16, 2820 MHz, 10251 MHz, P2, 89.81 W
0, 2026/09/15 09:41:50.896, 4, 16, 2835 MHz, 10251 MHz, P2, 109.96 W
1, 2026/09/15 09:41:50.896, 4, 16, 2820 MHz, 10251 MHz, P2, 101.39 W
0, 2026/09/15 09:41:51.096, 4, 16, 2835 MHz, 10251 MHz, P2, 109.96 W
1, 2026/09/15 09:41:51.096, 4, 16, 2820 MHz, 10251 MHz, P2, 101.39 W
0, 2026/09/15 09:41:51.297, 4, 16, 2835 MHz, 10251 MHz, P2, 109.96 W
1, 2026/09/15 09:41:51.297, 4, 16, 2820 MHz, 10251 MHz, P2, 103.96 W
0, 2026/09/15 09:41:51.497, 4, 16, 2835 MHz, 10251 MHz, P2, 113.01 W
1, 2026/09/15 09:41:51.497, 4, 16, 2820 MHz, 10251 MHz, P2, 103.96 W
0, 2026/09/15 09:41:51.697, 4, 16, 2835 MHz, 10251 MHz, P2, 113.01 W
1, 2026/09/15 09:41:51.698, 4, 16, 2820 MHz, 10251 MHz, P2, 103.96 W
0, 2026/09/15 09:41:51.898, 4, 16, 2835 MHz, 10251 MHz, P2, 114.87 W
1, 2026/09/15 09:41:51.898, 4, 16, 2820 MHz, 10251 MHz, P2, 105.42 W
0, 2026/09/15 09:41:52.098, 4, 16, 2835 MHz, 10251 MHz, P2, 114.87 W
1, 2026/09/15 09:41:52.099, 4, 16, 2820 MHz, 10251 MHz, P2, 105.42 W
0, 2026/09/15 09:41:52.299, 4, 16, 2835 MHz, 10251 MHz, P2, 114.87 W
1, 2026/09/15 09:41:52.299, 4, 16, 2820 MHz, 10251 MHz, P2, 105.90 W
0, 2026/09/15 09:41:52.499, 4, 16, 2835 MHz, 10251 MHz, P2, 115.62 W
1, 2026/09/15 09:41:52.499, 4, 16, 2820 MHz, 10251 MHz, P2, 105.90 W
0, 2026/09/15 09:41:52.700, 4, 16, 2835 MHz, 10251 MHz, P2, 115.62 W
1, 2026/09/15 09:41:52.700, 4, 16, 2820 MHz, 10251 MHz, P2, 105.90 W
0, 2026/09/15 09:41:52.900, 4, 16, 2835 MHz, 10251 MHz, P2, 116.18 W
1, 2026/09/15 09:41:52.900, 4, 16, 2820 MHz, 10251 MHz, P2, 106.63 W
0, 2026/09/15 09:41:53.100, 4, 16, 2835 MHz, 10251 MHz, P2, 116.18 W
1, 2026/09/15 09:41:53.101, 4, 16, 2820 MHz, 10251 MHz, P2, 106.63 W
0, 2026/09/15 09:41:53.301, 4, 16, 2835 MHz, 10251 MHz, P2, 116.18 W
1, 2026/09/15 09:41:53.301, 4, 16, 2820 MHz, 10251 MHz, P2, 106.21 W
0, 2026/09/15 09:41:53.501, 4, 16, 2835 MHz, 10251 MHz, P2, 115.92 W
1, 2026/09/15 09:41:53.501, 4, 16, 2820 MHz, 10251 MHz, P2, 106.21 W
0, 2026/09/15 09:41:53.702, 4, 16, 2835 MHz, 10251 MHz, P2, 115.92 W
1, 2026/09/15 09:41:53.702, 4, 16, 2820 MHz, 10251 MHz, P2, 106.21 W
0, 2026/09/15 09:41:53.902, 4, 16, 2835 MHz, 10251 MHz, P2, 116.29 W
1, 2026/09/15 09:41:53.902, 4, 16, 2820 MHz, 10251 MHz, P2, 106.73 W
0, 2026/09/15 09:41:54.103, 4, 16, 2835 MHz, 10251 MHz, P2, 116.29 W
1, 2026/09/15 09:41:54.103, 4, 16, 2820 MHz, 10251 MHz, P2, 106.73 W
0, 2026/09/15 09:41:54.303, 4, 16, 2835 MHz, 10251 MHz, P2, 116.29 W
1, 2026/09/15 09:41:54.303, 4, 16, 2820 MHz, 10251 MHz, P2, 106.86 W
0, 2026/09/15 09:41:54.503, 4, 16, 2835 MHz, 10251 MHz, P2, 116.86 W
1, 2026/09/15 09:41:54.504, 4, 16, 2820 MHz, 10251 MHz, P2, 106.86 W
0, 2026/09/15 09:41:54.704, 4, 16, 2835 MHz, 10251 MHz, P2, 116.86 W
1, 2026/09/15 09:41:54.704, 4, 16, 2820 MHz, 10251 MHz, P2, 106.86 W
0, 2026/09/15 09:41:54.904, 4, 16, 2835 MHz, 10251 MHz, P2, 116.78 W
1, 2026/09/15 09:41:54.904, 4, 16, 2820 MHz, 10251 MHz, P2, 106.34 W
0, 2026/09/15 09:41:55.105, 4, 16, 2835 MHz, 10251 MHz, P2, 116.78 W
1, 2026/09/15 09:41:55.105, 4, 16, 2820 MHz, 10251 MHz, P2, 106.34 W
0, 2026/09/15 09:41:55.305, 4, 16, 2835 MHz, 10251 MHz, P2, 116.78 W
1, 2026/09/15 09:41:55.305, 4, 16, 2820 MHz, 10251 MHz, P2, 107.42 W
0, 2026/09/15 09:41:55.505, 4, 16, 2835 MHz, 10251 MHz, P2, 117.78 W
1, 2026/09/15 09:41:55.506, 4, 16, 2820 MHz, 10251 MHz, P2, 107.42 W
0, 2026/09/15 09:41:55.706, 4, 16, 2835 MHz, 10251 MHz, P2, 117.78 W
1, 2026/09/15 09:41:55.706, 4, 16, 2820 MHz, 10251 MHz, P2, 107.42 W
0, 2026/09/15 09:41:55.906, 4, 16, 2835 MHz, 10251 MHz, P2, 117.73 W
1, 2026/09/15 09:41:55.906, 4, 16, 2820 MHz, 10251 MHz, P2, 107.46 W
0, 2026/09/15 09:41:56.107, 4, 16, 2835 MHz, 10251 MHz, P2, 117.73 W
1, 2026/09/15 09:41:56.107, 4, 16, 2820 MHz, 10251 MHz, P2, 107.46 W
0, 2026/09/15 09:41:56.307, 4, 16, 2835 MHz, 10251 MHz, P2, 117.73 W
1, 2026/09/15 09:41:56.307, 4, 16, 2820 MHz, 10251 MHz, P2, 106.30 W
0, 2026/09/15 09:41:56.507, 4, 16, 2835 MHz, 10251 MHz, P2, 116.39 W
1, 2026/09/15 09:41:56.508, 4, 16, 2820 MHz, 10251 MHz, P2, 106.30 W
0, 2026/09/15 09:41:56.708, 4, 16, 2835 MHz, 10251 MHz, P2, 116.39 W
1, 2026/09/15 09:41:56.708, 4, 16, 2820 MHz, 10251 MHz, P2, 106.30 W
0, 2026/09/15 09:41:56.908, 4, 16, 2835 MHz, 10251 MHz, P2, 116.34 W
1, 2026/09/15 09:41:56.908, 4, 16, 2820 MHz, 10251 MHz, P2, 106.28 W
0, 2026/09/15 09:41:57.109, 4, 16, 2835 MHz, 10251 MHz, P2, 116.34 W
1, 2026/09/15 09:41:57.109, 4, 16, 2820 MHz, 10251 MHz, P2, 106.28 W
0, 2026/09/15 09:41:57.310, 4, 16, 2835 MHz, 10251 MHz, P2, 116.34 W
1, 2026/09/15 09:41:57.310, 4, 16, 2820 MHz, 10501 MHz, P0, 95.43 W
0, 2026/09/15 09:41:57.510, 4, 16, 2835 MHz, 10501 MHz, P0, 104.35 W
1, 2026/09/15 09:41:57.510, 4, 16, 2820 MHz, 10501 MHz, P0, 95.43 W
0, 2026/09/15 09:41:57.711, 4, 16, 2835 MHz, 10501 MHz, P0, 104.35 W
1, 2026/09/15 09:41:57.711, 4, 16, 2820 MHz, 10501 MHz, P0, 95.43 W
0, 2026/09/15 09:41:57.911, 4, 16, 2835 MHz, 10501 MHz, P0, 89.96 W
1, 2026/09/15 09:41:57.911, 4, 16, 2820 MHz, 10501 MHz, P0, 82.11 W
0, 2026/09/15 09:41:58.111, 4, 16, 2835 MHz, 10501 MHz, P0, 89.96 W
1, 2026/09/15 09:41:58.112, 4, 16, 2820 MHz, 10501 MHz, P0, 82.11 W
0, 2026/09/15 09:41:58.312, 4, 16, 2835 MHz, 10501 MHz, P0, 89.96 W
1, 2026/09/15 09:41:58.312, 4, 16, 2820 MHz, 10501 MHz, P0, 78.88 W
0, 2026/09/15 09:41:58.512, 4, 16, 2835 MHz, 10501 MHz, P0, 87.64 W
1, 2026/09/15 09:41:58.515, 4, 16, 2820 MHz, 10501 MHz, P0, 78.88 W
0, 2026/09/15 09:41:58.736, 4, 16, 2835 MHz, 10501 MHz, P0, 87.64 W
1, 2026/09/15 09:41:58.736, 4, 16, 2820 MHz, 10501 MHz, P0, 78.88 W
0, 2026/09/15 09:41:58.937, 4, 16, 2520 MHz, 10501 MHz, P0, 85.82 W
1, 2026/09/15 09:41:58.938, 2, 16, 600 MHz, 810 MHz, P5, 74.96 W
0, 2026/09/15 09:41:59.138, 4, 16, 2520 MHz, 10501 MHz, P0, 85.82 W
1, 2026/09/15 09:41:59.138, 2, 16, 600 MHz, 810 MHz, P5, 74.96 W
0, 2026/09/15 09:41:59.339, 4, 16, 2520 MHz, 10251 MHz, P2, 77.13 W
1, 2026/09/15 09:41:59.339, 4, 16, 2520 MHz, 10251 MHz, P2, 64.82 W
0, 2026/09/15 09:41:59.539, 4, 16, 2520 MHz, 10251 MHz, P2, 77.13 W
1, 2026/09/15 09:41:59.539, 4, 16, 2520 MHz, 10251 MHz, P2, 64.82 W
0, 2026/09/15 09:41:59.740, 4, 16, 2520 MHz, 10251 MHz, P2, 77.13 W
1, 2026/09/15 09:41:59.740, 4, 16, 2520 MHz, 10251 MHz, P2, 64.82 W
0, 2026/09/15 09:41:59.940, 4, 16, 2835 MHz, 10251 MHz, P2, 71.07 W
1, 2026/09/15 09:41:59.940, 4, 16, 2820 MHz, 10251 MHz, P2, 61.98 W
0, 2026/09/15 09:42:00.140, 4, 16, 2835 MHz, 10251 MHz, P2, 71.07 W
1, 2026/09/15 09:42:00.141, 4, 16, 2820 MHz, 10251 MHz, P2, 61.98 W
0, 2026/09/15 09:42:00.341, 4, 16, 2835 MHz, 10251 MHz, P2, 90.25 W
1, 2026/09/15 09:42:00.341, 4, 16, 2820 MHz, 10251 MHz, P2, 85.29 W
0, 2026/09/15 09:42:00.541, 4, 16, 2835 MHz, 10251 MHz, P2, 90.25 W
1, 2026/09/15 09:42:00.541, 4, 16, 2820 MHz, 10251 MHz, P2, 85.29 W
0, 2026/09/15 09:42:00.741, 4, 16, 2835 MHz, 10251 MHz, P2, 90.25 W
1, 2026/09/15 09:42:00.742, 4, 16, 2820 MHz, 10251 MHz, P2, 85.29 W
0, 2026/09/15 09:42:00.942, 4, 16, 2835 MHz, 10251 MHz, P2, 110.06 W
1, 2026/09/15 09:42:00.942, 4, 16, 2820 MHz, 10251 MHz, P2, 102.39 W
0, 2026/09/15 09:42:01.142, 4, 16, 2835 MHz, 10251 MHz, P2, 110.06 W
1, 2026/09/15 09:42:01.142, 4, 16, 2820 MHz, 10251 MHz, P2, 102.39 W
0, 2026/09/15 09:42:01.343, 4, 16, 2835 MHz, 10251 MHz, P2, 114.75 W
1, 2026/09/15 09:42:01.343, 4, 16, 2820 MHz, 10251 MHz, P2, 106.65 W
0, 2026/09/15 09:42:01.543, 4, 16, 2835 MHz, 10251 MHz, P2, 114.75 W
1, 2026/09/15 09:42:01.543, 4, 16, 2820 MHz, 10251 MHz, P2, 106.65 W
0, 2026/09/15 09:42:01.743, 4, 16, 2835 MHz, 10251 MHz, P2, 114.75 W
1, 2026/09/15 09:42:01.744, 4, 16, 2820 MHz, 10251 MHz, P2, 106.65 W
0, 2026/09/15 09:42:01.944, 4, 16, 2835 MHz, 10251 MHz, P2, 116.40 W
1, 2026/09/15 09:42:01.944, 4, 16, 2820 MHz, 10251 MHz, P2, 107.52 W
0, 2026/09/15 09:42:02.144, 4, 16, 2835 MHz, 10251 MHz, P2, 116.40 W
1, 2026/09/15 09:42:02.144, 4, 16, 2820 MHz, 10251 MHz, P2, 107.52 W
0, 2026/09/15 09:42:02.345, 4, 16, 2835 MHz, 10251 MHz, P2, 116.74 W
1, 2026/09/15 09:42:02.345, 4, 16, 2820 MHz, 10251 MHz, P2, 107.73 W
0, 2026/09/15 09:42:02.545, 4, 16, 2835 MHz, 10251 MHz, P2, 116.74 W
1, 2026/09/15 09:42:02.545, 4, 16, 2820 MHz, 10251 MHz, P2, 107.73 W
0, 2026/09/15 09:42:02.745, 4, 16, 2835 MHz, 10251 MHz, P2, 116.74 W
1, 2026/09/15 09:42:02.745, 4, 16, 2820 MHz, 10251 MHz, P2, 107.73 W
0, 2026/09/15 09:42:02.946, 4, 16, 2835 MHz, 10251 MHz, P2, 116.96 W
1, 2026/09/15 09:42:02.946, 4, 16, 2820 MHz, 10251 MHz, P2, 107.54 W
0, 2026/09/15 09:42:03.146, 4, 16, 2835 MHz, 10251 MHz, P2, 116.96 W
1, 2026/09/15 09:42:03.146, 4, 16, 2820 MHz, 10251 MHz, P2, 107.54 W
0, 2026/09/15 09:42:03.346, 4, 16, 2835 MHz, 10251 MHz, P2, 119.21 W
1, 2026/09/15 09:42:03.347, 4, 16, 2820 MHz, 10251 MHz, P2, 108.96 W
0, 2026/09/15 09:42:03.547, 4, 16, 2835 MHz, 10251 MHz, P2, 119.21 W
1, 2026/09/15 09:42:03.547, 4, 16, 2820 MHz, 10251 MHz, P2, 108.96 W
0, 2026/09/15 09:42:03.747, 4, 16, 2835 MHz, 10251 MHz, P2, 119.21 W
1, 2026/09/15 09:42:03.747, 4, 16, 2820 MHz, 10251 MHz, P2, 108.96 W
0, 2026/09/15 09:42:03.948, 4, 16, 2835 MHz, 10251 MHz, P2, 118.99 W
1, 2026/09/15 09:42:03.948, 4, 16, 2820 MHz, 10251 MHz, P2, 108.24 W
0, 2026/09/15 09:42:04.148, 4, 16, 2835 MHz, 10251 MHz, P2, 118.99 W
1, 2026/09/15 09:42:04.148, 4, 16, 2820 MHz, 10251 MHz, P2, 108.24 W
0, 2026/09/15 09:42:04.348, 4, 16, 2835 MHz, 10251 MHz, P2, 118.46 W
1, 2026/09/15 09:42:04.349, 4, 16, 2820 MHz, 10251 MHz, P2, 107.22 W
0, 2026/09/15 09:42:04.549, 4, 16, 2835 MHz, 10251 MHz, P2, 118.46 W
1, 2026/09/15 09:42:04.549, 4, 16, 2820 MHz, 10251 MHz, P2, 107.22 W
0, 2026/09/15 09:42:04.749, 4, 16, 2835 MHz, 10251 MHz, P2, 118.46 W
1, 2026/09/15 09:42:04.749, 4, 16, 2820 MHz, 10251 MHz, P2, 107.22 W
0, 2026/09/15 09:42:04.950, 4, 16, 2835 MHz, 10251 MHz, P2, 120.51 W
1, 2026/09/15 09:42:04.950, 4, 16, 2820 MHz, 10251 MHz, P2, 109.26 W
0, 2026/09/15 09:42:05.150, 4, 16, 2835 MHz, 10251 MHz, P2, 120.51 W
1, 2026/09/15 09:42:05.150, 4, 16, 2820 MHz, 10251 MHz, P2, 109.26 W
0, 2026/09/15 09:42:05.350, 4, 16, 2835 MHz, 10251 MHz, P2, 120.27 W
1, 2026/09/15 09:42:05.350, 4, 16, 2820 MHz, 10251 MHz, P2, 109.31 W
0, 2026/09/15 09:42:05.551, 4, 16, 2835 MHz, 10251 MHz, P2, 120.27 W
1, 2026/09/15 09:42:05.551, 4, 16, 2820 MHz, 10251 MHz, P2, 109.31 W
0, 2026/09/15 09:42:05.751, 4, 16, 2835 MHz, 10251 MHz, P2, 120.27 W
1, 2026/09/15 09:42:05.751, 4, 16, 2820 MHz, 10251 MHz, P2, 109.31 W
0, 2026/09/15 09:42:05.951, 4, 16, 2835 MHz, 10251 MHz, P2, 117.90 W
1, 2026/09/15 09:42:05.952, 4, 16, 2820 MHz, 10251 MHz, P2, 107.31 W
0, 2026/09/15 09:42:06.152, 4, 16, 2835 MHz, 10251 MHz, P2, 117.90 W
1, 2026/09/15 09:42:06.152, 4, 16, 2820 MHz, 10251 MHz, P2, 107.31 W
0, 2026/09/15 09:42:06.352, 4, 16, 2835 MHz, 10251 MHz, P2, 108.99 W
1, 2026/09/15 09:42:06.352, 4, 16, 2820 MHz, 10251 MHz, P2, 99.82 W
0, 2026/09/15 09:42:06.553, 4, 16, 2835 MHz, 10251 MHz, P2, 108.99 W
1, 2026/09/15 09:42:06.553, 4, 16, 2820 MHz, 10251 MHz, P2, 99.82 W
0, 2026/09/15 09:42:06.754, 4, 16, 2835 MHz, 10251 MHz, P2, 108.99 W
1, 2026/09/15 09:42:06.754, 4, 16, 2820 MHz, 10251 MHz, P2, 99.82 W
0, 2026/09/15 09:42:06.954, 4, 16, 2835 MHz, 10501 MHz, P0, 96.33 W
1, 2026/09/15 09:42:06.955, 4, 16, 2820 MHz, 10501 MHz, P0, 88.74 W
0, 2026/09/15 09:42:07.155, 4, 16, 2835 MHz, 10501 MHz, P0, 96.33 W
1, 2026/09/15 09:42:07.155, 4, 16, 2820 MHz, 10501 MHz, P0, 88.74 W
0, 2026/09/15 09:42:07.355, 4, 16, 2835 MHz, 10501 MHz, P0, 87.79 W
1, 2026/09/15 09:42:07.355, 4, 16, 2820 MHz, 10501 MHz, P0, 80.47 W
0, 2026/09/15 09:42:07.555, 4, 16, 2835 MHz, 10501 MHz, P0, 87.79 W
1, 2026/09/15 09:42:07.556, 4, 16, 2820 MHz, 10501 MHz, P0, 80.47 W
0, 2026/09/15 09:42:07.756, 4, 16, 2835 MHz, 10501 MHz, P0, 87.79 W
1, 2026/09/15 09:42:07.756, 4, 16, 2820 MHz, 10501 MHz, P0, 80.47 W
0, 2026/09/15 09:42:07.956, 2, 16, 2520 MHz, 10501 MHz, P5, 87.86 W
1, 2026/09/15 09:42:07.956, 4, 16, 2520 MHz, 10501 MHz, P0, 78.89 W
0, 2026/09/15 09:42:08.156, 2, 16, 2520 MHz, 10501 MHz, P5, 87.86 W
1, 2026/09/15 09:42:08.164, 4, 16, 2520 MHz, 10501 MHz, P0, 78.89 W
0, 2026/09/15 09:42:08.364, 4, 16, 2520 MHz, 10251 MHz, P2, 63.08 W
1, 2026/09/15 09:42:08.365, 2, 16, 810 MHz, 810 MHz, P5, 65.45 W
0, 2026/09/15 09:42:08.566, 4, 16, 2520 MHz, 10251 MHz, P2, 63.08 W
1, 2026/09/15 09:42:08.566, 2, 16, 810 MHz, 810 MHz, P5, 65.45 W
0, 2026/09/15 09:42:08.766, 4, 16, 2520 MHz, 10251 MHz, P2, 63.08 W
1, 2026/09/15 09:42:08.767, 4, 16, 2520 MHz, 10251 MHz, P2, 57.45 W
0, 2026/09/15 09:42:08.967, 4, 16, 2520 MHz, 10251 MHz, P2, 53.27 W
1, 2026/09/15 09:42:08.967, 4, 16, 2520 MHz, 10251 MHz, P2, 57.45 W
0, 2026/09/15 09:42:09.167, 4, 16, 2520 MHz, 10251 MHz, P2, 53.27 W
1, 2026/09/15 09:42:09.167, 4, 16, 2520 MHz, 10251 MHz, P2, 57.45 W
0, 2026/09/15 09:42:09.368, 4, 16, 2835 MHz, 10251 MHz, P2, 68.04 W
1, 2026/09/15 09:42:09.368, 4, 16, 2745 MHz, 10251 MHz, P2, 64.12 W
0, 2026/09/15 09:42:09.568, 4, 16, 2835 MHz, 10251 MHz, P2, 68.04 W
1, 2026/09/15 09:42:09.569, 4, 16, 2745 MHz, 10251 MHz, P2, 64.12 W
0, 2026/09/15 09:42:09.769, 4, 16, 2835 MHz, 10251 MHz, P2, 68.04 W
1, 2026/09/15 09:42:09.769, 4, 16, 2820 MHz, 10251 MHz, P2, 86.00 W
0, 2026/09/15 09:42:09.969, 4, 16, 2835 MHz, 10251 MHz, P2, 87.16 W
1, 2026/09/15 09:42:09.969, 4, 16, 2820 MHz, 10251 MHz, P2, 86.00 W
0, 2026/09/15 09:42:10.170, 4, 16, 2835 MHz, 10251 MHz, P2, 87.16 W
1, 2026/09/15 09:42:10.170, 4, 16, 2820 MHz, 10251 MHz, P2, 86.00 W
0, 2026/09/15 09:42:10.370, 4, 16, 2835 MHz, 10251 MHz, P2, 107.68 W
1, 2026/09/15 09:42:10.370, 4, 16, 2820 MHz, 10251 MHz, P2, 101.10 W
0, 2026/09/15 09:42:10.570, 4, 16, 2835 MHz, 10251 MHz, P2, 107.68 W
1, 2026/09/15 09:42:10.570, 4, 16, 2820 MHz, 10251 MHz, P2, 101.10 W
0, 2026/09/15 09:42:10.770, 4, 16, 2835 MHz, 10251 MHz, P2, 107.68 W
1, 2026/09/15 09:42:10.771, 4, 16, 2820 MHz, 10251 MHz, P2, 105.71 W
0, 2026/09/15 09:42:10.971, 4, 16, 2835 MHz, 10251 MHz, P2, 115.34 W
1, 2026/09/15 09:42:10.971, 4, 16, 2820 MHz, 10251 MHz, P2, 105.71 W
0, 2026/09/15 09:42:11.172, 4, 16, 2835 MHz, 10251 MHz, P2, 115.34 W
1, 2026/09/15 09:42:11.172, 4, 16, 2820 MHz, 10251 MHz, P2, 105.71 W
0, 2026/09/15 09:42:11.372, 4, 16, 2835 MHz, 10251 MHz, P2, 116.71 W
1, 2026/09/15 09:42:11.373, 4, 16, 2820 MHz, 10251 MHz, P2, 106.70 W
0, 2026/09/15 09:42:11.573, 4, 16, 2835 MHz, 10251 MHz, P2, 116.71 W
1, 2026/09/15 09:42:11.573, 4, 16, 2820 MHz, 10251 MHz, P2, 106.70 W
0, 2026/09/15 09:42:11.773, 4, 16, 2835 MHz, 10251 MHz, P2, 116.71 W
1, 2026/09/15 09:42:11.773, 4, 16, 2820 MHz, 10251 MHz, P2, 107.43 W
0, 2026/09/15 09:42:11.974, 4, 16, 2835 MHz, 10251 MHz, P2, 117.71 W
1, 2026/09/15 09:42:11.974, 4, 16, 2820 MHz, 10251 MHz, P2, 107.43 W
0, 2026/09/15 09:42:12.175, 4, 16, 2835 MHz, 10251 MHz, P2, 117.71 W
1, 2026/09/15 09:42:12.175, 4, 16, 2820 MHz, 10251 MHz, P2, 107.43 W
0, 2026/09/15 09:42:12.375, 4, 16, 2835 MHz, 10251 MHz, P2, 117.85 W
1, 2026/09/15 09:42:12.376, 4, 16, 2820 MHz, 10251 MHz, P2, 107.29 W
0, 2026/09/15 09:42:12.576, 4, 16, 2835 MHz, 10251 MHz, P2, 117.85 W
1, 2026/09/15 09:42:12.576, 4, 16, 2820 MHz, 10251 MHz, P2, 107.29 W
0, 2026/09/15 09:42:12.776, 4, 16, 2835 MHz, 10251 MHz, P2, 117.85 W
1, 2026/09/15 09:42:12.776, 4, 16, 2820 MHz, 10251 MHz, P2, 107.64 W
0, 2026/09/15 09:42:12.977, 4, 16, 2835 MHz, 10251 MHz, P2, 118.61 W
1, 2026/09/15 09:42:12.977, 4, 16, 2820 MHz, 10251 MHz, P2, 107.64 W
0, 2026/09/15 09:42:13.177, 4, 16, 2835 MHz, 10251 MHz, P2, 118.61 W
1, 2026/09/15 09:42:13.177, 4, 16, 2820 MHz, 10251 MHz, P2, 107.64 W
0, 2026/09/15 09:42:13.378, 4, 16, 2835 MHz, 10251 MHz, P2, 118.66 W
1, 2026/09/15 09:42:13.378, 4, 16, 2820 MHz, 10251 MHz, P2, 107.72 W
0, 2026/09/15 09:42:13.578, 4, 16, 2835 MHz, 10251 MHz, P2, 118.66 W
1, 2026/09/15 09:42:13.578, 4, 16, 2820 MHz, 10251 MHz, P2, 107.72 W
0, 2026/09/15 09:42:13.778, 4, 16, 2835 MHz, 10251 MHz, P2, 118.66 W
1, 2026/09/15 09:42:13.779, 4, 16, 2820 MHz, 10251 MHz, P2, 107.58 W
0, 2026/09/15 09:42:13.979, 4, 16, 2835 MHz, 10251 MHz, P2, 118.31 W
1, 2026/09/15 09:42:13.979, 4, 16, 2820 MHz, 10251 MHz, P2, 107.58 W
0, 2026/09/15 09:42:14.179, 4, 16, 2835 MHz, 10251 MHz, P2, 118.31 W
1, 2026/09/15 09:42:14.179, 4, 16, 2820 MHz, 10251 MHz, P2, 107.58 W
0, 2026/09/15 09:42:14.380, 4, 16, 2835 MHz, 10251 MHz, P2, 118.82 W
1, 2026/09/15 09:42:14.380, 4, 16, 2820 MHz, 10251 MHz, P2, 108.18 W
0, 2026/09/15 09:42:14.580, 4, 16, 2835 MHz, 10251 MHz, P2, 118.82 W
1, 2026/09/15 09:42:14.580, 4, 16, 2820 MHz, 10251 MHz, P2, 108.18 W
0, 2026/09/15 09:42:14.780, 4, 16, 2835 MHz, 10251 MHz, P2, 118.82 W
1, 2026/09/15 09:42:14.781, 4, 16, 2820 MHz, 10251 MHz, P2, 108.12 W
0, 2026/09/15 09:42:14.981, 4, 16, 2835 MHz, 10251 MHz, P2, 118.60 W
1, 2026/09/15 09:42:14.981, 4, 16, 2820 MHz, 10251 MHz, P2, 108.12 W
0, 2026/09/15 09:42:15.181, 4, 16, 2835 MHz, 10251 MHz, P2, 118.60 W
1, 2026/09/15 09:42:15.181, 4, 16, 2820 MHz, 10251 MHz, P2, 108.12 W
0, 2026/09/15 09:42:15.382, 4, 16, 2835 MHz, 10251 MHz, P2, 118.18 W
1, 2026/09/15 09:42:15.382, 4, 16, 2820 MHz, 10251 MHz, P2, 107.63 W
0, 2026/09/15 09:42:15.582, 4, 16, 2835 MHz, 10251 MHz, P2, 118.18 W
1, 2026/09/15 09:42:15.582, 4, 16, 2820 MHz, 10251 MHz, P2, 107.63 W
0, 2026/09/15 09:42:15.783, 4, 16, 2835 MHz, 10251 MHz, P2, 118.18 W
1, 2026/09/15 09:42:15.783, 4, 16, 2820 MHz, 10501 MHz, P0, 97.08 W
0, 2026/09/15 09:42:15.983, 4, 16, 2835 MHz, 10501 MHz, P0, 106.25 W
1, 2026/09/15 09:42:15.983, 4, 16, 2820 MHz, 10501 MHz, P0, 97.08 W
0, 2026/09/15 09:42:16.184, 4, 16, 2835 MHz, 10501 MHz, P0, 106.25 W
1, 2026/09/15 09:42:16.184, 4, 16, 2820 MHz, 10501 MHz, P0, 97.08 W
0, 2026/09/15 09:42:16.384, 4, 16, 2835 MHz, 10501 MHz, P0, 92.24 W
1, 2026/09/15 09:42:16.384, 4, 16, 2820 MHz, 10501 MHz, P0, 84.22 W
0, 2026/09/15 09:42:16.585, 4, 16, 2835 MHz, 10501 MHz, P0, 92.24 W
1, 2026/09/15 09:42:16.585, 4, 16, 2820 MHz, 10501 MHz, P0, 84.22 W
0, 2026/09/15 09:42:16.785, 4, 16, 2835 MHz, 10501 MHz, P0, 92.24 W
1, 2026/09/15 09:42:16.785, 4, 16, 2820 MHz, 10501 MHz, P0, 78.81 W
0, 2026/09/15 09:42:16.986, 4, 16, 2835 MHz, 10501 MHz, P0, 87.22 W
1, 2026/09/15 09:42:16.986, 4, 16, 2820 MHz, 10501 MHz, P0, 78.81 W
0, 2026/09/15 09:42:17.187, 4, 16, 2835 MHz, 10501 MHz, P0, 87.22 W
1, 2026/09/15 09:42:17.187, 4, 16, 2820 MHz, 10501 MHz, P0, 78.81 W
0, 2026/09/15 09:42:17.387, 4, 16, 2520 MHz, 10251 MHz, P2, 83.83 W
1, 2026/09/15 09:42:17.387, 4, 16, 2520 MHz, 10501 MHz, P0, 74.82 W
0, 2026/09/15 09:42:17.587, 4, 16, 2520 MHz, 10251 MHz, P2, 83.83 W
1, 2026/09/15 09:42:17.588, 4, 16, 2520 MHz, 10501 MHz, P0, 74.82 W
0, 2026/09/15 09:42:17.788, 4, 16, 2520 MHz, 10251 MHz, P2, 83.83 W
1, 2026/09/15 09:42:17.788, 4, 16, 2520 MHz, 10251 MHz, P2, 68.17 W
0, 2026/09/15 09:42:17.988, 4, 16, 2520 MHz, 10251 MHz, P2, 74.61 W
1, 2026/09/15 09:42:17.989, 4, 16, 2520 MHz, 10251 MHz, P2, 68.17 W
0, 2026/09/15 09:42:18.189, 4, 16, 2520 MHz, 10251 MHz, P2, 74.61 W
1, 2026/09/15 09:42:18.189, 4, 16, 2520 MHz, 10251 MHz, P2, 68.17 W
0, 2026/09/15 09:42:18.389, 4, 16, 2835 MHz, 10251 MHz, P2, 74.75 W
1, 2026/09/15 09:42:18.389, 4, 16, 2820 MHz, 10251 MHz, P2, 70.75 W
0, 2026/09/15 09:42:18.590, 4, 16, 2835 MHz, 10251 MHz, P2, 74.75 W
1, 2026/09/15 09:42:18.590, 4, 16, 2820 MHz, 10251 MHz, P2, 70.75 W
0, 2026/09/15 09:42:18.790, 4, 16, 2835 MHz, 10251 MHz, P2, 74.75 W
1, 2026/09/15 09:42:18.790, 4, 16, 2820 MHz, 10251 MHz, P2, 89.46 W
0, 2026/09/15 09:42:18.990, 4, 16, 2835 MHz, 10251 MHz, P2, 95.68 W
1, 2026/09/15 09:42:18.991, 4, 16, 2820 MHz, 10251 MHz, P2, 89.46 W
0, 2026/09/15 09:42:19.191, 4, 16, 2835 MHz, 10251 MHz, P2, 95.68 W
1, 2026/09/15 09:42:19.191, 4, 16, 2820 MHz, 10251 MHz, P2, 89.46 W
0, 2026/09/15 09:42:19.391, 4, 16, 2835 MHz, 10251 MHz, P2, 113.02 W
1, 2026/09/15 09:42:19.391, 4, 16, 2820 MHz, 10251 MHz, P2, 104.11 W
0, 2026/09/15 09:42:19.592, 4, 16, 2835 MHz, 10251 MHz, P2, 113.02 W
1, 2026/09/15 09:42:19.592, 4, 16, 2820 MHz, 10251 MHz, P2, 104.11 W
0, 2026/09/15 09:42:19.792, 4, 16, 2835 MHz, 10251 MHz, P2, 113.02 W
1, 2026/09/15 09:42:19.792, 4, 16, 2820 MHz, 10251 MHz, P2, 106.36 W
0, 2026/09/15 09:42:19.992, 4, 16, 2835 MHz, 10251 MHz, P2, 115.96 W
1, 2026/09/15 09:42:19.992, 4, 16, 2820 MHz, 10251 MHz, P2, 106.36 W
0, 2026/09/15 09:42:20.193, 4, 16, 2835 MHz, 10251 MHz, P2, 115.96 W
1, 2026/09/15 09:42:20.193, 4, 16, 2820 MHz, 10251 MHz, P2, 106.36 W
0, 2026/09/15 09:42:20.393, 4, 16, 2835 MHz, 10251 MHz, P2, 117.23 W
1, 2026/09/15 09:42:20.393, 4, 16, 2820 MHz, 10251 MHz, P2, 107.04 W
0, 2026/09/15 09:42:20.594, 4, 16, 2835 MHz, 10251 MHz, P2, 117.23 W
1, 2026/09/15 09:42:20.594, 4, 16, 2820 MHz, 10251 MHz, P2, 107.04 W
0, 2026/09/15 09:42:20.794, 4, 16, 2835 MHz, 10251 MHz, P2, 117.23 W
1, 2026/09/15 09:42:20.794, 4, 16, 2820 MHz, 10251 MHz, P2, 107.83 W
0, 2026/09/15 09:42:20.995, 4, 16, 2835 MHz, 10251 MHz, P2, 118.14 W
1, 2026/09/15 09:42:20.995, 4, 16, 2820 MHz, 10251 MHz, P2, 107.83 W
0, 2026/09/15 09:42:21.195, 4, 16, 2835 MHz, 10251 MHz, P2, 118.14 W
1, 2026/09/15 09:42:21.195, 4, 16, 2820 MHz, 10251 MHz, P2, 107.83 W
0, 2026/09/15 09:42:21.395, 4, 16, 2835 MHz, 10251 MHz, P2, 117.56 W
1, 2026/09/15 09:42:21.396, 4, 16, 2820 MHz, 10251 MHz, P2, 107.43 W
0, 2026/09/15 09:42:21.596, 4, 16, 2835 MHz, 10251 MHz, P2, 117.56 W
1, 2026/09/15 09:42:21.596, 4, 16, 2820 MHz, 10251 MHz, P2, 107.43 W
0, 2026/09/15 09:42:21.796, 4, 16, 2835 MHz, 10251 MHz, P2, 117.56 W
1, 2026/09/15 09:42:21.797, 4, 16, 2820 MHz, 10251 MHz, P2, 108.08 W
0, 2026/09/15 09:42:21.997, 4, 16, 2835 MHz, 10251 MHz, P2, 118.47 W
1, 2026/09/15 09:42:21.997, 4, 16, 2820 MHz, 10251 MHz, P2, 108.08 W
0, 2026/09/15 09:42:22.197, 4, 16, 2835 MHz, 10251 MHz, P2, 118.47 W
1, 2026/09/15 09:42:22.197, 4, 16, 2820 MHz, 10251 MHz, P2, 108.08 W
0, 2026/09/15 09:42:22.398, 4, 16, 2835 MHz, 10251 MHz, P2, 119.07 W
1, 2026/09/15 09:42:22.398, 4, 16, 2820 MHz, 10251 MHz, P2, 108.33 W
0, 2026/09/15 09:42:22.598, 4, 16, 2835 MHz, 10251 MHz, P2, 119.07 W
1, 2026/09/15 09:42:22.598, 4, 16, 2820 MHz, 10251 MHz, P2, 108.33 W
0, 2026/09/15 09:42:22.799, 4, 16, 2835 MHz, 10251 MHz, P2, 119.07 W
1, 2026/09/15 09:42:22.799, 4, 16, 2820 MHz, 10251 MHz, P2, 107.15 W
0, 2026/09/15 09:42:22.999, 4, 16, 2835 MHz, 10251 MHz, P2, 118.03 W
1, 2026/09/15 09:42:22.999, 4, 16, 2820 MHz, 10251 MHz, P2, 107.15 W
0, 2026/09/15 09:42:23.199, 4, 16, 2835 MHz, 10251 MHz, P2, 118.03 W
1, 2026/09/15 09:42:23.200, 4, 16, 2820 MHz, 10251 MHz, P2, 107.15 W
0, 2026/09/15 09:42:23.400, 4, 16, 2835 MHz, 10251 MHz, P2, 119.64 W
1, 2026/09/15 09:42:23.400, 4, 16, 2820 MHz, 10251 MHz, P2, 109.14 W
0, 2026/09/15 09:42:23.600, 4, 16, 2835 MHz, 10251 MHz, P2, 119.64 W
1, 2026/09/15 09:42:23.601, 4, 16, 2820 MHz, 10251 MHz, P2, 109.14 W
0, 2026/09/15 09:42:23.801, 4, 16, 2835 MHz, 10251 MHz, P2, 119.64 W
1, 2026/09/15 09:42:23.801, 4, 16, 2820 MHz, 10251 MHz, P2, 109.08 W
0, 2026/09/15 09:42:24.001, 4, 16, 2835 MHz, 10251 MHz, P2, 118.88 W
1, 2026/09/15 09:42:24.002, 4, 16, 2820 MHz, 10251 MHz, P2, 109.08 W
0, 2026/09/15 09:42:24.202, 4, 16, 2835 MHz, 10251 MHz, P2, 118.88 W
1, 2026/09/15 09:42:24.202, 4, 16, 2820 MHz, 10251 MHz, P2, 109.08 W
0, 2026/09/15 09:42:24.402, 4, 16, 2835 MHz, 10251 MHz, P2, 116.46 W
1, 2026/09/15 09:42:24.402, 4, 16, 2820 MHz, 10251 MHz, P2, 106.94 W
0, 2026/09/15 09:42:24.603, 4, 16, 2835 MHz, 10251 MHz, P2, 116.46 W
1, 2026/09/15 09:42:24.603, 4, 16, 2820 MHz, 10251 MHz, P2, 106.94 W
0, 2026/09/15 09:42:24.803, 4, 16, 2835 MHz, 10251 MHz, P2, 116.46 W
1, 2026/09/15 09:42:24.803, 4, 16, 2820 MHz, 10251 MHz, P2, 99.00 W
0, 2026/09/15 09:42:25.004, 4, 16, 2835 MHz, 10251 MHz, P2, 107.83 W
1, 2026/09/15 09:42:25.004, 4, 16, 2820 MHz, 10251 MHz, P2, 99.00 W
0, 2026/09/15 09:42:25.204, 4, 16, 2835 MHz, 10251 MHz, P2, 107.83 W
1, 2026/09/15 09:42:25.204, 4, 16, 2820 MHz, 10251 MHz, P2, 99.00 W
0, 2026/09/15 09:42:25.405, 4, 16, 2835 MHz, 10501 MHz, P0, 95.76 W
1, 2026/09/15 09:42:25.405, 4, 16, 2820 MHz, 10501 MHz, P0, 88.09 W
0, 2026/09/15 09:42:25.605, 4, 16, 2835 MHz, 10501 MHz, P0, 95.76 W
1, 2026/09/15 09:42:25.605, 4, 16, 2820 MHz, 10501 MHz, P0, 88.09 W
0, 2026/09/15 09:42:25.806, 4, 16, 2835 MHz, 10501 MHz, P0, 95.76 W
1, 2026/09/15 09:42:25.806, 4, 16, 2820 MHz, 10501 MHz, P0, 80.59 W
0, 2026/09/15 09:42:26.006, 4, 16, 2835 MHz, 10501 MHz, P0, 87.75 W
1, 2026/09/15 09:42:26.006, 4, 16, 2820 MHz, 10501 MHz, P0, 80.59 W
0, 2026/09/15 09:42:26.207, 4, 16, 2835 MHz, 10501 MHz, P0, 87.75 W
1, 2026/09/15 09:42:26.207, 4, 16, 2820 MHz, 10501 MHz, P0, 80.59 W
0, 2026/09/15 09:42:26.407, 4, 16, 2835 MHz, 10501 MHz, P0, 87.38 W
1, 2026/09/15 09:42:26.414, 2, 16, 2820 MHz, 10501 MHz, P5, 79.00 W
0, 2026/09/15 09:42:26.614, 4, 16, 2835 MHz, 10501 MHz, P0, 87.38 W
1, 2026/09/15 09:42:26.615, 2, 16, 2820 MHz, 10501 MHz, P5, 79.00 W
0, 2026/09/15 09:42:26.815, 4, 16, 2835 MHz, 10501 MHz, P0, 87.38 W
1, 2026/09/15 09:42:26.816, 4, 16, 2520 MHz, 10501 MHz, P0, 57.42 W
0, 2026/09/15 09:42:27.016, 4, 16, 2520 MHz, 10251 MHz, P2, 77.56 W
1, 2026/09/15 09:42:27.016, 4, 16, 2520 MHz, 10501 MHz, P0, 57.42 W
0, 2026/09/15 09:42:27.216, 4, 16, 2520 MHz, 10251 MHz, P2, 77.56 W
1, 2026/09/15 09:42:27.216, 4, 16, 2520 MHz, 10501 MHz, P0, 57.42 W
0, 2026/09/15 09:42:27.417, 4, 16, 2520 MHz, 10251 MHz, P2, 70.92 W
1, 2026/09/15 09:42:27.417, 4, 16, 2520 MHz, 10251 MHz, P2, 52.90 W
0, 2026/09/15 09:42:27.617, 4, 16, 2520 MHz, 10251 MHz, P2, 70.92 W
1, 2026/09/15 09:42:27.617, 4, 16, 2520 MHz, 10251 MHz, P2, 52.90 W
0, 2026/09/15 09:42:27.817, 4, 16, 2835 MHz, 10251 MHz, P2, 70.92 W
1, 2026/09/15 09:42:27.818, 4, 16, 2820 MHz, 10251 MHz, P2, 72.26 W
0, 2026/09/15 09:42:28.018, 4, 16, 2835 MHz, 10251 MHz, P2, 74.84 W
1, 2026/09/15 09:42:28.018, 4, 16, 2820 MHz, 10251 MHz, P2, 72.26 W
0, 2026/09/15 09:42:28.218, 4, 16, 2835 MHz, 10251 MHz, P2, 74.84 W
1, 2026/09/15 09:42:28.218, 4, 16, 2820 MHz, 10251 MHz, P2, 72.26 W
0, 2026/09/15 09:42:28.419, 4, 16, 2835 MHz, 10251 MHz, P2, 95.41 W
1, 2026/09/15 09:42:28.419, 4, 16, 2820 MHz, 10251 MHz, P2, 90.74 W
0, 2026/09/15 09:42:28.619, 4, 16, 2835 MHz, 10251 MHz, P2, 95.41 W
1, 2026/09/15 09:42:28.619, 4, 16, 2820 MHz, 10251 MHz, P2, 90.74 W
0, 2026/09/15 09:42:28.819, 4, 16, 2835 MHz, 10251 MHz, P2, 111.91 W
1, 2026/09/15 09:42:28.820, 4, 16, 2820 MHz, 10251 MHz, P2, 103.05 W
0, 2026/09/15 09:42:29.020, 4, 16, 2835 MHz, 10251 MHz, P2, 111.91 W
1, 2026/09/15 09:42:29.020, 4, 16, 2820 MHz, 10251 MHz, P2, 103.05 W
0, 2026/09/15 09:42:29.220, 4, 16, 2835 MHz, 10251 MHz, P2, 111.91 W
1, 2026/09/15 09:42:29.220, 4, 16, 2820 MHz, 10251 MHz, P2, 103.05 W
0, 2026/09/15 09:42:29.421, 4, 16, 2835 MHz, 10251 MHz, P2, 114.71 W
1, 2026/09/15 09:42:29.421, 4, 16, 2820 MHz, 10251 MHz, P2, 105.66 W
0, 2026/09/15 09:42:29.621, 4, 16, 2835 MHz, 10251 MHz, P2, 114.71 W
1, 2026/09/15 09:42:29.621, 4, 16, 2820 MHz, 10251 MHz, P2, 105.66 W
0, 2026/09/15 09:42:29.821, 4, 16, 2835 MHz, 10251 MHz, P2, 115.85 W
1, 2026/09/15 09:42:29.822, 4, 16, 2820 MHz, 10251 MHz, P2, 106.57 W
0, 2026/09/15 09:42:30.022, 4, 16, 2835 MHz, 10251 MHz, P2, 115.85 W
1, 2026/09/15 09:42:30.022, 4, 16, 2820 MHz, 10251 MHz, P2, 106.57 W
0, 2026/09/15 09:42:30.222, 4, 16, 2835 MHz, 10251 MHz, P2, 115.85 W
1, 2026/09/15 09:42:30.222, 4, 16, 2820 MHz, 10251 MHz, P2, 106.57 W
0, 2026/09/15 09:42:30.423, 4, 16, 2835 MHz, 10251 MHz, P2, 116.86 W
1, 2026/09/15 09:42:30.423, 4, 16, 2820 MHz, 10251 MHz, P2, 107.03 W
0, 2026/09/15 09:42:30.623, 4, 16, 2835 MHz, 10251 MHz, P2, 116.86 W
1, 2026/09/15 09:42:30.624, 4, 16, 2820 MHz, 10251 MHz, P2, 107.03 W
0, 2026/09/15 09:42:30.824, 4, 16, 2835 MHz, 10251 MHz, P2, 116.87 W
1, 2026/09/15 09:42:30.824, 4, 16, 2820 MHz, 10251 MHz, P2, 106.79 W
0, 2026/09/15 09:42:31.024, 4, 16, 2835 MHz, 10251 MHz, P2, 116.87 W
1, 2026/09/15 09:42:31.024, 4, 16, 2820 MHz, 10251 MHz, P2, 106.79 W
0, 2026/09/15 09:42:31.225, 4, 16, 2835 MHz, 10251 MHz, P2, 116.87 W
1, 2026/09/15 09:42:31.225, 4, 16, 2820 MHz, 10251 MHz, P2, 106.79 W
0, 2026/09/15 09:42:31.425, 4, 16, 2835 MHz, 10251 MHz, P2, 118.21 W
1, 2026/09/15 09:42:31.425, 4, 16, 2820 MHz, 10251 MHz, P2, 107.63 W
0, 2026/09/15 09:42:31.625, 4, 16, 2835 MHz, 10251 MHz, P2, 118.21 W
1, 2026/09/15 09:42:31.625, 4, 16, 2820 MHz, 10251 MHz, P2, 107.63 W
0, 2026/09/15 09:42:31.826, 4, 16, 2835 MHz, 10251 MHz, P2, 118.64 W
1, 2026/09/15 09:42:31.826, 4, 16, 2820 MHz, 10251 MHz, P2, 107.56 W
0, 2026/09/15 09:42:32.026, 4, 16, 2835 MHz, 10251 MHz, P2, 118.64 W
1, 2026/09/15 09:42:32.026, 4, 16, 2820 MHz, 10251 MHz, P2, 107.56 W
0, 2026/09/15 09:42:32.226, 4, 16, 2835 MHz, 10251 MHz, P2, 118.64 W
1, 2026/09/15 09:42:32.226, 4, 16, 2820 MHz, 10251 MHz, P2, 107.56 W
0, 2026/09/15 09:42:32.427, 4, 16, 2835 MHz, 10251 MHz, P2, 118.33 W
1, 2026/09/15 09:42:32.427, 4, 16, 2820 MHz, 10251 MHz, P2, 107.06 W
0, 2026/09/15 09:42:32.627, 4, 16, 2835 MHz, 10251 MHz, P2, 118.33 W
1, 2026/09/15 09:42:32.627, 4, 16, 2820 MHz, 10251 MHz, P2, 107.06 W
0, 2026/09/15 09:42:32.827, 4, 16, 2835 MHz, 10251 MHz, P2, 119.32 W
1, 2026/09/15 09:42:32.828, 4, 16, 2820 MHz, 10251 MHz, P2, 108.30 W
0, 2026/09/15 09:42:33.028, 4, 16, 2835 MHz, 10251 MHz, P2, 119.32 W
1, 2026/09/15 09:42:33.028, 4, 16, 2820 MHz, 10251 MHz, P2, 108.30 W
0, 2026/09/15 09:42:33.228, 4, 16, 2835 MHz, 10251 MHz, P2, 119.32 W
1, 2026/09/15 09:42:33.228, 4, 16, 2820 MHz, 10251 MHz, P2, 108.30 W
0, 2026/09/15 09:42:33.429, 4, 16, 2835 MHz, 10251 MHz, P2, 118.82 W
1, 2026/09/15 09:42:33.429, 4, 16, 2820 MHz, 10251 MHz, P2, 108.47 W
0, 2026/09/15 09:42:33.629, 4, 16, 2835 MHz, 10251 MHz, P2, 118.82 W
1, 2026/09/15 09:42:33.629, 4, 16, 2820 MHz, 10251 MHz, P2, 108.47 W
0, 2026/09/15 09:42:33.829, 4, 16, 2835 MHz, 10251 MHz, P2, 117.31 W
1, 2026/09/15 09:42:33.830, 4, 16, 2820 MHz, 10251 MHz, P2, 107.30 W
0, 2026/09/15 09:42:34.030, 4, 16, 2835 MHz, 10251 MHz, P2, 117.31 W
1, 2026/09/15 09:42:34.030, 4, 16, 2820 MHz, 10251 MHz, P2, 107.30 W
0, 2026/09/15 09:42:34.230, 4, 16, 2835 MHz, 10251 MHz, P2, 117.31 W
1, 2026/09/15 09:42:34.230, 4, 16, 2820 MHz, 10251 MHz, P2, 107.30 W
0, 2026/09/15 09:42:34.430, 4, 16, 2835 MHz, 10251 MHz, P2, 110.47 W
1, 2026/09/15 09:42:34.431, 4, 16, 2820 MHz, 10251 MHz, P2, 100.87 W
0, 2026/09/15 09:42:34.631, 4, 16, 2835 MHz, 10251 MHz, P2, 110.47 W
1, 2026/09/15 09:42:34.631, 4, 16, 2820 MHz, 10251 MHz, P2, 100.87 W
0, 2026/09/15 09:42:34.831, 4, 16, 2835 MHz, 10501 MHz, P0, 98.48 W
1, 2026/09/15 09:42:34.831, 4, 16, 2820 MHz, 10501 MHz, P0, 89.55 W
0, 2026/09/15 09:42:35.032, 4, 16, 2835 MHz, 10501 MHz, P0, 98.48 W
1, 2026/09/15 09:42:35.032, 4, 16, 2820 MHz, 10501 MHz, P0, 89.55 W
0, 2026/09/15 09:42:35.232, 4, 16, 2835 MHz, 10501 MHz, P0, 98.48 W
1, 2026/09/15 09:42:35.232, 4, 16, 2820 MHz, 10501 MHz, P0, 89.55 W
0, 2026/09/15 09:42:35.432, 4, 16, 2835 MHz, 10501 MHz, P0, 88.74 W
1, 2026/09/15 09:42:35.433, 4, 16, 2820 MHz, 10501 MHz, P0, 80.32 W
0, 2026/09/15 09:42:35.633, 4, 16, 2835 MHz, 10501 MHz, P0, 88.74 W
1, 2026/09/15 09:42:35.633, 4, 16, 2820 MHz, 10501 MHz, P0, 80.32 W
0, 2026/09/15 09:42:35.833, 4, 16, 2835 MHz, 10501 MHz, P0, 88.14 W
1, 2026/09/15 09:42:35.833, 4, 16, 2820 MHz, 10501 MHz, P0, 78.89 W
0, 2026/09/15 09:42:36.034, 4, 16, 2835 MHz, 10501 MHz, P0, 88.14 W
1, 2026/09/15 09:42:36.057, 4, 16, 2820 MHz, 10501 MHz, P0, 78.89 W
0, 2026/09/15 09:42:36.258, 4, 16, 2835 MHz, 10501 MHz, P0, 88.14 W
1, 2026/09/15 09:42:36.258, 4, 16, 2820 MHz, 10501 MHz, P0, 78.89 W
0, 2026/09/15 09:42:36.458, 4, 16, 2520 MHz, 10251 MHz, P2, 74.34 W
1, 2026/09/15 09:42:36.458, 4, 16, 2520 MHz, 10501 MHz, P0, 72.32 W
0, 2026/09/15 09:42:36.659, 4, 16, 2520 MHz, 10251 MHz, P2, 74.34 W
1, 2026/09/15 09:42:36.659, 4, 16, 2520 MHz, 10501 MHz, P0, 72.32 W
0, 2026/09/15 09:42:36.859, 4, 16, 2520 MHz, 10251 MHz, P2, 66.53 W
1, 2026/09/15 09:42:36.859, 4, 16, 2520 MHz, 10251 MHz, P2, 66.92 W
0, 2026/09/15 09:42:37.059, 4, 16, 2520 MHz, 10251 MHz, P2, 66.53 W
1, 2026/09/15 09:42:37.060, 4, 16, 2520 MHz, 10251 MHz, P2, 66.92 W
0, 2026/09/15 09:42:37.260, 4, 16, 2520 MHz, 10251 MHz, P2, 66.53 W
1, 2026/09/15 09:42:37.260, 4, 16, 2520 MHz, 10251 MHz, P2, 66.92 W
0, 2026/09/15 09:42:37.460, 4, 16, 2835 MHz, 10251 MHz, P2, 74.20 W
1, 2026/09/15 09:42:37.460, 4, 16, 2820 MHz, 10251 MHz, P2, 71.44 W
0, 2026/09/15 09:42:37.660, 4, 16, 2835 MHz, 10251 MHz, P2, 74.20 W
1, 2026/09/15 09:42:37.660, 4, 16, 2820 MHz, 10251 MHz, P2, 71.44 W
0, 2026/09/15 09:42:37.861, 4, 16, 2835 MHz, 10251 MHz, P2, 94.67 W
1, 2026/09/15 09:42:37.861, 4, 16, 2820 MHz, 10251 MHz, P2, 89.21 W
0, 2026/09/15 09:42:38.061, 4, 16, 2835 MHz, 10251 MHz, P2, 94.67 W
1, 2026/09/15 09:42:38.061, 4, 16, 2820 MHz, 10251 MHz, P2, 89.21 W
0, 2026/09/15 09:42:38.261, 4, 16, 2835 MHz, 10251 MHz, P2, 94.67 W
1, 2026/09/15 09:42:38.261, 4, 16, 2820 MHz, 10251 MHz, P2, 89.21 W
0, 2026/09/15 09:42:38.462, 4, 16, 2835 MHz, 10251 MHz, P2, 112.17 W
1, 2026/09/15 09:42:38.462, 4, 16, 2820 MHz, 10251 MHz, P2, 104.09 W
0, 2026/09/15 09:42:38.662, 4, 16, 2835 MHz, 10251 MHz, P2, 112.17 W
1, 2026/09/15 09:42:38.662, 4, 16, 2820 MHz, 10251 MHz, P2, 104.09 W
0, 2026/09/15 09:42:38.862, 4, 16, 2835 MHz, 10251 MHz, P2, 115.33 W
1, 2026/09/15 09:42:38.862, 4, 16, 2820 MHz, 10251 MHz, P2, 106.86 W
0, 2026/09/15 09:42:39.063, 4, 16, 2835 MHz, 10251 MHz, P2, 115.33 W
1, 2026/09/15 09:42:39.063, 4, 16, 2820 MHz, 10251 MHz, P2, 106.86 W
0, 2026/09/15 09:42:39.263, 4, 16, 2835 MHz, 10251 MHz, P2, 115.33 W
1, 2026/09/15 09:42:39.263, 4, 16, 2820 MHz, 10251 MHz, P2, 106.86 W
0, 2026/09/15 09:42:39.463, 4, 16, 2835 MHz, 10251 MHz, P2, 116.46 W
1, 2026/09/15 09:42:39.463, 4, 16, 2820 MHz, 10251 MHz, P2, 107.69 W
0, 2026/09/15 09:42:39.664, 4, 16, 2835 MHz, 10251 MHz, P2, 116.46 W
1, 2026/09/15 09:42:39.664, 4, 16, 2820 MHz, 10251 MHz, P2, 107.69 W
0, 2026/09/15 09:42:39.864, 4, 16, 2835 MHz, 10251 MHz, P2, 117.17 W
1, 2026/09/15 09:42:39.864, 4, 16, 2820 MHz, 10251 MHz, P2, 108.33 W
0, 2026/09/15 09:42:40.064, 4, 16, 2835 MHz, 10251 MHz, P2, 117.17 W
1, 2026/09/15 09:42:40.065, 4, 16, 2820 MHz, 10251 MHz, P2, 108.33 W
0, 2026/09/15 09:42:40.265, 4, 16, 2835 MHz, 10251 MHz, P2, 117.17 W
1, 2026/09/15 09:42:40.265, 4, 16, 2820 MHz, 10251 MHz, P2, 107.74 W
0, 2026/09/15 09:42:40.465, 4, 16, 2835 MHz, 10251 MHz, P2, 116.87 W
1, 2026/09/15 09:42:40.465, 4, 16, 2820 MHz, 10251 MHz, P2, 107.74 W
0, 2026/09/15 09:42:40.666, 4, 16, 2835 MHz, 10251 MHz, P2, 116.87 W
1, 2026/09/15 09:42:40.666, 4, 16, 2820 MHz, 10251 MHz, P2, 107.74 W
0, 2026/09/15 09:42:40.866, 4, 16, 2835 MHz, 10251 MHz, P2, 118.13 W
1, 2026/09/15 09:42:40.866, 4, 16, 2820 MHz, 10251 MHz, P2, 108.84 W
0, 2026/09/15 09:42:41.066, 4, 16, 2835 MHz, 10251 MHz, P2, 118.13 W
1, 2026/09/15 09:42:41.066, 4, 16, 2820 MHz, 10251 MHz, P2, 108.84 W
0, 2026/09/15 09:42:41.267, 4, 16, 2835 MHz, 10251 MHz, P2, 118.13 W
1, 2026/09/15 09:42:41.267, 4, 16, 2820 MHz, 10251 MHz, P2, 108.59 W
0, 2026/09/15 09:42:41.467, 4, 16, 2835 MHz, 10251 MHz, P2, 118.89 W
1, 2026/09/15 09:42:41.467, 4, 16, 2820 MHz, 10251 MHz, P2, 108.59 W
0, 2026/09/15 09:42:41.667, 4, 16, 2835 MHz, 10251 MHz, P2, 118.89 W
1, 2026/09/15 09:42:41.668, 4, 16, 2820 MHz, 10251 MHz, P2, 108.59 W
0, 2026/09/15 09:42:41.868, 4, 16, 2835 MHz, 10251 MHz, P2, 118.04 W
1, 2026/09/15 09:42:41.868, 4, 16, 2820 MHz, 10251 MHz, P2, 107.39 W
0, 2026/09/15 09:42:42.068, 4, 16, 2835 MHz, 10251 MHz, P2, 118.04 W
1, 2026/09/15 09:42:42.068, 4, 16, 2820 MHz, 10251 MHz, P2, 107.39 W
0, 2026/09/15 09:42:42.269, 4, 16, 2835 MHz, 10251 MHz, P2, 118.04 W
1, 2026/09/15 09:42:42.269, 4, 16, 2820 MHz, 10251 MHz, P2, 109.29 W
0, 2026/09/15 09:42:42.469, 4, 16, 2835 MHz, 10251 MHz, P2, 119.88 W
1, 2026/09/15 09:42:42.469, 4, 16, 2820 MHz, 10251 MHz, P2, 109.29 W
0, 2026/09/15 09:42:42.669, 4, 16, 2835 MHz, 10251 MHz, P2, 119.88 W
1, 2026/09/15 09:42:42.669, 4, 16, 2820 MHz, 10251 MHz, P2, 109.29 W
0, 2026/09/15 09:42:42.870, 4, 16, 2835 MHz, 10251 MHz, P2, 119.62 W
1, 2026/09/15 09:42:42.870, 4, 16, 2820 MHz, 10251 MHz, P2, 109.24 W
0, 2026/09/15 09:42:43.070, 4, 16, 2835 MHz, 10251 MHz, P2, 119.62 W
1, 2026/09/15 09:42:43.070, 4, 16, 2820 MHz, 10251 MHz, P2, 109.24 W
0, 2026/09/15 09:42:43.270, 4, 16, 2835 MHz, 10251 MHz, P2, 119.62 W
1, 2026/09/15 09:42:43.270, 4, 16, 2820 MHz, 10251 MHz, P2, 107.19 W
0, 2026/09/15 09:42:43.471, 4, 16, 2835 MHz, 10251 MHz, P2, 117.03 W
1, 2026/09/15 09:42:43.471, 4, 16, 2820 MHz, 10251 MHz, P2, 107.19 W
0, 2026/09/15 09:42:43.671, 4, 16, 2835 MHz, 10251 MHz, P2, 117.03 W
1, 2026/09/15 09:42:43.671, 4, 16, 2820 MHz, 10251 MHz, P2, 107.19 W
0, 2026/09/15 09:42:43.871, 4, 16, 2835 MHz, 10251 MHz, P2, 109.00 W
1, 2026/09/15 09:42:43.876, 4, 16, 2820 MHz, 10251 MHz, P2, 100.02 W
0, 2026/09/15 09:42:44.076, 4, 16, 2835 MHz, 10251 MHz, P2, 109.00 W
1, 2026/09/15 09:42:44.076, 4, 16, 2820 MHz, 10251 MHz, P2, 100.02 W
0, 2026/09/15 09:42:44.277, 4, 16, 2835 MHz, 10251 MHz, P2, 109.00 W
1, 2026/09/15 09:42:44.277, 4, 16, 2820 MHz, 10501 MHz, P0, 89.04 W
0, 2026/09/15 09:42:44.477, 4, 16, 2835 MHz, 10501 MHz, P0, 97.35 W
1, 2026/09/15 09:42:44.477, 4, 16, 2820 MHz, 10501 MHz, P0, 89.04 W
0, 2026/09/15 09:42:44.677, 4, 16, 2835 MHz, 10501 MHz, P0, 97.35 W
1, 2026/09/15 09:42:44.678, 4, 16, 2820 MHz, 10501 MHz, P0, 89.04 W
0, 2026/09/15 09:42:44.878, 4, 16, 2835 MHz, 10501 MHz, P0, 88.91 W
1, 2026/09/15 09:42:44.878, 4, 16, 2820 MHz, 10501 MHz, P0, 80.89 W
0, 2026/09/15 09:42:45.078, 4, 16, 2835 MHz, 10501 MHz, P0, 88.91 W
1, 2026/09/15 09:42:45.078, 4, 16, 2820 MHz, 10501 MHz, P0, 80.89 W
0, 2026/09/15 09:42:45.279, 4, 16, 2835 MHz, 10501 MHz, P0, 88.91 W
1, 2026/09/15 09:42:45.279, 2, 16, 2820 MHz, 10501 MHz, P5, 79.31 W
0, 2026/09/15 09:42:45.479, 4, 16, 2835 MHz, 10501 MHz, P0, 88.44 W
1, 2026/09/15 09:42:45.479, 2, 16, 2820 MHz, 10501 MHz, P5, 79.31 W
0, 2026/09/15 09:42:45.680, 4, 16, 2835 MHz, 10501 MHz, P0, 88.44 W
1, 2026/09/15 09:42:45.699, 2, 16, 2820 MHz, 10501 MHz, P5, 79.31 W
0, 2026/09/15 09:42:45.900, 4, 16, 2520 MHz, 10251 MHz, P2, 77.97 W
1, 2026/09/15 09:42:45.900, 4, 16, 2520 MHz, 10501 MHz, P0, 57.91 W
0, 2026/09/15 09:42:46.100, 4, 16, 2520 MHz, 10251 MHz, P2, 77.97 W
1, 2026/09/15 09:42:46.100, 4, 16, 2520 MHz, 10501 MHz, P0, 57.91 W
0, 2026/09/15 09:42:46.301, 4, 16, 2520 MHz, 10251 MHz, P2, 77.97 W
1, 2026/09/15 09:42:46.301, 4, 16, 2520 MHz, 10251 MHz, P2, 53.53 W
0, 2026/09/15 09:42:46.501, 4, 16, 2520 MHz, 10251 MHz, P2, 71.16 W
1, 2026/09/15 09:42:46.501, 4, 16, 2520 MHz, 10251 MHz, P2, 53.53 W
0, 2026/09/15 09:42:46.702, 4, 16, 2520 MHz, 10251 MHz, P2, 71.16 W
1, 2026/09/15 09:42:46.702, 4, 16, 2520 MHz, 10251 MHz, P2, 53.53 W
0, 2026/09/15 09:42:46.902, 4, 16, 2835 MHz, 10251 MHz, P2, 73.90 W
1, 2026/09/15 09:42:46.902, 4, 16, 2820 MHz, 10251 MHz, P2, 73.19 W
0, 2026/09/15 09:42:47.102, 4, 16, 2835 MHz, 10251 MHz, P2, 73.90 W
1, 2026/09/15 09:42:47.102, 4, 16, 2820 MHz, 10251 MHz, P2, 73.19 W
0, 2026/09/15 09:42:47.303, 4, 16, 2835 MHz, 10251 MHz, P2, 73.90 W
1, 2026/09/15 09:42:47.303, 4, 16, 2820 MHz, 10251 MHz, P2, 91.27 W
0, 2026/09/15 09:42:47.503, 4, 16, 2835 MHz, 10251 MHz, P2, 93.98 W
1, 2026/09/15 09:42:47.503, 4, 16, 2820 MHz, 10251 MHz, P2, 91.27 W
0, 2026/09/15 09:42:47.703, 4, 16, 2835 MHz, 10251 MHz, P2, 93.98 W
1, 2026/09/15 09:42:47.704, 4, 16, 2820 MHz, 10251 MHz, P2, 91.27 W
0, 2026/09/15 09:42:47.904, 4, 16, 2835 MHz, 10251 MHz, P2, 111.57 W
1, 2026/09/15 09:42:47.904, 4, 16, 2820 MHz, 10251 MHz, P2, 103.60 W
0, 2026/09/15 09:42:48.104, 4, 16, 2835 MHz, 10251 MHz, P2, 111.57 W
1, 2026/09/15 09:42:48.104, 4, 16, 2820 MHz, 10251 MHz, P2, 103.60 W
0, 2026/09/15 09:42:48.305, 4, 16, 2835 MHz, 10251 MHz, P2, 111.57 W
1, 2026/09/15 09:42:48.305, 4, 16, 2820 MHz, 10251 MHz, P2, 105.93 W
0, 2026/09/15 09:42:48.505, 4, 16, 2835 MHz, 10251 MHz, P2, 114.86 W
1, 2026/09/15 09:42:48.505, 4, 16, 2820 MHz, 10251 MHz, P2, 105.93 W
0, 2026/09/15 09:42:48.705, 4, 16, 2835 MHz, 10251 MHz, P2, 114.86 W
1, 2026/09/15 09:42:48.706, 4, 16, 2820 MHz, 10251 MHz, P2, 105.93 W
0, 2026/09/15 09:42:48.906, 4, 16, 2835 MHz, 10251 MHz, P2, 115.77 W
1, 2026/09/15 09:42:48.906, 4, 16, 2820 MHz, 10251 MHz, P2, 106.79 W
0, 2026/09/15 09:42:49.106, 4, 16, 2835 MHz, 10251 MHz, P2, 115.77 W
1, 2026/09/15 09:42:49.106, 4, 16, 2820 MHz, 10251 MHz, P2, 106.79 W
0, 2026/09/15 09:42:49.307, 4, 16, 2835 MHz, 10251 MHz, P2, 115.77 W
1, 2026/09/15 09:42:49.307, 4, 16, 2820 MHz, 10251 MHz, P2, 106.68 W
0, 2026/09/15 09:42:49.507, 4, 16, 2835 MHz, 10251 MHz, P2, 115.62 W
1, 2026/09/15 09:42:49.507, 4, 16, 2820 MHz, 10251 MHz, P2, 106.68 W
0, 2026/09/15 09:42:49.707, 4, 16, 2835 MHz, 10251 MHz, P2, 115.62 W
1, 2026/09/15 09:42:49.707, 4, 16, 2820 MHz, 10251 MHz, P2, 106.68 W
0, 2026/09/15 09:42:49.907, 4, 16, 2835 MHz, 10251 MHz, P2, 116.12 W
1, 2026/09/15 09:42:49.908, 4, 16, 2820 MHz, 10251 MHz, P2, 106.94 W
0, 2026/09/15 09:42:50.108, 4, 16, 2835 MHz, 10251 MHz, P2, 116.12 W
1, 2026/09/15 09:42:50.108, 4, 16, 2820 MHz, 10251 MHz, P2, 106.94 W
0, 2026/09/15 09:42:50.308, 4, 16, 2835 MHz, 10251 MHz, P2, 116.12 W
1, 2026/09/15 09:42:50.308, 4, 16, 2820 MHz, 10251 MHz, P2, 107.80 W
0, 2026/09/15 09:42:50.509, 4, 16, 2835 MHz, 10251 MHz, P2, 117.10 W
1, 2026/09/15 09:42:50.509, 4, 16, 2820 MHz, 10251 MHz, P2, 107.80 W
0, 2026/09/15 09:42:50.709, 4, 16, 2835 MHz, 10251 MHz, P2, 117.10 W
1, 2026/09/15 09:42:50.709, 4, 16, 2820 MHz, 10251 MHz, P2, 107.80 W
0, 2026/09/15 09:42:50.909, 4, 16, 2835 MHz, 10251 MHz, P2, 116.62 W
1, 2026/09/15 09:42:50.910, 4, 16, 2820 MHz, 10251 MHz, P2, 107.54 W
0, 2026/09/15 09:42:51.110, 4, 16, 2835 MHz, 10251 MHz, P2, 116.62 W
1, 2026/09/15 09:42:51.110, 4, 16, 2820 MHz, 10251 MHz, P2, 107.54 W
0, 2026/09/15 09:42:51.310, 4, 16, 2835 MHz, 10251 MHz, P2, 116.62 W
1, 2026/09/15 09:42:51.310, 4, 16, 2820 MHz, 10251 MHz, P2, 107.60 W
0, 2026/09/15 09:42:51.511, 4, 16, 2835 MHz, 10251 MHz, P2, 116.68 W
1, 2026/09/15 09:42:51.511, 4, 16, 2820 MHz, 10251 MHz, P2, 107.60 W
0, 2026/09/15 09:42:51.711, 4, 16, 2835 MHz, 10251 MHz, P2, 116.68 W
1, 2026/09/15 09:42:51.711, 4, 16, 2820 MHz, 10251 MHz, P2, 107.60 W
0, 2026/09/15 09:42:51.911, 4, 16, 2835 MHz, 10251 MHz, P2, 117.46 W
1, 2026/09/15 09:42:51.912, 4, 16, 2820 MHz, 10251 MHz, P2, 107.54 W
0, 2026/09/15 09:42:52.112, 4, 16, 2835 MHz, 10251 MHz, P2, 117.46 W
1, 2026/09/15 09:42:52.112, 4, 16, 2820 MHz, 10251 MHz, P2, 107.54 W
0, 2026/09/15 09:42:52.312, 4, 16, 2835 MHz, 10251 MHz, P2, 117.46 W
1, 2026/09/15 09:42:52.313, 4, 16, 2820 MHz, 10251 MHz, P2, 108.40 W
0, 2026/09/15 09:42:52.513, 4, 16, 2835 MHz, 10251 MHz, P2, 118.24 W
1, 2026/09/15 09:42:52.513, 4, 16, 2820 MHz, 10251 MHz, P2, 108.40 W
0, 2026/09/15 09:42:52.713, 4, 16, 2835 MHz, 10251 MHz, P2, 118.24 W
1, 2026/09/15 09:42:52.713, 4, 16, 2820 MHz, 10251 MHz, P2, 108.40 W
0, 2026/09/15 09:42:52.914, 4, 16, 2835 MHz, 10251 MHz, P2, 118.39 W
1, 2026/09/15 09:42:52.914, 4, 16, 2820 MHz, 10251 MHz, P2, 108.46 W
0, 2026/09/15 09:42:53.114, 4, 16, 2835 MHz, 10251 MHz, P2, 118.39 W
1, 2026/09/15 09:42:53.114, 4, 16, 2820 MHz, 10251 MHz, P2, 108.46 W
0, 2026/09/15 09:42:53.314, 4, 16, 2835 MHz, 10251 MHz, P2, 118.39 W
1, 2026/09/15 09:42:53.315, 4, 16, 2820 MHz, 10251 MHz, P2, 107.99 W
0, 2026/09/15 09:42:53.515, 4, 16, 2835 MHz, 10251 MHz, P2, 117.86 W
1, 2026/09/15 09:42:53.515, 4, 16, 2820 MHz, 10251 MHz, P2, 107.99 W
0, 2026/09/15 09:42:53.715, 4, 16, 2835 MHz, 10251 MHz, P2, 117.86 W
1, 2026/09/15 09:42:53.716, 4, 16, 2820 MHz, 10251 MHz, P2, 107.99 W
0, 2026/09/15 09:42:53.916, 4, 16, 2835 MHz, 10251 MHz, P2, 105.79 W
1, 2026/09/15 09:42:53.920, 4, 16, 2820 MHz, 10251 MHz, P2, 97.20 W
0, 2026/09/15 09:42:54.120, 4, 16, 2835 MHz, 10251 MHz, P2, 105.79 W
1, 2026/09/15 09:42:54.121, 4, 16, 2820 MHz, 10251 MHz, P2, 97.20 W
0, 2026/09/15 09:42:54.321, 4, 16, 2835 MHz, 10501 MHz, P0, 93.57 W
1, 2026/09/15 09:42:54.321, 4, 16, 2820 MHz, 10501 MHz, P0, 86.28 W
0, 2026/09/15 09:42:54.522, 4, 16, 2835 MHz, 10501 MHz, P0, 93.57 W
1, 2026/09/15 09:42:54.522, 4, 16, 2820 MHz, 10501 MHz, P0, 86.28 W
0, 2026/09/15 09:42:54.722, 4, 16, 2835 MHz, 10501 MHz, P0, 93.57 W
1, 2026/09/15 09:42:54.722, 4, 16, 2820 MHz, 10501 MHz, P0, 86.28 W
0, 2026/09/15 09:42:54.922, 4, 16, 2835 MHz, 10501 MHz, P0, 88.29 W
1, 2026/09/15 09:42:54.923, 4, 16, 2820 MHz, 10501 MHz, P0, 80.97 W
0, 2026/09/15 09:42:55.123, 4, 16, 2835 MHz, 10501 MHz, P0, 88.29 W
1, 2026/09/15 09:42:55.123, 4, 16, 2820 MHz, 10501 MHz, P0, 80.97 W
0, 2026/09/15 09:42:55.323, 4, 16, 2520 MHz, 10501 MHz, P0, 88.00 W
1, 2026/09/15 09:42:55.323, 2, 16, 2520 MHz, 10501 MHz, P5, 79.35 W
0, 2026/09/15 09:42:55.524, 4, 16, 2520 MHz, 10501 MHz, P0, 88.00 W
1, 2026/09/15 09:42:55.524, 2, 16, 2520 MHz, 10501 MHz, P5, 79.35 W
0, 2026/09/15 09:42:55.724, 4, 16, 2520 MHz, 10501 MHz, P0, 88.00 W
1, 2026/09/15 09:42:55.724, 2, 16, 2520 MHz, 10501 MHz, P5, 79.35 W
0, 2026/09/15 09:42:55.925, 4, 16, 2520 MHz, 10251 MHz, P2, 73.53 W
1, 2026/09/15 09:42:55.925, 4, 16, 690 MHz, 810 MHz, P0, 48.20 W
0, 2026/09/15 09:42:56.125, 4, 16, 2520 MHz, 10251 MHz, P2, 73.53 W
1, 2026/09/15 09:42:56.125, 4, 16, 690 MHz, 810 MHz, P0, 48.20 W
0, 2026/09/15 09:42:56.325, 4, 16, 2520 MHz, 10251 MHz, P2, 65.76 W
1, 2026/09/15 09:42:56.326, 4, 16, 2520 MHz, 10251 MHz, P2, 43.99 W
0, 2026/09/15 09:42:56.526, 4, 16, 2520 MHz, 10251 MHz, P2, 65.76 W
1, 2026/09/15 09:42:56.526, 4, 16, 2520 MHz, 10251 MHz, P2, 43.99 W
0, 2026/09/15 09:42:56.726, 4, 16, 2520 MHz, 10251 MHz, P2, 65.76 W
1, 2026/09/15 09:42:56.727, 4, 16, 2520 MHz, 10251 MHz, P2, 43.99 W
0, 2026/09/15 09:42:56.927, 4, 16, 2835 MHz, 10251 MHz, P2, 70.72 W
1, 2026/09/15 09:42:56.927, 4, 16, 2820 MHz, 10251 MHz, P2, 64.38 W
0, 2026/09/15 09:42:57.127, 4, 16, 2835 MHz, 10251 MHz, P2, 70.72 W
1, 2026/09/15 09:42:57.128, 4, 16, 2820 MHz, 10251 MHz, P2, 64.38 W
0, 2026/09/15 09:42:57.328, 4, 16, 2835 MHz, 10251 MHz, P2, 90.10 W
1, 2026/09/15 09:42:57.328, 4, 16, 2820 MHz, 10251 MHz, P2, 86.05 W
0, 2026/09/15 09:42:57.528, 4, 16, 2835 MHz, 10251 MHz, P2, 90.10 W
1, 2026/09/15 09:42:57.529, 4, 16, 2820 MHz, 10251 MHz, P2, 86.05 W
0, 2026/09/15 09:42:57.729, 4, 16, 2835 MHz, 10251 MHz, P2, 90.10 W
1, 2026/09/15 09:42:57.729, 4, 16, 2820 MHz, 10251 MHz, P2, 86.05 W
0, 2026/09/15 09:42:57.929, 4, 16, 2835 MHz, 10251 MHz, P2, 110.68 W
1, 2026/09/15 09:42:57.930, 4, 16, 2820 MHz, 10251 MHz, P2, 103.03 W
0, 2026/09/15 09:42:58.130, 4, 16, 2835 MHz, 10251 MHz, P2, 110.68 W
1, 2026/09/15 09:42:58.130, 4, 16, 2820 MHz, 10251 MHz, P2, 103.03 W
0, 2026/09/15 09:42:58.331, 4, 16, 2835 MHz, 10251 MHz, P2, 115.39 W
1, 2026/09/15 09:42:58.331, 4, 16, 2820 MHz, 10251 MHz, P2, 106.96 W
0, 2026/09/15 09:42:58.531, 4, 16, 2835 MHz, 10251 MHz, P2, 115.39 W
1, 2026/09/15 09:42:58.532, 4, 16, 2820 MHz, 10251 MHz, P2, 106.96 W
0, 2026/09/15 09:42:58.732, 4, 16, 2835 MHz, 10251 MHz, P2, 115.39 W
1, 2026/09/15 09:42:58.732, 4, 16, 2820 MHz, 10251 MHz, P2, 106.96 W
0, 2026/09/15 09:42:58.932, 4, 16, 2835 MHz, 10251 MHz, P2, 116.78 W
1, 2026/09/15 09:42:58.932, 4, 16, 2820 MHz, 10251 MHz, P2, 108.13 W
0, 2026/09/15 09:42:59.133, 4, 16, 2835 MHz, 10251 MHz, P2, 116.78 W
1, 2026/09/15 09:42:59.133, 4, 16, 2820 MHz, 10251 MHz, P2, 108.13 W
0, 2026/09/15 09:42:59.333, 4, 16, 2835 MHz, 10251 MHz, P2, 117.70 W
1, 2026/09/15 09:42:59.333, 4, 16, 2820 MHz, 10251 MHz, P2, 108.80 W
0, 2026/09/15 09:42:59.533, 4, 16, 2835 MHz, 10251 MHz, P2, 117.70 W
1, 2026/09/15 09:42:59.534, 4, 16, 2820 MHz, 10251 MHz, P2, 108.80 W
0, 2026/09/15 09:42:59.734, 4, 16, 2835 MHz, 10251 MHz, P2, 117.70 W
1, 2026/09/15 09:42:59.734, 4, 16, 2820 MHz, 10251 MHz, P2, 108.80 W
0, 2026/09/15 09:42:59.934, 4, 16, 2835 MHz, 10251 MHz, P2, 117.32 W
1, 2026/09/15 09:42:59.935, 4, 16, 2820 MHz, 10251 MHz, P2, 108.40 W
0, 2026/09/15 09:43:00.135, 4, 16, 2835 MHz, 10251 MHz, P2, 117.32 W
1, 2026/09/15 09:43:00.135, 4, 16, 2820 MHz, 10251 MHz, P2, 108.40 W
0, 2026/09/15 09:43:00.336, 4, 16, 2835 MHz, 10251 MHz, P2, 118.12 W
1, 2026/09/15 09:43:00.336, 4, 16, 2820 MHz, 10251 MHz, P2, 109.67 W
0, 2026/09/15 09:43:00.536, 4, 16, 2835 MHz, 10251 MHz, P2, 118.12 W
1, 2026/09/15 09:43:00.536, 4, 16, 2820 MHz, 10251 MHz, P2, 109.67 W
0, 2026/09/15 09:43:00.736, 4, 16, 2835 MHz, 10251 MHz, P2, 118.12 W
1, 2026/09/15 09:43:00.737, 4, 16, 2820 MHz, 10251 MHz, P2, 109.67 W
0, 2026/09/15 09:43:00.937, 4, 16, 2835 MHz, 10251 MHz, P2, 118.37 W
1, 2026/09/15 09:43:00.937, 4, 16, 2820 MHz, 10251 MHz, P2, 108.80 W
0, 2026/09/15 09:43:01.137, 4, 16, 2835 MHz, 10251 MHz, P2, 118.37 W
1, 2026/09/15 09:43:01.137, 4, 16, 2820 MHz, 10251 MHz, P2, 108.80 W
0, 2026/09/15 09:43:01.338, 4, 16, 2835 MHz, 10251 MHz, P2, 117.42 W
1, 2026/09/15 09:43:01.338, 4, 16, 2820 MHz, 10251 MHz, P2, 107.51 W
0, 2026/09/15 09:43:01.538, 4, 16, 2835 MHz, 10251 MHz, P2, 117.42 W
1, 2026/09/15 09:43:01.538, 4, 16, 2820 MHz, 10251 MHz, P2, 107.51 W
0, 2026/09/15 09:43:01.738, 4, 16, 2835 MHz, 10251 MHz, P2, 117.42 W
1, 2026/09/15 09:43:01.739, 4, 16, 2820 MHz, 10251 MHz, P2, 107.51 W
0, 2026/09/15 09:43:01.939, 4, 16, 2835 MHz, 10251 MHz, P2, 119.52 W
1, 2026/09/15 09:43:01.939, 4, 16, 2820 MHz, 10251 MHz, P2, 109.40 W
0, 2026/09/15 09:43:02.139, 4, 16, 2835 MHz, 10251 MHz, P2, 119.52 W
1, 2026/09/15 09:43:02.139, 4, 16, 2820 MHz, 10251 MHz, P2, 109.40 W
0, 2026/09/15 09:43:02.340, 4, 16, 2835 MHz, 10251 MHz, P2, 119.75 W
1, 2026/09/15 09:43:02.340, 4, 16, 2820 MHz, 10251 MHz, P2, 109.47 W
0, 2026/09/15 09:43:02.540, 4, 16, 2835 MHz, 10251 MHz, P2, 119.75 W
1, 2026/09/15 09:43:02.540, 4, 16, 2820 MHz, 10251 MHz, P2, 109.47 W
0, 2026/09/15 09:43:02.740, 4, 16, 2835 MHz, 10251 MHz, P2, 119.75 W
1, 2026/09/15 09:43:02.741, 4, 16, 2820 MHz, 10251 MHz, P2, 109.47 W
0, 2026/09/15 09:43:02.941, 4, 16, 2835 MHz, 10251 MHz, P2, 117.10 W
1, 2026/09/15 09:43:02.941, 4, 16, 2820 MHz, 10251 MHz, P2, 107.18 W
0, 2026/09/15 09:43:03.141, 4, 16, 2835 MHz, 10251 MHz, P2, 117.10 W
1, 2026/09/15 09:43:03.141, 4, 16, 2820 MHz, 10251 MHz, P2, 107.18 W
0, 2026/09/15 09:43:03.342, 4, 16, 2835 MHz, 10251 MHz, P2, 112.11 W
1, 2026/09/15 09:43:03.342, 4, 16, 2820 MHz, 10251 MHz, P2, 102.84 W
0, 2026/09/15 09:43:03.542, 4, 16, 2835 MHz, 10251 MHz, P2, 112.11 W
1, 2026/09/15 09:43:03.542, 4, 16, 2820 MHz, 10251 MHz, P2, 102.84 W
0, 2026/09/15 09:43:03.743, 4, 16, 2835 MHz, 10251 MHz, P2, 112.11 W
1, 2026/09/15 09:43:03.743, 4, 16, 2820 MHz, 10251 MHz, P2, 102.84 W
0, 2026/09/15 09:43:03.943, 4, 16, 2835 MHz, 10501 MHz, P0, 99.82 W
1, 2026/09/15 09:43:03.943, 4, 16, 2820 MHz, 10501 MHz, P0, 91.78 W
0, 2026/09/15 09:43:04.143, 4, 16, 2835 MHz, 10501 MHz, P0, 99.82 W
1, 2026/09/15 09:43:04.144, 4, 16, 2820 MHz, 10501 MHz, P0, 91.78 W
0, 2026/09/15 09:43:04.344, 4, 16, 2835 MHz, 10501 MHz, P0, 88.24 W
1, 2026/09/15 09:43:04.344, 4, 16, 2820 MHz, 10501 MHz, P0, 80.65 W
0, 2026/09/15 09:43:04.544, 4, 16, 2835 MHz, 10501 MHz, P0, 88.24 W
1, 2026/09/15 09:43:04.544, 4, 16, 2820 MHz, 10501 MHz, P0, 80.65 W
0, 2026/09/15 09:43:04.745, 4, 16, 2835 MHz, 10501 MHz, P0, 88.24 W
1, 2026/09/15 09:43:04.745, 4, 16, 2820 MHz, 10501 MHz, P0, 80.65 W
0, 2026/09/15 09:43:04.945, 4, 16, 2835 MHz, 10501 MHz, P0, 87.88 W
1, 2026/09/15 09:43:04.945, 4, 16, 2820 MHz, 10501 MHz, P0, 79.16 W
0, 2026/09/15 09:43:05.146, 4, 16, 2835 MHz, 10501 MHz, P0, 87.88 W
1, 2026/09/15 09:43:05.159, 4, 16, 2820 MHz, 10501 MHz, P0, 79.16 W
0, 2026/09/15 09:43:05.359, 4, 16, 2520 MHz, 10251 MHz, P2, 70.59 W
1, 2026/09/15 09:43:05.359, 4, 16, 690 MHz, 810 MHz, P0, 69.51 W
0, 2026/09/15 09:43:05.559, 4, 16, 2520 MHz, 10251 MHz, P2, 70.59 W
1, 2026/09/15 09:43:05.559, 4, 16, 690 MHz, 810 MHz, P0, 69.51 W
0, 2026/09/15 09:43:05.759, 4, 16, 2520 MHz, 10251 MHz, P2, 70.59 W
1, 2026/09/15 09:43:05.760, 4, 16, 690 MHz, 810 MHz, P0, 69.51 W
0, 2026/09/15 09:43:05.960, 4, 16, 2520 MHz, 10251 MHz, P2, 63.04 W
1, 2026/09/15 09:43:05.960, 4, 16, 2520 MHz, 10251 MHz, P2, 61.72 W
0, 2026/09/15 09:43:06.160, 4, 16, 2520 MHz, 10251 MHz, P2, 63.04 W
1, 2026/09/15 09:43:06.160, 4, 16, 2520 MHz, 10251 MHz, P2, 61.72 W
0, 2026/09/15 09:43:06.361, 4, 16, 2835 MHz, 10251 MHz, P2, 68.50 W
1, 2026/09/15 09:43:06.361, 4, 16, 2820 MHz, 10251 MHz, P2, 66.19 W
0, 2026/09/15 09:43:06.561, 4, 16, 2835 MHz, 10251 MHz, P2, 68.50 W
1, 2026/09/15 09:43:06.561, 4, 16, 2820 MHz, 10251 MHz, P2, 66.19 W
0, 2026/09/15 09:43:06.761, 4, 16, 2835 MHz, 10251 MHz, P2, 68.50 W
1, 2026/09/15 09:43:06.762, 4, 16, 2820 MHz, 10251 MHz, P2, 66.19 W
0, 2026/09/15 09:43:06.962, 4, 16, 2835 MHz, 10251 MHz, P2, 87.16 W
1, 2026/09/15 09:43:06.962, 4, 16, 2820 MHz, 10251 MHz, P2, 87.85 W
0, 2026/09/15 09:43:07.162, 4, 16, 2835 MHz, 10251 MHz, P2, 87.16 W
1, 2026/09/15 09:43:07.162, 4, 16, 2820 MHz, 10251 MHz, P2, 87.85 W
0, 2026/09/15 09:43:07.363, 4, 16, 2835 MHz, 10251 MHz, P2, 107.50 W
1, 2026/09/15 09:43:07.363, 4, 16, 2820 MHz, 10251 MHz, P2, 102.47 W
0, 2026/09/15 09:43:07.563, 4, 16, 2835 MHz, 10251 MHz, P2, 107.50 W
1, 2026/09/15 09:43:07.563, 4, 16, 2820 MHz, 10251 MHz, P2, 102.47 W
0, 2026/09/15 09:43:07.763, 4, 16, 2835 MHz, 10251 MHz, P2, 107.50 W
1, 2026/09/15 09:43:07.763, 4, 16, 2820 MHz, 10251 MHz, P2, 102.47 W
0, 2026/09/15 09:43:07.964, 4, 16, 2835 MHz, 10251 MHz, P2, 114.79 W
1, 2026/09/15 09:43:07.964, 4, 16, 2820 MHz, 10251 MHz, P2, 106.40 W
0, 2026/09/15 09:43:08.164, 4, 16, 2835 MHz, 10251 MHz, P2, 114.79 W
1, 2026/09/15 09:43:08.164, 4, 16, 2820 MHz, 10251 MHz, P2, 106.40 W
0, 2026/09/15 09:43:08.364, 4, 16, 2835 MHz, 10251 MHz, P2, 116.00 W
1, 2026/09/15 09:43:08.364, 4, 16, 2820 MHz, 10251 MHz, P2, 107.42 W
0, 2026/09/15 09:43:08.565, 4, 16, 2835 MHz, 10251 MHz, P2, 116.00 W
1, 2026/09/15 09:43:08.565, 4, 16, 2820 MHz, 10251 MHz, P2, 107.42 W
0, 2026/09/15 09:43:08.765, 4, 16, 2835 MHz, 10251 MHz, P2, 116.00 W
1, 2026/09/15 09:43:08.765, 4, 16, 2820 MHz, 10251 MHz, P2, 107.42 W
0, 2026/09/15 09:43:08.965, 4, 16, 2835 MHz, 10251 MHz, P2, 116.94 W
1, 2026/09/15 09:43:08.966, 4, 16, 2820 MHz, 10251 MHz, P2, 107.87 W
0, 2026/09/15 09:43:09.166, 4, 16, 2835 MHz, 10251 MHz, P2, 116.94 W
1, 2026/09/15 09:43:09.166, 4, 16, 2820 MHz, 10251 MHz, P2, 107.87 W
0, 2026/09/15 09:43:09.366, 4, 16, 2835 MHz, 10251 MHz, P2, 117.25 W
1, 2026/09/15 09:43:09.366, 4, 16, 2820 MHz, 10251 MHz, P2, 107.86 W
0, 2026/09/15 09:43:09.567, 4, 16, 2835 MHz, 10251 MHz, P2, 117.25 W
1, 2026/09/15 09:43:09.567, 4, 16, 2820 MHz, 10251 MHz, P2, 107.86 W
0, 2026/09/15 09:43:09.767, 4, 16, 2835 MHz, 10251 MHz, P2, 117.25 W
1, 2026/09/15 09:43:09.767, 4, 16, 2820 MHz, 10251 MHz, P2, 107.86 W
0, 2026/09/15 09:43:09.967, 4, 16, 2835 MHz, 10251 MHz, P2, 118.34 W
1, 2026/09/15 09:43:09.968, 4, 16, 2820 MHz, 10251 MHz, P2, 108.74 W
0, 2026/09/15 09:43:10.168, 4, 16, 2835 MHz, 10251 MHz, P2, 118.34 W
1, 2026/09/15 09:43:10.168, 4, 16, 2820 MHz, 10251 MHz, P2, 108.74 W
0, 2026/09/15 09:43:10.368, 4, 16, 2835 MHz, 10251 MHz, P2, 118.34 W
1, 2026/09/15 09:43:10.368, 4, 16, 2820 MHz, 10251 MHz, P2, 108.42 W
0, 2026/09/15 09:43:10.568, 4, 16, 2835 MHz, 10251 MHz, P2, 118.34 W
1, 2026/09/15 09:43:10.569, 4, 16, 2820 MHz, 10251 MHz, P2, 108.42 W
0, 2026/09/15 09:43:10.769, 4, 16, 2835 MHz, 10251 MHz, P2, 118.34 W
1, 2026/09/15 09:43:10.769, 4, 16, 2820 MHz, 10251 MHz, P2, 108.42 W
0, 2026/09/15 09:43:10.969, 4, 16, 2835 MHz, 10251 MHz, P2, 117.98 W
1, 2026/09/15 09:43:10.969, 4, 16, 2820 MHz, 10251 MHz, P2, 107.75 W
0, 2026/09/15 09:43:11.170, 4, 16, 2835 MHz, 10251 MHz, P2, 117.98 W
1, 2026/09/15 09:43:11.170, 4, 16, 2820 MHz, 10251 MHz, P2, 107.75 W
0, 2026/09/15 09:43:11.370, 4, 16, 2835 MHz, 10251 MHz, P2, 119.34 W
1, 2026/09/15 09:43:11.370, 4, 16, 2820 MHz, 10251 MHz, P2, 108.91 W
0, 2026/09/15 09:43:11.570, 4, 16, 2835 MHz, 10251 MHz, P2, 119.34 W
1, 2026/09/15 09:43:11.570, 4, 16, 2820 MHz, 10251 MHz, P2, 108.91 W
0, 2026/09/15 09:43:11.771, 4, 16, 2835 MHz, 10251 MHz, P2, 119.34 W
1, 2026/09/15 09:43:11.771, 4, 16, 2820 MHz, 10251 MHz, P2, 108.91 W
0, 2026/09/15 09:43:11.971, 4, 16, 2835 MHz, 10251 MHz, P2, 119.33 W
1, 2026/09/15 09:43:11.971, 4, 16, 2820 MHz, 10251 MHz, P2, 108.87 W
0, 2026/09/15 09:43:12.171, 4, 16, 2835 MHz, 10251 MHz, P2, 119.33 W
1, 2026/09/15 09:43:12.172, 4, 16, 2820 MHz, 10251 MHz, P2, 108.87 W
0, 2026/09/15 09:43:12.372, 4, 16, 2835 MHz, 10251 MHz, P2, 117.90 W
1, 2026/09/15 09:43:12.372, 4, 16, 2820 MHz, 10251 MHz, P2, 107.68 W
0, 2026/09/15 09:43:12.572, 4, 16, 2835 MHz, 10251 MHz, P2, 117.90 W
1, 2026/09/15 09:43:12.572, 4, 16, 2820 MHz, 10251 MHz, P2, 107.68 W
0, 2026/09/15 09:43:12.773, 4, 16, 2835 MHz, 10251 MHz, P2, 117.90 W
1, 2026/09/15 09:43:12.773, 4, 16, 2820 MHz, 10251 MHz, P2, 107.68 W
0, 2026/09/15 09:43:12.973, 4, 16, 2835 MHz, 10251 MHz, P2, 111.61 W
1, 2026/09/15 09:43:12.974, 4, 16, 2820 MHz, 10251 MHz, P2, 102.14 W
0, 2026/09/15 09:43:13.174, 4, 16, 2835 MHz, 10251 MHz, P2, 111.61 W
1, 2026/09/15 09:43:13.174, 4, 16, 2820 MHz, 10251 MHz, P2, 102.14 W
0, 2026/09/15 09:43:13.375, 4, 16, 2835 MHz, 10501 MHz, P0, 99.09 W
1, 2026/09/15 09:43:13.375, 4, 16, 2820 MHz, 10501 MHz, P0, 91.00 W
0, 2026/09/15 09:43:13.575, 4, 16, 2835 MHz, 10501 MHz, P0, 99.09 W
1, 2026/09/15 09:43:13.575, 4, 16, 2820 MHz, 10501 MHz, P0, 91.00 W
0, 2026/09/15 09:43:13.775, 4, 16, 2835 MHz, 10501 MHz, P0, 99.09 W
1, 2026/09/15 09:43:13.776, 4, 16, 2820 MHz, 10501 MHz, P0, 80.92 W
0, 2026/09/15 09:43:13.976, 4, 16, 2835 MHz, 10501 MHz, P0, 87.90 W
1, 2026/09/15 09:43:13.976, 4, 16, 2820 MHz, 10501 MHz, P0, 80.92 W
0, 2026/09/15 09:43:14.176, 4, 16, 2835 MHz, 10501 MHz, P0, 87.90 W
1, 2026/09/15 09:43:14.177, 4, 16, 2820 MHz, 10501 MHz, P0, 80.92 W
0, 2026/09/15 09:43:14.377, 4, 16, 2835 MHz, 10501 MHz, P0, 87.25 W
1, 2026/09/15 09:43:14.377, 2, 16, 2820 MHz, 10501 MHz, P5, 79.57 W
0, 2026/09/15 09:43:14.577, 4, 16, 2835 MHz, 10501 MHz, P0, 87.25 W
1, 2026/09/15 09:43:14.577, 2, 16, 2820 MHz, 10501 MHz, P5, 79.57 W
0, 2026/09/15 09:43:14.778, 4, 16, 2835 MHz, 10501 MHz, P0, 87.25 W
1, 2026/09/15 09:43:14.783, 4, 16, 2520 MHz, 10501 MHz, P0, 55.99 W
0, 2026/09/15 09:43:14.983, 4, 16, 2520 MHz, 10251 MHz, P2, 77.50 W
1, 2026/09/15 09:43:14.983, 4, 16, 2520 MHz, 10501 MHz, P0, 55.99 W
0, 2026/09/15 09:43:15.183, 4, 16, 2520 MHz, 10251 MHz, P2, 77.50 W
1, 2026/09/15 09:43:15.184, 4, 16, 2520 MHz, 10501 MHz, P0, 55.99 W
0, 2026/09/15 09:43:15.384, 4, 16, 2520 MHz, 10251 MHz, P2, 68.00 W
1, 2026/09/15 09:43:15.384, 4, 16, 2520 MHz, 10251 MHz, P2, 48.50 W
0, 2026/09/15 09:43:15.585, 4, 16, 2520 MHz, 10251 MHz, P2, 68.00 W
1, 2026/09/15 09:43:15.585, 4, 16, 2520 MHz, 10251 MHz, P2, 48.50 W
0, 2026/09/15 09:43:15.785, 4, 16, 2520 MHz, 10251 MHz, P2, 68.00 W
1, 2026/09/15 09:43:15.785, 4, 16, 2820 MHz, 10251 MHz, P2, 64.13 W
0, 2026/09/15 09:43:15.985, 4, 16, 2835 MHz, 10251 MHz, P2, 70.53 W
1, 2026/09/15 09:43:15.986, 4, 16, 2820 MHz, 10251 MHz, P2, 64.13 W
0, 2026/09/15 09:43:16.186, 4, 16, 2835 MHz, 10251 MHz, P2, 70.53 W
1, 2026/09/15 09:43:16.186, 4, 16, 2820 MHz, 10251 MHz, P2, 64.13 W
0, 2026/09/15 09:43:16.386, 4, 16, 2835 MHz, 10251 MHz, P2, 87.78 W
1, 2026/09/15 09:43:16.386, 4, 16, 2820 MHz, 10251 MHz, P2, 83.57 W
0, 2026/09/15 09:43:16.587, 4, 16, 2835 MHz, 10251 MHz, P2, 87.78 W
1, 2026/09/15 09:43:16.587, 4, 16, 2820 MHz, 10251 MHz, P2, 83.57 W
0, 2026/09/15 09:43:16.787, 4, 16, 2835 MHz, 10251 MHz, P2, 87.78 W
1, 2026/09/15 09:43:16.787, 4, 16, 2820 MHz, 10251 MHz, P2, 99.88 W
0, 2026/09/15 09:43:16.988, 4, 16, 2835 MHz, 10251 MHz, P2, 107.11 W
1, 2026/09/15 09:43:16.988, 4, 16, 2820 MHz, 10251 MHz, P2, 99.88 W
0, 2026/09/15 09:43:17.188, 4, 16, 2835 MHz, 10251 MHz, P2, 107.11 W
1, 2026/09/15 09:43:17.188, 4, 16, 2820 MHz, 10251 MHz, P2, 99.88 W
0, 2026/09/15 09:43:17.389, 4, 16, 2835 MHz, 10251 MHz, P2, 112.71 W
1, 2026/09/15 09:43:17.389, 4, 16, 2820 MHz, 10251 MHz, P2, 105.12 W
0, 2026/09/15 09:43:17.589, 4, 16, 2835 MHz, 10251 MHz, P2, 112.71 W
1, 2026/09/15 09:43:17.589, 4, 16, 2820 MHz, 10251 MHz, P2, 105.12 W
0, 2026/09/15 09:43:17.789, 4, 16, 2835 MHz, 10251 MHz, P2, 112.71 W
1, 2026/09/15 09:43:17.790, 4, 16, 2820 MHz, 10251 MHz, P2, 106.51 W
0, 2026/09/15 09:43:17.990, 4, 16, 2835 MHz, 10251 MHz, P2, 114.41 W
1, 2026/09/15 09:43:17.990, 4, 16, 2820 MHz, 10251 MHz, P2, 106.51 W
0, 2026/09/15 09:43:18.190, 4, 16, 2835 MHz, 10251 MHz, P2, 114.41 W
1, 2026/09/15 09:43:18.191, 4, 16, 2820 MHz, 10251 MHz, P2, 106.51 W
0, 2026/09/15 09:43:18.391, 4, 16, 2835 MHz, 10251 MHz, P2, 115.50 W
1, 2026/09/15 09:43:18.391, 4, 16, 2820 MHz, 10251 MHz, P2, 106.83 W
0, 2026/09/15 09:43:18.591, 4, 16, 2835 MHz, 10251 MHz, P2, 115.50 W
1, 2026/09/15 09:43:18.591, 4, 16, 2820 MHz, 10251 MHz, P2, 106.83 W
0, 2026/09/15 09:43:18.792, 4, 16, 2835 MHz, 10251 MHz, P2, 115.50 W
1, 2026/09/15 09:43:18.792, 4, 16, 2820 MHz, 10251 MHz, P2, 107.62 W
0, 2026/09/15 09:43:18.992, 4, 16, 2835 MHz, 10251 MHz, P2, 116.64 W
1, 2026/09/15 09:43:18.992, 4, 16, 2820 MHz, 10251 MHz, P2, 107.62 W
0, 2026/09/15 09:43:19.192, 4, 16, 2835 MHz, 10251 MHz, P2, 116.64 W
1, 2026/09/15 09:43:19.193, 4, 16, 2820 MHz, 10251 MHz, P2, 107.62 W
0, 2026/09/15 09:43:19.393, 4, 16, 2835 MHz, 10251 MHz, P2, 116.55 W
1, 2026/09/15 09:43:19.393, 4, 16, 2820 MHz, 10251 MHz, P2, 107.48 W
0, 2026/09/15 09:43:19.593, 4, 16, 2835 MHz, 10251 MHz, P2, 116.55 W
1, 2026/09/15 09:43:19.593, 4, 16, 2820 MHz, 10251 MHz, P2, 107.48 W
0, 2026/09/15 09:43:19.794, 4, 16, 2835 MHz, 10251 MHz, P2, 116.55 W
1, 2026/09/15 09:43:19.794, 4, 16, 2820 MHz, 10251 MHz, P2, 108.25 W
0, 2026/09/15 09:43:19.994, 4, 16, 2835 MHz, 10251 MHz, P2, 117.72 W
1, 2026/09/15 09:43:19.994, 4, 16, 2820 MHz, 10251 MHz, P2, 108.25 W
0, 2026/09/15 09:43:20.194, 4, 16, 2835 MHz, 10251 MHz, P2, 117.72 W
1, 2026/09/15 09:43:20.195, 4, 16, 2820 MHz, 10251 MHz, P2, 108.25 W
0, 2026/09/15 09:43:20.395, 4, 16, 2835 MHz, 10251 MHz, P2, 118.32 W
1, 2026/09/15 09:43:20.395, 4, 16, 2820 MHz, 10251 MHz, P2, 108.47 W
0, 2026/09/15 09:43:20.595, 4, 16, 2835 MHz, 10251 MHz, P2, 118.32 W
1, 2026/09/15 09:43:20.595, 4, 16, 2820 MHz, 10251 MHz, P2, 108.47 W
0, 2026/09/15 09:43:20.796, 4, 16, 2835 MHz, 10251 MHz, P2, 118.32 W
1, 2026/09/15 09:43:20.796, 4, 16, 2820 MHz, 10251 MHz, P2, 107.14 W
0, 2026/09/15 09:43:20.996, 4, 16, 2835 MHz, 10251 MHz, P2, 116.93 W
1, 2026/09/15 09:43:20.996, 4, 16, 2820 MHz, 10251 MHz, P2, 107.14 W
0, 2026/09/15 09:43:21.197, 4, 16, 2835 MHz, 10251 MHz, P2, 116.93 W
1, 2026/09/15 09:43:21.197, 4, 16, 2820 MHz, 10251 MHz, P2, 107.14 W
0, 2026/09/15 09:43:21.397, 4, 16, 2835 MHz, 10251 MHz, P2, 118.76 W
1, 2026/09/15 09:43:21.397, 4, 16, 2820 MHz, 10251 MHz, P2, 108.99 W
0, 2026/09/15 09:43:21.597, 4, 16, 2835 MHz, 10251 MHz, P2, 118.76 W
1, 2026/09/15 09:43:21.598, 4, 16, 2820 MHz, 10251 MHz, P2, 108.99 W
0, 2026/09/15 09:43:21.798, 4, 16, 2835 MHz, 10251 MHz, P2, 118.76 W
1, 2026/09/15 09:43:21.798, 4, 16, 2820 MHz, 10251 MHz, P2, 109.25 W
0, 2026/09/15 09:43:21.998, 4, 16, 2835 MHz, 10251 MHz, P2, 119.58 W
1, 2026/09/15 09:43:21.998, 4, 16, 2820 MHz, 10251 MHz, P2, 109.25 W
0, 2026/09/15 09:43:22.199, 4, 16, 2835 MHz, 10251 MHz, P2, 119.58 W
1, 2026/09/15 09:43:22.199, 4, 16, 2820 MHz, 10251 MHz, P2, 109.25 W
0, 2026/09/15 09:43:22.399, 4, 16, 2835 MHz, 10251 MHz, P2, 117.50 W
1, 2026/09/15 09:43:22.399, 4, 16, 2820 MHz, 10251 MHz, P2, 107.31 W
0, 2026/09/15 09:43:22.599, 4, 16, 2835 MHz, 10251 MHz, P2, 117.50 W
1, 2026/09/15 09:43:22.600, 4, 16, 2820 MHz, 10251 MHz, P2, 107.31 W
0, 2026/09/15 09:43:22.800, 4, 16, 2835 MHz, 10251 MHz, P2, 117.50 W
1, 2026/09/15 09:43:22.819, 4, 16, 2820 MHz, 10251 MHz, P2, 102.28 W
0, 2026/09/15 09:43:23.019, 4, 16, 2835 MHz, 10251 MHz, P2, 111.78 W
1, 2026/09/15 09:43:23.020, 4, 16, 2820 MHz, 10251 MHz, P2, 102.28 W
0, 2026/09/15 09:43:23.221, 4, 16, 2835 MHz, 10251 MHz, P2, 111.78 W
1, 2026/09/15 09:43:23.240, 4, 16, 2820 MHz, 10251 MHz, P2, 102.28 W
0, 2026/09/15 09:43:23.440, 4, 16, 2835 MHz, 10501 MHz, P0, 99.46 W
1, 2026/09/15 09:43:23.440, 4, 16, 2820 MHz, 10501 MHz, P0, 91.17 W
0, 2026/09/15 09:43:23.640, 4, 16, 2835 MHz, 10501 MHz, P0, 99.46 W
1, 2026/09/15 09:43:23.640, 4, 16, 2820 MHz, 10501 MHz, P0, 91.17 W
0, 2026/09/15 09:43:23.840, 4, 16, 2835 MHz, 10501 MHz, P0, 88.37 W
1, 2026/09/15 09:43:23.841, 4, 16, 2820 MHz, 10501 MHz, P0, 80.56 W
0, 2026/09/15 09:43:24.041, 4, 16, 2835 MHz, 10501 MHz, P0, 88.37 W
1, 2026/09/15 09:43:24.041, 4, 16, 2820 MHz, 10501 MHz, P0, 80.56 W
0, 2026/09/15 09:43:24.241, 4, 16, 2835 MHz, 10501 MHz, P0, 88.37 W
1, 2026/09/15 09:43:24.242, 4, 16, 2820 MHz, 10501 MHz, P0, 80.56 W
0, 2026/09/15 09:43:24.442, 4, 16, 2835 MHz, 10501 MHz, P0, 87.87 W
1, 2026/09/15 09:43:24.442, 2, 16, 2820 MHz, 10501 MHz, P5, 79.22 W
0, 2026/09/15 09:43:24.642, 4, 16, 2835 MHz, 10501 MHz, P0, 87.87 W
1, 2026/09/15 09:43:24.642, 2, 16, 2820 MHz, 10501 MHz, P5, 79.22 W
0, 2026/09/15 09:43:24.843, 4, 16, 2520 MHz, 10501 MHz, P0, 76.86 W
1, 2026/09/15 09:43:24.846, 2, 16, 735 MHz, 810 MHz, P5, 55.93 W
0, 2026/09/15 09:43:25.046, 4, 16, 2520 MHz, 10501 MHz, P0, 76.86 W
1, 2026/09/15 09:43:25.047, 2, 16, 735 MHz, 810 MHz, P5, 55.93 W
0, 2026/09/15 09:43:25.247, 4, 16, 2520 MHz, 10501 MHz, P0, 76.86 W
1, 2026/09/15 09:43:25.247, 2, 16, 735 MHz, 810 MHz, P5, 55.93 W
0, 2026/09/15 09:43:25.447, 4, 16, 2520 MHz, 10251 MHz, P2, 67.62 W
1, 2026/09/15 09:43:25.447, 4, 16, 2520 MHz, 10251 MHz, P2, 44.37 W
0, 2026/09/15 09:43:25.648, 4, 16, 2520 MHz, 10251 MHz, P2, 67.62 W
1, 2026/09/15 09:43:25.648, 4, 16, 2520 MHz, 10251 MHz, P2, 44.37 W
0, 2026/09/15 09:43:25.848, 4, 16, 2520 MHz, 10251 MHz, P2, 67.23 W
1, 2026/09/15 09:43:25.848, 4, 16, 2520 MHz, 10251 MHz, P2, 58.32 W
0, 2026/09/15 09:43:26.049, 4, 16, 2520 MHz, 10251 MHz, P2, 67.23 W
1, 2026/09/15 09:43:26.049, 4, 16, 2520 MHz, 10251 MHz, P2, 58.32 W
0, 2026/09/15 09:43:26.249, 4, 16, 2520 MHz, 10251 MHz, P2, 67.23 W
1, 2026/09/15 09:43:26.249, 4, 16, 2520 MHz, 10251 MHz, P2, 58.32 W
0, 2026/09/15 09:43:26.450, 4, 16, 2835 MHz, 10251 MHz, P2, 82.75 W
1, 2026/09/15 09:43:26.450, 4, 16, 2820 MHz, 10251 MHz, P2, 78.19 W
0, 2026/09/15 09:43:26.650, 4, 16, 2835 MHz, 10251 MHz, P2, 82.75 W
1, 2026/09/15 09:43:26.650, 4, 16, 2820 MHz, 10251 MHz, P2, 78.19 W
0, 2026/09/15 09:43:26.850, 4, 16, 2835 MHz, 10251 MHz, P2, 102.20 W
1, 2026/09/15 09:43:26.850, 4, 16, 2820 MHz, 10251 MHz, P2, 94.23 W
0, 2026/09/15 09:43:27.050, 4, 16, 2835 MHz, 10251 MHz, P2, 102.20 W
1, 2026/09/15 09:43:27.051, 4, 16, 2820 MHz, 10251 MHz, P2, 94.23 W
0, 2026/09/15 09:43:27.251, 4, 16, 2835 MHz, 10251 MHz, P2, 102.20 W
1, 2026/09/15 09:43:27.251, 4, 16, 2820 MHz, 10251 MHz, P2, 94.23 W
0, 2026/09/15 09:43:27.451, 4, 16, 2835 MHz, 10251 MHz, P2, 109.89 W
1, 2026/09/15 09:43:27.451, 4, 16, 2820 MHz, 10251 MHz, P2, 100.48 W
0, 2026/09/15 09:43:27.651, 4, 16, 2835 MHz, 10251 MHz, P2, 109.89 W
1, 2026/09/15 09:43:27.651, 4, 16, 2820 MHz, 10251 MHz, P2, 100.48 W
0, 2026/09/15 09:43:27.852, 4, 16, 2835 MHz, 10251 MHz, P2, 111.32 W
1, 2026/09/15 09:43:27.852, 4, 16, 2820 MHz, 10251 MHz, P2, 101.69 W
0, 2026/09/15 09:43:28.052, 4, 16, 2835 MHz, 10251 MHz, P2, 111.32 W
1, 2026/09/15 09:43:28.052, 4, 16, 2820 MHz, 10251 MHz, P2, 101.69 W
0, 2026/09/15 09:43:28.252, 4, 16, 2835 MHz, 10251 MHz, P2, 111.32 W
1, 2026/09/15 09:43:28.252, 4, 16, 2820 MHz, 10251 MHz, P2, 101.69 W
0, 2026/09/15 09:43:28.453, 4, 16, 2835 MHz, 10251 MHz, P2, 111.84 W
1, 2026/09/15 09:43:28.453, 4, 16, 2820 MHz, 10251 MHz, P2, 101.99 W
0, 2026/09/15 09:43:28.653, 4, 16, 2835 MHz, 10251 MHz, P2, 111.84 W
1, 2026/09/15 09:43:28.653, 4, 16, 2820 MHz, 10251 MHz, P2, 101.99 W
0, 2026/09/15 09:43:28.853, 4, 16, 2835 MHz, 10251 MHz, P2, 112.04 W
1, 2026/09/15 09:43:28.854, 4, 16, 2820 MHz, 10251 MHz, P2, 102.35 W
0, 2026/09/15 09:43:29.054, 4, 16, 2835 MHz, 10251 MHz, P2, 112.04 W
1, 2026/09/15 09:43:29.054, 4, 16, 2820 MHz, 10251 MHz, P2, 102.35 W
0, 2026/09/15 09:43:29.254, 4, 16, 2835 MHz, 10251 MHz, P2, 112.04 W
1, 2026/09/15 09:43:29.254, 4, 16, 2820 MHz, 10251 MHz, P2, 102.35 W
0, 2026/09/15 09:43:29.455, 4, 16, 2835 MHz, 10251 MHz, P2, 112.39 W
1, 2026/09/15 09:43:29.455, 4, 16, 2820 MHz, 10251 MHz, P2, 102.82 W
0, 2026/09/15 09:43:29.655, 4, 16, 2835 MHz, 10251 MHz, P2, 112.39 W
1, 2026/09/15 09:43:29.655, 4, 16, 2820 MHz, 10251 MHz, P2, 102.82 W
0, 2026/09/15 09:43:29.855, 4, 16, 2835 MHz, 10251 MHz, P2, 112.30 W
1, 2026/09/15 09:43:29.856, 4, 16, 2820 MHz, 10251 MHz, P2, 102.45 W
0, 2026/09/15 09:43:30.056, 4, 16, 2835 MHz, 10251 MHz, P2, 112.30 W
1, 2026/09/15 09:43:30.056, 4, 16, 2820 MHz, 10251 MHz, P2, 102.45 W
0, 2026/09/15 09:43:30.256, 4, 16, 2835 MHz, 10251 MHz, P2, 112.30 W
1, 2026/09/15 09:43:30.256, 4, 16, 2820 MHz, 10251 MHz, P2, 102.45 W
0, 2026/09/15 09:43:30.456, 4, 16, 2835 MHz, 10251 MHz, P2, 112.57 W
1, 2026/09/15 09:43:30.456, 4, 16, 2820 MHz, 10251 MHz, P2, 102.67 W
0, 2026/09/15 09:43:30.657, 4, 16, 2835 MHz, 10251 MHz, P2, 112.57 W
1, 2026/09/15 09:43:30.657, 4, 16, 2820 MHz, 10251 MHz, P2, 102.67 W
0, 2026/09/15 09:43:30.857, 4, 16, 2835 MHz, 10251 MHz, P2, 112.89 W
1, 2026/09/15 09:43:30.857, 4, 16, 2820 MHz, 10251 MHz, P2, 102.99 W
0, 2026/09/15 09:43:31.057, 4, 16, 2835 MHz, 10251 MHz, P2, 112.89 W
1, 2026/09/15 09:43:31.057, 4, 16, 2820 MHz, 10251 MHz, P2, 102.99 W
0, 2026/09/15 09:43:31.258, 4, 16, 2835 MHz, 10251 MHz, P2, 112.89 W
1, 2026/09/15 09:43:31.258, 4, 16, 2820 MHz, 10251 MHz, P2, 102.99 W
0, 2026/09/15 09:43:31.458, 4, 16, 2835 MHz, 10251 MHz, P2, 112.65 W
1, 2026/09/15 09:43:31.458, 4, 16, 2820 MHz, 10251 MHz, P2, 102.62 W
0, 2026/09/15 09:43:31.659, 4, 16, 2835 MHz, 10251 MHz, P2, 112.65 W
1, 2026/09/15 09:43:31.659, 4, 16, 2820 MHz, 10251 MHz, P2, 102.62 W
0, 2026/09/15 09:43:31.859, 4, 16, 2835 MHz, 10251 MHz, P2, 113.06 W
1, 2026/09/15 09:43:31.859, 4, 16, 2820 MHz, 10251 MHz, P2, 103.04 W
0, 2026/09/15 09:43:32.059, 4, 16, 2835 MHz, 10251 MHz, P2, 113.06 W
1, 2026/09/15 09:43:32.060, 4, 16, 2820 MHz, 10251 MHz, P2, 103.04 W
0, 2026/09/15 09:43:32.260, 4, 16, 2835 MHz, 10251 MHz, P2, 113.06 W
1, 2026/09/15 09:43:32.260, 4, 16, 2820 MHz, 10251 MHz, P2, 103.04 W
0, 2026/09/15 09:43:32.460, 4, 16, 2835 MHz, 10251 MHz, P2, 112.96 W
1, 2026/09/15 09:43:32.461, 4, 16, 2820 MHz, 10251 MHz, P2, 103.01 W
0, 2026/09/15 09:43:32.661, 4, 16, 2835 MHz, 10251 MHz, P2, 112.96 W
1, 2026/09/15 09:43:32.661, 4, 16, 2820 MHz, 10251 MHz, P2, 103.01 W
0, 2026/09/15 09:43:32.861, 4, 16, 2835 MHz, 10251 MHz, P2, 112.55 W
1, 2026/09/15 09:43:32.861, 4, 16, 2820 MHz, 10251 MHz, P2, 102.67 W
0, 2026/09/15 09:43:33.062, 4, 16, 2835 MHz, 10251 MHz, P2, 112.55 W
1, 2026/09/15 09:43:33.062, 4, 16, 2820 MHz, 10251 MHz, P2, 102.67 W
0, 2026/09/15 09:43:33.262, 4, 16, 2835 MHz, 10251 MHz, P2, 112.55 W
1, 2026/09/15 09:43:33.262, 4, 16, 2820 MHz, 10251 MHz, P2, 102.67 W
0, 2026/09/15 09:43:33.462, 4, 16, 2835 MHz, 10251 MHz, P2, 113.15 W
1, 2026/09/15 09:43:33.463, 4, 16, 2820 MHz, 10251 MHz, P2, 102.54 W
0, 2026/09/15 09:43:33.663, 4, 16, 2835 MHz, 10251 MHz, P2, 113.15 W
1, 2026/09/15 09:43:33.663, 4, 16, 2820 MHz, 10251 MHz, P2, 102.54 W
0, 2026/09/15 09:43:33.863, 4, 16, 2835 MHz, 10251 MHz, P2, 114.07 W
1, 2026/09/15 09:43:33.864, 4, 16, 2820 MHz, 10251 MHz, P2, 103.59 W
0, 2026/09/15 09:43:34.064, 4, 16, 2835 MHz, 10251 MHz, P2, 114.07 W
1, 2026/09/15 09:43:34.064, 4, 16, 2820 MHz, 10251 MHz, P2, 103.59 W
0, 2026/09/15 09:43:34.264, 4, 16, 2835 MHz, 10251 MHz, P2, 114.07 W
1, 2026/09/15 09:43:34.264, 4, 16, 2820 MHz, 10251 MHz, P2, 103.59 W
0, 2026/09/15 09:43:34.464, 4, 16, 2835 MHz, 10251 MHz, P2, 114.17 W
1, 2026/09/15 09:43:34.465, 4, 16, 2820 MHz, 10251 MHz, P2, 103.87 W
0, 2026/09/15 09:43:34.665, 4, 16, 2835 MHz, 10251 MHz, P2, 114.17 W
1, 2026/09/15 09:43:34.665, 4, 16, 2820 MHz, 10251 MHz, P2, 103.87 W
0, 2026/09/15 09:43:34.865, 4, 16, 2835 MHz, 10251 MHz, P2, 113.09 W
1, 2026/09/15 09:43:34.865, 4, 16, 2820 MHz, 10251 MHz, P2, 102.94 W
0, 2026/09/15 09:43:35.065, 4, 16, 2835 MHz, 10251 MHz, P2, 113.09 W
1, 2026/09/15 09:43:35.066, 4, 16, 2820 MHz, 10251 MHz, P2, 102.94 W
0, 2026/09/15 09:43:35.266, 4, 16, 2835 MHz, 10251 MHz, P2, 113.09 W
1, 2026/09/15 09:43:35.266, 4, 16, 2820 MHz, 10251 MHz, P2, 102.94 W
0, 2026/09/15 09:43:35.466, 4, 16, 2835 MHz, 10251 MHz, P2, 112.95 W
1, 2026/09/15 09:43:35.466, 4, 16, 2820 MHz, 10251 MHz, P2, 102.90 W
0, 2026/09/15 09:43:35.666, 4, 16, 2835 MHz, 10251 MHz, P2, 112.95 W
1, 2026/09/15 09:43:35.667, 4, 16, 2820 MHz, 10251 MHz, P2, 102.90 W
0, 2026/09/15 09:43:35.867, 4, 16, 2835 MHz, 10251 MHz, P2, 113.12 W
1, 2026/09/15 09:43:35.867, 4, 16, 2820 MHz, 10251 MHz, P2, 102.86 W
0, 2026/09/15 09:43:36.067, 4, 16, 2835 MHz, 10251 MHz, P2, 113.12 W
1, 2026/09/15 09:43:36.067, 4, 16, 2820 MHz, 10251 MHz, P2, 102.86 W
0, 2026/09/15 09:43:36.267, 4, 16, 2835 MHz, 10251 MHz, P2, 113.12 W
1, 2026/09/15 09:43:36.267, 4, 16, 2820 MHz, 10251 MHz, P2, 102.86 W
0, 2026/09/15 09:43:36.468, 4, 16, 2835 MHz, 10251 MHz, P2, 113.37 W
1, 2026/09/15 09:43:36.468, 4, 16, 2820 MHz, 10251 MHz, P2, 102.84 W
0, 2026/09/15 09:43:36.668, 4, 16, 2835 MHz, 10251 MHz, P2, 113.37 W
1, 2026/09/15 09:43:36.668, 4, 16, 2820 MHz, 10251 MHz, P2, 102.84 W
0, 2026/09/15 09:43:36.869, 4, 16, 2835 MHz, 10251 MHz, P2, 114.63 W
1, 2026/09/15 09:43:36.869, 4, 16, 2820 MHz, 10251 MHz, P2, 103.77 W
0, 2026/09/15 09:43:37.069, 4, 16, 2835 MHz, 10251 MHz, P2, 114.63 W
1, 2026/09/15 09:43:37.069, 4, 16, 2820 MHz, 10251 MHz, P2, 103.77 W
0, 2026/09/15 09:43:37.269, 4, 16, 2835 MHz, 10251 MHz, P2, 114.63 W
1, 2026/09/15 09:43:37.270, 4, 16, 2820 MHz, 10251 MHz, P2, 103.77 W
0, 2026/09/15 09:43:37.470, 4, 16, 2835 MHz, 10251 MHz, P2, 114.56 W
1, 2026/09/15 09:43:37.470, 4, 16, 2820 MHz, 10251 MHz, P2, 103.92 W
0, 2026/09/15 09:43:37.670, 4, 16, 2835 MHz, 10251 MHz, P2, 114.56 W
1, 2026/09/15 09:43:37.670, 4, 16, 2820 MHz, 10251 MHz, P2, 103.92 W
0, 2026/09/15 09:43:37.871, 4, 16, 2835 MHz, 10251 MHz, P2, 113.23 W
1, 2026/09/15 09:43:37.871, 4, 16, 2820 MHz, 10251 MHz, P2, 103.24 W
0, 2026/09/15 09:43:38.071, 4, 16, 2835 MHz, 10251 MHz, P2, 113.23 W
1, 2026/09/15 09:43:38.071, 4, 16, 2820 MHz, 10251 MHz, P2, 103.24 W
0, 2026/09/15 09:43:38.272, 4, 16, 2835 MHz, 10251 MHz, P2, 113.23 W
1, 2026/09/15 09:43:38.272, 4, 16, 2820 MHz, 10251 MHz, P2, 103.24 W
0, 2026/09/15 09:43:38.472, 4, 16, 2835 MHz, 10251 MHz, P2, 113.13 W
1, 2026/09/15 09:43:38.472, 4, 16, 2820 MHz, 10251 MHz, P2, 102.60 W
0, 2026/09/15 09:43:38.672, 4, 16, 2835 MHz, 10251 MHz, P2, 113.13 W
1, 2026/09/15 09:43:38.673, 4, 16, 2820 MHz, 10251 MHz, P2, 102.60 W
0, 2026/09/15 09:43:38.873, 4, 16, 2835 MHz, 10251 MHz, P2, 113.08 W
1, 2026/09/15 09:43:38.873, 4, 16, 2820 MHz, 10251 MHz, P2, 102.61 W
0, 2026/09/15 09:43:39.073, 4, 16, 2835 MHz, 10251 MHz, P2, 113.08 W
1, 2026/09/15 09:43:39.074, 4, 16, 2820 MHz, 10251 MHz, P2, 102.61 W
0, 2026/09/15 09:43:39.274, 4, 16, 2835 MHz, 10251 MHz, P2, 113.08 W
1, 2026/09/15 09:43:39.274, 4, 16, 2820 MHz, 10251 MHz, P2, 102.61 W
0, 2026/09/15 09:43:39.474, 4, 16, 2835 MHz, 10251 MHz, P2, 112.92 W
1, 2026/09/15 09:43:39.474, 4, 16, 2820 MHz, 10251 MHz, P2, 102.70 W
0, 2026/09/15 09:43:39.675, 4, 16, 2835 MHz, 10251 MHz, P2, 112.92 W
1, 2026/09/15 09:43:39.675, 4, 16, 2820 MHz, 10251 MHz, P2, 102.70 W
0, 2026/09/15 09:43:39.875, 4, 16, 2835 MHz, 10251 MHz, P2, 112.76 W
1, 2026/09/15 09:43:39.876, 4, 16, 2820 MHz, 10251 MHz, P2, 102.52 W
0, 2026/09/15 09:43:40.076, 4, 16, 2835 MHz, 10251 MHz, P2, 112.76 W
1, 2026/09/15 09:43:40.076, 4, 16, 2820 MHz, 10251 MHz, P2, 102.52 W
0, 2026/09/15 09:43:40.276, 4, 16, 2835 MHz, 10251 MHz, P2, 112.76 W
1, 2026/09/15 09:43:40.277, 4, 16, 2820 MHz, 10251 MHz, P2, 100.19 W
0, 2026/09/15 09:43:40.477, 4, 16, 2835 MHz, 10251 MHz, P2, 107.69 W
1, 2026/09/15 09:43:40.477, 4, 16, 2820 MHz, 10251 MHz, P2, 100.19 W
0, 2026/09/15 09:43:40.677, 4, 16, 2835 MHz, 10251 MHz, P2, 107.69 W
1, 2026/09/15 09:43:40.678, 4, 16, 2820 MHz, 10251 MHz, P2, 100.19 W
0, 2026/09/15 09:43:40.878, 4, 16, 2835 MHz, 10251 MHz, P2, 97.40 W
1, 2026/09/15 09:43:40.879, 4, 16, 2820 MHz, 10501 MHz, P0, 91.03 W
0, 2026/09/15 09:43:41.079, 4, 16, 2835 MHz, 10251 MHz, P2, 97.40 W
1, 2026/09/15 09:43:41.079, 4, 16, 2820 MHz, 10501 MHz, P0, 91.03 W
0, 2026/09/15 09:43:41.279, 4, 16, 2835 MHz, 10251 MHz, P2, 97.40 W
1, 2026/09/15 09:43:41.279, 4, 16, 2820 MHz, 10501 MHz, P0, 80.56 W
0, 2026/09/15 09:43:41.480, 4, 16, 2835 MHz, 10501 MHz, P0, 88.78 W
1, 2026/09/15 09:43:41.480, 4, 16, 2820 MHz, 10501 MHz, P0, 80.56 W
0, 2026/09/15 09:43:41.680, 4, 16, 2835 MHz, 10501 MHz, P0, 88.78 W
1, 2026/09/15 09:43:41.681, 4, 16, 2820 MHz, 10501 MHz, P0, 80.56 W
0, 2026/09/15 09:43:41.881, 4, 16, 2835 MHz, 10501 MHz, P0, 87.83 W
1, 2026/09/15 09:43:41.881, 4, 16, 2820 MHz, 10501 MHz, P0, 79.72 W
0, 2026/09/15 09:43:42.081, 4, 16, 2835 MHz, 10501 MHz, P0, 87.83 W
1, 2026/09/15 09:43:42.096, 4, 16, 2820 MHz, 10501 MHz, P0, 79.72 W
0, 2026/09/15 09:43:42.296, 4, 16, 2835 MHz, 10501 MHz, P0, 87.83 W
1, 2026/09/15 09:43:42.296, 2, 16, 765 MHz, 810 MHz, P5, 69.80 W
0, 2026/09/15 09:43:42.497, 4, 16, 2520 MHz, 10501 MHz, P0, 77.59 W
1, 2026/09/15 09:43:42.497, 2, 16, 765 MHz, 810 MHz, P5, 69.80 W
0, 2026/09/15 09:43:42.697, 4, 16, 2520 MHz, 10501 MHz, P0, 77.59 W
1, 2026/09/15 09:43:42.697, 2, 16, 765 MHz, 810 MHz, P5, 69.80 W
0, 2026/09/15 09:43:42.898, 4, 16, 2520 MHz, 10251 MHz, P2, 67.72 W
1, 2026/09/15 09:43:42.898, 4, 16, 2520 MHz, 10251 MHz, P2, 58.56 W
0, 2026/09/15 09:43:43.099, 4, 16, 2520 MHz, 10251 MHz, P2, 67.72 W
1, 2026/09/15 09:43:43.099, 4, 16, 2520 MHz, 10251 MHz, P2, 58.56 W
0, 2026/09/15 09:43:43.299, 4, 16, 2520 MHz, 10251 MHz, P2, 67.72 W
1, 2026/09/15 09:43:43.325, 4, 16, 2820 MHz, 10251 MHz, P2, 59.78 W
0, 2026/09/15 09:43:43.526, 4, 16, 2835 MHz, 10251 MHz, P2, 70.24 W
1, 2026/09/15 09:43:43.526, 4, 16, 2820 MHz, 10251 MHz, P2, 59.78 W
0, 2026/09/15 09:43:43.726, 4, 16, 2835 MHz, 10251 MHz, P2, 70.24 W
1, 2026/09/15 09:43:43.726, 4, 16, 2820 MHz, 10251 MHz, P2, 59.78 W
0, 2026/09/15 09:43:43.927, 4, 16, 2835 MHz, 10251 MHz, P2, 89.09 W
1, 2026/09/15 09:43:43.927, 4, 16, 2820 MHz, 10251 MHz, P2, 80.94 W
0, 2026/09/15 09:43:44.127, 4, 16, 2835 MHz, 10251 MHz, P2, 89.09 W
1, 2026/09/15 09:43:44.127, 4, 16, 2820 MHz, 10251 MHz, P2, 80.94 W
0, 2026/09/15 09:43:44.328, 4, 16, 2835 MHz, 10251 MHz, P2, 109.69 W
1, 2026/09/15 09:43:44.328, 4, 16, 2820 MHz, 10251 MHz, P2, 98.88 W
0, 2026/09/15 09:43:44.528, 4, 16, 2835 MHz, 10251 MHz, P2, 109.69 W
1, 2026/09/15 09:43:44.528, 4, 16, 2820 MHz, 10251 MHz, P2, 98.88 W
0, 2026/09/15 09:43:44.728, 4, 16, 2835 MHz, 10251 MHz, P2, 109.69 W
1, 2026/09/15 09:43:44.729, 4, 16, 2820 MHz, 10251 MHz, P2, 98.88 W
0, 2026/09/15 09:43:44.929, 4, 16, 2835 MHz, 10251 MHz, P2, 115.29 W
1, 2026/09/15 09:43:44.929, 4, 16, 2820 MHz, 10251 MHz, P2, 105.31 W
0, 2026/09/15 09:43:45.129, 4, 16, 2835 MHz, 10251 MHz, P2, 115.29 W
1, 2026/09/15 09:43:45.129, 4, 16, 2820 MHz, 10251 MHz, P2, 105.31 W
0, 2026/09/15 09:43:45.329, 4, 16, 2835 MHz, 10251 MHz, P2, 117.00 W
1, 2026/09/15 09:43:45.330, 4, 16, 2820 MHz, 10251 MHz, P2, 106.31 W
0, 2026/09/15 09:43:45.530, 4, 16, 2835 MHz, 10251 MHz, P2, 117.00 W
1, 2026/09/15 09:43:45.530, 4, 16, 2820 MHz, 10251 MHz, P2, 106.31 W
0, 2026/09/15 09:43:45.730, 4, 16, 2835 MHz, 10251 MHz, P2, 117.00 W
1, 2026/09/15 09:43:45.730, 4, 16, 2820 MHz, 10251 MHz, P2, 106.31 W
0, 2026/09/15 09:43:45.931, 4, 16, 2835 MHz, 10251 MHz, P2, 117.56 W
1, 2026/09/15 09:43:45.931, 4, 16, 2820 MHz, 10251 MHz, P2, 107.11 W
0, 2026/09/15 09:43:46.131, 4, 16, 2835 MHz, 10251 MHz, P2, 117.56 W
1, 2026/09/15 09:43:46.131, 4, 16, 2820 MHz, 10251 MHz, P2, 107.11 W
0, 2026/09/15 09:43:46.331, 4, 16, 2835 MHz, 10251 MHz, P2, 117.91 W
1, 2026/09/15 09:43:46.332, 4, 16, 2820 MHz, 10251 MHz, P2, 107.97 W
0, 2026/09/15 09:43:46.532, 4, 16, 2835 MHz, 10251 MHz, P2, 117.91 W
1, 2026/09/15 09:43:46.532, 4, 16, 2820 MHz, 10251 MHz, P2, 107.97 W
0, 2026/09/15 09:43:46.732, 4, 16, 2835 MHz, 10251 MHz, P2, 117.91 W
1, 2026/09/15 09:43:46.732, 4, 16, 2820 MHz, 10251 MHz, P2, 107.97 W
0, 2026/09/15 09:43:46.932, 4, 16, 2835 MHz, 10251 MHz, P2, 118.98 W
1, 2026/09/15 09:43:46.933, 4, 16, 2820 MHz, 10251 MHz, P2, 108.01 W
0, 2026/09/15 09:43:47.133, 4, 16, 2835 MHz, 10251 MHz, P2, 118.98 W
1, 2026/09/15 09:43:47.133, 4, 16, 2820 MHz, 10251 MHz, P2, 108.01 W
0, 2026/09/15 09:43:47.333, 4, 16, 2835 MHz, 10251 MHz, P2, 118.70 W
1, 2026/09/15 09:43:47.333, 4, 16, 2820 MHz, 10251 MHz, P2, 108.07 W
0, 2026/09/15 09:43:47.534, 4, 16, 2835 MHz, 10251 MHz, P2, 118.70 W
1, 2026/09/15 09:43:47.534, 4, 16, 2820 MHz, 10251 MHz, P2, 108.07 W
0, 2026/09/15 09:43:47.734, 4, 16, 2835 MHz, 10251 MHz, P2, 118.70 W
1, 2026/09/15 09:43:47.734, 4, 16, 2820 MHz, 10251 MHz, P2, 108.07 W
0, 2026/09/15 09:43:47.934, 4, 16, 2835 MHz, 10251 MHz, P2, 118.78 W
1, 2026/09/15 09:43:47.935, 4, 16, 2820 MHz, 10251 MHz, P2, 108.27 W
0, 2026/09/15 09:43:48.135, 4, 16, 2835 MHz, 10251 MHz, P2, 118.78 W
1, 2026/09/15 09:43:48.135, 4, 16, 2820 MHz, 10251 MHz, P2, 108.27 W
0, 2026/09/15 09:43:48.335, 4, 16, 2835 MHz, 10251 MHz, P2, 119.83 W
1, 2026/09/15 09:43:48.335, 4, 16, 2820 MHz, 10251 MHz, P2, 108.08 W
0, 2026/09/15 09:43:48.536, 4, 16, 2835 MHz, 10251 MHz, P2, 119.83 W
1, 2026/09/15 09:43:48.536, 4, 16, 2820 MHz, 10251 MHz, P2, 108.08 W
0, 2026/09/15 09:43:48.736, 4, 16, 2835 MHz, 10251 MHz, P2, 119.83 W
1, 2026/09/15 09:43:48.736, 4, 16, 2820 MHz, 10251 MHz, P2, 108.08 W
0, 2026/09/15 09:43:48.936, 4, 16, 2835 MHz, 10251 MHz, P2, 119.80 W
1, 2026/09/15 09:43:48.937, 4, 16, 2820 MHz, 10251 MHz, P2, 109.01 W
0, 2026/09/15 09:43:49.137, 4, 16, 2835 MHz, 10251 MHz, P2, 119.80 W
1, 2026/09/15 09:43:49.137, 4, 16, 2820 MHz, 10251 MHz, P2, 109.01 W
0, 2026/09/15 09:43:49.337, 4, 16, 2835 MHz, 10251 MHz, P2, 118.59 W
1, 2026/09/15 09:43:49.337, 4, 16, 2820 MHz, 10251 MHz, P2, 108.81 W
0, 2026/09/15 09:43:49.538, 4, 16, 2835 MHz, 10251 MHz, P2, 118.59 W
1, 2026/09/15 09:43:49.538, 4, 16, 2820 MHz, 10251 MHz, P2, 108.81 W
0, 2026/09/15 09:43:49.738, 4, 16, 2835 MHz, 10251 MHz, P2, 118.59 W
1, 2026/09/15 09:43:49.738, 4, 16, 2820 MHz, 10251 MHz, P2, 108.81 W
0, 2026/09/15 09:43:49.938, 4, 16, 2835 MHz, 10251 MHz, P2, 117.92 W
1, 2026/09/15 09:43:49.939, 4, 16, 2820 MHz, 10251 MHz, P2, 107.51 W
0, 2026/09/15 09:43:50.139, 4, 16, 2835 MHz, 10251 MHz, P2, 117.92 W
1, 2026/09/15 09:43:50.139, 4, 16, 2820 MHz, 10251 MHz, P2, 107.51 W
0, 2026/09/15 09:43:50.339, 4, 16, 2835 MHz, 10501 MHz, P0, 105.66 W
1, 2026/09/15 09:43:50.340, 4, 16, 2820 MHz, 10501 MHz, P0, 98.92 W
0, 2026/09/15 09:43:50.540, 4, 16, 2835 MHz, 10501 MHz, P0, 105.66 W
1, 2026/09/15 09:43:50.540, 4, 16, 2820 MHz, 10501 MHz, P0, 98.92 W
0, 2026/09/15 09:43:50.740, 4, 16, 2835 MHz, 10501 MHz, P0, 105.66 W
1, 2026/09/15 09:43:50.740, 4, 16, 2820 MHz, 10501 MHz, P0, 98.92 W
0, 2026/09/15 09:43:50.941, 4, 16, 2835 MHz, 10501 MHz, P0, 91.24 W
1, 2026/09/15 09:43:50.941, 4, 16, 2820 MHz, 10501 MHz, P0, 86.73 W
0, 2026/09/15 09:43:51.141, 4, 16, 2835 MHz, 10501 MHz, P0, 91.24 W
1, 2026/09/15 09:43:51.141, 4, 16, 2820 MHz, 10501 MHz, P0, 86.73 W
0, 2026/09/15 09:43:51.342, 4, 16, 2835 MHz, 10501 MHz, P0, 88.34 W
1, 2026/09/15 09:43:51.342, 4, 16, 2820 MHz, 10501 MHz, P0, 79.59 W
0, 2026/09/15 09:43:51.542, 4, 16, 2835 MHz, 10501 MHz, P0, 88.34 W
1, 2026/09/15 09:43:51.542, 4, 16, 2820 MHz, 10501 MHz, P0, 79.59 W
0, 2026/09/15 09:43:51.743, 4, 16, 2835 MHz, 10501 MHz, P0, 88.34 W
1, 2026/09/15 09:43:51.766, 4, 16, 2820 MHz, 10501 MHz, P0, 79.59 W
0, 2026/09/15 09:43:51.966, 4, 16, 2520 MHz, 10501 MHz, P0, 84.41 W
1, 2026/09/15 09:43:51.966, 2, 16, 690 MHz, 810 MHz, P5, 75.03 W
0, 2026/09/15 09:43:52.167, 4, 16, 2520 MHz, 10501 MHz, P0, 84.41 W
1, 2026/09/15 09:43:52.167, 2, 16, 690 MHz, 810 MHz, P5, 75.03 W
0, 2026/09/15 09:43:52.367, 4, 16, 2520 MHz, 10251 MHz, P2, 74.66 W
1, 2026/09/15 09:43:52.367, 4, 16, 2520 MHz, 10251 MHz, P2, 62.32 W
0, 2026/09/15 09:43:52.568, 4, 16, 2520 MHz, 10251 MHz, P2, 74.66 W
1, 2026/09/15 09:43:52.568, 4, 16, 2520 MHz, 10251 MHz, P2, 62.32 W
0, 2026/09/15 09:43:52.768, 4, 16, 2520 MHz, 10251 MHz, P2, 74.66 W
1, 2026/09/15 09:43:52.768, 4, 16, 2520 MHz, 10251 MHz, P2, 62.32 W
0, 2026/09/15 09:43:52.969, 4, 16, 2520 MHz, 10251 MHz, P2, 68.39 W
1, 2026/09/15 09:43:52.969, 4, 16, 2520 MHz, 10251 MHz, P2, 58.45 W
0, 2026/09/15 09:43:53.169, 4, 16, 2520 MHz, 10251 MHz, P2, 68.39 W
1, 2026/09/15 09:43:53.169, 4, 16, 2520 MHz, 10251 MHz, P2, 58.45 W
0, 2026/09/15 09:43:53.370, 4, 16, 2835 MHz, 10251 MHz, P2, 85.23 W
1, 2026/09/15 09:43:53.370, 4, 16, 2820 MHz, 10251 MHz, P2, 77.44 W
0, 2026/09/15 09:43:53.570, 4, 16, 2835 MHz, 10251 MHz, P2, 85.23 W
1, 2026/09/15 09:43:53.570, 4, 16, 2820 MHz, 10251 MHz, P2, 77.44 W
0, 2026/09/15 09:43:53.771, 4, 16, 2835 MHz, 10251 MHz, P2, 85.23 W
1, 2026/09/15 09:43:53.771, 4, 16, 2820 MHz, 10251 MHz, P2, 77.44 W
0, 2026/09/15 09:43:53.971, 4, 16, 2835 MHz, 10251 MHz, P2, 104.51 W
1, 2026/09/15 09:43:53.971, 4, 16, 2820 MHz, 10251 MHz, P2, 94.68 W
0, 2026/09/15 09:43:54.171, 4, 16, 2835 MHz, 10251 MHz, P2, 104.51 W
1, 2026/09/15 09:43:54.172, 4, 16, 2820 MHz, 10251 MHz, P2, 94.68 W
0, 2026/09/15 09:43:54.372, 4, 16, 2835 MHz, 10251 MHz, P2, 112.66 W
1, 2026/09/15 09:43:54.372, 4, 16, 2820 MHz, 10251 MHz, P2, 103.31 W
0, 2026/09/15 09:43:54.572, 4, 16, 2835 MHz, 10251 MHz, P2, 112.66 W
1, 2026/09/15 09:43:54.572, 4, 16, 2820 MHz, 10251 MHz, P2, 103.31 W
0, 2026/09/15 09:43:54.773, 4, 16, 2835 MHz, 10251 MHz, P2, 112.66 W
1, 2026/09/15 09:43:54.773, 4, 16, 2820 MHz, 10251 MHz, P2, 103.31 W
0, 2026/09/15 09:43:54.973, 4, 16, 2835 MHz, 10251 MHz, P2, 115.09 W
1, 2026/09/15 09:43:54.974, 4, 16, 2820 MHz, 10251 MHz, P2, 105.65 W
0, 2026/09/15 09:43:55.174, 4, 16, 2835 MHz, 10251 MHz, P2, 115.09 W
1, 2026/09/15 09:43:55.174, 4, 16, 2820 MHz, 10251 MHz, P2, 105.65 W
0, 2026/09/15 09:43:55.374, 4, 16, 2835 MHz, 10251 MHz, P2, 116.46 W
1, 2026/09/15 09:43:55.374, 4, 16, 2820 MHz, 10251 MHz, P2, 106.40 W
0, 2026/09/15 09:43:55.575, 4, 16, 2835 MHz, 10251 MHz, P2, 116.46 W
1, 2026/09/15 09:43:55.575, 4, 16, 2820 MHz, 10251 MHz, P2, 106.40 W
0, 2026/09/15 09:43:55.775, 4, 16, 2835 MHz, 10251 MHz, P2, 116.46 W
1, 2026/09/15 09:43:55.775, 4, 16, 2820 MHz, 10251 MHz, P2, 106.40 W
0, 2026/09/15 09:43:55.976, 4, 16, 2835 MHz, 10251 MHz, P2, 117.28 W
1, 2026/09/15 09:43:55.976, 4, 16, 2820 MHz, 10251 MHz, P2, 106.99 W
0, 2026/09/15 09:43:56.176, 4, 16, 2835 MHz, 10251 MHz, P2, 117.28 W
1, 2026/09/15 09:43:56.176, 4, 16, 2820 MHz, 10251 MHz, P2, 106.99 W
0, 2026/09/15 09:43:56.377, 4, 16, 2835 MHz, 10251 MHz, P2, 116.32 W
1, 2026/09/15 09:43:56.377, 4, 16, 2820 MHz, 10251 MHz, P2, 106.98 W
0, 2026/09/15 09:43:56.577, 4, 16, 2835 MHz, 10251 MHz, P2, 116.32 W
1, 2026/09/15 09:43:56.577, 4, 16, 2820 MHz, 10251 MHz, P2, 106.98 W
0, 2026/09/15 09:43:56.778, 4, 16, 2835 MHz, 10251 MHz, P2, 116.32 W
1, 2026/09/15 09:43:56.778, 4, 16, 2820 MHz, 10251 MHz, P2, 107.27 W
0, 2026/09/15 09:43:56.978, 4, 16, 2835 MHz, 10251 MHz, P2, 116.78 W
1, 2026/09/15 09:43:56.978, 4, 16, 2820 MHz, 10251 MHz, P2, 107.27 W
0, 2026/09/15 09:43:57.179, 4, 16, 2835 MHz, 10251 MHz, P2, 116.78 W
1, 2026/09/15 09:43:57.179, 4, 16, 2820 MHz, 10251 MHz, P2, 107.27 W
0, 2026/09/15 09:43:57.379, 4, 16, 2835 MHz, 10251 MHz, P2, 118.22 W
1, 2026/09/15 09:43:57.379, 4, 16, 2820 MHz, 10251 MHz, P2, 107.72 W
0, 2026/09/15 09:43:57.579, 4, 16, 2835 MHz, 10251 MHz, P2, 118.22 W
1, 2026/09/15 09:43:57.580, 4, 16, 2820 MHz, 10251 MHz, P2, 107.72 W
0, 2026/09/15 09:43:57.780, 4, 16, 2835 MHz, 10251 MHz, P2, 118.22 W
1, 2026/09/15 09:43:57.780, 4, 16, 2820 MHz, 10251 MHz, P2, 107.34 W
0, 2026/09/15 09:43:57.980, 4, 16, 2835 MHz, 10251 MHz, P2, 117.96 W
1, 2026/09/15 09:43:57.981, 4, 16, 2820 MHz, 10251 MHz, P2, 107.34 W
0, 2026/09/15 09:43:58.181, 4, 16, 2835 MHz, 10251 MHz, P2, 117.96 W
1, 2026/09/15 09:43:58.181, 4, 16, 2820 MHz, 10251 MHz, P2, 107.34 W
0, 2026/09/15 09:43:58.382, 4, 16, 2835 MHz, 10251 MHz, P2, 118.64 W
1, 2026/09/15 09:43:58.382, 4, 16, 2820 MHz, 10251 MHz, P2, 108.20 W
0, 2026/09/15 09:43:58.582, 4, 16, 2835 MHz, 10251 MHz, P2, 118.64 W
1, 2026/09/15 09:43:58.582, 4, 16, 2820 MHz, 10251 MHz, P2, 108.20 W
0, 2026/09/15 09:43:58.783, 4, 16, 2835 MHz, 10251 MHz, P2, 118.64 W
1, 2026/09/15 09:43:58.783, 4, 16, 2820 MHz, 10251 MHz, P2, 108.08 W
0, 2026/09/15 09:43:58.983, 4, 16, 2835 MHz, 10251 MHz, P2, 118.54 W
1, 2026/09/15 09:43:58.983, 4, 16, 2820 MHz, 10251 MHz, P2, 108.08 W
0, 2026/09/15 09:43:59.184, 4, 16, 2835 MHz, 10251 MHz, P2, 118.54 W
1, 2026/09/15 09:43:59.184, 4, 16, 2820 MHz, 10251 MHz, P2, 108.08 W
0, 2026/09/15 09:43:59.384, 4, 16, 2835 MHz, 10251 MHz, P2, 117.65 W
1, 2026/09/15 09:43:59.384, 4, 16, 2820 MHz, 10251 MHz, P2, 107.36 W
0, 2026/09/15 09:43:59.584, 4, 16, 2835 MHz, 10251 MHz, P2, 117.65 W
1, 2026/09/15 09:43:59.585, 4, 16, 2820 MHz, 10251 MHz, P2, 107.36 W
0, 2026/09/15 09:43:59.785, 4, 16, 2835 MHz, 10251 MHz, P2, 117.65 W
1, 2026/09/15 09:43:59.785, 4, 16, 2820 MHz, 10251 MHz, P2, 107.79 W
0, 2026/09/15 09:43:59.986, 4, 16, 2835 MHz, 10251 MHz, P2, 118.26 W
1, 2026/09/15 09:43:59.986, 4, 16, 2820 MHz, 10251 MHz, P2, 107.79 W
0, 2026/09/15 09:44:00.186, 4, 16, 2835 MHz, 10251 MHz, P2, 118.26 W
1, 2026/09/15 09:44:00.186, 4, 16, 2820 MHz, 10251 MHz, P2, 107.79 W
0, 2026/09/15 09:44:00.387, 4, 16, 2835 MHz, 10251 MHz, P2, 105.34 W
1, 2026/09/15 09:44:00.387, 4, 16, 2820 MHz, 10501 MHz, P0, 98.69 W
0, 2026/09/15 09:44:00.587, 4, 16, 2835 MHz, 10251 MHz, P2, 105.34 W
1, 2026/09/15 09:44:00.587, 4, 16, 2820 MHz, 10501 MHz, P0, 98.69 W
0, 2026/09/15 09:44:00.788, 4, 16, 2835 MHz, 10251 MHz, P2, 105.34 W
1, 2026/09/15 09:44:00.788, 4, 16, 2820 MHz, 10501 MHz, P0, 85.81 W
0, 2026/09/15 09:44:00.988, 4, 16, 2835 MHz, 10501 MHz, P0, 91.49 W
1, 2026/09/15 09:44:00.990, 4, 16, 2820 MHz, 10501 MHz, P0, 85.81 W
0, 2026/09/15 09:44:01.190, 4, 16, 2835 MHz, 10501 MHz, P0, 91.49 W
1, 2026/09/15 09:44:01.191, 4, 16, 2820 MHz, 10501 MHz, P0, 85.81 W
0, 2026/09/15 09:44:01.391, 4, 16, 2835 MHz, 10501 MHz, P0, 88.32 W
1, 2026/09/15 09:44:01.391, 4, 16, 2820 MHz, 10501 MHz, P0, 79.57 W
0, 2026/09/15 09:44:01.591, 4, 16, 2835 MHz, 10501 MHz, P0, 88.32 W
1, 2026/09/15 09:44:01.592, 4, 16, 2820 MHz, 10501 MHz, P0, 79.57 W
0, 2026/09/15 09:44:01.792, 4, 16, 2835 MHz, 10501 MHz, P0, 88.32 W
1, 2026/09/15 09:44:01.792, 4, 16, 2520 MHz, 10501 MHz, P0, 76.66 W
0, 2026/09/15 09:44:01.992, 4, 16, 2520 MHz, 10501 MHz, P0, 81.69 W
1, 2026/09/15 09:44:01.992, 4, 16, 2520 MHz, 10501 MHz, P0, 76.66 W
0, 2026/09/15 09:44:02.193, 4, 16, 2520 MHz, 10501 MHz, P0, 81.69 W
1, 2026/09/15 09:44:02.193, 4, 16, 2520 MHz, 10501 MHz, P0, 76.66 W
0, 2026/09/15 09:44:02.393, 4, 16, 2520 MHz, 10251 MHz, P2, 72.29 W
1, 2026/09/15 09:44:02.394, 4, 16, 2520 MHz, 10251 MHz, P2, 70.92 W
0, 2026/09/15 09:44:02.594, 4, 16, 2520 MHz, 10251 MHz, P2, 72.29 W
1, 2026/09/15 09:44:02.594, 4, 16, 2520 MHz, 10251 MHz, P2, 70.92 W
0, 2026/09/15 09:44:02.795, 4, 16, 2520 MHz, 10251 MHz, P2, 72.29 W
1, 2026/09/15 09:44:02.796, 4, 16, 2520 MHz, 10251 MHz, P2, 67.72 W
0, 2026/09/15 09:44:02.996, 4, 16, 2520 MHz, 10251 MHz, P2, 65.61 W
1, 2026/09/15 09:44:02.997, 4, 16, 2520 MHz, 10251 MHz, P2, 67.72 W
0, 2026/09/15 09:44:03.197, 4, 16, 2520 MHz, 10251 MHz, P2, 65.61 W
1, 2026/09/15 09:44:03.197, 4, 16, 2520 MHz, 10251 MHz, P2, 67.72 W
0, 2026/09/15 09:44:03.397, 4, 16, 2835 MHz, 10251 MHz, P2, 84.95 W
1, 2026/09/15 09:44:03.397, 4, 16, 2820 MHz, 10251 MHz, P2, 77.20 W
0, 2026/09/15 09:44:03.598, 4, 16, 2835 MHz, 10251 MHz, P2, 84.95 W
1, 2026/09/15 09:44:03.598, 4, 16, 2820 MHz, 10251 MHz, P2, 77.20 W
0, 2026/09/15 09:44:03.798, 4, 16, 2835 MHz, 10251 MHz, P2, 84.95 W
1, 2026/09/15 09:44:03.798, 4, 16, 2820 MHz, 10251 MHz, P2, 94.58 W
0, 2026/09/15 09:44:03.999, 4, 16, 2835 MHz, 10251 MHz, P2, 105.76 W
1, 2026/09/15 09:44:03.999, 4, 16, 2820 MHz, 10251 MHz, P2, 94.58 W
0, 2026/09/15 09:44:04.199, 4, 16, 2835 MHz, 10251 MHz, P2, 105.76 W
1, 2026/09/15 09:44:04.199, 4, 16, 2820 MHz, 10251 MHz, P2, 94.58 W
0, 2026/09/15 09:44:04.400, 4, 16, 2835 MHz, 10251 MHz, P2, 112.75 W
1, 2026/09/15 09:44:04.400, 4, 16, 2820 MHz, 10251 MHz, P2, 104.05 W
0, 2026/09/15 09:44:04.600, 4, 16, 2835 MHz, 10251 MHz, P2, 112.75 W
1, 2026/09/15 09:44:04.600, 4, 16, 2820 MHz, 10251 MHz, P2, 104.05 W
0, 2026/09/15 09:44:04.801, 4, 16, 2835 MHz, 10251 MHz, P2, 112.75 W
1, 2026/09/15 09:44:04.801, 4, 16, 2820 MHz, 10251 MHz, P2, 105.83 W
0, 2026/09/15 09:44:05.001, 4, 16, 2835 MHz, 10251 MHz, P2, 114.52 W
1, 2026/09/15 09:44:05.001, 4, 16, 2820 MHz, 10251 MHz, P2, 105.83 W
0, 2026/09/15 09:44:05.201, 4, 16, 2835 MHz, 10251 MHz, P2, 114.52 W
1, 2026/09/15 09:44:05.202, 4, 16, 2820 MHz, 10251 MHz, P2, 105.83 W
0, 2026/09/15 09:44:05.402, 4, 16, 2835 MHz, 10251 MHz, P2, 114.96 W
1, 2026/09/15 09:44:05.402, 4, 16, 2820 MHz, 10251 MHz, P2, 106.31 W
0, 2026/09/15 09:44:05.602, 4, 16, 2835 MHz, 10251 MHz, P2, 114.96 W
1, 2026/09/15 09:44:05.602, 4, 16, 2820 MHz, 10251 MHz, P2, 106.31 W
0, 2026/09/15 09:44:05.803, 4, 16, 2835 MHz, 10251 MHz, P2, 114.96 W
1, 2026/09/15 09:44:05.803, 4, 16, 2820 MHz, 10251 MHz, P2, 106.61 W
0, 2026/09/15 09:44:06.003, 4, 16, 2835 MHz, 10251 MHz, P2, 115.39 W
1, 2026/09/15 09:44:06.003, 4, 16, 2820 MHz, 10251 MHz, P2, 106.61 W
0, 2026/09/15 09:44:06.204, 4, 16, 2835 MHz, 10251 MHz, P2, 115.39 W
1, 2026/09/15 09:44:06.204, 4, 16, 2820 MHz, 10251 MHz, P2, 106.61 W
0, 2026/09/15 09:44:06.404, 4, 16, 2835 MHz, 10251 MHz, P2, 116.65 W
1, 2026/09/15 09:44:06.404, 4, 16, 2820 MHz, 10251 MHz, P2, 107.27 W
0, 2026/09/15 09:44:06.605, 4, 16, 2835 MHz, 10251 MHz, P2, 116.65 W
1, 2026/09/15 09:44:06.605, 4, 16, 2820 MHz, 10251 MHz, P2, 107.27 W
0, 2026/09/15 09:44:06.805, 4, 16, 2835 MHz, 10251 MHz, P2, 116.65 W
1, 2026/09/15 09:44:06.805, 4, 16, 2820 MHz, 10251 MHz, P2, 106.62 W
0, 2026/09/15 09:44:07.005, 4, 16, 2835 MHz, 10251 MHz, P2, 116.50 W
1, 2026/09/15 09:44:07.006, 4, 16, 2820 MHz, 10251 MHz, P2, 106.62 W
0, 2026/09/15 09:44:07.206, 4, 16, 2835 MHz, 10251 MHz, P2, 116.50 W
1, 2026/09/15 09:44:07.206, 4, 16, 2820 MHz, 10251 MHz, P2, 106.62 W
0, 2026/09/15 09:44:07.406, 4, 16, 2835 MHz, 10251 MHz, P2, 116.89 W
1, 2026/09/15 09:44:07.406, 4, 16, 2820 MHz, 10251 MHz, P2, 107.44 W
0, 2026/09/15 09:44:07.607, 4, 16, 2835 MHz, 10251 MHz, P2, 116.89 W
1, 2026/09/15 09:44:07.607, 4, 16, 2820 MHz, 10251 MHz, P2, 107.44 W
0, 2026/09/15 09:44:07.807, 4, 16, 2835 MHz, 10251 MHz, P2, 116.89 W
1, 2026/09/15 09:44:07.807, 4, 16, 2820 MHz, 10251 MHz, P2, 107.34 W
0, 2026/09/15 09:44:08.008, 4, 16, 2835 MHz, 10251 MHz, P2, 117.09 W
1, 2026/09/15 09:44:08.008, 4, 16, 2820 MHz, 10251 MHz, P2, 107.34 W
0, 2026/09/15 09:44:08.208, 4, 16, 2835 MHz, 10251 MHz, P2, 117.09 W
1, 2026/09/15 09:44:08.208, 4, 16, 2820 MHz, 10251 MHz, P2, 107.34 W
0, 2026/09/15 09:44:08.408, 4, 16, 2835 MHz, 10251 MHz, P2, 115.92 W
1, 2026/09/15 09:44:08.409, 4, 16, 2820 MHz, 10251 MHz, P2, 107.00 W
0, 2026/09/15 09:44:08.609, 4, 16, 2835 MHz, 10251 MHz, P2, 115.92 W
1, 2026/09/15 09:44:08.609, 4, 16, 2820 MHz, 10251 MHz, P2, 107.00 W
0, 2026/09/15 09:44:08.809, 4, 16, 2835 MHz, 10251 MHz, P2, 115.92 W
1, 2026/09/15 09:44:08.810, 4, 16, 2820 MHz, 10251 MHz, P2, 106.18 W
0, 2026/09/15 09:44:09.010, 4, 16, 2835 MHz, 10251 MHz, P2, 115.93 W
1, 2026/09/15 09:44:09.010, 4, 16, 2820 MHz, 10251 MHz, P2, 106.18 W
0, 2026/09/15 09:44:09.210, 4, 16, 2835 MHz, 10251 MHz, P2, 115.93 W
1, 2026/09/15 09:44:09.210, 4, 16, 2820 MHz, 10251 MHz, P2, 106.18 W
0, 2026/09/15 09:44:09.411, 4, 16, 2835 MHz, 10251 MHz, P2, 117.98 W
1, 2026/09/15 09:44:09.411, 4, 16, 2820 MHz, 10251 MHz, P2, 108.33 W
0, 2026/09/15 09:44:09.611, 4, 16, 2835 MHz, 10251 MHz, P2, 117.98 W
1, 2026/09/15 09:44:09.611, 4, 16, 2820 MHz, 10251 MHz, P2, 108.33 W
0, 2026/09/15 09:44:09.812, 4, 16, 2835 MHz, 10251 MHz, P2, 117.98 W
1, 2026/09/15 09:44:09.812, 4, 16, 2820 MHz, 10251 MHz, P2, 108.23 W
0, 2026/09/15 09:44:10.012, 4, 16, 2835 MHz, 10251 MHz, P2, 117.71 W
1, 2026/09/15 09:44:10.012, 4, 16, 2820 MHz, 10251 MHz, P2, 108.23 W
0, 2026/09/15 09:44:10.213, 4, 16, 2835 MHz, 10251 MHz, P2, 117.71 W
1, 2026/09/15 09:44:10.213, 4, 16, 2820 MHz, 10251 MHz, P2, 108.23 W
0, 2026/09/15 09:44:10.413, 4, 16, 2835 MHz, 10251 MHz, P2, 115.50 W
1, 2026/09/15 09:44:10.413, 4, 16, 2820 MHz, 10251 MHz, P2, 106.13 W
0, 2026/09/15 09:44:10.614, 4, 16, 2835 MHz, 10251 MHz, P2, 115.50 W
1, 2026/09/15 09:44:10.614, 4, 16, 2820 MHz, 10251 MHz, P2, 106.13 W
0, 2026/09/15 09:44:10.814, 4, 16, 2835 MHz, 10251 MHz, P2, 115.50 W
1, 2026/09/15 09:44:10.814, 4, 16, 2820 MHz, 10251 MHz, P2, 105.95 W
0, 2026/09/15 09:44:11.015, 4, 16, 2835 MHz, 10251 MHz, P2, 116.34 W
1, 2026/09/15 09:44:11.015, 4, 16, 2820 MHz, 10251 MHz, P2, 105.95 W
0, 2026/09/15 09:44:11.215, 4, 16, 2835 MHz, 10251 MHz, P2, 116.34 W
1, 2026/09/15 09:44:11.216, 4, 16, 2820 MHz, 10251 MHz, P2, 105.95 W
0, 2026/09/15 09:44:11.416, 4, 16, 2835 MHz, 10251 MHz, P2, 105.33 W
1, 2026/09/15 09:44:11.417, 4, 16, 2820 MHz, 10501 MHz, P0, 99.87 W
0, 2026/09/15 09:44:11.617, 4, 16, 2835 MHz, 10251 MHz, P2, 105.33 W
1, 2026/09/15 09:44:11.617, 4, 16, 2820 MHz, 10501 MHz, P0, 99.87 W
0, 2026/09/15 09:44:11.817, 4, 16, 2835 MHz, 10251 MHz, P2, 105.33 W
1, 2026/09/15 09:44:11.817, 4, 16, 2820 MHz, 10501 MHz, P0, 87.74 W
0, 2026/09/15 09:44:12.018, 4, 16, 2835 MHz, 10501 MHz, P0, 92.91 W
1, 2026/09/15 09:44:12.018, 4, 16, 2820 MHz, 10501 MHz, P0, 87.74 W
0, 2026/09/15 09:44:12.218, 4, 16, 2835 MHz, 10501 MHz, P0, 92.91 W
1, 2026/09/15 09:44:12.218, 4, 16, 2820 MHz, 10501 MHz, P0, 87.74 W
0, 2026/09/15 09:44:12.419, 4, 16, 2835 MHz, 10501 MHz, P0, 87.26 W
1, 2026/09/15 09:44:12.419, 4, 16, 2820 MHz, 10501 MHz, P0, 80.15 W
0, 2026/09/15 09:44:12.619, 4, 16, 2835 MHz, 10501 MHz, P0, 87.26 W
1, 2026/09/15 09:44:12.619, 4, 16, 2820 MHz, 10501 MHz, P0, 80.15 W
0, 2026/09/15 09:44:12.820, 4, 16, 2835 MHz, 10501 MHz, P0, 87.26 W
1, 2026/09/15 09:44:12.820, 4, 16, 2820 MHz, 10501 MHz, P0, 79.01 W
0, 2026/09/15 09:44:13.021, 2, 16, 765 MHz, 810 MHz, P5, 80.89 W
1, 2026/09/15 09:44:13.022, 4, 16, 2820 MHz, 10501 MHz, P0, 79.01 W
0, 2026/09/15 09:44:13.222, 2, 16, 765 MHz, 810 MHz, P5, 80.89 W
1, 2026/09/15 09:44:13.222, 4, 16, 2820 MHz, 10501 MHz, P0, 79.01 W
0, 2026/09/15 09:44:13.423, 4, 16, 2520 MHz, 10251 MHz, P2, 68.64 W
1, 2026/09/15 09:44:13.423, 4, 16, 2520 MHz, 10251 MHz, P2, 71.32 W
0, 2026/09/15 09:44:13.623, 4, 16, 2520 MHz, 10251 MHz, P2, 68.64 W
1, 2026/09/15 09:44:13.624, 4, 16, 2520 MHz, 10251 MHz, P2, 71.32 W
0, 2026/09/15 09:44:13.824, 4, 16, 2520 MHz, 10251 MHz, P2, 68.64 W
1, 2026/09/15 09:44:13.824, 4, 16, 2520 MHz, 10251 MHz, P2, 67.91 W
0, 2026/09/15 09:44:14.025, 4, 16, 2520 MHz, 10251 MHz, P2, 66.54 W
1, 2026/09/15 09:44:14.025, 4, 16, 2520 MHz, 10251 MHz, P2, 67.91 W
0, 2026/09/15 09:44:14.225, 4, 16, 2520 MHz, 10251 MHz, P2, 66.54 W
1, 2026/09/15 09:44:14.225, 4, 16, 2520 MHz, 10251 MHz, P2, 67.91 W
0, 2026/09/15 09:44:14.426, 4, 16, 2835 MHz, 10251 MHz, P2, 77.34 W
1, 2026/09/15 09:44:14.426, 4, 16, 2820 MHz, 10251 MHz, P2, 72.06 W
0, 2026/09/15 09:44:14.626, 4, 16, 2835 MHz, 10251 MHz, P2, 77.34 W
1, 2026/09/15 09:44:14.626, 4, 16, 2820 MHz, 10251 MHz, P2, 72.06 W
0, 2026/09/15 09:44:14.826, 4, 16, 2835 MHz, 10251 MHz, P2, 77.34 W
1, 2026/09/15 09:44:14.827, 4, 16, 2820 MHz, 10251 MHz, P2, 88.54 W
0, 2026/09/15 09:44:15.027, 4, 16, 2835 MHz, 10251 MHz, P2, 97.60 W
1, 2026/09/15 09:44:15.027, 4, 16, 2820 MHz, 10251 MHz, P2, 88.54 W
0, 2026/09/15 09:44:15.227, 4, 16, 2835 MHz, 10251 MHz, P2, 97.60 W
1, 2026/09/15 09:44:15.228, 4, 16, 2820 MHz, 10251 MHz, P2, 88.54 W
0, 2026/09/15 09:44:15.428, 4, 16, 2835 MHz, 10251 MHz, P2, 110.80 W
1, 2026/09/15 09:44:15.428, 4, 16, 2820 MHz, 10251 MHz, P2, 102.41 W
0, 2026/09/15 09:44:15.628, 4, 16, 2835 MHz, 10251 MHz, P2, 110.80 W
1, 2026/09/15 09:44:15.628, 4, 16, 2820 MHz, 10251 MHz, P2, 102.41 W
0, 2026/09/15 09:44:15.829, 4, 16, 2835 MHz, 10251 MHz, P2, 110.80 W
1, 2026/09/15 09:44:15.829, 4, 16, 2820 MHz, 10251 MHz, P2, 104.61 W
0, 2026/09/15 09:44:16.029, 4, 16, 2835 MHz, 10251 MHz, P2, 112.98 W
1, 2026/09/15 09:44:16.029, 4, 16, 2820 MHz, 10251 MHz, P2, 104.61 W
0, 2026/09/15 09:44:16.230, 4, 16, 2835 MHz, 10251 MHz, P2, 112.98 W
1, 2026/09/15 09:44:16.230, 4, 16, 2820 MHz, 10251 MHz, P2, 104.61 W
0, 2026/09/15 09:44:16.430, 4, 16, 2835 MHz, 10251 MHz, P2, 113.85 W
1, 2026/09/15 09:44:16.430, 4, 16, 2820 MHz, 10251 MHz, P2, 105.39 W
0, 2026/09/15 09:44:16.631, 4, 16, 2835 MHz, 10251 MHz, P2, 113.85 W
1, 2026/09/15 09:44:16.631, 4, 16, 2820 MHz, 10251 MHz, P2, 105.39 W
0, 2026/09/15 09:44:16.831, 4, 16, 2835 MHz, 10251 MHz, P2, 114.40 W
1, 2026/09/15 09:44:16.832, 4, 16, 2820 MHz, 10251 MHz, P2, 105.89 W
0, 2026/09/15 09:44:17.032, 4, 16, 2835 MHz, 10251 MHz, P2, 114.40 W
1, 2026/09/15 09:44:17.033, 4, 16, 2820 MHz, 10251 MHz, P2, 105.89 W
0, 2026/09/15 09:44:17.233, 4, 16, 2835 MHz, 10251 MHz, P2, 114.40 W
1, 2026/09/15 09:44:17.233, 4, 16, 2820 MHz, 10251 MHz, P2, 105.89 W
0, 2026/09/15 09:44:17.433, 4, 16, 2835 MHz, 10251 MHz, P2, 114.68 W
1, 2026/09/15 09:44:17.433, 4, 16, 2820 MHz, 10251 MHz, P2, 105.85 W
0, 2026/09/15 09:44:17.634, 4, 16, 2835 MHz, 10251 MHz, P2, 114.68 W
1, 2026/09/15 09:44:17.634, 4, 16, 2820 MHz, 10251 MHz, P2, 105.85 W
0, 2026/09/15 09:44:17.834, 4, 16, 2835 MHz, 10251 MHz, P2, 114.68 W
1, 2026/09/15 09:44:17.834, 4, 16, 2820 MHz, 10251 MHz, P2, 106.17 W
0, 2026/09/15 09:44:18.035, 4, 16, 2835 MHz, 10251 MHz, P2, 114.68 W
1, 2026/09/15 09:44:18.035, 4, 16, 2820 MHz, 10251 MHz, P2, 106.17 W
0, 2026/09/15 09:44:18.235, 4, 16, 2835 MHz, 10251 MHz, P2, 114.68 W
1, 2026/09/15 09:44:18.248, 4, 16, 2820 MHz, 10251 MHz, P2, 106.17 W
0, 2026/09/15 09:44:18.448, 4, 16, 2835 MHz, 10251 MHz, P2, 115.18 W
1, 2026/09/15 09:44:18.449, 4, 16, 2820 MHz, 10251 MHz, P2, 106.18 W
0, 2026/09/15 09:44:18.649, 4, 16, 2835 MHz, 10251 MHz, P2, 115.18 W
1, 2026/09/15 09:44:18.649, 4, 16, 2820 MHz, 10251 MHz, P2, 106.18 W
0, 2026/09/15 09:44:18.849, 4, 16, 2835 MHz, 10251 MHz, P2, 115.97 W
1, 2026/09/15 09:44:18.849, 4, 16, 2820 MHz, 10251 MHz, P2, 106.53 W
0, 2026/09/15 09:44:19.050, 4, 16, 2835 MHz, 10251 MHz, P2, 115.97 W
1, 2026/09/15 09:44:19.050, 4, 16, 2820 MHz, 10251 MHz, P2, 106.53 W
0, 2026/09/15 09:44:19.250, 4, 16, 2835 MHz, 10251 MHz, P2, 115.97 W
1, 2026/09/15 09:44:19.250, 4, 16, 2820 MHz, 10251 MHz, P2, 106.53 W
0, 2026/09/15 09:44:19.451, 4, 16, 2835 MHz, 10251 MHz, P2, 116.72 W
1, 2026/09/15 09:44:19.451, 4, 16, 2820 MHz, 10251 MHz, P2, 106.73 W
0, 2026/09/15 09:44:19.651, 4, 16, 2835 MHz, 10251 MHz, P2, 116.72 W
1, 2026/09/15 09:44:19.651, 4, 16, 2820 MHz, 10251 MHz, P2, 106.73 W
0, 2026/09/15 09:44:19.852, 4, 16, 2835 MHz, 10251 MHz, P2, 115.79 W
1, 2026/09/15 09:44:19.852, 4, 16, 2820 MHz, 10251 MHz, P2, 106.07 W
0, 2026/09/15 09:44:20.052, 4, 16, 2835 MHz, 10251 MHz, P2, 115.79 W
1, 2026/09/15 09:44:20.053, 4, 16, 2820 MHz, 10251 MHz, P2, 106.07 W
0, 2026/09/15 09:44:20.253, 4, 16, 2835 MHz, 10251 MHz, P2, 115.79 W
1, 2026/09/15 09:44:20.253, 4, 16, 2820 MHz, 10251 MHz, P2, 106.07 W
0, 2026/09/15 09:44:20.453, 4, 16, 2835 MHz, 10251 MHz, P2, 116.97 W
1, 2026/09/15 09:44:20.454, 4, 16, 2820 MHz, 10251 MHz, P2, 106.88 W
0, 2026/09/15 09:44:20.654, 4, 16, 2835 MHz, 10251 MHz, P2, 116.97 W
1, 2026/09/15 09:44:20.654, 4, 16, 2820 MHz, 10251 MHz, P2, 106.88 W
0, 2026/09/15 09:44:20.854, 4, 16, 2835 MHz, 10251 MHz, P2, 117.07 W
1, 2026/09/15 09:44:20.854, 4, 16, 2820 MHz, 10251 MHz, P2, 107.51 W
0, 2026/09/15 09:44:21.055, 4, 16, 2835 MHz, 10251 MHz, P2, 117.07 W
1, 2026/09/15 09:44:21.055, 4, 16, 2820 MHz, 10251 MHz, P2, 107.51 W
0, 2026/09/15 09:44:21.255, 4, 16, 2835 MHz, 10251 MHz, P2, 117.07 W
1, 2026/09/15 09:44:21.255, 4, 16, 2820 MHz, 10251 MHz, P2, 107.51 W
0, 2026/09/15 09:44:21.456, 4, 16, 2835 MHz, 10251 MHz, P2, 116.13 W
1, 2026/09/15 09:44:21.456, 4, 16, 2820 MHz, 10251 MHz, P2, 107.47 W
0, 2026/09/15 09:44:21.656, 4, 16, 2835 MHz, 10251 MHz, P2, 116.13 W
1, 2026/09/15 09:44:21.656, 4, 16, 2820 MHz, 10251 MHz, P2, 107.47 W
0, 2026/09/15 09:44:21.857, 4, 16, 2835 MHz, 10251 MHz, P2, 115.22 W
1, 2026/09/15 09:44:21.857, 4, 16, 2820 MHz, 10251 MHz, P2, 105.99 W
0, 2026/09/15 09:44:22.057, 4, 16, 2835 MHz, 10251 MHz, P2, 115.22 W
1, 2026/09/15 09:44:22.057, 4, 16, 2820 MHz, 10251 MHz, P2, 105.99 W
0, 2026/09/15 09:44:22.258, 4, 16, 2835 MHz, 10251 MHz, P2, 115.22 W
1, 2026/09/15 09:44:22.258, 4, 16, 2820 MHz, 10251 MHz, P2, 105.99 W
0, 2026/09/15 09:44:22.458, 4, 16, 2835 MHz, 10251 MHz, P2, 112.81 W
1, 2026/09/15 09:44:22.458, 4, 16, 2820 MHz, 10251 MHz, P2, 106.29 W
0, 2026/09/15 09:44:22.659, 4, 16, 2835 MHz, 10251 MHz, P2, 112.81 W
1, 2026/09/15 09:44:22.659, 4, 16, 2820 MHz, 10251 MHz, P2, 106.29 W
0, 2026/09/15 09:44:22.861, 4, 16, 2835 MHz, 10251 MHz, P2, 100.24 W
1, 2026/09/15 09:44:22.861, 4, 16, 2820 MHz, 10501 MHz, P0, 94.54 W
0, 2026/09/15 09:44:23.062, 4, 16, 2835 MHz, 10251 MHz, P2, 100.24 W
1, 2026/09/15 09:44:23.062, 4, 16, 2820 MHz, 10501 MHz, P0, 94.54 W
0, 2026/09/15 09:44:23.262, 4, 16, 2835 MHz, 10251 MHz, P2, 100.24 W
1, 2026/09/15 09:44:23.262, 4, 16, 2820 MHz, 10501 MHz, P0, 94.54 W
0, 2026/09/15 09:44:23.463, 4, 16, 2835 MHz, 10501 MHz, P0, 87.99 W
1, 2026/09/15 09:44:23.463, 4, 16, 2820 MHz, 10501 MHz, P0, 83.02 W
0, 2026/09/15 09:44:23.663, 4, 16, 2835 MHz, 10501 MHz, P0, 87.99 W
1, 2026/09/15 09:44:23.663, 4, 16, 2820 MHz, 10501 MHz, P0, 83.02 W
0, 2026/09/15 09:44:23.864, 4, 16, 2835 MHz, 10501 MHz, P0, 87.14 W
1, 2026/09/15 09:44:23.889, 4, 16, 2820 MHz, 10501 MHz, P0, 80.78 W
0, 2026/09/15 09:44:24.090, 4, 16, 2835 MHz, 10501 MHz, P0, 87.14 W
1, 2026/09/15 09:44:24.091, 4, 16, 2820 MHz, 10501 MHz, P0, 80.78 W
0, 2026/09/15 09:44:24.291, 4, 16, 2835 MHz, 10501 MHz, P0, 87.14 W
1, 2026/09/15 09:44:24.291, 2, 16, 2820 MHz, 10501 MHz, P5, 79.29 W
0, 2026/09/15 09:44:24.491, 4, 16, 2835 MHz, 10501 MHz, P0, 87.15 W
1, 2026/09/15 09:44:24.492, 2, 16, 2820 MHz, 10501 MHz, P5, 79.29 W
0, 2026/09/15 09:44:24.692, 4, 16, 2835 MHz, 10501 MHz, P0, 87.15 W
1, 2026/09/15 09:44:24.693, 2, 16, 2820 MHz, 10501 MHz, P5, 79.29 W
0, 2026/09/15 09:44:24.893, 4, 16, 2520 MHz, 10251 MHz, P2, 71.09 W
1, 2026/09/15 09:44:24.893, 4, 16, 2520 MHz, 10251 MHz, P2, 54.04 W
0, 2026/09/15 09:44:25.093, 4, 16, 2520 MHz, 10251 MHz, P2, 71.09 W
1, 2026/09/15 09:44:25.093, 4, 16, 2520 MHz, 10251 MHz, P2, 54.04 W
0, 2026/09/15 09:44:25.294, 4, 16, 2520 MHz, 10251 MHz, P2, 71.09 W
1, 2026/09/15 09:44:25.294, 4, 16, 2520 MHz, 10251 MHz, P2, 52.46 W
0, 2026/09/15 09:44:25.494, 4, 16, 2520 MHz, 10251 MHz, P2, 67.08 W
1, 2026/09/15 09:44:25.495, 4, 16, 2520 MHz, 10251 MHz, P2, 52.46 W
0, 2026/09/15 09:44:25.695, 4, 16, 2520 MHz, 10251 MHz, P2, 67.08 W
1, 2026/09/15 09:44:25.695, 4, 16, 2520 MHz, 10251 MHz, P2, 52.46 W
0, 2026/09/15 09:44:25.895, 4, 16, 2835 MHz, 10251 MHz, P2, 80.68 W
1, 2026/09/15 09:44:25.896, 4, 16, 2820 MHz, 10251 MHz, P2, 74.38 W
0, 2026/09/15 09:44:26.096, 4, 16, 2835 MHz, 10251 MHz, P2, 80.68 W
1, 2026/09/15 09:44:26.096, 4, 16, 2820 MHz, 10251 MHz, P2, 74.38 W
0, 2026/09/15 09:44:26.296, 4, 16, 2835 MHz, 10251 MHz, P2, 80.68 W
1, 2026/09/15 09:44:26.297, 4, 16, 2820 MHz, 10251 MHz, P2, 90.67 W
0, 2026/09/15 09:44:26.497, 4, 16, 2835 MHz, 10251 MHz, P2, 100.57 W
1, 2026/09/15 09:44:26.497, 4, 16, 2820 MHz, 10251 MHz, P2, 90.67 W
0, 2026/09/15 09:44:26.697, 4, 16, 2835 MHz, 10251 MHz, P2, 100.57 W
1, 2026/09/15 09:44:26.698, 4, 16, 2820 MHz, 10251 MHz, P2, 90.67 W
0, 2026/09/15 09:44:26.898, 4, 16, 2835 MHz, 10251 MHz, P2, 110.78 W
1, 2026/09/15 09:44:26.898, 4, 16, 2820 MHz, 10251 MHz, P2, 102.11 W
0, 2026/09/15 09:44:27.098, 4, 16, 2835 MHz, 10251 MHz, P2, 110.78 W
1, 2026/09/15 09:44:27.098, 4, 16, 2820 MHz, 10251 MHz, P2, 102.11 W
0, 2026/09/15 09:44:27.299, 4, 16, 2835 MHz, 10251 MHz, P2, 110.78 W
1, 2026/09/15 09:44:27.299, 4, 16, 2820 MHz, 10251 MHz, P2, 104.41 W
0, 2026/09/15 09:44:27.499, 4, 16, 2835 MHz, 10251 MHz, P2, 112.92 W
1, 2026/09/15 09:44:27.499, 4, 16, 2820 MHz, 10251 MHz, P2, 104.41 W
0, 2026/09/15 09:44:27.700, 4, 16, 2835 MHz, 10251 MHz, P2, 112.92 W
1, 2026/09/15 09:44:27.700, 4, 16, 2820 MHz, 10251 MHz, P2, 104.41 W
0, 2026/09/15 09:44:27.900, 4, 16, 2835 MHz, 10251 MHz, P2, 113.72 W
1, 2026/09/15 09:44:27.900, 4, 16, 2820 MHz, 10251 MHz, P2, 105.13 W
0, 2026/09/15 09:44:28.101, 4, 16, 2835 MHz, 10251 MHz, P2, 113.72 W
1, 2026/09/15 09:44:28.101, 4, 16, 2820 MHz, 10251 MHz, P2, 105.13 W
0, 2026/09/15 09:44:28.301, 4, 16, 2835 MHz, 10251 MHz, P2, 113.72 W
1, 2026/09/15 09:44:28.301, 4, 16, 2820 MHz, 10251 MHz, P2, 105.73 W
0, 2026/09/15 09:44:28.502, 4, 16, 2835 MHz, 10251 MHz, P2, 114.64 W
1, 2026/09/15 09:44:28.502, 4, 16, 2820 MHz, 10251 MHz, P2, 105.73 W
0, 2026/09/15 09:44:28.702, 4, 16, 2835 MHz, 10251 MHz, P2, 114.64 W
1, 2026/09/15 09:44:28.702, 4, 16, 2820 MHz, 10251 MHz, P2, 105.73 W
0, 2026/09/15 09:44:28.902, 4, 16, 2835 MHz, 10251 MHz, P2, 114.72 W
1, 2026/09/15 09:44:28.902, 4, 16, 2820 MHz, 10251 MHz, P2, 105.36 W
0, 2026/09/15 09:44:29.103, 4, 16, 2835 MHz, 10251 MHz, P2, 114.72 W
1, 2026/09/15 09:44:29.103, 4, 16, 2820 MHz, 10251 MHz, P2, 105.36 W
0, 2026/09/15 09:44:29.303, 4, 16, 2835 MHz, 10251 MHz, P2, 114.72 W
1, 2026/09/15 09:44:29.303, 4, 16, 2820 MHz, 10251 MHz, P2, 105.79 W
0, 2026/09/15 09:44:29.504, 4, 16, 2835 MHz, 10251 MHz, P2, 115.19 W
1, 2026/09/15 09:44:29.504, 4, 16, 2820 MHz, 10251 MHz, P2, 105.79 W
0, 2026/09/15 09:44:29.704, 4, 16, 2835 MHz, 10251 MHz, P2, 115.19 W
1, 2026/09/15 09:44:29.704, 4, 16, 2820 MHz, 10251 MHz, P2, 105.79 W
0, 2026/09/15 09:44:29.905, 4, 16, 2835 MHz, 10251 MHz, P2, 115.10 W
1, 2026/09/15 09:44:29.905, 4, 16, 2820 MHz, 10251 MHz, P2, 105.91 W
0, 2026/09/15 09:44:30.105, 4, 16, 2835 MHz, 10251 MHz, P2, 115.10 W
1, 2026/09/15 09:44:30.105, 4, 16, 2820 MHz, 10251 MHz, P2, 105.91 W
0, 2026/09/15 09:44:30.306, 4, 16, 2835 MHz, 10251 MHz, P2, 115.10 W
1, 2026/09/15 09:44:30.306, 4, 16, 2820 MHz, 10251 MHz, P2, 106.55 W
0, 2026/09/15 09:44:30.506, 4, 16, 2835 MHz, 10251 MHz, P2, 115.77 W
1, 2026/09/15 09:44:30.506, 4, 16, 2820 MHz, 10251 MHz, P2, 106.55 W
0, 2026/09/15 09:44:30.706, 4, 16, 2835 MHz, 10251 MHz, P2, 115.77 W
1, 2026/09/15 09:44:30.707, 4, 16, 2820 MHz, 10251 MHz, P2, 106.55 W
0, 2026/09/15 09:44:30.907, 4, 16, 2835 MHz, 10251 MHz, P2, 116.31 W
1, 2026/09/15 09:44:30.907, 4, 16, 2820 MHz, 10251 MHz, P2, 106.72 W
0, 2026/09/15 09:44:31.107, 4, 16, 2835 MHz, 10251 MHz, P2, 116.31 W
1, 2026/09/15 09:44:31.107, 4, 16, 2820 MHz, 10251 MHz, P2, 106.72 W
0, 2026/09/15 09:44:31.308, 4, 16, 2835 MHz, 10251 MHz, P2, 116.31 W
1, 2026/09/15 09:44:31.308, 4, 16, 2820 MHz, 10251 MHz, P2, 105.59 W
0, 2026/09/15 09:44:31.508, 4, 16, 2835 MHz, 10251 MHz, P2, 115.42 W
1, 2026/09/15 09:44:31.508, 4, 16, 2820 MHz, 10251 MHz, P2, 105.59 W
0, 2026/09/15 09:44:31.708, 4, 16, 2835 MHz, 10251 MHz, P2, 115.42 W
1, 2026/09/15 09:44:31.709, 4, 16, 2820 MHz, 10251 MHz, P2, 105.59 W
0, 2026/09/15 09:44:31.909, 4, 16, 2835 MHz, 10251 MHz, P2, 115.52 W
1, 2026/09/15 09:44:31.909, 4, 16, 2820 MHz, 10251 MHz, P2, 105.63 W
0, 2026/09/15 09:44:32.109, 4, 16, 2835 MHz, 10251 MHz, P2, 115.52 W
1, 2026/09/15 09:44:32.109, 4, 16, 2820 MHz, 10251 MHz, P2, 105.63 W
0, 2026/09/15 09:44:32.310, 4, 16, 2835 MHz, 10251 MHz, P2, 115.52 W
1, 2026/09/15 09:44:32.310, 4, 16, 2820 MHz, 10251 MHz, P2, 107.73 W
0, 2026/09/15 09:44:32.510, 4, 16, 2835 MHz, 10251 MHz, P2, 117.39 W
1, 2026/09/15 09:44:32.510, 4, 16, 2820 MHz, 10251 MHz, P2, 107.73 W
0, 2026/09/15 09:44:32.711, 4, 16, 2835 MHz, 10251 MHz, P2, 117.39 W
1, 2026/09/15 09:44:32.711, 4, 16, 2820 MHz, 10251 MHz, P2, 107.73 W
0, 2026/09/15 09:44:32.911, 4, 16, 2835 MHz, 10251 MHz, P2, 117.17 W
1, 2026/09/15 09:44:32.911, 4, 16, 2820 MHz, 10251 MHz, P2, 107.79 W
0, 2026/09/15 09:44:33.111, 4, 16, 2835 MHz, 10251 MHz, P2, 117.17 W
1, 2026/09/15 09:44:33.112, 4, 16, 2820 MHz, 10251 MHz, P2, 107.79 W
0, 2026/09/15 09:44:33.312, 4, 16, 2835 MHz, 10251 MHz, P2, 117.17 W
1, 2026/09/15 09:44:33.312, 4, 16, 2820 MHz, 10251 MHz, P2, 105.52 W
0, 2026/09/15 09:44:33.512, 4, 16, 2835 MHz, 10251 MHz, P2, 115.06 W
1, 2026/09/15 09:44:33.512, 4, 16, 2820 MHz, 10251 MHz, P2, 105.52 W
0, 2026/09/15 09:44:33.713, 4, 16, 2835 MHz, 10251 MHz, P2, 115.06 W
1, 2026/09/15 09:44:33.713, 4, 16, 2820 MHz, 10251 MHz, P2, 105.52 W
0, 2026/09/15 09:44:33.913, 4, 16, 2835 MHz, 10251 MHz, P2, 114.99 W
1, 2026/09/15 09:44:33.913, 4, 16, 2820 MHz, 10251 MHz, P2, 105.15 W
0, 2026/09/15 09:44:34.113, 4, 16, 2835 MHz, 10251 MHz, P2, 114.99 W
1, 2026/09/15 09:44:34.114, 4, 16, 2820 MHz, 10251 MHz, P2, 105.15 W
0, 2026/09/15 09:44:34.314, 4, 16, 2835 MHz, 10251 MHz, P2, 114.99 W
1, 2026/09/15 09:44:34.314, 4, 16, 2820 MHz, 10251 MHz, P0, 100.15 W
0, 2026/09/15 09:44:34.516, 4, 16, 2835 MHz, 10251 MHz, P2, 107.15 W
1, 2026/09/15 09:44:34.529, 4, 16, 2820 MHz, 10251 MHz, P0, 100.15 W
0, 2026/09/15 09:44:34.729, 4, 16, 2835 MHz, 10251 MHz, P2, 107.15 W
1, 2026/09/15 09:44:34.729, 4, 16, 2820 MHz, 10251 MHz, P0, 100.15 W
0, 2026/09/15 09:44:34.930, 4, 16, 2835 MHz, 10501 MHz, P0, 95.28 W
1, 2026/09/15 09:44:34.930, 4, 16, 2820 MHz, 10501 MHz, P0, 90.55 W
0, 2026/09/15 09:44:35.130, 4, 16, 2835 MHz, 10501 MHz, P0, 95.28 W
1, 2026/09/15 09:44:35.130, 4, 16, 2820 MHz, 10501 MHz, P0, 90.55 W
0, 2026/09/15 09:44:35.330, 4, 16, 2835 MHz, 10501 MHz, P0, 95.28 W
1, 2026/09/15 09:44:35.331, 4, 16, 2820 MHz, 10501 MHz, P0, 81.53 W
0, 2026/09/15 09:44:35.531, 4, 16, 2835 MHz, 10501 MHz, P0, 87.63 W
1, 2026/09/15 09:44:35.531, 4, 16, 2820 MHz, 10501 MHz, P0, 81.53 W
0, 2026/09/15 09:44:35.731, 4, 16, 2835 MHz, 10501 MHz, P0, 87.63 W
1, 2026/09/15 09:44:35.732, 4, 16, 2820 MHz, 10501 MHz, P0, 81.53 W
0, 2026/09/15 09:44:35.932, 2, 16, 2835 MHz, 10501 MHz, P5, 86.91 W
1, 2026/09/15 09:44:35.945, 4, 16, 2820 MHz, 10501 MHz, P0, 79.94 W
0, 2026/09/15 09:44:36.158, 2, 16, 2835 MHz, 10501 MHz, P5, 86.91 W
1, 2026/09/15 09:44:36.163, 4, 16, 2820 MHz, 10501 MHz, P0, 79.94 W
0, 2026/09/15 09:44:36.363, 4, 16, 2520 MHz, 10251 MHz, P2, 70.12 W
1, 2026/09/15 09:44:36.364, 4, 16, 2520 MHz, 10501 MHz, P0, 71.85 W
0, 2026/09/15 09:44:36.564, 4, 16, 2520 MHz, 10251 MHz, P2, 70.12 W
1, 2026/09/15 09:44:36.564, 4, 16, 2520 MHz, 10501 MHz, P0, 71.85 W
0, 2026/09/15 09:44:36.764, 4, 16, 2520 MHz, 10251 MHz, P2, 70.12 W
1, 2026/09/15 09:44:36.765, 4, 16, 2520 MHz, 10501 MHz, P0, 71.85 W
0, 2026/09/15 09:44:36.966, 4, 16, 2520 MHz, 10251 MHz, P2, 64.86 W
1, 2026/09/15 09:44:36.966, 4, 16, 2520 MHz, 10251 MHz, P2, 66.29 W
0, 2026/09/15 09:44:37.166, 4, 16, 2520 MHz, 10251 MHz, P2, 64.86 W
1, 2026/09/15 09:44:37.166, 4, 16, 2520 MHz, 10251 MHz, P2, 66.29 W
0, 2026/09/15 09:44:37.367, 4, 16, 2835 MHz, 10251 MHz, P2, 77.08 W
1, 2026/09/15 09:44:37.367, 4, 16, 2820 MHz, 10251 MHz, P2, 69.12 W
0, 2026/09/15 09:44:37.567, 4, 16, 2835 MHz, 10251 MHz, P2, 77.08 W
1, 2026/09/15 09:44:37.568, 4, 16, 2820 MHz, 10251 MHz, P2, 69.12 W
0, 2026/09/15 09:44:37.768, 4, 16, 2835 MHz, 10251 MHz, P2, 77.08 W
1, 2026/09/15 09:44:37.768, 4, 16, 2820 MHz, 10251 MHz, P2, 69.12 W
0, 2026/09/15 09:44:37.968, 4, 16, 2835 MHz, 10251 MHz, P2, 97.32 W
1, 2026/09/15 09:44:37.968, 4, 16, 2820 MHz, 10251 MHz, P2, 87.64 W
0, 2026/09/15 09:44:38.169, 4, 16, 2835 MHz, 10251 MHz, P2, 97.32 W
1, 2026/09/15 09:44:38.169, 4, 16, 2820 MHz, 10251 MHz, P2, 87.64 W
0, 2026/09/15 09:44:38.369, 4, 16, 2835 MHz, 10251 MHz, P2, 110.58 W
1, 2026/09/15 09:44:38.369, 4, 16, 2820 MHz, 10251 MHz, P2, 101.21 W
0, 2026/09/15 09:44:38.570, 4, 16, 2835 MHz, 10251 MHz, P2, 110.58 W
1, 2026/09/15 09:44:38.570, 4, 16, 2820 MHz, 10251 MHz, P2, 101.21 W
0, 2026/09/15 09:44:38.770, 4, 16, 2835 MHz, 10251 MHz, P2, 110.58 W
1, 2026/09/15 09:44:38.770, 4, 16, 2820 MHz, 10251 MHz, P2, 101.21 W
0, 2026/09/15 09:44:38.970, 4, 16, 2835 MHz, 10251 MHz, P2, 112.91 W
1, 2026/09/15 09:44:38.971, 4, 16, 2820 MHz, 10251 MHz, P2, 104.43 W
0, 2026/09/15 09:44:39.171, 4, 16, 2835 MHz, 10251 MHz, P2, 112.91 W
1, 2026/09/15 09:44:39.171, 4, 16, 2820 MHz, 10251 MHz, P2, 104.43 W
0, 2026/09/15 09:44:39.371, 4, 16, 2835 MHz, 10251 MHz, P2, 113.68 W
1, 2026/09/15 09:44:39.371, 4, 16, 2820 MHz, 10251 MHz, P2, 105.04 W
0, 2026/09/15 09:44:39.572, 4, 16, 2835 MHz, 10251 MHz, P2, 113.68 W
1, 2026/09/15 09:44:39.572, 4, 16, 2820 MHz, 10251 MHz, P2, 105.04 W
0, 2026/09/15 09:44:39.772, 4, 16, 2835 MHz, 10251 MHz, P2, 113.68 W
1, 2026/09/15 09:44:39.772, 4, 16, 2820 MHz, 10251 MHz, P2, 105.04 W
0, 2026/09/15 09:44:39.973, 4, 16, 2835 MHz, 10251 MHz, P2, 114.28 W
1, 2026/09/15 09:44:39.973, 4, 16, 2820 MHz, 10251 MHz, P2, 105.43 W
0, 2026/09/15 09:44:40.173, 4, 16, 2835 MHz, 10251 MHz, P2, 114.28 W
1, 2026/09/15 09:44:40.173, 4, 16, 2820 MHz, 10251 MHz, P2, 105.43 W
0, 2026/09/15 09:44:40.373, 4, 16, 2835 MHz, 10251 MHz, P2, 114.31 W
1, 2026/09/15 09:44:40.374, 4, 16, 2820 MHz, 10251 MHz, P2, 105.51 W
0, 2026/09/15 09:44:40.574, 4, 16, 2835 MHz, 10251 MHz, P2, 114.31 W
1, 2026/09/15 09:44:40.574, 4, 16, 2820 MHz, 10251 MHz, P2, 105.51 W
0, 2026/09/15 09:44:40.774, 4, 16, 2835 MHz, 10251 MHz, P2, 114.31 W
1, 2026/09/15 09:44:40.775, 4, 16, 2820 MHz, 10251 MHz, P2, 105.51 W
0, 2026/09/15 09:44:40.975, 4, 16, 2835 MHz, 10251 MHz, P2, 114.76 W
1, 2026/09/15 09:44:40.975, 4, 16, 2820 MHz, 10251 MHz, P2, 105.86 W
0, 2026/09/15 09:44:41.175, 4, 16, 2835 MHz, 10251 MHz, P2, 114.76 W
1, 2026/09/15 09:44:41.176, 4, 16, 2820 MHz, 10251 MHz, P2, 105.86 W
0, 2026/09/15 09:44:41.376, 4, 16, 2835 MHz, 10251 MHz, P2, 115.05 W
1, 2026/09/15 09:44:41.376, 4, 16, 2820 MHz, 10251 MHz, P2, 105.93 W
0, 2026/09/15 09:44:41.576, 4, 16, 2835 MHz, 10251 MHz, P2, 115.05 W
1, 2026/09/15 09:44:41.604, 4, 16, 2820 MHz, 10251 MHz, P2, 105.93 W
0, 2026/09/15 09:44:41.805, 4, 16, 2835 MHz, 10251 MHz, P2, 115.05 W
1, 2026/09/15 09:44:41.805, 4, 16, 2820 MHz, 10251 MHz, P2, 106.43 W
0, 2026/09/15 09:44:42.005, 4, 16, 2835 MHz, 10251 MHz, P2, 115.85 W
1, 2026/09/15 09:44:42.005, 4, 16, 2820 MHz, 10251 MHz, P2, 106.43 W
0, 2026/09/15 09:44:42.206, 4, 16, 2835 MHz, 10251 MHz, P2, 115.85 W
1, 2026/09/15 09:44:42.206, 4, 16, 2820 MHz, 10251 MHz, P2, 106.43 W
0, 2026/09/15 09:44:42.406, 4, 16, 2835 MHz, 10251 MHz, P2, 116.43 W
1, 2026/09/15 09:44:42.406, 4, 16, 2820 MHz, 10251 MHz, P2, 106.60 W
0, 2026/09/15 09:44:42.606, 4, 16, 2835 MHz, 10251 MHz, P2, 116.43 W
1, 2026/09/15 09:44:42.607, 4, 16, 2820 MHz, 10251 MHz, P2, 106.60 W
0, 2026/09/15 09:44:42.807, 4, 16, 2835 MHz, 10251 MHz, P2, 116.43 W
1, 2026/09/15 09:44:42.807, 4, 16, 2820 MHz, 10251 MHz, P2, 105.91 W
0, 2026/09/15 09:44:43.007, 4, 16, 2835 MHz, 10251 MHz, P2, 115.50 W
1, 2026/09/15 09:44:43.007, 4, 16, 2820 MHz, 10251 MHz, P2, 105.91 W
0, 2026/09/15 09:44:43.208, 4, 16, 2835 MHz, 10251 MHz, P2, 115.50 W
1, 2026/09/15 09:44:43.208, 4, 16, 2820 MHz, 10251 MHz, P2, 105.91 W
0, 2026/09/15 09:44:43.408, 4, 16, 2835 MHz, 10251 MHz, P2, 115.27 W
1, 2026/09/15 09:44:43.408, 4, 16, 2820 MHz, 10251 MHz, P2, 105.86 W
0, 2026/09/15 09:44:43.608, 4, 16, 2835 MHz, 10251 MHz, P2, 115.27 W
1, 2026/09/15 09:44:43.609, 4, 16, 2820 MHz, 10251 MHz, P2, 105.86 W
0, 2026/09/15 09:44:43.809, 4, 16, 2835 MHz, 10251 MHz, P2, 115.27 W
1, 2026/09/15 09:44:43.809, 4, 16, 2820 MHz, 10251 MHz, P2, 107.04 W
0, 2026/09/15 09:44:44.009, 4, 16, 2835 MHz, 10251 MHz, P2, 116.49 W
1, 2026/09/15 09:44:44.009, 4, 16, 2820 MHz, 10251 MHz, P2, 107.04 W
0, 2026/09/15 09:44:44.210, 4, 16, 2835 MHz, 10251 MHz, P2, 116.49 W
1, 2026/09/15 09:44:44.210, 4, 16, 2820 MHz, 10251 MHz, P2, 107.04 W
0, 2026/09/15 09:44:44.410, 4, 16, 2835 MHz, 10251 MHz, P2, 116.28 W
1, 2026/09/15 09:44:44.410, 4, 16, 2820 MHz, 10251 MHz, P2, 107.07 W
0, 2026/09/15 09:44:44.610, 4, 16, 2835 MHz, 10251 MHz, P2, 116.28 W
1, 2026/09/15 09:44:44.611, 4, 16, 2820 MHz, 10251 MHz, P2, 107.07 W
0, 2026/09/15 09:44:44.811, 4, 16, 2835 MHz, 10251 MHz, P2, 116.28 W
1, 2026/09/15 09:44:44.811, 4, 16, 2820 MHz, 10251 MHz, P2, 105.98 W
0, 2026/09/15 09:44:45.012, 4, 16, 2835 MHz, 10251 MHz, P2, 114.80 W
1, 2026/09/15 09:44:45.012, 4, 16, 2820 MHz, 10251 MHz, P2, 105.98 W
0, 2026/09/15 09:44:45.212, 4, 16, 2835 MHz, 10251 MHz, P2, 114.80 W
1, 2026/09/15 09:44:45.212, 4, 16, 2820 MHz, 10251 MHz, P2, 105.98 W
0, 2026/09/15 09:44:45.413, 4, 16, 2835 MHz, 10251 MHz, P2, 114.66 W
1, 2026/09/15 09:44:45.413, 4, 16, 2820 MHz, 10251 MHz, P2, 106.02 W
0, 2026/09/15 09:44:45.613, 4, 16, 2835 MHz, 10251 MHz, P2, 114.66 W
1, 2026/09/15 09:44:45.613, 4, 16, 2820 MHz, 10251 MHz, P2, 106.02 W
0, 2026/09/15 09:44:45.813, 4, 16, 2835 MHz, 10251 MHz, P2, 114.66 W
1, 2026/09/15 09:44:45.814, 4, 16, 2820 MHz, 10251 MHz, P2, 100.07 W
0, 2026/09/15 09:44:46.014, 4, 16, 2835 MHz, 10251 MHz, P2, 105.96 W
1, 2026/09/15 09:44:46.014, 4, 16, 2820 MHz, 10251 MHz, P2, 100.07 W
0, 2026/09/15 09:44:46.215, 4, 16, 2835 MHz, 10251 MHz, P2, 105.96 W
1, 2026/09/15 09:44:46.215, 4, 16, 2820 MHz, 10251 MHz, P2, 100.07 W
0, 2026/09/15 09:44:46.415, 4, 16, 2835 MHz, 10501 MHz, P0, 94.10 W
1, 2026/09/15 09:44:46.415, 4, 16, 2820 MHz, 10501 MHz, P0, 89.50 W
0, 2026/09/15 09:44:46.616, 4, 16, 2835 MHz, 10501 MHz, P0, 94.10 W
1, 2026/09/15 09:44:46.616, 4, 16, 2820 MHz, 10501 MHz, P0, 89.50 W
0, 2026/09/15 09:44:46.816, 4, 16, 2835 MHz, 10501 MHz, P0, 94.10 W
1, 2026/09/15 09:44:46.817, 4, 16, 2820 MHz, 10501 MHz, P0, 80.67 W
0, 2026/09/15 09:44:47.017, 4, 16, 2835 MHz, 10501 MHz, P0, 87.79 W
1, 2026/09/15 09:44:47.017, 4, 16, 2820 MHz, 10501 MHz, P0, 80.67 W
0, 2026/09/15 09:44:47.217, 4, 16, 2835 MHz, 10501 MHz, P0, 87.79 W
1, 2026/09/15 09:44:47.217, 4, 16, 2820 MHz, 10501 MHz, P0, 80.67 W
0, 2026/09/15 09:44:47.418, 4, 16, 2835 MHz, 10501 MHz, P0, 87.55 W
1, 2026/09/15 09:44:47.419, 2, 16, 2820 MHz, 10501 MHz, P5, 79.28 W
0, 2026/09/15 09:44:47.619, 4, 16, 2835 MHz, 10501 MHz, P0, 87.55 W
1, 2026/09/15 09:44:47.619, 2, 16, 2820 MHz, 10501 MHz, P5, 79.28 W
0, 2026/09/15 09:44:47.820, 4, 16, 2835 MHz, 10501 MHz, P0, 87.55 W
1, 2026/09/15 09:44:47.820, 4, 16, 2520 MHz, 10501 MHz, P0, 56.97 W
0, 2026/09/15 09:44:48.020, 4, 16, 2520 MHz, 10251 MHz, P2, 75.37 W
1, 2026/09/15 09:44:48.021, 4, 16, 2520 MHz, 10501 MHz, P0, 56.97 W
0, 2026/09/15 09:44:48.221, 4, 16, 2520 MHz, 10251 MHz, P2, 75.37 W
1, 2026/09/15 09:44:48.221, 4, 16, 2520 MHz, 10501 MHz, P0, 56.97 W
0, 2026/09/15 09:44:48.421, 4, 16, 2520 MHz, 10251 MHz, P2, 69.21 W
1, 2026/09/15 09:44:48.422, 4, 16, 2520 MHz, 10251 MHz, P2, 52.83 W
0, 2026/09/15 09:44:48.622, 4, 16, 2520 MHz, 10251 MHz, P2, 69.21 W
1, 2026/09/15 09:44:48.622, 4, 16, 2520 MHz, 10251 MHz, P2, 52.83 W
0, 2026/09/15 09:44:48.822, 4, 16, 2520 MHz, 10251 MHz, P2, 69.21 W
1, 2026/09/15 09:44:48.823, 4, 16, 2820 MHz, 10251 MHz, P2, 72.14 W
0, 2026/09/15 09:44:49.023, 4, 16, 2835 MHz, 10251 MHz, P2, 78.64 W
1, 2026/09/15 09:44:49.023, 4, 16, 2820 MHz, 10251 MHz, P2, 72.14 W
0, 2026/09/15 09:44:49.223, 4, 16, 2835 MHz, 10251 MHz, P2, 78.64 W
1, 2026/09/15 09:44:49.223, 4, 16, 2820 MHz, 10251 MHz, P2, 72.14 W
0, 2026/09/15 09:44:49.424, 4, 16, 2835 MHz, 10251 MHz, P2, 99.02 W
1, 2026/09/15 09:44:49.424, 4, 16, 2820 MHz, 10251 MHz, P2, 91.14 W
0, 2026/09/15 09:44:49.624, 4, 16, 2835 MHz, 10251 MHz, P2, 99.02 W
1, 2026/09/15 09:44:49.624, 4, 16, 2820 MHz, 10251 MHz, P2, 91.14 W
0, 2026/09/15 09:44:49.824, 4, 16, 2835 MHz, 10251 MHz, P2, 99.02 W
1, 2026/09/15 09:44:49.825, 4, 16, 2820 MHz, 10251 MHz, P2, 102.93 W
0, 2026/09/15 09:44:50.025, 4, 16, 2835 MHz, 10251 MHz, P2, 111.16 W
1, 2026/09/15 09:44:50.025, 4, 16, 2820 MHz, 10251 MHz, P2, 102.93 W
0, 2026/09/15 09:44:50.225, 4, 16, 2835 MHz, 10251 MHz, P2, 111.16 W
1, 2026/09/15 09:44:50.225, 4, 16, 2820 MHz, 10251 MHz, P2, 102.93 W
0, 2026/09/15 09:44:50.426, 4, 16, 2835 MHz, 10251 MHz, P2, 113.65 W
1, 2026/09/15 09:44:50.426, 4, 16, 2820 MHz, 10251 MHz, P2, 105.12 W
0, 2026/09/15 09:44:50.626, 4, 16, 2835 MHz, 10251 MHz, P2, 113.65 W
1, 2026/09/15 09:44:50.626, 4, 16, 2820 MHz, 10251 MHz, P2, 105.12 W
0, 2026/09/15 09:44:50.826, 4, 16, 2835 MHz, 10251 MHz, P2, 113.65 W
1, 2026/09/15 09:44:50.827, 4, 16, 2820 MHz, 10251 MHz, P2, 105.79 W
0, 2026/09/15 09:44:51.027, 4, 16, 2835 MHz, 10251 MHz, P2, 114.65 W
1, 2026/09/15 09:44:51.027, 4, 16, 2820 MHz, 10251 MHz, P2, 105.79 W
0, 2026/09/15 09:44:51.227, 4, 16, 2835 MHz, 10251 MHz, P2, 114.65 W
1, 2026/09/15 09:44:51.227, 4, 16, 2820 MHz, 10251 MHz, P2, 105.79 W
0, 2026/09/15 09:44:51.428, 4, 16, 2835 MHz, 10251 MHz, P2, 114.91 W
1, 2026/09/15 09:44:51.428, 4, 16, 2820 MHz, 10251 MHz, P2, 106.37 W
0, 2026/09/15 09:44:51.628, 4, 16, 2835 MHz, 10251 MHz, P2, 114.91 W
1, 2026/09/15 09:44:51.628, 4, 16, 2820 MHz, 10251 MHz, P2, 106.37 W
0, 2026/09/15 09:44:51.828, 4, 16, 2835 MHz, 10251 MHz, P2, 114.91 W
1, 2026/09/15 09:44:51.829, 4, 16, 2820 MHz, 10251 MHz, P2, 106.07 W
0, 2026/09/15 09:44:52.029, 4, 16, 2835 MHz, 10251 MHz, P2, 115.05 W
1, 2026/09/15 09:44:52.029, 4, 16, 2820 MHz, 10251 MHz, P2, 106.07 W
0, 2026/09/15 09:44:52.229, 4, 16, 2835 MHz, 10251 MHz, P2, 115.05 W
1, 2026/09/15 09:44:52.229, 4, 16, 2820 MHz, 10251 MHz, P2, 106.07 W
0, 2026/09/15 09:44:52.430, 4, 16, 2835 MHz, 10251 MHz, P2, 114.49 W
1, 2026/09/15 09:44:52.430, 4, 16, 2820 MHz, 10251 MHz, P2, 106.27 W
0, 2026/09/15 09:44:52.630, 4, 16, 2835 MHz, 10251 MHz, P2, 114.49 W
1, 2026/09/15 09:44:52.630, 4, 16, 2820 MHz, 10251 MHz, P2, 106.27 W
0, 2026/09/15 09:44:52.831, 4, 16, 2835 MHz, 10251 MHz, P2, 114.49 W
1, 2026/09/15 09:44:52.831, 4, 16, 2820 MHz, 10251 MHz, P2, 106.32 W
0, 2026/09/15 09:44:53.031, 4, 16, 2835 MHz, 10251 MHz, P2, 114.91 W
1, 2026/09/15 09:44:53.049, 4, 16, 2820 MHz, 10251 MHz, P2, 106.32 W
0, 2026/09/15 09:44:53.250, 4, 16, 2835 MHz, 10251 MHz, P2, 114.91 W
1, 2026/09/15 09:44:53.250, 4, 16, 2820 MHz, 10251 MHz, P2, 106.32 W
0, 2026/09/15 09:44:53.450, 4, 16, 2835 MHz, 10251 MHz, P2, 115.54 W
1, 2026/09/15 09:44:53.451, 4, 16, 2820 MHz, 10251 MHz, P2, 107.07 W
0, 2026/09/15 09:44:53.651, 4, 16, 2835 MHz, 10251 MHz, P2, 115.54 W
1, 2026/09/15 09:44:53.651, 4, 16, 2820 MHz, 10251 MHz, P2, 107.07 W
0, 2026/09/15 09:44:53.851, 4, 16, 2835 MHz, 10251 MHz, P2, 116.11 W
1, 2026/09/15 09:44:53.851, 4, 16, 2820 MHz, 10251 MHz, P2, 107.27 W
0, 2026/09/15 09:44:54.052, 4, 16, 2835 MHz, 10251 MHz, P2, 116.11 W
1, 2026/09/15 09:44:54.052, 4, 16, 2820 MHz, 10251 MHz, P2, 107.27 W
0, 2026/09/15 09:44:54.252, 4, 16, 2835 MHz, 10251 MHz, P2, 116.11 W
1, 2026/09/15 09:44:54.252, 4, 16, 2820 MHz, 10251 MHz, P2, 107.27 W
0, 2026/09/15 09:44:54.453, 4, 16, 2835 MHz, 10251 MHz, P2, 114.87 W
1, 2026/09/15 09:44:54.453, 4, 16, 2820 MHz, 10251 MHz, P2, 105.92 W
0, 2026/09/15 09:44:54.653, 4, 16, 2835 MHz, 10251 MHz, P2, 114.87 W
1, 2026/09/15 09:44:54.653, 4, 16, 2820 MHz, 10251 MHz, P2, 105.92 W
0, 2026/09/15 09:44:54.853, 4, 16, 2835 MHz, 10251 MHz, P2, 116.19 W
1, 2026/09/15 09:44:54.854, 4, 16, 2820 MHz, 10251 MHz, P2, 107.03 W
0, 2026/09/15 09:44:55.054, 4, 16, 2835 MHz, 10251 MHz, P2, 116.19 W
1, 2026/09/15 09:44:55.054, 4, 16, 2820 MHz, 10251 MHz, P2, 107.03 W
0, 2026/09/15 09:44:55.254, 4, 16, 2835 MHz, 10251 MHz, P2, 116.19 W
1, 2026/09/15 09:44:55.254, 4, 16, 2820 MHz, 10251 MHz, P2, 107.03 W
0, 2026/09/15 09:44:55.455, 4, 16, 2835 MHz, 10251 MHz, P2, 117.22 W
1, 2026/09/15 09:44:55.455, 4, 16, 2820 MHz, 10251 MHz, P2, 108.15 W
0, 2026/09/15 09:44:55.655, 4, 16, 2835 MHz, 10251 MHz, P2, 117.22 W
1, 2026/09/15 09:44:55.655, 4, 16, 2820 MHz, 10251 MHz, P2, 108.15 W
0, 2026/09/15 09:44:55.855, 4, 16, 2835 MHz, 10251 MHz, P2, 116.04 W
1, 2026/09/15 09:44:55.856, 4, 16, 2820 MHz, 10251 MHz, P2, 108.05 W
0, 2026/09/15 09:44:56.056, 4, 16, 2835 MHz, 10251 MHz, P2, 116.04 W
1, 2026/09/15 09:44:56.056, 4, 16, 2820 MHz, 10251 MHz, P2, 108.05 W
0, 2026/09/15 09:44:56.257, 4, 16, 2835 MHz, 10251 MHz, P2, 116.04 W
1, 2026/09/15 09:44:56.257, 4, 16, 2820 MHz, 10251 MHz, P2, 108.05 W
0, 2026/09/15 09:44:56.459, 4, 16, 2835 MHz, 10251 MHz, P2, 114.83 W
1, 2026/09/15 09:44:56.459, 4, 16, 2820 MHz, 10251 MHz, P2, 105.82 W
0, 2026/09/15 09:44:56.659, 4, 16, 2835 MHz, 10251 MHz, P2, 114.83 W
1, 2026/09/15 09:44:56.659, 4, 16, 2820 MHz, 10251 MHz, P2, 105.82 W
0, 2026/09/15 09:44:56.859, 4, 16, 2835 MHz, 10251 MHz, P2, 115.84 W
1, 2026/09/15 09:44:56.860, 4, 16, 2820 MHz, 10251 MHz, P2, 106.77 W
0, 2026/09/15 09:44:57.060, 4, 16, 2835 MHz, 10251 MHz, P2, 115.84 W
1, 2026/09/15 09:44:57.060, 4, 16, 2820 MHz, 10251 MHz, P2, 106.77 W
0, 2026/09/15 09:44:57.260, 4, 16, 2835 MHz, 10251 MHz, P2, 115.84 W
1, 2026/09/15 09:44:57.260, 4, 16, 2820 MHz, 10251 MHz, P2, 106.77 W
0, 2026/09/15 09:44:57.461, 4, 16, 2835 MHz, 10251 MHz, P2, 103.86 W
1, 2026/09/15 09:44:57.461, 4, 16, 2820 MHz, 10251 MHz, P2, 97.63 W
0, 2026/09/15 09:44:57.661, 4, 16, 2835 MHz, 10251 MHz, P2, 103.86 W
1, 2026/09/15 09:44:57.662, 4, 16, 2820 MHz, 10251 MHz, P2, 97.63 W
0, 2026/09/15 09:44:57.862, 4, 16, 2835 MHz, 10501 MHz, P0, 91.51 W
1, 2026/09/15 09:44:57.862, 4, 16, 2820 MHz, 10501 MHz, P0, 87.42 W
0, 2026/09/15 09:44:58.062, 4, 16, 2835 MHz, 10501 MHz, P0, 91.51 W
1, 2026/09/15 09:44:58.062, 4, 16, 2820 MHz, 10501 MHz, P0, 87.42 W
0, 2026/09/15 09:44:58.263, 4, 16, 2835 MHz, 10501 MHz, P0, 91.51 W
1, 2026/09/15 09:44:58.263, 4, 16, 2820 MHz, 10501 MHz, P0, 87.42 W
0, 2026/09/15 09:44:58.463, 4, 16, 2835 MHz, 10501 MHz, P0, 88.34 W
1, 2026/09/15 09:44:58.463, 4, 16, 2820 MHz, 10501 MHz, P0, 81.02 W
0, 2026/09/15 09:44:58.664, 4, 16, 2835 MHz, 10501 MHz, P0, 88.34 W
1, 2026/09/15 09:44:58.664, 4, 16, 2820 MHz, 10501 MHz, P0, 81.02 W
0, 2026/09/15 09:44:58.865, 2, 16, 2835 MHz, 10501 MHz, P5, 87.55 W
1, 2026/09/15 09:44:58.865, 4, 16, 2820 MHz, 10501 MHz, P0, 79.58 W
0, 2026/09/15 09:44:59.065, 2, 16, 2835 MHz, 10501 MHz, P5, 87.55 W
1, 2026/09/15 09:44:59.078, 4, 16, 2820 MHz, 10501 MHz, P0, 79.58 W
0, 2026/09/15 09:44:59.278, 2, 16, 2835 MHz, 10501 MHz, P5, 87.55 W
1, 2026/09/15 09:44:59.278, 4, 16, 2820 MHz, 10501 MHz, P0, 79.58 W
0, 2026/09/15 09:44:59.479, 4, 16, 2520 MHz, 10251 MHz, P2, 65.52 W
1, 2026/09/15 09:44:59.479, 4, 16, 2520 MHz, 10501 MHz, P0, 68.50 W
0, 2026/09/15 09:44:59.679, 4, 16, 2520 MHz, 10251 MHz, P2, 65.52 W
1, 2026/09/15 09:44:59.679, 4, 16, 2520 MHz, 10501 MHz, P0, 68.50 W
0, 2026/09/15 09:44:59.879, 4, 16, 2520 MHz, 10251 MHz, P2, 60.99 W
1, 2026/09/15 09:44:59.880, 4, 16, 2520 MHz, 10251 MHz, P2, 63.12 W
0, 2026/09/15 09:45:00.080, 4, 16, 2520 MHz, 10251 MHz, P2, 60.99 W
1, 2026/09/15 09:45:00.080, 4, 16, 2520 MHz, 10251 MHz, P2, 63.12 W
0, 2026/09/15 09:45:00.280, 4, 16, 2520 MHz, 10251 MHz, P2, 60.99 W
1, 2026/09/15 09:45:00.280, 4, 16, 2820 MHz, 10251 MHz, P2, 68.52 W
0, 2026/09/15 09:45:00.481, 4, 16, 2835 MHz, 10251 MHz, P2, 77.04 W
1, 2026/09/15 09:45:00.481, 4, 16, 2820 MHz, 10251 MHz, P2, 68.52 W
0, 2026/09/15 09:45:00.681, 4, 16, 2835 MHz, 10251 MHz, P2, 77.04 W
1, 2026/09/15 09:45:00.681, 4, 16, 2820 MHz, 10251 MHz, P2, 68.52 W
0, 2026/09/15 09:45:00.881, 4, 16, 2835 MHz, 10251 MHz, P2, 97.04 W
1, 2026/09/15 09:45:00.882, 4, 16, 2820 MHz, 10251 MHz, P2, 87.81 W
0, 2026/09/15 09:45:01.082, 4, 16, 2835 MHz, 10251 MHz, P2, 97.04 W
1, 2026/09/15 09:45:01.082, 4, 16, 2820 MHz, 10251 MHz, P2, 87.81 W
0, 2026/09/15 09:45:01.282, 4, 16, 2835 MHz, 10251 MHz, P2, 97.04 W
1, 2026/09/15 09:45:01.282, 4, 16, 2820 MHz, 10251 MHz, P2, 101.64 W
0, 2026/09/15 09:45:01.483, 4, 16, 2835 MHz, 10251 MHz, P2, 110.89 W
1, 2026/09/15 09:45:01.483, 4, 16, 2820 MHz, 10251 MHz, P2, 101.64 W
0, 2026/09/15 09:45:01.683, 4, 16, 2835 MHz, 10251 MHz, P2, 110.89 W
1, 2026/09/15 09:45:01.683, 4, 16, 2820 MHz, 10251 MHz, P2, 101.64 W
0, 2026/09/15 09:45:01.883, 4, 16, 2835 MHz, 10251 MHz, P2, 113.41 W
1, 2026/09/15 09:45:01.884, 4, 16, 2820 MHz, 10251 MHz, P2, 104.65 W
0, 2026/09/15 09:45:02.084, 4, 16, 2835 MHz, 10251 MHz, P2, 113.41 W
1, 2026/09/15 09:45:02.084, 4, 16, 2820 MHz, 10251 MHz, P2, 104.65 W
0, 2026/09/15 09:45:02.284, 4, 16, 2835 MHz, 10251 MHz, P2, 113.41 W
1, 2026/09/15 09:45:02.284, 4, 16, 2820 MHz, 10251 MHz, P2, 105.34 W
0, 2026/09/15 09:45:02.485, 4, 16, 2835 MHz, 10251 MHz, P2, 114.06 W
1, 2026/09/15 09:45:02.485, 4, 16, 2820 MHz, 10251 MHz, P2, 105.34 W
0, 2026/09/15 09:45:02.685, 4, 16, 2835 MHz, 10251 MHz, P2, 114.06 W
1, 2026/09/15 09:45:02.685, 4, 16, 2820 MHz, 10251 MHz, P2, 105.34 W
0, 2026/09/15 09:45:02.886, 4, 16, 2835 MHz, 10251 MHz, P2, 114.28 W
1, 2026/09/15 09:45:02.886, 4, 16, 2820 MHz, 10251 MHz, P2, 105.96 W
0, 2026/09/15 09:45:03.086, 4, 16, 2835 MHz, 10251 MHz, P2, 114.28 W
1, 2026/09/15 09:45:03.087, 4, 16, 2820 MHz, 10251 MHz, P2, 105.96 W
0, 2026/09/15 09:45:03.287, 4, 16, 2835 MHz, 10251 MHz, P2, 114.28 W
1, 2026/09/15 09:45:03.287, 4, 16, 2820 MHz, 10251 MHz, P2, 106.06 W
0, 2026/09/15 09:45:03.487, 4, 16, 2835 MHz, 10251 MHz, P2, 114.82 W
1, 2026/09/15 09:45:03.488, 4, 16, 2820 MHz, 10251 MHz, P2, 106.06 W
0, 2026/09/15 09:45:03.688, 4, 16, 2835 MHz, 10251 MHz, P2, 114.82 W
1, 2026/09/15 09:45:03.688, 4, 16, 2820 MHz, 10251 MHz, P2, 106.06 W
0, 2026/09/15 09:45:03.889, 4, 16, 2835 MHz, 10251 MHz, P2, 114.94 W
1, 2026/09/15 09:45:03.889, 4, 16, 2820 MHz, 10251 MHz, P2, 106.43 W
0, 2026/09/15 09:45:04.089, 4, 16, 2835 MHz, 10251 MHz, P2, 114.94 W
1, 2026/09/15 09:45:04.089, 4, 16, 2820 MHz, 10251 MHz, P2, 106.43 W
0, 2026/09/15 09:45:04.290, 4, 16, 2835 MHz, 10251 MHz, P2, 114.94 W
1, 2026/09/15 09:45:04.290, 4, 16, 2820 MHz, 10251 MHz, P2, 106.41 W
0, 2026/09/15 09:45:04.490, 4, 16, 2835 MHz, 10251 MHz, P2, 115.15 W
1, 2026/09/15 09:45:04.491, 4, 16, 2820 MHz, 10251 MHz, P2, 106.41 W
0, 2026/09/15 09:45:04.691, 4, 16, 2835 MHz, 10251 MHz, P2, 115.15 W
1, 2026/09/15 09:45:04.691, 4, 16, 2820 MHz, 10251 MHz, P2, 106.41 W
0, 2026/09/15 09:45:04.891, 4, 16, 2835 MHz, 10251 MHz, P2, 115.27 W
1, 2026/09/15 09:45:04.892, 4, 16, 2820 MHz, 10251 MHz, P2, 106.77 W
0, 2026/09/15 09:45:05.092, 4, 16, 2835 MHz, 10251 MHz, P2, 115.27 W
1, 2026/09/15 09:45:05.092, 4, 16, 2820 MHz, 10251 MHz, P2, 106.77 W
0, 2026/09/15 09:45:05.292, 4, 16, 2835 MHz, 10251 MHz, P2, 115.27 W
1, 2026/09/15 09:45:05.293, 4, 16, 2820 MHz, 10251 MHz, P2, 106.92 W
0, 2026/09/15 09:45:05.493, 4, 16, 2835 MHz, 10251 MHz, P2, 115.83 W
1, 2026/09/15 09:45:05.493, 4, 16, 2820 MHz, 10251 MHz, P2, 106.92 W
0, 2026/09/15 09:45:05.694, 4, 16, 2835 MHz, 10251 MHz, P2, 115.83 W
1, 2026/09/15 09:45:05.694, 4, 16, 2820 MHz, 10251 MHz, P2, 106.92 W
0, 2026/09/15 09:45:05.894, 4, 16, 2835 MHz, 10251 MHz, P2, 115.44 W
1, 2026/09/15 09:45:05.894, 4, 16, 2820 MHz, 10251 MHz, P2, 106.37 W
0, 2026/09/15 09:45:06.095, 4, 16, 2835 MHz, 10251 MHz, P2, 115.44 W
1, 2026/09/15 09:45:06.095, 4, 16, 2820 MHz, 10251 MHz, P2, 106.37 W
0, 2026/09/15 09:45:06.295, 4, 16, 2835 MHz, 10251 MHz, P2, 115.44 W
1, 2026/09/15 09:45:06.295, 4, 16, 2820 MHz, 10251 MHz, P2, 107.16 W
0, 2026/09/15 09:45:06.495, 4, 16, 2835 MHz, 10251 MHz, P2, 116.88 W
1, 2026/09/15 09:45:06.496, 4, 16, 2820 MHz, 10251 MHz, P2, 107.16 W
0, 2026/09/15 09:45:06.696, 4, 16, 2835 MHz, 10251 MHz, P2, 116.88 W
1, 2026/09/15 09:45:06.696, 4, 16, 2820 MHz, 10251 MHz, P2, 107.16 W
0, 2026/09/15 09:45:06.897, 4, 16, 2835 MHz, 10251 MHz, P2, 116.74 W
1, 2026/09/15 09:45:06.897, 4, 16, 2820 MHz, 10251 MHz, P2, 107.56 W
0, 2026/09/15 09:45:07.097, 4, 16, 2835 MHz, 10251 MHz, P2, 116.74 W
1, 2026/09/15 09:45:07.098, 4, 16, 2820 MHz, 10251 MHz, P2, 107.56 W
0, 2026/09/15 09:45:07.298, 4, 16, 2835 MHz, 10251 MHz, P2, 116.74 W
1, 2026/09/15 09:45:07.298, 4, 16, 2820 MHz, 10251 MHz, P2, 107.53 W
0, 2026/09/15 09:45:07.498, 4, 16, 2835 MHz, 10251 MHz, P2, 116.03 W
1, 2026/09/15 09:45:07.499, 4, 16, 2820 MHz, 10251 MHz, P2, 107.53 W
0, 2026/09/15 09:45:07.699, 4, 16, 2835 MHz, 10251 MHz, P2, 116.03 W
1, 2026/09/15 09:45:07.699, 4, 16, 2820 MHz, 10251 MHz, P2, 107.53 W
0, 2026/09/15 09:45:07.899, 4, 16, 2835 MHz, 10251 MHz, P2, 115.47 W
1, 2026/09/15 09:45:07.899, 4, 16, 2820 MHz, 10251 MHz, P2, 106.34 W
0, 2026/09/15 09:45:08.100, 4, 16, 2835 MHz, 10251 MHz, P2, 115.47 W
1, 2026/09/15 09:45:08.100, 4, 16, 2820 MHz, 10251 MHz, P2, 106.34 W
0, 2026/09/15 09:45:08.300, 4, 16, 2835 MHz, 10251 MHz, P2, 115.47 W
1, 2026/09/15 09:45:08.300, 4, 16, 2820 MHz, 10251 MHz, P2, 106.35 W
0, 2026/09/15 09:45:08.501, 4, 16, 2835 MHz, 10251 MHz, P2, 112.97 W
1, 2026/09/15 09:45:08.501, 4, 16, 2820 MHz, 10251 MHz, P2, 106.35 W
0, 2026/09/15 09:45:08.701, 4, 16, 2835 MHz, 10251 MHz, P2, 112.97 W
1, 2026/09/15 09:45:08.702, 4, 16, 2820 MHz, 10251 MHz, P2, 106.35 W
0, 2026/09/15 09:45:08.902, 4, 16, 2835 MHz, 10501 MHz, P0, 101.35 W
1, 2026/09/15 09:45:08.902, 4, 16, 2820 MHz, 10501 MHz, P0, 96.01 W
0, 2026/09/15 09:45:09.102, 4, 16, 2835 MHz, 10501 MHz, P0, 101.35 W
1, 2026/09/15 09:45:09.103, 4, 16, 2820 MHz, 10501 MHz, P0, 96.01 W
0, 2026/09/15 09:45:09.303, 4, 16, 2835 MHz, 10501 MHz, P0, 101.35 W
1, 2026/09/15 09:45:09.303, 4, 16, 2820 MHz, 10501 MHz, P0, 82.73 W
0, 2026/09/15 09:45:09.503, 4, 16, 2835 MHz, 10501 MHz, P0, 88.43 W
1, 2026/09/15 09:45:09.504, 4, 16, 2820 MHz, 10501 MHz, P0, 82.73 W
0, 2026/09/15 09:45:09.704, 4, 16, 2835 MHz, 10501 MHz, P0, 88.43 W
1, 2026/09/15 09:45:09.704, 4, 16, 2820 MHz, 10501 MHz, P0, 82.73 W
0, 2026/09/15 09:45:09.904, 4, 16, 2835 MHz, 10501 MHz, P0, 87.98 W
1, 2026/09/15 09:45:09.905, 4, 16, 2820 MHz, 10501 MHz, P0, 79.19 W
0, 2026/09/15 09:45:10.105, 4, 16, 2835 MHz, 10501 MHz, P0, 87.98 W
1, 2026/09/15 09:45:10.105, 4, 16, 2820 MHz, 10501 MHz, P0, 79.19 W
0, 2026/09/15 09:45:10.305, 4, 16, 2835 MHz, 10501 MHz, P0, 87.98 W
1, 2026/09/15 09:45:10.310, 4, 16, 2520 MHz, 10501 MHz, P0, 73.46 W
0, 2026/09/15 09:45:10.510, 4, 16, 2520 MHz, 10251 MHz, P2, 78.46 W
1, 2026/09/15 09:45:10.510, 4, 16, 2520 MHz, 10501 MHz, P0, 73.46 W
0, 2026/09/15 09:45:10.711, 4, 16, 2520 MHz, 10251 MHz, P2, 78.46 W
1, 2026/09/15 09:45:10.711, 4, 16, 2520 MHz, 10501 MHz, P0, 73.46 W
0, 2026/09/15 09:45:10.911, 4, 16, 2520 MHz, 10251 MHz, P2, 71.44 W
1, 2026/09/15 09:45:10.911, 4, 16, 2520 MHz, 10251 MHz, P2, 64.07 W
0, 2026/09/15 09:45:11.112, 4, 16, 2520 MHz, 10251 MHz, P2, 71.44 W
1, 2026/09/15 09:45:11.112, 4, 16, 2520 MHz, 10251 MHz, P2, 64.07 W
0, 2026/09/15 09:45:11.312, 4, 16, 2520 MHz, 10251 MHz, P2, 71.44 W
1, 2026/09/15 09:45:11.312, 4, 16, 2820 MHz, 10251 MHz, P2, 61.23 W
0, 2026/09/15 09:45:11.512, 4, 16, 2835 MHz, 10251 MHz, P2, 71.05 W
1, 2026/09/15 09:45:11.513, 4, 16, 2820 MHz, 10251 MHz, P2, 61.23 W
0, 2026/09/15 09:45:11.713, 4, 16, 2835 MHz, 10251 MHz, P2, 71.05 W
1, 2026/09/15 09:45:11.713, 4, 16, 2820 MHz, 10251 MHz, P2, 61.23 W
0, 2026/09/15 09:45:11.913, 4, 16, 2835 MHz, 10251 MHz, P2, 89.73 W
1, 2026/09/15 09:45:11.913, 4, 16, 2820 MHz, 10251 MHz, P2, 82.05 W
0, 2026/09/15 09:45:12.114, 4, 16, 2835 MHz, 10251 MHz, P2, 89.73 W
1, 2026/09/15 09:45:12.114, 4, 16, 2820 MHz, 10251 MHz, P2, 82.05 W
0, 2026/09/15 09:45:12.314, 4, 16, 2835 MHz, 10251 MHz, P2, 89.73 W
1, 2026/09/15 09:45:12.314, 4, 16, 2820 MHz, 10251 MHz, P2, 98.43 W
0, 2026/09/15 09:45:12.515, 4, 16, 2835 MHz, 10251 MHz, P2, 108.62 W
1, 2026/09/15 09:45:12.515, 4, 16, 2820 MHz, 10251 MHz, P2, 98.43 W
0, 2026/09/15 09:45:12.715, 4, 16, 2835 MHz, 10251 MHz, P2, 108.62 W
1, 2026/09/15 09:45:12.715, 4, 16, 2820 MHz, 10251 MHz, P2, 98.43 W
0, 2026/09/15 09:45:12.915, 4, 16, 2835 MHz, 10251 MHz, P2, 112.76 W
1, 2026/09/15 09:45:12.916, 4, 16, 2820 MHz, 10251 MHz, P2, 104.17 W
0, 2026/09/15 09:45:13.116, 4, 16, 2835 MHz, 10251 MHz, P2, 112.76 W
1, 2026/09/15 09:45:13.116, 4, 16, 2820 MHz, 10251 MHz, P2, 104.17 W
0, 2026/09/15 09:45:13.316, 4, 16, 2835 MHz, 10251 MHz, P2, 112.76 W
1, 2026/09/15 09:45:13.316, 4, 16, 2820 MHz, 10251 MHz, P2, 105.52 W
0, 2026/09/15 09:45:13.517, 4, 16, 2835 MHz, 10251 MHz, P2, 114.25 W
1, 2026/09/15 09:45:13.517, 4, 16, 2820 MHz, 10251 MHz, P2, 105.52 W
0, 2026/09/15 09:45:13.717, 4, 16, 2835 MHz, 10251 MHz, P2, 114.25 W
1, 2026/09/15 09:45:13.717, 4, 16, 2820 MHz, 10251 MHz, P2, 105.52 W
0, 2026/09/15 09:45:13.917, 4, 16, 2835 MHz, 10251 MHz, P2, 114.95 W
1, 2026/09/15 09:45:13.918, 4, 16, 2820 MHz, 10251 MHz, P2, 106.00 W
0, 2026/09/15 09:45:14.118, 4, 16, 2835 MHz, 10251 MHz, P2, 114.95 W
1, 2026/09/15 09:45:14.118, 4, 16, 2820 MHz, 10251 MHz, P2, 106.00 W
0, 2026/09/15 09:45:14.318, 4, 16, 2835 MHz, 10251 MHz, P2, 114.95 W
1, 2026/09/15 09:45:14.318, 4, 16, 2820 MHz, 10251 MHz, P2, 105.86 W
0, 2026/09/15 09:45:14.519, 4, 16, 2835 MHz, 10251 MHz, P2, 114.94 W
1, 2026/09/15 09:45:14.519, 4, 16, 2820 MHz, 10251 MHz, P2, 105.86 W
0, 2026/09/15 09:45:14.719, 4, 16, 2835 MHz, 10251 MHz, P2, 114.94 W
1, 2026/09/15 09:45:14.719, 4, 16, 2820 MHz, 10251 MHz, P2, 105.86 W
0, 2026/09/15 09:45:14.920, 4, 16, 2835 MHz, 10251 MHz, P2, 115.35 W
1, 2026/09/15 09:45:14.920, 4, 16, 2820 MHz, 10251 MHz, P2, 106.30 W
0, 2026/09/15 09:45:15.120, 4, 16, 2835 MHz, 10251 MHz, P2, 115.35 W
1, 2026/09/15 09:45:15.120, 4, 16, 2820 MHz, 10251 MHz, P2, 106.30 W
0, 2026/09/15 09:45:15.320, 4, 16, 2835 MHz, 10251 MHz, P2, 115.35 W
1, 2026/09/15 09:45:15.321, 4, 16, 2820 MHz, 10251 MHz, P2, 106.21 W
0, 2026/09/15 09:45:15.521, 4, 16, 2835 MHz, 10251 MHz, P2, 114.99 W
1, 2026/09/15 09:45:15.521, 4, 16, 2820 MHz, 10251 MHz, P2, 106.21 W
0, 2026/09/15 09:45:15.721, 4, 16, 2835 MHz, 10251 MHz, P2, 114.99 W
1, 2026/09/15 09:45:15.722, 4, 16, 2820 MHz, 10251 MHz, P2, 106.21 W
0, 2026/09/15 09:45:15.922, 4, 16, 2835 MHz, 10251 MHz, P2, 115.82 W
1, 2026/09/15 09:45:15.922, 4, 16, 2820 MHz, 10251 MHz, P2, 106.74 W
0, 2026/09/15 09:45:16.122, 4, 16, 2835 MHz, 10251 MHz, P2, 115.82 W
1, 2026/09/15 09:45:16.123, 4, 16, 2820 MHz, 10251 MHz, P2, 106.74 W
0, 2026/09/15 09:45:16.323, 4, 16, 2835 MHz, 10251 MHz, P2, 115.82 W
1, 2026/09/15 09:45:16.323, 4, 16, 2820 MHz, 10251 MHz, P2, 106.75 W
0, 2026/09/15 09:45:16.523, 4, 16, 2835 MHz, 10251 MHz, P2, 116.17 W
1, 2026/09/15 09:45:16.524, 4, 16, 2820 MHz, 10251 MHz, P2, 106.75 W
0, 2026/09/15 09:45:16.724, 4, 16, 2835 MHz, 10251 MHz, P2, 116.17 W
1, 2026/09/15 09:45:16.724, 4, 16, 2820 MHz, 10251 MHz, P2, 106.75 W
0, 2026/09/15 09:45:16.924, 4, 16, 2835 MHz, 10251 MHz, P2, 116.02 W
1, 2026/09/15 09:45:16.924, 4, 16, 2820 MHz, 10251 MHz, P2, 106.93 W
0, 2026/09/15 09:45:17.125, 4, 16, 2835 MHz, 10251 MHz, P2, 116.02 W
1, 2026/09/15 09:45:17.125, 4, 16, 2820 MHz, 10251 MHz, P2, 106.93 W
0, 2026/09/15 09:45:17.325, 4, 16, 2835 MHz, 10251 MHz, P2, 116.02 W
1, 2026/09/15 09:45:17.325, 4, 16, 2820 MHz, 10251 MHz, P2, 105.71 W
0, 2026/09/15 09:45:17.526, 4, 16, 2835 MHz, 10251 MHz, P2, 115.27 W
1, 2026/09/15 09:45:17.526, 4, 16, 2820 MHz, 10251 MHz, P2, 105.71 W
0, 2026/09/15 09:45:17.726, 4, 16, 2835 MHz, 10251 MHz, P2, 115.27 W
1, 2026/09/15 09:45:17.726, 4, 16, 2820 MHz, 10251 MHz, P2, 105.71 W
0, 2026/09/15 09:45:17.927, 4, 16, 2835 MHz, 10251 MHz, P2, 116.18 W
1, 2026/09/15 09:45:17.927, 4, 16, 2820 MHz, 10251 MHz, P2, 105.74 W
0, 2026/09/15 09:45:18.127, 4, 16, 2835 MHz, 10251 MHz, P2, 116.18 W
1, 2026/09/15 09:45:18.127, 4, 16, 2820 MHz, 10251 MHz, P2, 105.74 W
0, 2026/09/15 09:45:18.328, 4, 16, 2835 MHz, 10251 MHz, P2, 116.18 W
1, 2026/09/15 09:45:18.328, 4, 16, 2820 MHz, 10251 MHz, P2, 107.92 W
0, 2026/09/15 09:45:18.528, 4, 16, 2835 MHz, 10251 MHz, P2, 116.94 W
1, 2026/09/15 09:45:18.528, 4, 16, 2820 MHz, 10251 MHz, P2, 107.92 W
0, 2026/09/15 09:45:18.729, 4, 16, 2835 MHz, 10251 MHz, P2, 116.94 W
1, 2026/09/15 09:45:18.729, 4, 16, 2820 MHz, 10251 MHz, P2, 107.92 W
0, 2026/09/15 09:45:18.930, 4, 16, 2835 MHz, 10251 MHz, P2, 116.90 W
1, 2026/09/15 09:45:18.930, 4, 16, 2820 MHz, 10251 MHz, P2, 108.02 W
0, 2026/09/15 09:45:19.130, 4, 16, 2835 MHz, 10251 MHz, P2, 116.90 W
1, 2026/09/15 09:45:19.131, 4, 16, 2820 MHz, 10251 MHz, P2, 108.02 W
0, 2026/09/15 09:45:19.331, 4, 16, 2835 MHz, 10251 MHz, P2, 116.90 W
1, 2026/09/15 09:45:19.331, 4, 16, 2820 MHz, 10251 MHz, P2, 105.84 W
0, 2026/09/15 09:45:19.532, 4, 16, 2835 MHz, 10251 MHz, P2, 114.64 W
1, 2026/09/15 09:45:19.532, 4, 16, 2820 MHz, 10251 MHz, P2, 105.84 W
0, 2026/09/15 09:45:19.732, 4, 16, 2835 MHz, 10251 MHz, P2, 114.64 W
1, 2026/09/15 09:45:19.732, 4, 16, 2820 MHz, 10251 MHz, P2, 105.84 W
0, 2026/09/15 09:45:19.933, 4, 16, 2835 MHz, 10251 MHz, P2, 114.25 W
1, 2026/09/15 09:45:19.933, 4, 16, 2820 MHz, 10251 MHz, P2, 105.55 W
0, 2026/09/15 09:45:20.133, 4, 16, 2835 MHz, 10251 MHz, P2, 114.25 W
1, 2026/09/15 09:45:20.133, 4, 16, 2820 MHz, 10251 MHz, P2, 105.55 W
0, 2026/09/15 09:45:20.333, 4, 16, 2835 MHz, 10251 MHz, P2, 114.25 W
1, 2026/09/15 09:45:20.334, 4, 16, 2820 MHz, 10251 MHz, P2, 100.84 W
0, 2026/09/15 09:45:20.534, 4, 16, 2835 MHz, 10251 MHz, P2, 106.61 W
1, 2026/09/15 09:45:20.534, 4, 16, 2820 MHz, 10251 MHz, P2, 100.84 W
0, 2026/09/15 09:45:20.735, 4, 16, 2835 MHz, 10251 MHz, P2, 106.61 W
1, 2026/09/15 09:45:20.735, 4, 16, 2820 MHz, 10251 MHz, P2, 100.84 W
0, 2026/09/15 09:45:20.935, 4, 16, 2835 MHz, 10501 MHz, P0, 95.44 W
1, 2026/09/15 09:45:20.935, 4, 16, 2820 MHz, 10501 MHz, P0, 90.55 W
0, 2026/09/15 09:45:21.136, 4, 16, 2835 MHz, 10501 MHz, P0, 95.44 W
1, 2026/09/15 09:45:21.136, 4, 16, 2820 MHz, 10501 MHz, P0, 90.55 W
0, 2026/09/15 09:45:21.336, 4, 16, 2835 MHz, 10501 MHz, P0, 95.44 W
1, 2026/09/15 09:45:21.336, 4, 16, 2820 MHz, 10501 MHz, P0, 80.67 W
0, 2026/09/15 09:45:21.536, 4, 16, 2835 MHz, 10501 MHz, P0, 87.28 W
1, 2026/09/15 09:45:21.537, 4, 16, 2820 MHz, 10501 MHz, P0, 80.67 W
0, 2026/09/15 09:45:21.737, 4, 16, 2835 MHz, 10501 MHz, P0, 87.28 W
1, 2026/09/15 09:45:21.737, 4, 16, 2820 MHz, 10501 MHz, P0, 80.67 W
0, 2026/09/15 09:45:21.937, 2, 16, 2835 MHz, 10501 MHz, P5, 86.77 W
1, 2026/09/15 09:45:21.938, 4, 16, 2820 MHz, 10501 MHz, P0, 79.11 W
0, 2026/09/15 09:45:22.138, 2, 16, 2835 MHz, 10501 MHz, P5, 86.77 W
1, 2026/09/15 09:45:22.138, 4, 16, 2820 MHz, 10501 MHz, P0, 79.11 W
0, 2026/09/15 09:45:22.339, 2, 16, 2835 MHz, 10501 MHz, P5, 86.77 W
1, 2026/09/15 09:45:22.339, 2, 16, 795 MHz, 810 MHz, P5, 69.52 W
0, 2026/09/15 09:45:22.539, 4, 16, 2520 MHz, 10501 MHz, P0, 62.27 W
1, 2026/09/15 09:45:22.539, 2, 16, 795 MHz, 810 MHz, P5, 69.52 W
0, 2026/09/15 09:45:22.739, 4, 16, 2520 MHz, 10501 MHz, P0, 62.27 W
1, 2026/09/15 09:45:22.740, 2, 16, 795 MHz, 810 MHz, P5, 69.52 W
0, 2026/09/15 09:45:22.940, 4, 16, 2520 MHz, 10251 MHz, P2, 55.97 W
1, 2026/09/15 09:45:22.940, 4, 16, 2520 MHz, 10251 MHz, P2, 57.44 W
0, 2026/09/15 09:45:23.140, 4, 16, 2520 MHz, 10251 MHz, P2, 55.97 W
1, 2026/09/15 09:45:23.140, 4, 16, 2520 MHz, 10251 MHz, P2, 57.44 W
0, 2026/09/15 09:45:23.341, 4, 16, 2835 MHz, 10251 MHz, P2, 68.77 W
1, 2026/09/15 09:45:23.341, 4, 16, 2820 MHz, 10251 MHz, P2, 65.86 W
0, 2026/09/15 09:45:23.541, 4, 16, 2835 MHz, 10251 MHz, P2, 68.77 W
1, 2026/09/15 09:45:23.541, 4, 16, 2820 MHz, 10251 MHz, P2, 65.86 W
0, 2026/09/15 09:45:23.741, 4, 16, 2835 MHz, 10251 MHz, P2, 68.77 W
1, 2026/09/15 09:45:23.742, 4, 16, 2820 MHz, 10251 MHz, P2, 65.86 W
0, 2026/09/15 09:45:23.942, 4, 16, 2835 MHz, 10251 MHz, P2, 88.90 W
1, 2026/09/15 09:45:23.942, 4, 16, 2820 MHz, 10251 MHz, P2, 84.76 W
0, 2026/09/15 09:45:24.142, 4, 16, 2835 MHz, 10251 MHz, P2, 88.90 W
1, 2026/09/15 09:45:24.142, 4, 16, 2820 MHz, 10251 MHz, P2, 84.76 W
0, 2026/09/15 09:45:24.343, 4, 16, 2835 MHz, 10251 MHz, P2, 108.84 W
1, 2026/09/15 09:45:24.343, 4, 16, 2820 MHz, 10251 MHz, P2, 98.66 W
0, 2026/09/15 09:45:24.543, 4, 16, 2835 MHz, 10251 MHz, P2, 108.84 W
1, 2026/09/15 09:45:24.543, 4, 16, 2820 MHz, 10251 MHz, P2, 98.66 W
0, 2026/09/15 09:45:24.743, 4, 16, 2835 MHz, 10251 MHz, P2, 108.84 W
1, 2026/09/15 09:45:24.744, 4, 16, 2820 MHz, 10251 MHz, P2, 98.66 W
0, 2026/09/15 09:45:24.944, 4, 16, 2835 MHz, 10251 MHz, P2, 112.54 W
1, 2026/09/15 09:45:24.944, 4, 16, 2820 MHz, 10251 MHz, P2, 104.84 W
0, 2026/09/15 09:45:25.144, 4, 16, 2835 MHz, 10251 MHz, P2, 112.54 W
1, 2026/09/15 09:45:25.145, 4, 16, 2820 MHz, 10251 MHz, P2, 104.84 W
0, 2026/09/15 09:45:25.345, 4, 16, 2835 MHz, 10251 MHz, P2, 113.50 W
1, 2026/09/15 09:45:25.345, 4, 16, 2820 MHz, 10251 MHz, P2, 105.70 W
0, 2026/09/15 09:45:25.545, 4, 16, 2835 MHz, 10251 MHz, P2, 113.50 W
1, 2026/09/15 09:45:25.545, 4, 16, 2820 MHz, 10251 MHz, P2, 105.70 W
0, 2026/09/15 09:45:25.746, 4, 16, 2835 MHz, 10251 MHz, P2, 113.50 W
1, 2026/09/15 09:45:25.746, 4, 16, 2820 MHz, 10251 MHz, P2, 105.70 W
0, 2026/09/15 09:45:25.946, 4, 16, 2835 MHz, 10251 MHz, P2, 114.15 W
1, 2026/09/15 09:45:25.946, 4, 16, 2820 MHz, 10251 MHz, P2, 106.05 W
0, 2026/09/15 09:45:26.147, 4, 16, 2835 MHz, 10251 MHz, P2, 114.15 W
1, 2026/09/15 09:45:26.147, 4, 16, 2820 MHz, 10251 MHz, P2, 106.05 W
0, 2026/09/15 09:45:26.347, 4, 16, 2835 MHz, 10251 MHz, P2, 114.47 W
1, 2026/09/15 09:45:26.348, 4, 16, 2820 MHz, 10251 MHz, P2, 106.09 W
0, 2026/09/15 09:45:26.548, 4, 16, 2835 MHz, 10251 MHz, P2, 114.47 W
1, 2026/09/15 09:45:26.548, 4, 16, 2820 MHz, 10251 MHz, P2, 106.09 W
0, 2026/09/15 09:45:26.748, 4, 16, 2835 MHz, 10251 MHz, P2, 114.47 W
1, 2026/09/15 09:45:26.749, 4, 16, 2820 MHz, 10251 MHz, P2, 106.09 W
0, 2026/09/15 09:45:26.949, 4, 16, 2835 MHz, 10251 MHz, P2, 115.02 W
1, 2026/09/15 09:45:26.949, 4, 16, 2820 MHz, 10251 MHz, P2, 106.36 W
0, 2026/09/15 09:45:27.149, 4, 16, 2835 MHz, 10251 MHz, P2, 115.02 W
1, 2026/09/15 09:45:27.149, 4, 16, 2820 MHz, 10251 MHz, P2, 106.36 W
0, 2026/09/15 09:45:27.350, 4, 16, 2835 MHz, 10251 MHz, P2, 115.00 W
1, 2026/09/15 09:45:27.350, 4, 16, 2820 MHz, 10251 MHz, P2, 106.30 W
0, 2026/09/15 09:45:27.550, 4, 16, 2835 MHz, 10251 MHz, P2, 115.00 W
1, 2026/09/15 09:45:27.550, 4, 16, 2820 MHz, 10251 MHz, P2, 106.30 W
0, 2026/09/15 09:45:27.751, 4, 16, 2835 MHz, 10251 MHz, P2, 115.00 W
1, 2026/09/15 09:45:27.751, 4, 16, 2820 MHz, 10251 MHz, P2, 106.30 W
0, 2026/09/15 09:45:27.951, 4, 16, 2835 MHz, 10251 MHz, P2, 115.61 W
1, 2026/09/15 09:45:27.951, 4, 16, 2820 MHz, 10251 MHz, P2, 106.87 W
0, 2026/09/15 09:45:28.152, 4, 16, 2835 MHz, 10251 MHz, P2, 115.61 W
1, 2026/09/15 09:45:28.152, 4, 16, 2820 MHz, 10251 MHz, P2, 106.87 W
0, 2026/09/15 09:45:28.352, 4, 16, 2835 MHz, 10251 MHz, P2, 116.37 W
1, 2026/09/15 09:45:28.353, 4, 16, 2820 MHz, 10251 MHz, P2, 107.13 W
0, 2026/09/15 09:45:28.553, 4, 16, 2835 MHz, 10251 MHz, P2, 116.37 W
1, 2026/09/15 09:45:28.553, 4, 16, 2820 MHz, 10251 MHz, P2, 107.13 W
0, 2026/09/15 09:45:28.753, 4, 16, 2835 MHz, 10251 MHz, P2, 116.37 W
1, 2026/09/15 09:45:28.753, 4, 16, 2820 MHz, 10251 MHz, P2, 107.13 W
0, 2026/09/15 09:45:28.954, 4, 16, 2835 MHz, 10251 MHz, P2, 116.16 W
1, 2026/09/15 09:45:28.954, 4, 16, 2820 MHz, 10251 MHz, P2, 106.34 W
0, 2026/09/15 09:45:29.154, 4, 16, 2835 MHz, 10251 MHz, P2, 116.16 W
1, 2026/09/15 09:45:29.154, 4, 16, 2820 MHz, 10251 MHz, P2, 106.34 W
0, 2026/09/15 09:45:29.355, 4, 16, 2835 MHz, 10251 MHz, P2, 116.48 W
1, 2026/09/15 09:45:29.355, 4, 16, 2820 MHz, 10251 MHz, P2, 106.31 W
0, 2026/09/15 09:45:29.555, 4, 16, 2835 MHz, 10251 MHz, P2, 116.48 W
1, 2026/09/15 09:45:29.555, 4, 16, 2820 MHz, 10251 MHz, P2, 106.31 W
0, 2026/09/15 09:45:29.755, 4, 16, 2835 MHz, 10251 MHz, P2, 116.48 W
1, 2026/09/15 09:45:29.756, 4, 16, 2820 MHz, 10251 MHz, P2, 106.31 W
0, 2026/09/15 09:45:29.956, 4, 16, 2835 MHz, 10251 MHz, P2, 117.80 W
1, 2026/09/15 09:45:29.956, 4, 16, 2820 MHz, 10251 MHz, P2, 107.58 W
0, 2026/09/15 09:45:30.156, 4, 16, 2835 MHz, 10251 MHz, P2, 117.80 W
1, 2026/09/15 09:45:30.156, 4, 16, 2820 MHz, 10251 MHz, P2, 107.58 W
0, 2026/09/15 09:45:30.357, 4, 16, 2835 MHz, 10251 MHz, P2, 117.49 W
1, 2026/09/15 09:45:30.357, 4, 16, 2820 MHz, 10251 MHz, P2, 107.60 W
0, 2026/09/15 09:45:30.557, 4, 16, 2835 MHz, 10251 MHz, P2, 117.49 W
1, 2026/09/15 09:45:30.557, 4, 16, 2820 MHz, 10251 MHz, P2, 107.60 W
0, 2026/09/15 09:45:30.757, 4, 16, 2835 MHz, 10251 MHz, P2, 117.49 W
1, 2026/09/15 09:45:30.758, 4, 16, 2820 MHz, 10251 MHz, P2, 107.60 W
0, 2026/09/15 09:45:30.958, 4, 16, 2835 MHz, 10251 MHz, P2, 116.05 W
1, 2026/09/15 09:45:30.958, 4, 16, 2820 MHz, 10251 MHz, P2, 106.34 W
0, 2026/09/15 09:45:31.158, 4, 16, 2835 MHz, 10251 MHz, P2, 116.05 W
1, 2026/09/15 09:45:31.158, 4, 16, 2820 MHz, 10251 MHz, P2, 106.34 W
0, 2026/09/15 09:45:31.359, 4, 16, 2835 MHz, 10251 MHz, P2, 116.62 W
1, 2026/09/15 09:45:31.359, 4, 16, 2820 MHz, 10251 MHz, P2, 107.05 W
0, 2026/09/15 09:45:31.560, 4, 16, 2835 MHz, 10251 MHz, P2, 116.62 W
1, 2026/09/15 09:45:31.560, 4, 16, 2820 MHz, 10251 MHz, P2, 107.05 W
0, 2026/09/15 09:45:31.760, 4, 16, 2835 MHz, 10251 MHz, P2, 116.62 W
1, 2026/09/15 09:45:31.766, 4, 16, 2820 MHz, 10251 MHz, P2, 107.05 W
0, 2026/09/15 09:45:31.969, 4, 16, 2835 MHz, 10501 MHz, P0, 106.71 W
1, 2026/09/15 09:45:31.969, 4, 16, 2820 MHz, 10501 MHz, P0, 98.20 W
0, 2026/09/15 09:45:32.170, 4, 16, 2835 MHz, 10501 MHz, P0, 106.71 W
1, 2026/09/15 09:45:32.170, 4, 16, 2820 MHz, 10501 MHz, P0, 98.20 W
0, 2026/09/15 09:45:32.370, 4, 16, 2835 MHz, 10501 MHz, P0, 93.84 W
1, 2026/09/15 09:45:32.370, 4, 16, 2820 MHz, 10501 MHz, P0, 85.72 W
0, 2026/09/15 09:45:32.570, 4, 16, 2835 MHz, 10501 MHz, P0, 93.84 W
1, 2026/09/15 09:45:32.571, 4, 16, 2820 MHz, 10501 MHz, P0, 85.72 W
0, 2026/09/15 09:45:32.771, 4, 16, 2835 MHz, 10501 MHz, P0, 93.84 W
1, 2026/09/15 09:45:32.771, 4, 16, 2820 MHz, 10501 MHz, P0, 85.72 W
0, 2026/09/15 09:45:32.971, 4, 16, 2835 MHz, 10501 MHz, P0, 88.42 W
1, 2026/09/15 09:45:32.971, 4, 16, 2820 MHz, 10501 MHz, P0, 79.55 W
0, 2026/09/15 09:45:33.172, 4, 16, 2835 MHz, 10501 MHz, P0, 88.42 W
1, 2026/09/15 09:45:33.184, 4, 16, 2820 MHz, 10501 MHz, P0, 79.55 W
0, 2026/09/15 09:45:33.385, 4, 16, 2520 MHz, 10501 MHz, P0, 82.99 W
1, 2026/09/15 09:45:33.385, 2, 16, 690 MHz, 810 MHz, P5, 74.80 W
0, 2026/09/15 09:45:33.585, 4, 16, 2520 MHz, 10501 MHz, P0, 82.99 W
1, 2026/09/15 09:45:33.586, 2, 16, 690 MHz, 810 MHz, P5, 74.80 W
0, 2026/09/15 09:45:33.786, 4, 16, 2520 MHz, 10501 MHz, P0, 82.99 W
1, 2026/09/15 09:45:33.786, 4, 16, 2520 MHz, 10251 MHz, P2, 62.20 W
0, 2026/09/15 09:45:33.986, 4, 16, 2520 MHz, 10251 MHz, P2, 72.74 W
1, 2026/09/15 09:45:33.987, 4, 16, 2520 MHz, 10251 MHz, P2, 62.20 W
0, 2026/09/15 09:45:34.187, 4, 16, 2520 MHz, 10251 MHz, P2, 72.74 W
1, 2026/09/15 09:45:34.187, 4, 16, 2520 MHz, 10251 MHz, P2, 62.20 W
0, 2026/09/15 09:45:34.387, 4, 16, 2520 MHz, 10251 MHz, P2, 64.53 W
1, 2026/09/15 09:45:34.387, 4, 16, 2610 MHz, 10251 MHz, P2, 60.22 W
0, 2026/09/15 09:45:34.588, 4, 16, 2520 MHz, 10251 MHz, P2, 64.53 W
1, 2026/09/15 09:45:34.588, 4, 16, 2610 MHz, 10251 MHz, P2, 60.22 W
0, 2026/09/15 09:45:34.788, 4, 16, 2520 MHz, 10251 MHz, P2, 64.53 W
1, 2026/09/15 09:45:34.788, 4, 16, 2820 MHz, 10251 MHz, P2, 80.45 W
0, 2026/09/15 09:45:34.989, 4, 16, 2835 MHz, 10251 MHz, P2, 82.72 W
1, 2026/09/15 09:45:34.989, 4, 16, 2820 MHz, 10251 MHz, P2, 80.45 W
0, 2026/09/15 09:45:35.189, 4, 16, 2835 MHz, 10251 MHz, P2, 82.72 W
1, 2026/09/15 09:45:35.189, 4, 16, 2820 MHz, 10251 MHz, P2, 80.45 W
0, 2026/09/15 09:45:35.389, 4, 16, 2835 MHz, 10251 MHz, P2, 103.16 W
1, 2026/09/15 09:45:35.390, 4, 16, 2820 MHz, 10251 MHz, P2, 97.44 W
0, 2026/09/15 09:45:35.590, 4, 16, 2835 MHz, 10251 MHz, P2, 103.16 W
1, 2026/09/15 09:45:35.590, 4, 16, 2820 MHz, 10251 MHz, P2, 97.44 W
0, 2026/09/15 09:45:35.790, 4, 16, 2835 MHz, 10251 MHz, P2, 103.16 W
1, 2026/09/15 09:45:35.790, 4, 16, 2820 MHz, 10251 MHz, P2, 104.79 W
0, 2026/09/15 09:45:35.991, 4, 16, 2835 MHz, 10251 MHz, P2, 113.10 W
1, 2026/09/15 09:45:35.991, 4, 16, 2820 MHz, 10251 MHz, P2, 104.79 W
0, 2026/09/15 09:45:36.191, 4, 16, 2835 MHz, 10251 MHz, P2, 113.10 W
1, 2026/09/15 09:45:36.191, 4, 16, 2820 MHz, 10251 MHz, P2, 104.79 W
0, 2026/09/15 09:45:36.392, 4, 16, 2835 MHz, 10251 MHz, P2, 114.53 W
1, 2026/09/15 09:45:36.392, 4, 16, 2820 MHz, 10251 MHz, P2, 106.04 W
0, 2026/09/15 09:45:36.592, 4, 16, 2835 MHz, 10251 MHz, P2, 114.53 W
1, 2026/09/15 09:45:36.592, 4, 16, 2820 MHz, 10251 MHz, P2, 106.04 W
0, 2026/09/15 09:45:36.793, 4, 16, 2835 MHz, 10251 MHz, P2, 114.53 W
1, 2026/09/15 09:45:36.793, 4, 16, 2820 MHz, 10251 MHz, P2, 106.53 W
0, 2026/09/15 09:45:36.993, 4, 16, 2835 MHz, 10251 MHz, P2, 115.18 W
1, 2026/09/15 09:45:36.993, 4, 16, 2820 MHz, 10251 MHz, P2, 106.53 W
0, 2026/09/15 09:45:37.194, 4, 16, 2835 MHz, 10251 MHz, P2, 115.18 W
1, 2026/09/15 09:45:37.194, 4, 16, 2820 MHz, 10251 MHz, P2, 106.53 W
0, 2026/09/15 09:45:37.394, 4, 16, 2835 MHz, 10251 MHz, P2, 115.51 W
1, 2026/09/15 09:45:37.394, 4, 16, 2820 MHz, 10251 MHz, P2, 106.47 W
0, 2026/09/15 09:45:37.595, 4, 16, 2835 MHz, 10251 MHz, P2, 115.51 W
1, 2026/09/15 09:45:37.595, 4, 16, 2820 MHz, 10251 MHz, P2, 106.47 W
0, 2026/09/15 09:45:37.795, 4, 16, 2835 MHz, 10251 MHz, P2, 115.51 W
1, 2026/09/15 09:45:37.795, 4, 16, 2820 MHz, 10251 MHz, P2, 106.87 W
0, 2026/09/15 09:45:37.995, 4, 16, 2835 MHz, 10251 MHz, P2, 116.24 W
1, 2026/09/15 09:45:37.996, 4, 16, 2820 MHz, 10251 MHz, P2, 106.87 W
0, 2026/09/15 09:45:38.196, 4, 16, 2835 MHz, 10251 MHz, P2, 116.24 W
1, 2026/09/15 09:45:38.196, 4, 16, 2820 MHz, 10251 MHz, P2, 106.87 W
0, 2026/09/15 09:45:38.396, 4, 16, 2835 MHz, 10251 MHz, P2, 116.27 W
1, 2026/09/15 09:45:38.396, 4, 16, 2820 MHz, 10251 MHz, P2, 106.88 W
0, 2026/09/15 09:45:38.597, 4, 16, 2835 MHz, 10251 MHz, P2, 116.27 W
1, 2026/09/15 09:45:38.597, 4, 16, 2820 MHz, 10251 MHz, P2, 106.88 W
0, 2026/09/15 09:45:38.797, 4, 16, 2835 MHz, 10251 MHz, P2, 116.27 W
1, 2026/09/15 09:45:38.797, 4, 16, 2820 MHz, 10251 MHz, P2, 107.56 W
0, 2026/09/15 09:45:38.998, 4, 16, 2835 MHz, 10251 MHz, P2, 117.16 W
1, 2026/09/15 09:45:38.998, 4, 16, 2820 MHz, 10251 MHz, P2, 107.56 W
0, 2026/09/15 09:45:39.198, 4, 16, 2835 MHz, 10251 MHz, P2, 117.16 W
1, 2026/09/15 09:45:39.198, 4, 16, 2820 MHz, 10251 MHz, P2, 107.56 W
0, 2026/09/15 09:45:39.398, 4, 16, 2835 MHz, 10251 MHz, P2, 117.42 W
1, 2026/09/15 09:45:39.399, 4, 16, 2820 MHz, 10251 MHz, P2, 107.67 W
0, 2026/09/15 09:45:39.599, 4, 16, 2835 MHz, 10251 MHz, P2, 117.42 W
1, 2026/09/15 09:45:39.599, 4, 16, 2820 MHz, 10251 MHz, P2, 107.67 W
0, 2026/09/15 09:45:39.799, 4, 16, 2835 MHz, 10251 MHz, P2, 117.42 W
1, 2026/09/15 09:45:39.799, 4, 16, 2820 MHz, 10251 MHz, P2, 106.42 W
0, 2026/09/15 09:45:40.000, 4, 16, 2835 MHz, 10251 MHz, P2, 116.09 W
1, 2026/09/15 09:45:40.000, 4, 16, 2820 MHz, 10251 MHz, P2, 106.42 W
0, 2026/09/15 09:45:40.200, 4, 16, 2835 MHz, 10251 MHz, P2, 116.09 W
1, 2026/09/15 09:45:40.200, 4, 16, 2820 MHz, 10251 MHz, P2, 106.42 W
0, 2026/09/15 09:45:40.400, 4, 16, 2835 MHz, 10251 MHz, P2, 116.47 W
1, 2026/09/15 09:45:40.401, 4, 16, 2820 MHz, 10251 MHz, P2, 106.30 W
0, 2026/09/15 09:45:40.601, 4, 16, 2835 MHz, 10251 MHz, P2, 116.47 W
1, 2026/09/15 09:45:40.601, 4, 16, 2820 MHz, 10251 MHz, P2, 106.30 W
0, 2026/09/15 09:45:40.801, 4, 16, 2835 MHz, 10251 MHz, P2, 116.47 W
1, 2026/09/15 09:45:40.802, 4, 16, 2820 MHz, 10251 MHz, P2, 108.33 W
0, 2026/09/15 09:45:41.002, 4, 16, 2835 MHz, 10251 MHz, P2, 117.73 W
1, 2026/09/15 09:45:41.002, 4, 16, 2820 MHz, 10251 MHz, P2, 108.33 W
0, 2026/09/15 09:45:41.202, 4, 16, 2835 MHz, 10251 MHz, P2, 117.73 W
1, 2026/09/15 09:45:41.203, 4, 16, 2820 MHz, 10251 MHz, P2, 108.33 W
0, 2026/09/15 09:45:41.403, 4, 16, 2835 MHz, 10251 MHz, P2, 117.72 W
1, 2026/09/15 09:45:41.403, 4, 16, 2820 MHz, 10251 MHz, P2, 108.17 W
0, 2026/09/15 09:45:41.603, 4, 16, 2835 MHz, 10251 MHz, P2, 117.72 W
1, 2026/09/15 09:45:41.604, 4, 16, 2820 MHz, 10251 MHz, P2, 108.17 W
0, 2026/09/15 09:45:41.804, 4, 16, 2835 MHz, 10251 MHz, P2, 117.72 W
1, 2026/09/15 09:45:41.804, 4, 16, 2820 MHz, 10251 MHz, P2, 106.09 W
0, 2026/09/15 09:45:42.004, 4, 16, 2835 MHz, 10251 MHz, P2, 115.75 W
1, 2026/09/15 09:45:42.004, 4, 16, 2820 MHz, 10251 MHz, P2, 106.09 W
0, 2026/09/15 09:45:42.205, 4, 16, 2835 MHz, 10251 MHz, P2, 115.75 W
1, 2026/09/15 09:45:42.205, 4, 16, 2820 MHz, 10251 MHz, P2, 106.09 W
0, 2026/09/15 09:45:42.405, 4, 16, 2835 MHz, 10251 MHz, P2, 116.53 W
1, 2026/09/15 09:45:42.405, 4, 16, 2820 MHz, 10251 MHz, P2, 106.92 W
0, 2026/09/15 09:45:42.605, 4, 16, 2835 MHz, 10251 MHz, P2, 116.53 W
1, 2026/09/15 09:45:42.606, 4, 16, 2820 MHz, 10251 MHz, P2, 106.92 W
0, 2026/09/15 09:45:42.806, 4, 16, 2835 MHz, 10251 MHz, P2, 116.53 W
1, 2026/09/15 09:45:42.806, 4, 16, 2820 MHz, 10501 MHz, P0, 97.60 W
0, 2026/09/15 09:45:43.007, 4, 16, 2835 MHz, 10251 MHz, P2, 106.19 W
1, 2026/09/15 09:45:43.007, 4, 16, 2820 MHz, 10501 MHz, P0, 97.60 W
0, 2026/09/15 09:45:43.207, 4, 16, 2835 MHz, 10251 MHz, P2, 106.19 W
1, 2026/09/15 09:45:43.207, 4, 16, 2820 MHz, 10501 MHz, P0, 97.60 W
0, 2026/09/15 09:45:43.407, 4, 16, 2835 MHz, 10501 MHz, P0, 94.56 W
1, 2026/09/15 09:45:43.408, 4, 16, 2820 MHz, 10501 MHz, P0, 85.68 W
0, 2026/09/15 09:45:43.608, 4, 16, 2835 MHz, 10501 MHz, P0, 94.56 W
1, 2026/09/15 09:45:43.608, 4, 16, 2820 MHz, 10501 MHz, P0, 85.68 W
0, 2026/09/15 09:45:43.808, 4, 16, 2835 MHz, 10501 MHz, P0, 94.56 W
1, 2026/09/15 09:45:43.809, 4, 16, 2820 MHz, 10501 MHz, P0, 79.06 W
0, 2026/09/15 09:45:44.009, 4, 16, 2835 MHz, 10501 MHz, P0, 88.99 W
1, 2026/09/15 09:45:44.009, 4, 16, 2820 MHz, 10501 MHz, P0, 79.06 W
0, 2026/09/15 09:45:44.209, 4, 16, 2835 MHz, 10501 MHz, P0, 88.99 W
1, 2026/09/15 09:45:44.210, 4, 16, 2820 MHz, 10501 MHz, P0, 79.06 W
0, 2026/09/15 09:45:44.410, 4, 16, 2520 MHz, 10501 MHz, P0, 85.28 W
1, 2026/09/15 09:45:44.410, 2, 16, 2820 MHz, 10501 MHz, P5, 79.06 W
0, 2026/09/15 09:45:44.610, 4, 16, 2520 MHz, 10501 MHz, P0, 85.28 W
1, 2026/09/15 09:45:44.611, 2, 16, 2820 MHz, 10501 MHz, P5, 79.06 W
0, 2026/09/15 09:45:44.812, 4, 16, 2520 MHz, 10501 MHz, P0, 85.28 W
1, 2026/09/15 09:45:44.812, 4, 16, 2520 MHz, 10251 MHz, P2, 58.34 W
0, 2026/09/15 09:45:45.012, 4, 16, 2520 MHz, 10251 MHz, P2, 75.98 W
1, 2026/09/15 09:45:45.013, 4, 16, 2520 MHz, 10251 MHz, P2, 58.34 W
0, 2026/09/15 09:45:45.213, 4, 16, 2520 MHz, 10251 MHz, P2, 75.98 W
1, 2026/09/15 09:45:45.213, 4, 16, 2520 MHz, 10251 MHz, P2, 58.34 W
0, 2026/09/15 09:45:45.413, 4, 16, 2520 MHz, 10251 MHz, P2, 71.92 W
1, 2026/09/15 09:45:45.413, 4, 16, 2520 MHz, 10251 MHz, P2, 58.89 W
0, 2026/09/15 09:45:45.614, 4, 16, 2520 MHz, 10251 MHz, P2, 71.92 W
1, 2026/09/15 09:45:45.614, 4, 16, 2520 MHz, 10251 MHz, P2, 58.89 W
0, 2026/09/15 09:45:45.814, 4, 16, 2520 MHz, 10251 MHz, P2, 71.92 W
1, 2026/09/15 09:45:45.814, 4, 16, 2820 MHz, 10251 MHz, P2, 76.65 W
0, 2026/09/15 09:45:46.015, 4, 16, 2835 MHz, 10251 MHz, P2, 75.51 W
1, 2026/09/15 09:45:46.015, 4, 16, 2820 MHz, 10251 MHz, P2, 76.65 W
0, 2026/09/15 09:45:46.215, 4, 16, 2835 MHz, 10251 MHz, P2, 75.51 W
1, 2026/09/15 09:45:46.215, 4, 16, 2820 MHz, 10251 MHz, P2, 76.65 W
0, 2026/09/15 09:45:46.415, 4, 16, 2835 MHz, 10251 MHz, P2, 96.88 W
1, 2026/09/15 09:45:46.416, 4, 16, 2820 MHz, 10251 MHz, P2, 94.60 W
0, 2026/09/15 09:45:46.616, 4, 16, 2835 MHz, 10251 MHz, P2, 96.88 W
1, 2026/09/15 09:45:46.616, 4, 16, 2820 MHz, 10251 MHz, P2, 94.60 W
0, 2026/09/15 09:45:46.816, 4, 16, 2835 MHz, 10251 MHz, P2, 96.88 W
1, 2026/09/15 09:45:46.816, 4, 16, 2820 MHz, 10251 MHz, P2, 103.82 W
0, 2026/09/15 09:45:47.017, 4, 16, 2835 MHz, 10251 MHz, P2, 113.35 W
1, 2026/09/15 09:45:47.017, 4, 16, 2820 MHz, 10251 MHz, P2, 103.82 W
0, 2026/09/15 09:45:47.217, 4, 16, 2835 MHz, 10251 MHz, P2, 113.35 W
1, 2026/09/15 09:45:47.217, 4, 16, 2820 MHz, 10251 MHz, P2, 103.82 W
0, 2026/09/15 09:45:47.418, 4, 16, 2835 MHz, 10251 MHz, P2, 115.92 W
1, 2026/09/15 09:45:47.418, 4, 16, 2820 MHz, 10251 MHz, P2, 105.84 W
0, 2026/09/15 09:45:47.618, 4, 16, 2835 MHz, 10251 MHz, P2, 115.92 W
1, 2026/09/15 09:45:47.618, 4, 16, 2820 MHz, 10251 MHz, P2, 105.84 W
0, 2026/09/15 09:45:47.818, 4, 16, 2835 MHz, 10251 MHz, P2, 115.92 W
1, 2026/09/15 09:45:47.819, 4, 16, 2820 MHz, 10251 MHz, P2, 106.69 W
0, 2026/09/15 09:45:48.019, 4, 16, 2835 MHz, 10251 MHz, P2, 117.06 W
1, 2026/09/15 09:45:48.019, 4, 16, 2820 MHz, 10251 MHz, P2, 106.69 W
0, 2026/09/15 09:45:48.219, 4, 16, 2835 MHz, 10251 MHz, P2, 117.06 W
1, 2026/09/15 09:45:48.220, 4, 16, 2820 MHz, 10251 MHz, P2, 106.69 W
0, 2026/09/15 09:45:48.420, 4, 16, 2835 MHz, 10251 MHz, P2, 118.25 W
1, 2026/09/15 09:45:48.420, 4, 16, 2820 MHz, 10251 MHz, P2, 107.52 W
0, 2026/09/15 09:45:48.620, 4, 16, 2835 MHz, 10251 MHz, P2, 118.25 W
1, 2026/09/15 09:45:48.620, 4, 16, 2820 MHz, 10251 MHz, P2, 107.52 W
0, 2026/09/15 09:45:48.821, 4, 16, 2835 MHz, 10251 MHz, P2, 118.25 W
1, 2026/09/15 09:45:48.821, 4, 16, 2820 MHz, 10251 MHz, P2, 107.23 W
0, 2026/09/15 09:45:49.021, 4, 16, 2835 MHz, 10251 MHz, P2, 118.09 W
1, 2026/09/15 09:45:49.021, 4, 16, 2820 MHz, 10251 MHz, P2, 107.23 W
0, 2026/09/15 09:45:49.222, 4, 16, 2835 MHz, 10251 MHz, P2, 118.09 W
1, 2026/09/15 09:45:49.222, 4, 16, 2820 MHz, 10251 MHz, P2, 107.23 W
0, 2026/09/15 09:45:49.422, 4, 16, 2835 MHz, 10251 MHz, P2, 118.89 W
1, 2026/09/15 09:45:49.422, 4, 16, 2820 MHz, 10251 MHz, P2, 107.60 W
0, 2026/09/15 09:45:49.622, 4, 16, 2835 MHz, 10251 MHz, P2, 118.89 W
1, 2026/09/15 09:45:49.623, 4, 16, 2820 MHz, 10251 MHz, P2, 107.60 W
0, 2026/09/15 09:45:49.823, 4, 16, 2835 MHz, 10251 MHz, P2, 118.89 W
1, 2026/09/15 09:45:49.823, 4, 16, 2820 MHz, 10251 MHz, P2, 107.77 W
0, 2026/09/15 09:45:50.023, 4, 16, 2835 MHz, 10251 MHz, P2, 119.24 W
1, 2026/09/15 09:45:50.023, 4, 16, 2820 MHz, 10251 MHz, P2, 107.77 W
0, 2026/09/15 09:45:50.224, 4, 16, 2835 MHz, 10251 MHz, P2, 119.24 W
1, 2026/09/15 09:45:50.224, 4, 16, 2820 MHz, 10251 MHz, P2, 107.77 W
0, 2026/09/15 09:45:50.424, 4, 16, 2835 MHz, 10251 MHz, P2, 118.88 W
1, 2026/09/15 09:45:50.424, 4, 16, 2820 MHz, 10251 MHz, P2, 107.64 W
0, 2026/09/15 09:45:50.625, 4, 16, 2835 MHz, 10251 MHz, P2, 118.88 W
1, 2026/09/15 09:45:50.625, 4, 16, 2820 MHz, 10251 MHz, P2, 107.64 W
0, 2026/09/15 09:45:50.825, 4, 16, 2835 MHz, 10251 MHz, P2, 118.88 W
1, 2026/09/15 09:45:50.825, 4, 16, 2820 MHz, 10251 MHz, P2, 108.20 W
0, 2026/09/15 09:45:51.025, 4, 16, 2835 MHz, 10251 MHz, P2, 118.94 W
1, 2026/09/15 09:45:51.026, 4, 16, 2820 MHz, 10251 MHz, P2, 108.20 W
0, 2026/09/15 09:45:51.226, 4, 16, 2835 MHz, 10251 MHz, P2, 118.94 W
1, 2026/09/15 09:45:51.226, 4, 16, 2820 MHz, 10251 MHz, P2, 108.20 W
0, 2026/09/15 09:45:51.426, 4, 16, 2835 MHz, 10251 MHz, P2, 118.99 W
1, 2026/09/15 09:45:51.427, 4, 16, 2820 MHz, 10251 MHz, P2, 108.20 W
0, 2026/09/15 09:45:51.627, 4, 16, 2835 MHz, 10251 MHz, P2, 118.99 W
1, 2026/09/15 09:45:51.627, 4, 16, 2820 MHz, 10251 MHz, P2, 108.20 W
0, 2026/09/15 09:45:51.827, 4, 16, 2835 MHz, 10251 MHz, P2, 118.99 W
1, 2026/09/15 09:45:51.828, 4, 16, 2820 MHz, 10251 MHz, P2, 106.65 W
0, 2026/09/15 09:45:52.028, 4, 16, 2835 MHz, 10251 MHz, P2, 117.79 W
1, 2026/09/15 09:45:52.028, 4, 16, 2820 MHz, 10251 MHz, P2, 106.65 W
0, 2026/09/15 09:45:52.228, 4, 16, 2835 MHz, 10251 MHz, P2, 117.79 W
1, 2026/09/15 09:45:52.229, 4, 16, 2820 MHz, 10251 MHz, P2, 106.65 W
0, 2026/09/15 09:45:52.429, 4, 16, 2835 MHz, 10251 MHz, P2, 108.07 W
1, 2026/09/15 09:45:52.478, 4, 16, 2820 MHz, 10501 MHz, P0, 98.85 W
0, 2026/09/15 09:45:52.682, 4, 16, 2835 MHz, 10251 MHz, P2, 108.07 W
1, 2026/09/15 09:45:52.682, 4, 16, 2820 MHz, 10501 MHz, P0, 98.85 W
0, 2026/09/15 09:45:52.882, 4, 16, 2835 MHz, 10501 MHz, P0, 95.15 W
1, 2026/09/15 09:45:52.882, 4, 16, 2820 MHz, 10501 MHz, P0, 86.52 W
0, 2026/09/15 09:45:53.082, 4, 16, 2835 MHz, 10501 MHz, P0, 95.15 W
1, 2026/09/15 09:45:53.085, 4, 16, 2820 MHz, 10501 MHz, P0, 86.52 W
0, 2026/09/15 09:45:53.285, 4, 16, 2835 MHz, 10501 MHz, P0, 95.15 W
1, 2026/09/15 09:45:53.286, 4, 16, 2820 MHz, 10501 MHz, P0, 86.52 W
0, 2026/09/15 09:45:53.486, 4, 16, 2835 MHz, 10501 MHz, P0, 88.20 W
1, 2026/09/15 09:45:53.486, 4, 16, 2820 MHz, 10501 MHz, P0, 80.59 W
0, 2026/09/15 09:45:53.686, 4, 16, 2835 MHz, 10501 MHz, P0, 88.20 W
1, 2026/09/15 09:45:53.686, 4, 16, 2820 MHz, 10501 MHz, P0, 80.59 W
0, 2026/09/15 09:45:53.887, 2, 16, 690 MHz, 810 MHz, P5, 85.88 W
1, 2026/09/15 09:45:53.887, 4, 16, 2820 MHz, 10501 MHz, P0, 79.36 W
0, 2026/09/15 09:45:54.087, 2, 16, 690 MHz, 810 MHz, P5, 85.88 W
1, 2026/09/15 09:45:54.087, 4, 16, 2820 MHz, 10501 MHz, P0, 79.36 W
0, 2026/09/15 09:45:54.288, 2, 16, 690 MHz, 810 MHz, P5, 85.88 W
1, 2026/09/15 09:45:54.288, 4, 16, 2520 MHz, 10251 MHz, P2, 72.61 W
0, 2026/09/15 09:45:54.488, 4, 16, 2520 MHz, 10251 MHz, P2, 74.14 W
1, 2026/09/15 09:45:54.488, 4, 16, 2520 MHz, 10251 MHz, P2, 72.61 W
0, 2026/09/15 09:45:54.688, 4, 16, 2520 MHz, 10251 MHz, P2, 74.14 W
1, 2026/09/15 09:45:54.689, 4, 16, 2520 MHz, 10251 MHz, P2, 72.61 W
0, 2026/09/15 09:45:54.889, 4, 16, 2520 MHz, 10251 MHz, P2, 69.78 W
1, 2026/09/15 09:45:54.889, 4, 16, 2520 MHz, 10251 MHz, P2, 69.12 W
0, 2026/09/15 09:45:55.089, 4, 16, 2520 MHz, 10251 MHz, P2, 69.78 W
1, 2026/09/15 09:45:55.089, 4, 16, 2520 MHz, 10251 MHz, P2, 69.12 W
0, 2026/09/15 09:45:55.290, 4, 16, 2520 MHz, 10251 MHz, P2, 69.78 W
1, 2026/09/15 09:45:55.290, 4, 16, 2520 MHz, 10251 MHz, P2, 69.12 W
0, 2026/09/15 09:45:55.490, 4, 16, 2835 MHz, 10251 MHz, P2, 79.12 W
1, 2026/09/15 09:45:55.490, 4, 16, 2820 MHz, 10251 MHz, P2, 75.76 W
0, 2026/09/15 09:45:55.691, 4, 16, 2835 MHz, 10251 MHz, P2, 79.12 W
1, 2026/09/15 09:45:55.691, 4, 16, 2820 MHz, 10251 MHz, P2, 75.76 W
0, 2026/09/15 09:45:55.891, 4, 16, 2835 MHz, 10251 MHz, P2, 100.04 W
1, 2026/09/15 09:45:55.891, 4, 16, 2820 MHz, 10251 MHz, P2, 93.36 W
0, 2026/09/15 09:45:56.091, 4, 16, 2835 MHz, 10251 MHz, P2, 100.04 W
1, 2026/09/15 09:45:56.092, 4, 16, 2820 MHz, 10251 MHz, P2, 93.36 W
0, 2026/09/15 09:45:56.292, 4, 16, 2835 MHz, 10251 MHz, P2, 100.04 W
1, 2026/09/15 09:45:56.292, 4, 16, 2820 MHz, 10251 MHz, P2, 104.19 W
0, 2026/09/15 09:45:56.492, 4, 16, 2835 MHz, 10251 MHz, P2, 113.21 W
1, 2026/09/15 09:45:56.493, 4, 16, 2820 MHz, 10251 MHz, P2, 104.19 W
0, 2026/09/15 09:45:56.693, 4, 16, 2835 MHz, 10251 MHz, P2, 113.21 W
1, 2026/09/15 09:45:56.693, 4, 16, 2820 MHz, 10251 MHz, P2, 104.19 W
0, 2026/09/15 09:45:56.893, 4, 16, 2835 MHz, 10251 MHz, P2, 115.06 W
1, 2026/09/15 09:45:56.893, 4, 16, 2820 MHz, 10251 MHz, P2, 105.79 W
0, 2026/09/15 09:45:57.094, 4, 16, 2835 MHz, 10251 MHz, P2, 115.06 W
1, 2026/09/15 09:45:57.094, 4, 16, 2820 MHz, 10251 MHz, P2, 105.79 W
0, 2026/09/15 09:45:57.294, 4, 16, 2835 MHz, 10251 MHz, P2, 115.06 W
1, 2026/09/15 09:45:57.294, 4, 16, 2820 MHz, 10251 MHz, P2, 106.37 W
0, 2026/09/15 09:45:57.494, 4, 16, 2835 MHz, 10251 MHz, P2, 115.83 W
1, 2026/09/15 09:45:57.495, 4, 16, 2820 MHz, 10251 MHz, P2, 106.37 W
0, 2026/09/15 09:45:57.695, 4, 16, 2835 MHz, 10251 MHz, P2, 115.83 W
1, 2026/09/15 09:45:57.695, 4, 16, 2820 MHz, 10251 MHz, P2, 106.37 W
0, 2026/09/15 09:45:57.895, 4, 16, 2835 MHz, 10251 MHz, P2, 115.86 W
1, 2026/09/15 09:45:57.895, 4, 16, 2820 MHz, 10251 MHz, P2, 106.29 W
0, 2026/09/15 09:45:58.096, 4, 16, 2835 MHz, 10251 MHz, P2, 115.86 W
1, 2026/09/15 09:45:58.096, 4, 16, 2820 MHz, 10251 MHz, P2, 106.29 W
0, 2026/09/15 09:45:58.296, 4, 16, 2835 MHz, 10251 MHz, P2, 115.86 W
1, 2026/09/15 09:45:58.296, 4, 16, 2820 MHz, 10251 MHz, P2, 106.87 W
0, 2026/09/15 09:45:58.496, 4, 16, 2835 MHz, 10251 MHz, P2, 116.44 W
1, 2026/09/15 09:45:58.497, 4, 16, 2820 MHz, 10251 MHz, P2, 106.87 W
0, 2026/09/15 09:45:58.697, 4, 16, 2835 MHz, 10251 MHz, P2, 116.44 W
1, 2026/09/15 09:45:58.697, 4, 16, 2820 MHz, 10251 MHz, P2, 106.87 W
0, 2026/09/15 09:45:58.897, 4, 16, 2835 MHz, 10251 MHz, P2, 117.67 W
1, 2026/09/15 09:45:58.897, 4, 16, 2820 MHz, 10251 MHz, P2, 107.82 W
0, 2026/09/15 09:45:59.098, 4, 16, 2835 MHz, 10251 MHz, P2, 117.67 W
1, 2026/09/15 09:45:59.098, 4, 16, 2820 MHz, 10251 MHz, P2, 107.82 W
0, 2026/09/15 09:45:59.299, 4, 16, 2835 MHz, 10251 MHz, P2, 117.67 W
1, 2026/09/15 09:45:59.328, 4, 16, 2820 MHz, 10251 MHz, P2, 107.44 W
0, 2026/09/15 09:45:59.529, 4, 16, 2835 MHz, 10251 MHz, P2, 117.45 W
1, 2026/09/15 09:45:59.529, 4, 16, 2820 MHz, 10251 MHz, P2, 107.44 W
0, 2026/09/15 09:45:59.730, 4, 16, 2835 MHz, 10251 MHz, P2, 117.45 W
1, 2026/09/15 09:45:59.730, 4, 16, 2820 MHz, 10251 MHz, P2, 107.44 W
0, 2026/09/15 09:45:59.930, 4, 16, 2835 MHz, 10251 MHz, P2, 118.27 W
1, 2026/09/15 09:45:59.930, 4, 16, 2820 MHz, 10251 MHz, P2, 107.86 W
0, 2026/09/15 09:46:00.131, 4, 16, 2835 MHz, 10251 MHz, P2, 118.27 W
1, 2026/09/15 09:46:00.131, 4, 16, 2820 MHz, 10251 MHz, P2, 107.86 W
0, 2026/09/15 09:46:00.331, 4, 16, 2835 MHz, 10251 MHz, P2, 118.27 W
1, 2026/09/15 09:46:00.331, 4, 16, 2820 MHz, 10251 MHz, P2, 106.44 W
0, 2026/09/15 09:46:00.532, 4, 16, 2835 MHz, 10251 MHz, P2, 117.78 W
1, 2026/09/15 09:46:00.532, 4, 16, 2820 MHz, 10251 MHz, P2, 106.44 W
0, 2026/09/15 09:46:00.732, 4, 16, 2835 MHz, 10251 MHz, P2, 117.78 W
1, 2026/09/15 09:46:00.732, 4, 16, 2820 MHz, 10251 MHz, P2, 106.44 W
0, 2026/09/15 09:46:00.933, 4, 16, 2835 MHz, 10251 MHz, P2, 119.19 W
1, 2026/09/15 09:46:00.933, 4, 16, 2820 MHz, 10251 MHz, P2, 108.58 W
0, 2026/09/15 09:46:01.133, 4, 16, 2835 MHz, 10251 MHz, P2, 119.19 W
1, 2026/09/15 09:46:01.133, 4, 16, 2820 MHz, 10251 MHz, P2, 108.58 W
0, 2026/09/15 09:46:01.334, 4, 16, 2835 MHz, 10251 MHz, P2, 119.19 W
1, 2026/09/15 09:46:01.334, 4, 16, 2820 MHz, 10251 MHz, P2, 108.67 W
0, 2026/09/15 09:46:01.534, 4, 16, 2835 MHz, 10251 MHz, P2, 119.18 W
1, 2026/09/15 09:46:01.534, 4, 16, 2820 MHz, 10251 MHz, P2, 108.67 W
0, 2026/09/15 09:46:01.735, 4, 16, 2835 MHz, 10251 MHz, P2, 119.18 W
1, 2026/09/15 09:46:01.735, 4, 16, 2820 MHz, 10251 MHz, P2, 108.67 W
0, 2026/09/15 09:46:01.935, 4, 16, 2835 MHz, 10251 MHz, P2, 116.67 W
1, 2026/09/15 09:46:01.935, 4, 16, 2820 MHz, 10251 MHz, P2, 106.48 W
0, 2026/09/15 09:46:02.135, 4, 16, 2835 MHz, 10251 MHz, P2, 116.67 W
1, 2026/09/15 09:46:02.136, 4, 16, 2820 MHz, 10251 MHz, P2, 106.48 W
0, 2026/09/15 09:46:02.336, 4, 16, 2835 MHz, 10251 MHz, P2, 116.67 W
1, 2026/09/15 09:46:02.336, 4, 16, 2820 MHz, 10501 MHz, P0, 102.75 W
0, 2026/09/15 09:46:02.537, 4, 16, 2835 MHz, 10251 MHz, P2, 111.19 W
1, 2026/09/15 09:46:02.537, 4, 16, 2820 MHz, 10501 MHz, P0, 102.75 W
0, 2026/09/15 09:46:02.737, 4, 16, 2835 MHz, 10251 MHz, P2, 111.19 W
1, 2026/09/15 09:46:02.737, 4, 16, 2820 MHz, 10501 MHz, P0, 102.75 W
0, 2026/09/15 09:46:02.938, 4, 16, 2835 MHz, 10501 MHz, P0, 98.82 W
1, 2026/09/15 09:46:02.938, 4, 16, 2820 MHz, 10501 MHz, P0, 90.61 W
0, 2026/09/15 09:46:03.138, 4, 16, 2835 MHz, 10501 MHz, P0, 98.82 W
1, 2026/09/15 09:46:03.139, 4, 16, 2820 MHz, 10501 MHz, P0, 90.61 W
0, 2026/09/15 09:46:03.339, 4, 16, 2835 MHz, 10501 MHz, P0, 98.82 W
1, 2026/09/15 09:46:03.339, 4, 16, 2820 MHz, 10501 MHz, P0, 80.22 W
0, 2026/09/15 09:46:03.539, 4, 16, 2835 MHz, 10501 MHz, P0, 87.68 W
1, 2026/09/15 09:46:03.539, 4, 16, 2820 MHz, 10501 MHz, P0, 80.22 W
0, 2026/09/15 09:46:03.740, 4, 16, 2835 MHz, 10501 MHz, P0, 87.68 W
1, 2026/09/15 09:46:03.740, 4, 16, 2820 MHz, 10501 MHz, P0, 80.22 W
0, 2026/09/15 09:46:03.940, 4, 16, 2520 MHz, 10501 MHz, P0, 87.24 W
1, 2026/09/15 09:46:03.945, 4, 16, 2820 MHz, 10501 MHz, P0, 79.29 W
0, 2026/09/15 09:46:04.145, 4, 16, 2520 MHz, 10501 MHz, P0, 87.24 W
1, 2026/09/15 09:46:04.145, 4, 16, 2820 MHz, 10501 MHz, P0, 79.29 W
0, 2026/09/15 09:46:04.346, 4, 16, 2520 MHz, 10251 MHz, P2, 78.06 W
1, 2026/09/15 09:46:04.346, 4, 16, 2520 MHz, 10251 MHz, P2, 72.59 W
0, 2026/09/15 09:46:04.546, 4, 16, 2520 MHz, 10251 MHz, P2, 78.06 W
1, 2026/09/15 09:46:04.546, 4, 16, 2520 MHz, 10251 MHz, P2, 72.59 W
0, 2026/09/15 09:46:04.746, 4, 16, 2520 MHz, 10251 MHz, P2, 78.06 W
1, 2026/09/15 09:46:04.747, 4, 16, 2520 MHz, 10251 MHz, P2, 72.59 W
0, 2026/09/15 09:46:04.947, 4, 16, 2835 MHz, 10251 MHz, P2, 69.18 W
1, 2026/09/15 09:46:04.947, 4, 16, 2520 MHz, 10251 MHz, P2, 66.73 W
0, 2026/09/15 09:46:05.148, 4, 16, 2835 MHz, 10251 MHz, P2, 69.18 W
1, 2026/09/15 09:46:05.148, 4, 16, 2520 MHz, 10251 MHz, P2, 66.73 W
0, 2026/09/15 09:46:05.348, 4, 16, 2835 MHz, 10251 MHz, P2, 85.51 W
1, 2026/09/15 09:46:05.348, 4, 16, 2820 MHz, 10251 MHz, P2, 81.02 W
0, 2026/09/15 09:46:05.548, 4, 16, 2835 MHz, 10251 MHz, P2, 85.51 W
1, 2026/09/15 09:46:05.549, 4, 16, 2820 MHz, 10251 MHz, P2, 81.02 W
0, 2026/09/15 09:46:05.749, 4, 16, 2835 MHz, 10251 MHz, P2, 85.51 W
1, 2026/09/15 09:46:05.749, 4, 16, 2820 MHz, 10251 MHz, P2, 81.02 W
0, 2026/09/15 09:46:05.949, 4, 16, 2835 MHz, 10251 MHz, P2, 106.86 W
1, 2026/09/15 09:46:05.949, 4, 16, 2820 MHz, 10251 MHz, P2, 98.48 W
0, 2026/09/15 09:46:06.150, 4, 16, 2835 MHz, 10251 MHz, P2, 106.86 W
1, 2026/09/15 09:46:06.150, 4, 16, 2820 MHz, 10251 MHz, P2, 98.48 W
0, 2026/09/15 09:46:06.350, 4, 16, 2835 MHz, 10251 MHz, P2, 113.97 W
1, 2026/09/15 09:46:06.350, 4, 16, 2820 MHz, 10251 MHz, P2, 104.32 W
0, 2026/09/15 09:46:06.551, 4, 16, 2835 MHz, 10251 MHz, P2, 113.97 W
1, 2026/09/15 09:46:06.551, 4, 16, 2820 MHz, 10251 MHz, P2, 104.32 W
0, 2026/09/15 09:46:06.751, 4, 16, 2835 MHz, 10251 MHz, P2, 113.97 W
1, 2026/09/15 09:46:06.751, 4, 16, 2820 MHz, 10251 MHz, P2, 104.32 W
0, 2026/09/15 09:46:06.951, 4, 16, 2835 MHz, 10251 MHz, P2, 115.40 W
1, 2026/09/15 09:46:06.952, 4, 16, 2820 MHz, 10251 MHz, P2, 105.36 W
0, 2026/09/15 09:46:07.152, 4, 16, 2835 MHz, 10251 MHz, P2, 115.40 W
1, 2026/09/15 09:46:07.152, 4, 16, 2820 MHz, 10251 MHz, P2, 105.36 W
0, 2026/09/15 09:46:07.353, 4, 16, 2835 MHz, 10251 MHz, P2, 116.15 W
1, 2026/09/15 09:46:07.353, 4, 16, 2820 MHz, 10251 MHz, P2, 105.80 W
0, 2026/09/15 09:46:07.553, 4, 16, 2835 MHz, 10251 MHz, P2, 116.15 W
1, 2026/09/15 09:46:07.553, 4, 16, 2820 MHz, 10251 MHz, P2, 105.80 W
0, 2026/09/15 09:46:07.753, 4, 16, 2835 MHz, 10251 MHz, P2, 116.15 W
1, 2026/09/15 09:46:07.754, 4, 16, 2820 MHz, 10251 MHz, P2, 105.80 W
0, 2026/09/15 09:46:07.954, 4, 16, 2835 MHz, 10251 MHz, P2, 116.88 W
1, 2026/09/15 09:46:07.954, 4, 16, 2820 MHz, 10251 MHz, P2, 106.32 W
0, 2026/09/15 09:46:08.154, 4, 16, 2835 MHz, 10251 MHz, P2, 116.88 W
1, 2026/09/15 09:46:08.154, 4, 16, 2820 MHz, 10251 MHz, P2, 106.32 W
0, 2026/09/15 09:46:08.355, 4, 16, 2835 MHz, 10251 MHz, P2, 116.93 W
1, 2026/09/15 09:46:08.355, 4, 16, 2820 MHz, 10251 MHz, P2, 106.17 W
0, 2026/09/15 09:46:08.555, 4, 16, 2835 MHz, 10251 MHz, P2, 116.93 W
1, 2026/09/15 09:46:08.555, 4, 16, 2820 MHz, 10251 MHz, P2, 106.17 W
0, 2026/09/15 09:46:08.756, 4, 16, 2835 MHz, 10251 MHz, P2, 116.93 W
1, 2026/09/15 09:46:08.756, 4, 16, 2820 MHz, 10251 MHz, P2, 106.17 W
0, 2026/09/15 09:46:08.956, 4, 16, 2835 MHz, 10251 MHz, P2, 118.01 W
1, 2026/09/15 09:46:08.956, 4, 16, 2820 MHz, 10251 MHz, P2, 106.96 W
0, 2026/09/15 09:46:09.156, 4, 16, 2835 MHz, 10251 MHz, P2, 118.01 W
1, 2026/09/15 09:46:09.157, 4, 16, 2820 MHz, 10251 MHz, P2, 106.96 W
0, 2026/09/15 09:46:09.357, 4, 16, 2835 MHz, 10251 MHz, P2, 118.31 W
1, 2026/09/15 09:46:09.357, 4, 16, 2820 MHz, 10251 MHz, P2, 107.20 W
0, 2026/09/15 09:46:09.557, 4, 16, 2835 MHz, 10251 MHz, P2, 118.31 W
1, 2026/09/15 09:46:09.557, 4, 16, 2820 MHz, 10251 MHz, P2, 107.20 W
0, 2026/09/15 09:46:09.758, 4, 16, 2835 MHz, 10251 MHz, P2, 118.31 W
1, 2026/09/15 09:46:09.758, 4, 16, 2820 MHz, 10251 MHz, P2, 107.20 W
0, 2026/09/15 09:46:09.958, 4, 16, 2835 MHz, 10251 MHz, P2, 117.40 W
1, 2026/09/15 09:46:09.958, 4, 16, 2820 MHz, 10251 MHz, P2, 106.42 W
0, 2026/09/15 09:46:10.158, 4, 16, 2835 MHz, 10251 MHz, P2, 117.40 W
1, 2026/09/15 09:46:10.159, 4, 16, 2820 MHz, 10251 MHz, P2, 106.42 W
0, 2026/09/15 09:46:10.359, 4, 16, 2835 MHz, 10251 MHz, P2, 118.57 W
1, 2026/09/15 09:46:10.359, 4, 16, 2820 MHz, 10251 MHz, P2, 107.55 W
0, 2026/09/15 09:46:10.559, 4, 16, 2835 MHz, 10251 MHz, P2, 118.57 W
1, 2026/09/15 09:46:10.560, 4, 16, 2820 MHz, 10251 MHz, P2, 107.55 W
0, 2026/09/15 09:46:10.760, 4, 16, 2835 MHz, 10251 MHz, P2, 118.57 W
1, 2026/09/15 09:46:10.760, 4, 16, 2820 MHz, 10251 MHz, P2, 107.55 W
0, 2026/09/15 09:46:10.960, 4, 16, 2835 MHz, 10251 MHz, P2, 118.71 W
1, 2026/09/15 09:46:10.960, 4, 16, 2820 MHz, 10251 MHz, P2, 107.63 W
0, 2026/09/15 09:46:11.161, 4, 16, 2835 MHz, 10251 MHz, P2, 118.71 W
1, 2026/09/15 09:46:11.161, 4, 16, 2820 MHz, 10251 MHz, P2, 107.63 W
0, 2026/09/15 09:46:11.361, 4, 16, 2835 MHz, 10251 MHz, P2, 117.69 W
1, 2026/09/15 09:46:11.361, 4, 16, 2820 MHz, 10251 MHz, P2, 106.30 W
0, 2026/09/15 09:46:11.562, 4, 16, 2835 MHz, 10251 MHz, P2, 117.69 W
1, 2026/09/15 09:46:11.562, 4, 16, 2820 MHz, 10251 MHz, P2, 106.30 W
0, 2026/09/15 09:46:11.762, 4, 16, 2835 MHz, 10251 MHz, P2, 117.69 W
1, 2026/09/15 09:46:11.762, 4, 16, 2820 MHz, 10251 MHz, P2, 106.30 W
0, 2026/09/15 09:46:11.962, 4, 16, 2835 MHz, 10251 MHz, P2, 114.95 W
1, 2026/09/15 09:46:11.963, 4, 16, 2820 MHz, 10251 MHz, P2, 103.95 W
0, 2026/09/15 09:46:12.163, 4, 16, 2835 MHz, 10251 MHz, P2, 114.95 W
1, 2026/09/15 09:46:12.163, 4, 16, 2820 MHz, 10251 MHz, P2, 103.95 W
0, 2026/09/15 09:46:12.363, 4, 16, 2835 MHz, 10251 MHz, P0, 101.44 W
1, 2026/09/15 09:46:12.363, 4, 16, 2820 MHz, 10501 MHz, P0, 93.15 W
0, 2026/09/15 09:46:12.564, 4, 16, 2835 MHz, 10251 MHz, P0, 101.44 W
1, 2026/09/15 09:46:12.564, 4, 16, 2820 MHz, 10501 MHz, P0, 93.15 W
0, 2026/09/15 09:46:12.764, 4, 16, 2835 MHz, 10251 MHz, P0, 101.44 W
1, 2026/09/15 09:46:12.764, 4, 16, 2820 MHz, 10501 MHz, P0, 93.15 W
0, 2026/09/15 09:46:12.964, 4, 16, 2835 MHz, 10501 MHz, P0, 88.04 W
1, 2026/09/15 09:46:12.965, 4, 16, 2820 MHz, 10501 MHz, P0, 80.71 W
0, 2026/09/15 09:46:13.165, 4, 16, 2835 MHz, 10501 MHz, P0, 88.04 W
1, 2026/09/15 09:46:13.165, 4, 16, 2820 MHz, 10501 MHz, P0, 80.71 W
0, 2026/09/15 09:46:13.365, 4, 16, 2835 MHz, 10501 MHz, P0, 87.78 W
1, 2026/09/15 09:46:13.366, 4, 16, 2820 MHz, 10501 MHz, P0, 79.22 W
0, 2026/09/15 09:46:13.566, 4, 16, 2835 MHz, 10501 MHz, P0, 87.78 W
1, 2026/09/15 09:46:13.578, 4, 16, 2820 MHz, 10501 MHz, P0, 79.22 W
0, 2026/09/15 09:46:13.778, 4, 16, 2835 MHz, 10501 MHz, P0, 87.78 W
1, 2026/09/15 09:46:13.778, 4, 16, 2820 MHz, 10501 MHz, P0, 79.22 W
0, 2026/09/15 09:46:13.978, 4, 16, 2520 MHz, 10251 MHz, P2, 79.22 W
1, 2026/09/15 09:46:13.979, 2, 16, 825 MHz, 810 MHz, P5, 60.37 W
0, 2026/09/15 09:46:14.179, 4, 16, 2520 MHz, 10251 MHz, P2, 79.22 W
1, 2026/09/15 09:46:14.179, 2, 16, 825 MHz, 810 MHz, P5, 60.37 W
0, 2026/09/15 09:46:14.379, 4, 16, 2520 MHz, 10251 MHz, P2, 69.80 W
1, 2026/09/15 09:46:14.380, 4, 16, 2520 MHz, 10251 MHz, P2, 51.63 W
0, 2026/09/15 09:46:14.580, 4, 16, 2520 MHz, 10251 MHz, P2, 69.80 W
1, 2026/09/15 09:46:14.580, 4, 16, 2520 MHz, 10251 MHz, P2, 51.63 W
0, 2026/09/15 09:46:14.780, 4, 16, 2520 MHz, 10251 MHz, P2, 69.80 W
1, 2026/09/15 09:46:14.781, 4, 16, 2520 MHz, 10251 MHz, P2, 51.63 W
0, 2026/09/15 09:46:14.981, 4, 16, 2835 MHz, 10251 MHz, P2, 68.52 W
1, 2026/09/15 09:46:14.981, 4, 16, 2520 MHz, 10251 MHz, P2, 61.02 W
0, 2026/09/15 09:46:15.181, 4, 16, 2835 MHz, 10251 MHz, P2, 68.52 W
1, 2026/09/15 09:46:15.181, 4, 16, 2520 MHz, 10251 MHz, P2, 61.02 W
0, 2026/09/15 09:46:15.382, 4, 16, 2835 MHz, 10251 MHz, P2, 87.15 W
1, 2026/09/15 09:46:15.382, 4, 16, 2820 MHz, 10251 MHz, P2, 82.53 W
0, 2026/09/15 09:46:15.582, 4, 16, 2835 MHz, 10251 MHz, P2, 87.15 W
1, 2026/09/15 09:46:15.582, 4, 16, 2820 MHz, 10251 MHz, P2, 82.53 W
0, 2026/09/15 09:46:15.783, 4, 16, 2835 MHz, 10251 MHz, P2, 87.15 W
1, 2026/09/15 09:46:15.783, 4, 16, 2820 MHz, 10251 MHz, P2, 82.53 W
0, 2026/09/15 09:46:15.983, 4, 16, 2835 MHz, 10251 MHz, P2, 107.52 W
1, 2026/09/15 09:46:15.983, 4, 16, 2820 MHz, 10251 MHz, P2, 99.21 W
0, 2026/09/15 09:46:16.184, 4, 16, 2835 MHz, 10251 MHz, P2, 107.52 W
1, 2026/09/15 09:46:16.184, 4, 16, 2820 MHz, 10251 MHz, P2, 99.21 W
0, 2026/09/15 09:46:16.384, 4, 16, 2835 MHz, 10251 MHz, P2, 115.50 W
1, 2026/09/15 09:46:16.384, 4, 16, 2820 MHz, 10251 MHz, P2, 105.91 W
0, 2026/09/15 09:46:16.585, 4, 16, 2835 MHz, 10251 MHz, P2, 115.50 W
1, 2026/09/15 09:46:16.585, 4, 16, 2820 MHz, 10251 MHz, P2, 105.91 W
0, 2026/09/15 09:46:16.785, 4, 16, 2835 MHz, 10251 MHz, P2, 115.50 W
1, 2026/09/15 09:46:16.785, 4, 16, 2820 MHz, 10251 MHz, P2, 105.91 W
0, 2026/09/15 09:46:16.985, 4, 16, 2835 MHz, 10251 MHz, P2, 116.82 W
1, 2026/09/15 09:46:16.986, 4, 16, 2820 MHz, 10251 MHz, P2, 106.98 W
0, 2026/09/15 09:46:17.186, 4, 16, 2835 MHz, 10251 MHz, P2, 116.82 W
1, 2026/09/15 09:46:17.186, 4, 16, 2820 MHz, 10251 MHz, P2, 106.98 W
0, 2026/09/15 09:46:17.386, 4, 16, 2835 MHz, 10251 MHz, P2, 116.85 W
1, 2026/09/15 09:46:17.386, 4, 16, 2820 MHz, 10251 MHz, P2, 106.88 W
0, 2026/09/15 09:46:17.587, 4, 16, 2835 MHz, 10251 MHz, P2, 116.85 W
1, 2026/09/15 09:46:17.587, 4, 16, 2820 MHz, 10251 MHz, P2, 106.88 W
0, 2026/09/15 09:46:17.787, 4, 16, 2835 MHz, 10251 MHz, P2, 116.85 W
1, 2026/09/15 09:46:17.787, 4, 16, 2820 MHz, 10251 MHz, P2, 106.88 W
0, 2026/09/15 09:46:17.988, 4, 16, 2835 MHz, 10251 MHz, P2, 117.44 W
1, 2026/09/15 09:46:17.988, 4, 16, 2820 MHz, 10251 MHz, P2, 107.08 W
0, 2026/09/15 09:46:18.188, 4, 16, 2835 MHz, 10251 MHz, P2, 117.44 W
1, 2026/09/15 09:46:18.188, 4, 16, 2820 MHz, 10251 MHz, P2, 107.08 W
0, 2026/09/15 09:46:18.389, 4, 16, 2835 MHz, 10251 MHz, P2, 118.86 W
1, 2026/09/15 09:46:18.389, 4, 16, 2820 MHz, 10251 MHz, P2, 108.42 W
0, 2026/09/15 09:46:18.589, 4, 16, 2835 MHz, 10251 MHz, P2, 118.86 W
1, 2026/09/15 09:46:18.589, 4, 16, 2820 MHz, 10251 MHz, P2, 108.42 W
0, 2026/09/15 09:46:18.789, 4, 16, 2835 MHz, 10251 MHz, P2, 118.86 W
1, 2026/09/15 09:46:18.790, 4, 16, 2820 MHz, 10251 MHz, P2, 107.74 W
0, 2026/09/15 09:46:18.990, 4, 16, 2835 MHz, 10251 MHz, P2, 118.46 W
1, 2026/09/15 09:46:18.990, 4, 16, 2820 MHz, 10251 MHz, P2, 107.74 W
0, 2026/09/15 09:46:19.190, 4, 16, 2835 MHz, 10251 MHz, P2, 118.46 W
1, 2026/09/15 09:46:19.191, 4, 16, 2820 MHz, 10251 MHz, P2, 107.74 W
0, 2026/09/15 09:46:19.391, 4, 16, 2835 MHz, 10251 MHz, P2, 118.78 W
1, 2026/09/15 09:46:19.391, 4, 16, 2820 MHz, 10251 MHz, P2, 107.65 W
0, 2026/09/15 09:46:19.591, 4, 16, 2835 MHz, 10251 MHz, P2, 118.78 W
1, 2026/09/15 09:46:19.592, 4, 16, 2820 MHz, 10251 MHz, P2, 107.65 W
0, 2026/09/15 09:46:19.792, 4, 16, 2835 MHz, 10251 MHz, P2, 118.78 W
1, 2026/09/15 09:46:19.792, 4, 16, 2820 MHz, 10251 MHz, P2, 107.65 W
0, 2026/09/15 09:46:19.993, 4, 16, 2835 MHz, 10251 MHz, P2, 119.33 W
1, 2026/09/15 09:46:19.993, 4, 16, 2820 MHz, 10251 MHz, P2, 107.70 W
0, 2026/09/15 09:46:20.193, 4, 16, 2835 MHz, 10251 MHz, P2, 119.33 W
1, 2026/09/15 09:46:20.194, 4, 16, 2820 MHz, 10251 MHz, P2, 107.70 W
0, 2026/09/15 09:46:20.394, 4, 16, 2835 MHz, 10251 MHz, P2, 119.63 W
1, 2026/09/15 09:46:20.394, 4, 16, 2820 MHz, 10251 MHz, P2, 108.64 W
0, 2026/09/15 09:46:20.594, 4, 16, 2835 MHz, 10251 MHz, P2, 119.63 W
1, 2026/09/15 09:46:20.594, 4, 16, 2820 MHz, 10251 MHz, P2, 108.64 W
0, 2026/09/15 09:46:20.795, 4, 16, 2835 MHz, 10251 MHz, P2, 119.63 W
1, 2026/09/15 09:46:20.795, 4, 16, 2820 MHz, 10251 MHz, P2, 108.70 W
0, 2026/09/15 09:46:20.995, 4, 16, 2835 MHz, 10251 MHz, P2, 119.19 W
1, 2026/09/15 09:46:20.995, 4, 16, 2820 MHz, 10251 MHz, P2, 108.70 W
0, 2026/09/15 09:46:21.195, 4, 16, 2835 MHz, 10251 MHz, P2, 119.19 W
1, 2026/09/15 09:46:21.195, 4, 16, 2820 MHz, 10251 MHz, P2, 108.70 W
0, 2026/09/15 09:46:21.396, 4, 16, 2835 MHz, 10251 MHz, P2, 116.32 W
1, 2026/09/15 09:46:21.396, 4, 16, 2820 MHz, 10251 MHz, P2, 106.33 W
0, 2026/09/15 09:46:21.597, 4, 16, 2835 MHz, 10251 MHz, P2, 116.32 W
1, 2026/09/15 09:46:21.598, 4, 16, 2820 MHz, 10251 MHz, P2, 106.33 W
0, 2026/09/15 09:46:21.798, 4, 16, 2835 MHz, 10251 MHz, P2, 116.32 W
1, 2026/09/15 09:46:21.843, 4, 16, 2820 MHz, 10501 MHz, P0, 99.65 W
0, 2026/09/15 09:46:22.044, 4, 16, 2835 MHz, 10501 MHz, P0, 108.58 W
1, 2026/09/15 09:46:22.044, 4, 16, 2820 MHz, 10501 MHz, P0, 99.65 W
0, 2026/09/15 09:46:22.244, 4, 16, 2835 MHz, 10501 MHz, P0, 108.58 W
1, 2026/09/15 09:46:22.244, 4, 16, 2820 MHz, 10501 MHz, P0, 99.65 W
0, 2026/09/15 09:46:22.445, 4, 16, 2835 MHz, 10501 MHz, P0, 95.38 W
1, 2026/09/15 09:46:22.445, 4, 16, 2820 MHz, 10501 MHz, P0, 87.14 W
0, 2026/09/15 09:46:22.645, 4, 16, 2835 MHz, 10501 MHz, P0, 95.38 W
1, 2026/09/15 09:46:22.645, 4, 16, 2820 MHz, 10501 MHz, P0, 87.14 W
0, 2026/09/15 09:46:22.845, 4, 16, 2835 MHz, 10501 MHz, P0, 95.38 W
1, 2026/09/15 09:46:22.845, 4, 16, 2820 MHz, 10501 MHz, P0, 79.10 W
0, 2026/09/15 09:46:23.046, 4, 16, 2835 MHz, 10501 MHz, P0, 88.06 W
1, 2026/09/15 09:46:23.046, 4, 16, 2820 MHz, 10501 MHz, P0, 79.10 W
0, 2026/09/15 09:46:23.246, 4, 16, 2835 MHz, 10501 MHz, P0, 88.06 W
1, 2026/09/15 09:46:23.249, 4, 16, 2820 MHz, 10501 MHz, P0, 79.10 W
0, 2026/09/15 09:46:23.449, 4, 16, 2520 MHz, 10501 MHz, P2, 84.84 W
1, 2026/09/15 09:46:23.449, 2, 16, 735 MHz, 810 MHz, P5, 75.04 W
0, 2026/09/15 09:46:23.650, 4, 16, 2520 MHz, 10501 MHz, P2, 84.84 W
1, 2026/09/15 09:46:23.650, 2, 16, 735 MHz, 810 MHz, P5, 75.04 W
0, 2026/09/15 09:46:23.850, 4, 16, 2520 MHz, 10251 MHz, P2, 75.40 W
1, 2026/09/15 09:46:23.850, 4, 16, 2520 MHz, 10251 MHz, P2, 65.53 W
0, 2026/09/15 09:46:24.051, 4, 16, 2520 MHz, 10251 MHz, P2, 75.40 W
1, 2026/09/15 09:46:24.051, 4, 16, 2520 MHz, 10251 MHz, P2, 65.53 W
0, 2026/09/15 09:46:24.251, 4, 16, 2520 MHz, 10251 MHz, P2, 75.40 W
1, 2026/09/15 09:46:24.252, 4, 16, 2520 MHz, 10251 MHz, P2, 65.53 W
0, 2026/09/15 09:46:24.452, 4, 16, 2835 MHz, 10251 MHz, P2, 69.83 W
1, 2026/09/15 09:46:24.452, 4, 16, 2820 MHz, 10251 MHz, P2, 62.81 W
0, 2026/09/15 09:46:24.652, 4, 16, 2835 MHz, 10251 MHz, P2, 69.83 W
1, 2026/09/15 09:46:24.652, 4, 16, 2820 MHz, 10251 MHz, P2, 62.81 W
0, 2026/09/15 09:46:24.852, 4, 16, 2835 MHz, 10251 MHz, P2, 89.89 W
1, 2026/09/15 09:46:24.853, 4, 16, 2820 MHz, 10251 MHz, P2, 85.34 W
0, 2026/09/15 09:46:25.053, 4, 16, 2835 MHz, 10251 MHz, P2, 89.89 W
1, 2026/09/15 09:46:25.053, 4, 16, 2820 MHz, 10251 MHz, P2, 85.34 W
0, 2026/09/15 09:46:25.253, 4, 16, 2835 MHz, 10251 MHz, P2, 89.89 W
1, 2026/09/15 09:46:25.253, 4, 16, 2820 MHz, 10251 MHz, P2, 85.34 W
0, 2026/09/15 09:46:25.453, 4, 16, 2835 MHz, 10251 MHz, P2, 110.82 W
1, 2026/09/15 09:46:25.454, 4, 16, 2820 MHz, 10251 MHz, P2, 102.21 W
0, 2026/09/15 09:46:25.654, 4, 16, 2835 MHz, 10251 MHz, P2, 110.82 W
1, 2026/09/15 09:46:25.654, 4, 16, 2820 MHz, 10251 MHz, P2, 102.21 W
0, 2026/09/15 09:46:25.854, 4, 16, 2835 MHz, 10251 MHz, P2, 116.41 W
1, 2026/09/15 09:46:25.854, 4, 16, 2820 MHz, 10251 MHz, P2, 106.54 W
0, 2026/09/15 09:46:26.055, 4, 16, 2835 MHz, 10251 MHz, P2, 116.41 W
1, 2026/09/15 09:46:26.055, 4, 16, 2820 MHz, 10251 MHz, P2, 106.54 W
0, 2026/09/15 09:46:26.255, 4, 16, 2835 MHz, 10251 MHz, P2, 116.41 W
1, 2026/09/15 09:46:26.255, 4, 16, 2820 MHz, 10251 MHz, P2, 106.54 W
0, 2026/09/15 09:46:26.456, 4, 16, 2835 MHz, 10251 MHz, P2, 117.51 W
1, 2026/09/15 09:46:26.456, 4, 16, 2820 MHz, 10251 MHz, P2, 107.47 W
0, 2026/09/15 09:46:26.656, 4, 16, 2835 MHz, 10251 MHz, P2, 117.51 W
1, 2026/09/15 09:46:26.656, 4, 16, 2820 MHz, 10251 MHz, P2, 107.47 W
0, 2026/09/15 09:46:26.856, 4, 16, 2835 MHz, 10251 MHz, P2, 118.16 W
1, 2026/09/15 09:46:26.856, 4, 16, 2820 MHz, 10251 MHz, P2, 107.83 W
0, 2026/09/15 09:46:27.057, 4, 16, 2835 MHz, 10251 MHz, P2, 118.16 W
1, 2026/09/15 09:46:27.057, 4, 16, 2820 MHz, 10251 MHz, P2, 107.83 W
0, 2026/09/15 09:46:27.257, 4, 16, 2835 MHz, 10251 MHz, P2, 118.16 W
1, 2026/09/15 09:46:27.257, 4, 16, 2820 MHz, 10251 MHz, P2, 107.83 W
0, 2026/09/15 09:46:27.457, 4, 16, 2835 MHz, 10251 MHz, P2, 117.68 W
1, 2026/09/15 09:46:27.457, 4, 16, 2820 MHz, 10251 MHz, P2, 107.50 W
0, 2026/09/15 09:46:27.658, 4, 16, 2835 MHz, 10251 MHz, P2, 117.68 W
1, 2026/09/15 09:46:27.658, 4, 16, 2820 MHz, 10251 MHz, P2, 107.50 W
0, 2026/09/15 09:46:27.858, 4, 16, 2835 MHz, 10251 MHz, P2, 118.36 W
1, 2026/09/15 09:46:27.858, 4, 16, 2820 MHz, 10251 MHz, P2, 108.21 W
0, 2026/09/15 09:46:28.058, 4, 16, 2835 MHz, 10251 MHz, P2, 118.36 W
1, 2026/09/15 09:46:28.059, 4, 16, 2820 MHz, 10251 MHz, P2, 108.21 W
0, 2026/09/15 09:46:28.259, 4, 16, 2835 MHz, 10251 MHz, P2, 118.36 W
1, 2026/09/15 09:46:28.259, 4, 16, 2820 MHz, 10251 MHz, P2, 108.21 W
0, 2026/09/15 09:46:28.459, 4, 16, 2835 MHz, 10251 MHz, P2, 118.59 W
1, 2026/09/15 09:46:28.459, 4, 16, 2820 MHz, 10251 MHz, P2, 108.09 W
0, 2026/09/15 09:46:28.660, 4, 16, 2835 MHz, 10251 MHz, P2, 118.59 W
1, 2026/09/15 09:46:28.660, 4, 16, 2820 MHz, 10251 MHz, P2, 108.09 W
0, 2026/09/15 09:46:28.860, 4, 16, 2835 MHz, 10251 MHz, P2, 118.20 W
1, 2026/09/15 09:46:28.860, 4, 16, 2820 MHz, 10251 MHz, P2, 107.50 W
0, 2026/09/15 09:46:29.060, 4, 16, 2835 MHz, 10251 MHz, P2, 118.20 W
1, 2026/09/15 09:46:29.060, 4, 16, 2820 MHz, 10251 MHz, P2, 107.50 W
0, 2026/09/15 09:46:29.261, 4, 16, 2835 MHz, 10251 MHz, P2, 118.20 W
1, 2026/09/15 09:46:29.261, 4, 16, 2820 MHz, 10251 MHz, P2, 107.50 W
0, 2026/09/15 09:46:29.461, 4, 16, 2835 MHz, 10251 MHz, P2, 119.49 W
1, 2026/09/15 09:46:29.461, 4, 16, 2820 MHz, 10251 MHz, P2, 108.64 W
0, 2026/09/15 09:46:29.661, 4, 16, 2835 MHz, 10251 MHz, P2, 119.49 W
1, 2026/09/15 09:46:29.661, 4, 16, 2820 MHz, 10251 MHz, P2, 108.64 W
0, 2026/09/15 09:46:29.862, 4, 16, 2835 MHz, 10251 MHz, P2, 119.96 W
1, 2026/09/15 09:46:29.862, 4, 16, 2820 MHz, 10251 MHz, P2, 108.93 W
0, 2026/09/15 09:46:30.062, 4, 16, 2835 MHz, 10251 MHz, P2, 119.96 W
1, 2026/09/15 09:46:30.062, 4, 16, 2820 MHz, 10251 MHz, P2, 108.93 W
0, 2026/09/15 09:46:30.262, 4, 16, 2835 MHz, 10251 MHz, P2, 119.96 W
1, 2026/09/15 09:46:30.263, 4, 16, 2820 MHz, 10251 MHz, P2, 108.93 W
0, 2026/09/15 09:46:30.463, 4, 16, 2835 MHz, 10251 MHz, P2, 118.59 W
1, 2026/09/15 09:46:30.463, 4, 16, 2820 MHz, 10251 MHz, P2, 107.78 W
0, 2026/09/15 09:46:30.663, 4, 16, 2835 MHz, 10251 MHz, P2, 118.59 W
1, 2026/09/15 09:46:30.663, 4, 16, 2820 MHz, 10251 MHz, P2, 107.78 W
0, 2026/09/15 09:46:30.864, 4, 16, 2835 MHz, 10251 MHz, P2, 108.26 W
1, 2026/09/15 09:46:30.864, 4, 16, 2820 MHz, 10251 MHz, P2, 98.79 W
0, 2026/09/15 09:46:31.064, 4, 16, 2835 MHz, 10251 MHz, P2, 108.26 W
1, 2026/09/15 09:46:31.065, 4, 16, 2820 MHz, 10251 MHz, P2, 98.79 W
0, 2026/09/15 09:46:31.266, 4, 16, 2835 MHz, 10251 MHz, P2, 108.26 W
1, 2026/09/15 09:46:31.266, 4, 16, 2820 MHz, 10251 MHz, P2, 98.79 W
0, 2026/09/15 09:46:31.466, 4, 16, 2835 MHz, 10501 MHz, P0, 95.62 W
1, 2026/09/15 09:46:31.467, 4, 16, 2820 MHz, 10501 MHz, P0, 87.65 W
0, 2026/09/15 09:46:31.667, 4, 16, 2835 MHz, 10501 MHz, P0, 95.62 W
1, 2026/09/15 09:46:31.667, 4, 16, 2820 MHz, 10501 MHz, P0, 87.65 W
0, 2026/09/15 09:46:31.867, 4, 16, 2835 MHz, 10501 MHz, P0, 88.88 W
1, 2026/09/15 09:46:31.867, 4, 16, 2820 MHz, 10501 MHz, P0, 81.14 W
0, 2026/09/15 09:46:32.068, 4, 16, 2835 MHz, 10501 MHz, P0, 88.88 W
1, 2026/09/15 09:46:32.068, 4, 16, 2820 MHz, 10501 MHz, P0, 81.14 W
0, 2026/09/15 09:46:32.268, 4, 16, 2835 MHz, 10501 MHz, P0, 88.88 W
1, 2026/09/15 09:46:32.268, 4, 16, 2820 MHz, 10501 MHz, P0, 81.14 W
0, 2026/09/15 09:46:32.469, 4, 16, 2520 MHz, 10501 MHz, P0, 88.25 W
1, 2026/09/15 09:46:32.469, 2, 16, 855 MHz, 810 MHz, P5, 79.59 W
0, 2026/09/15 09:46:32.669, 4, 16, 2520 MHz, 10501 MHz, P0, 88.25 W
1, 2026/09/15 09:46:32.669, 2, 16, 855 MHz, 810 MHz, P5, 79.59 W
0, 2026/09/15 09:46:32.870, 4, 16, 2520 MHz, 10501 MHz, P2, 75.31 W
1, 2026/09/15 09:46:32.870, 2, 16, 720 MHz, 810 MHz, P5, 51.07 W
0, 2026/09/15 09:46:33.070, 4, 16, 2520 MHz, 10501 MHz, P2, 75.31 W
1, 2026/09/15 09:46:33.070, 2, 16, 720 MHz, 810 MHz, P5, 51.07 W
0, 2026/09/15 09:46:33.271, 4, 16, 2520 MHz, 10501 MHz, P2, 75.31 W
1, 2026/09/15 09:46:33.271, 2, 16, 720 MHz, 810 MHz, P5, 51.07 W
0, 2026/09/15 09:46:33.471, 4, 16, 2520 MHz, 10251 MHz, P2, 65.91 W
1, 2026/09/15 09:46:33.471, 4, 16, 2520 MHz, 10251 MHz, P2, 41.03 W
0, 2026/09/15 09:46:33.671, 4, 16, 2520 MHz, 10251 MHz, P2, 65.91 W
1, 2026/09/15 09:46:33.672, 4, 16, 2520 MHz, 10251 MHz, P2, 41.03 W
0, 2026/09/15 09:46:33.872, 4, 16, 2835 MHz, 10251 MHz, P2, 68.06 W
1, 2026/09/15 09:46:33.872, 4, 16, 2520 MHz, 10251 MHz, P2, 60.73 W
0, 2026/09/15 09:46:34.072, 4, 16, 2835 MHz, 10251 MHz, P2, 68.06 W
1, 2026/09/15 09:46:34.072, 4, 16, 2520 MHz, 10251 MHz, P2, 60.73 W
0, 2026/09/15 09:46:34.272, 4, 16, 2835 MHz, 10251 MHz, P2, 68.06 W
1, 2026/09/15 09:46:34.273, 4, 16, 2520 MHz, 10251 MHz, P2, 60.73 W
0, 2026/09/15 09:46:34.473, 4, 16, 2835 MHz, 10251 MHz, P2, 86.62 W
1, 2026/09/15 09:46:34.473, 4, 16, 2820 MHz, 10251 MHz, P2, 82.69 W
0, 2026/09/15 09:46:34.673, 4, 16, 2835 MHz, 10251 MHz, P2, 86.62 W
1, 2026/09/15 09:46:34.673, 4, 16, 2820 MHz, 10251 MHz, P2, 82.69 W
0, 2026/09/15 09:46:34.873, 4, 16, 2835 MHz, 10251 MHz, P2, 108.21 W
1, 2026/09/15 09:46:34.874, 4, 16, 2820 MHz, 10251 MHz, P2, 100.35 W
0, 2026/09/15 09:46:35.074, 4, 16, 2835 MHz, 10251 MHz, P2, 108.21 W
1, 2026/09/15 09:46:35.074, 4, 16, 2820 MHz, 10251 MHz, P2, 100.35 W
0, 2026/09/15 09:46:35.274, 4, 16, 2835 MHz, 10251 MHz, P2, 108.21 W
1, 2026/09/15 09:46:35.274, 4, 16, 2820 MHz, 10251 MHz, P2, 100.35 W
0, 2026/09/15 09:46:35.475, 4, 16, 2835 MHz, 10251 MHz, P2, 115.82 W
1, 2026/09/15 09:46:35.475, 4, 16, 2820 MHz, 10251 MHz, P2, 106.86 W
0, 2026/09/15 09:46:35.675, 4, 16, 2835 MHz, 10251 MHz, P2, 115.82 W
1, 2026/09/15 09:46:35.675, 4, 16, 2820 MHz, 10251 MHz, P2, 106.86 W
0, 2026/09/15 09:46:35.875, 4, 16, 2835 MHz, 10251 MHz, P2, 117.30 W
1, 2026/09/15 09:46:35.876, 4, 16, 2820 MHz, 10251 MHz, P2, 108.08 W
0, 2026/09/15 09:46:36.076, 4, 16, 2835 MHz, 10251 MHz, P2, 117.30 W
1, 2026/09/15 09:46:36.076, 4, 16, 2820 MHz, 10251 MHz, P2, 108.08 W
0, 2026/09/15 09:46:36.276, 4, 16, 2835 MHz, 10251 MHz, P2, 117.30 W
1, 2026/09/15 09:46:36.276, 4, 16, 2820 MHz, 10251 MHz, P2, 108.08 W
0, 2026/09/15 09:46:36.477, 4, 16, 2835 MHz, 10251 MHz, P2, 117.56 W
1, 2026/09/15 09:46:36.477, 4, 16, 2820 MHz, 10251 MHz, P2, 108.14 W
0, 2026/09/15 09:46:36.677, 4, 16, 2835 MHz, 10251 MHz, P2, 117.56 W
1, 2026/09/15 09:46:36.677, 4, 16, 2820 MHz, 10251 MHz, P2, 108.14 W
0, 2026/09/15 09:46:36.877, 4, 16, 2835 MHz, 10251 MHz, P2, 118.18 W
1, 2026/09/15 09:46:36.877, 4, 16, 2820 MHz, 10251 MHz, P2, 108.27 W
0, 2026/09/15 09:46:37.078, 4, 16, 2835 MHz, 10251 MHz, P2, 118.18 W
1, 2026/09/15 09:46:37.078, 4, 16, 2820 MHz, 10251 MHz, P2, 108.27 W
0, 2026/09/15 09:46:37.278, 4, 16, 2835 MHz, 10251 MHz, P2, 118.18 W
1, 2026/09/15 09:46:37.278, 4, 16, 2820 MHz, 10251 MHz, P2, 108.27 W
0, 2026/09/15 09:46:37.478, 4, 16, 2835 MHz, 10251 MHz, P2, 119.55 W
1, 2026/09/15 09:46:37.478, 4, 16, 2820 MHz, 10251 MHz, P2, 109.62 W
0, 2026/09/15 09:46:37.679, 4, 16, 2835 MHz, 10251 MHz, P2, 119.55 W
1, 2026/09/15 09:46:37.679, 4, 16, 2820 MHz, 10251 MHz, P2, 109.62 W
0, 2026/09/15 09:46:37.879, 4, 16, 2835 MHz, 10251 MHz, P2, 119.23 W
1, 2026/09/15 09:46:37.879, 4, 16, 2820 MHz, 10251 MHz, P2, 108.98 W
0, 2026/09/15 09:46:38.079, 4, 16, 2835 MHz, 10251 MHz, P2, 119.23 W
1, 2026/09/15 09:46:38.096, 4, 16, 2820 MHz, 10251 MHz, P2, 108.98 W
0, 2026/09/15 09:46:38.297, 4, 16, 2835 MHz, 10251 MHz, P2, 119.23 W
1, 2026/09/15 09:46:38.297, 4, 16, 2820 MHz, 10251 MHz, P2, 107.75 W
0, 2026/09/15 09:46:38.497, 4, 16, 2835 MHz, 10251 MHz, P2, 118.79 W
1, 2026/09/15 09:46:38.497, 4, 16, 2820 MHz, 10251 MHz, P2, 107.75 W
0, 2026/09/15 09:46:38.697, 4, 16, 2835 MHz, 10251 MHz, P2, 118.79 W
1, 2026/09/15 09:46:38.698, 4, 16, 2820 MHz, 10251 MHz, P2, 107.75 W
0, 2026/09/15 09:46:38.898, 4, 16, 2835 MHz, 10251 MHz, P2, 120.66 W
1, 2026/09/15 09:46:38.898, 4, 16, 2820 MHz, 10251 MHz, P2, 109.61 W
0, 2026/09/15 09:46:39.098, 4, 16, 2835 MHz, 10251 MHz, P2, 120.66 W
1, 2026/09/15 09:46:39.098, 4, 16, 2820 MHz, 10251 MHz, P2, 109.61 W
0, 2026/09/15 09:46:39.299, 4, 16, 2835 MHz, 10251 MHz, P2, 120.66 W
1, 2026/09/15 09:46:39.299, 4, 16, 2820 MHz, 10251 MHz, P2, 109.50 W
0, 2026/09/15 09:46:39.499, 4, 16, 2835 MHz, 10251 MHz, P2, 120.21 W
1, 2026/09/15 09:46:39.499, 4, 16, 2820 MHz, 10251 MHz, P2, 109.50 W
0, 2026/09/15 09:46:39.699, 4, 16, 2835 MHz, 10251 MHz, P2, 120.21 W
1, 2026/09/15 09:46:39.699, 4, 16, 2820 MHz, 10251 MHz, P2, 109.50 W
0, 2026/09/15 09:46:39.900, 4, 16, 2835 MHz, 10251 MHz, P2, 117.51 W
1, 2026/09/15 09:46:39.900, 4, 16, 2820 MHz, 10251 MHz, P2, 107.28 W
0, 2026/09/15 09:46:40.100, 4, 16, 2835 MHz, 10251 MHz, P2, 117.51 W
1, 2026/09/15 09:46:40.100, 4, 16, 2820 MHz, 10251 MHz, P2, 107.28 W
0, 2026/09/15 09:46:40.302, 4, 16, 2835 MHz, 10251 MHz, P2, 117.51 W
1, 2026/09/15 09:46:40.302, 4, 16, 2820 MHz, 10251 MHz, P2, 103.86 W
0, 2026/09/15 09:46:40.502, 4, 16, 2835 MHz, 10251 MHz, P2, 113.56 W
1, 2026/09/15 09:46:40.502, 4, 16, 2820 MHz, 10251 MHz, P2, 103.86 W
0, 2026/09/15 09:46:40.702, 4, 16, 2835 MHz, 10251 MHz, P2, 113.56 W
1, 2026/09/15 09:46:40.703, 4, 16, 2820 MHz, 10251 MHz, P2, 103.86 W
0, 2026/09/15 09:46:40.903, 4, 16, 2835 MHz, 10501 MHz, P0, 100.45 W
1, 2026/09/15 09:46:40.903, 4, 16, 2820 MHz, 10501 MHz, P0, 92.83 W
0, 2026/09/15 09:46:41.103, 4, 16, 2835 MHz, 10501 MHz, P0, 100.45 W
1, 2026/09/15 09:46:41.103, 4, 16, 2820 MHz, 10501 MHz, P0, 92.83 W
0, 2026/09/15 09:46:41.304, 4, 16, 2835 MHz, 10501 MHz, P0, 100.45 W
1, 2026/09/15 09:46:41.304, 4, 16, 2820 MHz, 10501 MHz, P0, 81.04 W
0, 2026/09/15 09:46:41.504, 4, 16, 2835 MHz, 10501 MHz, P0, 88.18 W
1, 2026/09/15 09:46:41.504, 4, 16, 2820 MHz, 10501 MHz, P0, 81.04 W
0, 2026/09/15 09:46:41.705, 4, 16, 2835 MHz, 10501 MHz, P0, 88.18 W
1, 2026/09/15 09:46:41.705, 4, 16, 2820 MHz, 10501 MHz, P0, 81.04 W
0, 2026/09/15 09:46:41.905, 4, 16, 2835 MHz, 10501 MHz, P0, 87.35 W
1, 2026/09/15 09:46:41.905, 4, 16, 2820 MHz, 10501 MHz, P0, 79.58 W
0, 2026/09/15 09:46:42.106, 4, 16, 2835 MHz, 10501 MHz, P0, 87.35 W
1, 2026/09/15 09:46:42.106, 4, 16, 2820 MHz, 10501 MHz, P0, 79.58 W
0, 2026/09/15 09:46:42.306, 4, 16, 2835 MHz, 10501 MHz, P0, 87.35 W
1, 2026/09/15 09:46:42.306, 2, 16, 2820 MHz, 10501 MHz, P5, 79.58 W
0, 2026/09/15 09:46:42.507, 4, 16, 2835 MHz, 10501 MHz, P0, 87.35 W
1, 2026/09/15 09:46:42.507, 2, 16, 2820 MHz, 10501 MHz, P5, 79.58 W
0, 2026/09/15 09:46:42.707, 4, 16, 2835 MHz, 10501 MHz, P0, 87.35 W
1, 2026/09/15 09:46:42.707, 2, 16, 2820 MHz, 10501 MHz, P5, 79.58 W
0, 2026/09/15 09:46:42.908, 2, 16, 2520 MHz, 10501 MHz, P5, 69.34 W
1, 2026/09/15 09:46:42.908, 2, 16, 555 MHz, 810 MHz, P5, 45.11 W
0, 2026/09/15 09:46:43.108, 2, 16, 2520 MHz, 10501 MHz, P5, 69.34 W
1, 2026/09/15 09:46:43.108, 2, 16, 555 MHz, 810 MHz, P5, 45.11 W
0, 2026/09/15 09:46:43.308, 2, 16, 2520 MHz, 10501 MHz, P5, 69.34 W
1, 2026/09/15 09:46:43.309, 2, 16, 555 MHz, 810 MHz, P5, 45.11 W
0, 2026/09/15 09:46:43.509, 2, 16, 2520 MHz, 10501 MHz, P5, 69.34 W
1, 2026/09/15 09:46:43.509, 2, 16, 555 MHz, 810 MHz, P5, 45.11 W
0, 2026/09/15 09:46:43.709, 2, 16, 2520 MHz, 10501 MHz, P5, 69.34 W
1, 2026/09/15 09:46:43.709, 2, 16, 555 MHz, 810 MHz, P5, 45.11 W
0, 2026/09/15 09:46:43.910, 2, 16, 435 MHz, 810 MHz, P5, 48.29 W
1, 2026/09/15 09:46:43.910, 1, 16, 360 MHz, 405 MHz, P8, 32.18 W
0, 2026/09/15 09:46:44.110, 2, 16, 435 MHz, 810 MHz, P5, 48.29 W
1, 2026/09/15 09:46:44.110, 1, 16, 360 MHz, 405 MHz, P8, 32.18 W
0, 2026/09/15 09:46:44.310, 2, 16, 435 MHz, 810 MHz, P5, 48.29 W
1, 2026/09/15 09:46:44.311, 1, 16, 360 MHz, 405 MHz, P8, 32.18 W
0, 2026/09/15 09:46:44.511, 1, 16, 435 MHz, 810 MHz, P8, 48.29 W
1, 2026/09/15 09:46:44.511, 1, 16, 360 MHz, 405 MHz, P8, 32.18 W
0, 2026/09/15 09:46:44.711, 1, 16, 435 MHz, 810 MHz, P8, 48.29 W
1, 2026/09/15 09:46:44.711, 1, 16, 360 MHz, 405 MHz, P8, 32.18 W
0, 2026/09/15 09:46:44.912, 1, 16, 270 MHz, 405 MHz, P8, 25.57 W
1, 2026/09/15 09:46:44.912, 1, 16, 225 MHz, 405 MHz, P8, 19.64 W
0, 2026/09/15 09:46:45.112, 1, 16, 270 MHz, 405 MHz, P8, 25.57 W
1, 2026/09/15 09:46:45.112, 1, 16, 225 MHz, 405 MHz, P8, 19.64 W
0, 2026/09/15 09:46:45.312, 1, 16, 270 MHz, 405 MHz, P8, 25.57 W
1, 2026/09/15 09:46:45.313, 1, 16, 225 MHz, 405 MHz, P8, 19.64 W
0, 2026/09/15 09:46:45.513, 1, 16, 270 MHz, 405 MHz, P8, 25.57 W
1, 2026/09/15 09:46:45.513, 1, 16, 225 MHz, 405 MHz, P8, 19.64 W
0, 2026/09/15 09:46:45.714, 1, 16, 270 MHz, 405 MHz, P8, 25.57 W
1, 2026/09/15 09:46:45.714, 1, 16, 225 MHz, 405 MHz, P8, 19.64 W
0, 2026/09/15 09:46:45.914, 1, 16, 210 MHz, 405 MHz, P8, 20.01 W
1, 2026/09/15 09:46:45.914, 1, 16, 210 MHz, 405 MHz, P8, 16.35 W
0, 2026/09/15 09:46:46.115, 1, 16, 210 MHz, 405 MHz, P8, 20.01 W
1, 2026/09/15 09:46:46.115, 1, 16, 210 MHz, 405 MHz, P8, 16.35 W
0, 2026/09/15 09:46:46.316, 1, 16, 210 MHz, 405 MHz, P8, 20.01 W
1, 2026/09/15 09:46:46.316, 1, 16, 210 MHz, 405 MHz, P8, 16.35 W
0, 2026/09/15 09:46:46.516, 1, 16, 210 MHz, 405 MHz, P8, 20.01 W
1, 2026/09/15 09:46:46.516, 1, 16, 210 MHz, 405 MHz, P8, 16.35 W
0, 2026/09/15 09:46:46.716, 1, 16, 210 MHz, 405 MHz, P8, 20.01 W
1, 2026/09/15 09:46:46.717, 1, 16, 210 MHz, 405 MHz, P8, 16.35 W
0, 2026/09/15 09:46:46.917, 1, 16, 210 MHz, 405 MHz, P8, 17.96 W
1, 2026/09/15 09:46:46.917, 1, 16, 210 MHz, 405 MHz, P8, 16.07 W
0, 2026/09/15 09:46:47.117, 1, 16, 210 MHz, 405 MHz, P8, 17.96 W
1, 2026/09/15 09:46:47.117, 1, 16, 210 MHz, 405 MHz, P8, 16.07 W
0, 2026/09/15 09:46:47.318, 1, 16, 210 MHz, 405 MHz, P8, 17.96 W
1, 2026/09/15 09:46:47.318, 1, 16, 210 MHz, 405 MHz, P8, 16.07 W
0, 2026/09/15 09:46:47.518, 1, 16, 210 MHz, 405 MHz, P8, 17.96 W
1, 2026/09/15 09:46:47.518, 1, 16, 210 MHz, 405 MHz, P8, 16.07 W
0, 2026/09/15 09:46:47.718, 1, 16, 210 MHz, 405 MHz, P8, 17.96 W
1, 2026/09/15 09:46:47.719, 1, 16, 210 MHz, 405 MHz, P8, 16.07 W
0, 2026/09/15 09:46:47.919, 1, 16, 210 MHz, 405 MHz, P8, 17.88 W
1, 2026/09/15 09:46:47.919, 1, 16, 210 MHz, 405 MHz, P8, 15.78 W
0, 2026/09/15 09:46:48.119, 1, 16, 210 MHz, 405 MHz, P8, 17.88 W
1, 2026/09/15 09:46:48.119, 1, 16, 210 MHz, 405 MHz, P8, 15.78 W
0, 2026/09/15 09:46:48.320, 1, 16, 210 MHz, 405 MHz, P8, 17.88 W
1, 2026/09/15 09:46:48.320, 1, 16, 210 MHz, 405 MHz, P8, 15.78 W
0, 2026/09/15 09:46:48.520, 1, 16, 210 MHz, 405 MHz, P8, 17.88 W
1, 2026/09/15 09:46:48.520, 1, 16, 210 MHz, 405 MHz, P8, 15.78 W
0, 2026/09/15 09:46:48.720, 1, 16, 210 MHz, 405 MHz, P8, 17.88 W
1, 2026/09/15 09:46:48.721, 1, 16, 210 MHz, 405 MHz, P8, 15.78 W
0, 2026/09/15 09:46:48.921, 1, 16, 210 MHz, 405 MHz, P8, 17.30 W
1, 2026/09/15 09:46:48.921, 1, 16, 210 MHz, 405 MHz, P8, 15.69 W
0, 2026/09/15 09:46:49.121, 1, 16, 210 MHz, 405 MHz, P8, 17.30 W
1, 2026/09/15 09:46:49.121, 1, 16, 210 MHz, 405 MHz, P8, 15.69 W
0, 2026/09/15 09:46:49.322, 1, 16, 210 MHz, 405 MHz, P8, 17.30 W
1, 2026/09/15 09:46:49.322, 1, 16, 210 MHz, 405 MHz, P8, 15.69 W
0, 2026/09/15 09:46:49.522, 1, 16, 210 MHz, 405 MHz, P8, 17.30 W
1, 2026/09/15 09:46:49.522, 1, 16, 210 MHz, 405 MHz, P8, 15.69 W
0, 2026/09/15 09:46:49.722, 1, 16, 210 MHz, 405 MHz, P8, 17.30 W
1, 2026/09/15 09:46:49.723, 1, 16, 210 MHz, 405 MHz, P8, 15.69 W
0, 2026/09/15 09:46:49.923, 1, 16, 210 MHz, 405 MHz, P8, 17.05 W
1, 2026/09/15 09:46:49.923, 1, 16, 210 MHz, 405 MHz, P8, 15.86 W
0, 2026/09/15 09:46:50.123, 1, 16, 210 MHz, 405 MHz, P8, 17.05 W
1, 2026/09/15 09:46:50.123, 1, 16, 210 MHz, 405 MHz, P8, 15.86 W
0, 2026/09/15 09:46:50.324, 1, 16, 210 MHz, 405 MHz, P8, 17.05 W
1, 2026/09/15 09:46:50.324, 1, 16, 210 MHz, 405 MHz, P8, 15.86 W
0, 2026/09/15 09:46:50.524, 1, 16, 210 MHz, 405 MHz, P8, 17.05 W
1, 2026/09/15 09:46:50.524, 1, 16, 210 MHz, 405 MHz, P8, 15.86 W
0, 2026/09/15 09:46:50.724, 1, 16, 210 MHz, 405 MHz, P8, 17.05 W
1, 2026/09/15 09:46:50.725, 1, 16, 210 MHz, 405 MHz, P8, 15.86 W
0, 2026/09/15 09:46:50.925, 1, 16, 210 MHz, 405 MHz, P8, 17.08 W
1, 2026/09/15 09:46:50.925, 1, 16, 210 MHz, 405 MHz, P8, 15.86 W
0, 2026/09/15 09:46:51.125, 1, 16, 210 MHz, 405 MHz, P8, 17.08 W
1, 2026/09/15 09:46:51.125, 1, 16, 210 MHz, 405 MHz, P8, 15.86 W
0, 2026/09/15 09:46:51.326, 1, 16, 210 MHz, 405 MHz, P8, 17.08 W
1, 2026/09/15 09:46:51.326, 1, 16, 210 MHz, 405 MHz, P8, 15.86 W
0, 2026/09/15 09:46:51.526, 1, 16, 210 MHz, 405 MHz, P8, 17.08 W
1, 2026/09/15 09:46:51.526, 1, 16, 210 MHz, 405 MHz, P8, 15.86 W
0, 2026/09/15 09:46:51.727, 1, 16, 210 MHz, 405 MHz, P8, 17.08 W
1, 2026/09/15 09:46:51.727, 1, 16, 210 MHz, 405 MHz, P8, 15.86 W
0, 2026/09/15 09:46:51.927, 1, 16, 210 MHz, 405 MHz, P8, 17.35 W
1, 2026/09/15 09:46:51.927, 1, 16, 210 MHz, 405 MHz, P8, 15.99 W
0, 2026/09/15 09:46:52.127, 1, 16, 210 MHz, 405 MHz, P8, 17.35 W
1, 2026/09/15 09:46:52.128, 1, 16, 210 MHz, 405 MHz, P8, 15.99 W
0, 2026/09/15 09:46:52.328, 1, 16, 210 MHz, 405 MHz, P8, 17.35 W
1, 2026/09/15 09:46:52.328, 1, 16, 210 MHz, 405 MHz, P8, 15.99 W
0, 2026/09/15 09:46:52.528, 1, 16, 210 MHz, 405 MHz, P8, 17.35 W
1, 2026/09/15 09:46:52.529, 1, 16, 210 MHz, 405 MHz, P8, 15.99 W
0, 2026/09/15 09:46:52.729, 1, 16, 210 MHz, 405 MHz, P8, 17.35 W
1, 2026/09/15 09:46:52.729, 1, 16, 210 MHz, 405 MHz, P8, 15.99 W
0, 2026/09/15 09:46:52.929, 1, 16, 210 MHz, 405 MHz, P8, 17.54 W
1, 2026/09/15 09:46:52.929, 1, 16, 210 MHz, 405 MHz, P8, 16.12 W
0, 2026/09/15 09:46:53.130, 1, 16, 210 MHz, 405 MHz, P8, 17.54 W
1, 2026/09/15 09:46:53.130, 1, 16, 210 MHz, 405 MHz, P8, 16.12 W
0, 2026/09/15 09:46:53.330, 1, 16, 210 MHz, 405 MHz, P8, 17.54 W
1, 2026/09/15 09:46:53.330, 1, 16, 210 MHz, 405 MHz, P8, 16.12 W
0, 2026/09/15 09:46:53.530, 1, 16, 210 MHz, 405 MHz, P8, 17.54 W
1, 2026/09/15 09:46:53.531, 1, 16, 210 MHz, 405 MHz, P8, 16.12 W
0, 2026/09/15 09:46:53.731, 1, 16, 210 MHz, 405 MHz, P8, 17.54 W
1, 2026/09/15 09:46:53.731, 1, 16, 210 MHz, 405 MHz, P8, 16.12 W
0, 2026/09/15 09:46:53.931, 1, 16, 210 MHz, 405 MHz, P8, 17.62 W
1, 2026/09/15 09:46:53.932, 1, 16, 210 MHz, 405 MHz, P8, 15.73 W
0, 2026/09/15 09:46:54.132, 1, 16, 210 MHz, 405 MHz, P8, 17.62 W
1, 2026/09/15 09:46:54.132, 1, 16, 210 MHz, 405 MHz, P8, 15.73 W
0, 2026/09/15 09:46:54.332, 1, 16, 210 MHz, 405 MHz, P8, 17.62 W
1, 2026/09/15 09:46:54.332, 1, 16, 210 MHz, 405 MHz, P8, 15.73 W
0, 2026/09/15 09:46:54.533, 1, 16, 210 MHz, 405 MHz, P8, 17.62 W
1, 2026/09/15 09:46:54.533, 1, 16, 210 MHz, 405 MHz, P8, 15.73 W
0, 2026/09/15 09:46:54.733, 1, 16, 210 MHz, 405 MHz, P8, 17.62 W
1, 2026/09/15 09:46:54.733, 1, 16, 210 MHz, 405 MHz, P8, 15.73 W
0, 2026/09/15 09:46:54.933, 1, 16, 210 MHz, 405 MHz, P8, 17.76 W
1, 2026/09/15 09:46:54.934, 1, 16, 210 MHz, 405 MHz, P8, 15.62 W
0, 2026/09/15 09:46:55.134, 1, 16, 210 MHz, 405 MHz, P8, 17.76 W
1, 2026/09/15 09:46:55.134, 1, 16, 210 MHz, 405 MHz, P8, 15.62 W
0, 2026/09/15 09:46:55.334, 1, 16, 210 MHz, 405 MHz, P8, 17.76 W
1, 2026/09/15 09:46:55.335, 1, 16, 210 MHz, 405 MHz, P8, 15.62 W
0, 2026/09/15 09:46:55.535, 1, 16, 210 MHz, 405 MHz, P8, 17.76 W
1, 2026/09/15 09:46:55.535, 1, 16, 210 MHz, 405 MHz, P8, 15.62 W
0, 2026/09/15 09:46:55.735, 1, 16, 210 MHz, 405 MHz, P8, 17.76 W
1, 2026/09/15 09:46:55.735, 1, 16, 210 MHz, 405 MHz, P8, 15.62 W
0, 2026/09/15 09:46:55.935, 1, 16, 210 MHz, 405 MHz, P8, 17.45 W
1, 2026/09/15 09:46:55.936, 1, 16, 210 MHz, 405 MHz, P8, 15.75 W
0, 2026/09/15 09:46:56.136, 1, 16, 210 MHz, 405 MHz, P8, 17.45 W
1, 2026/09/15 09:46:56.136, 1, 16, 210 MHz, 405 MHz, P8, 15.75 W
0, 2026/09/15 09:46:56.336, 1, 16, 210 MHz, 405 MHz, P8, 17.45 W
1, 2026/09/15 09:46:56.336, 1, 16, 210 MHz, 405 MHz, P8, 15.75 W
0, 2026/09/15 09:46:56.537, 1, 16, 210 MHz, 405 MHz, P8, 17.45 W
1, 2026/09/15 09:46:56.537, 1, 16, 210 MHz, 405 MHz, P8, 15.75 W
0, 2026/09/15 09:46:56.737, 1, 16, 210 MHz, 405 MHz, P8, 17.45 W
1, 2026/09/15 09:46:56.737, 1, 16, 210 MHz, 405 MHz, P8, 15.75 W
0, 2026/09/15 09:46:56.938, 1, 16, 210 MHz, 405 MHz, P8, 17.02 W
1, 2026/09/15 09:46:56.938, 1, 16, 210 MHz, 405 MHz, P8, 15.43 W
0, 2026/09/15 09:46:57.138, 1, 16, 210 MHz, 405 MHz, P8, 17.02 W
1, 2026/09/15 09:46:57.138, 1, 16, 210 MHz, 405 MHz, P8, 15.43 W
0, 2026/09/15 09:46:57.339, 1, 16, 210 MHz, 405 MHz, P8, 17.02 W
1, 2026/09/15 09:46:57.339, 1, 16, 210 MHz, 405 MHz, P8, 15.43 W
0, 2026/09/15 09:46:57.539, 1, 16, 210 MHz, 405 MHz, P8, 17.02 W
1, 2026/09/15 09:46:57.539, 1, 16, 210 MHz, 405 MHz, P8, 15.43 W
0, 2026/09/15 09:46:57.739, 1, 16, 210 MHz, 405 MHz, P8, 17.02 W
1, 2026/09/15 09:46:57.740, 1, 16, 210 MHz, 405 MHz, P8, 15.43 W
0, 2026/09/15 09:46:57.940, 1, 16, 210 MHz, 405 MHz, P8, 16.53 W
1, 2026/09/15 09:46:57.940, 1, 16, 210 MHz, 405 MHz, P8, 15.23 W
0, 2026/09/15 09:46:58.140, 1, 16, 210 MHz, 405 MHz, P8, 16.53 W
1, 2026/09/15 09:46:58.140, 1, 16, 210 MHz, 405 MHz, P8, 15.23 W
0, 2026/09/15 09:46:58.341, 1, 16, 210 MHz, 405 MHz, P8, 16.53 W
1, 2026/09/15 09:46:58.341, 1, 16, 210 MHz, 405 MHz, P8, 15.23 W
0, 2026/09/15 09:46:58.541, 1, 16, 210 MHz, 405 MHz, P8, 16.53 W
1, 2026/09/15 09:46:58.541, 1, 16, 210 MHz, 405 MHz, P8, 15.23 W
0, 2026/09/15 09:46:58.742, 1, 16, 210 MHz, 405 MHz, P8, 16.53 W
1, 2026/09/15 09:46:58.742, 1, 16, 210 MHz, 405 MHz, P8, 15.23 W
0, 2026/09/15 09:46:58.942, 1, 16, 210 MHz, 405 MHz, P8, 16.21 W
1, 2026/09/15 09:46:58.942, 1, 16, 210 MHz, 405 MHz, P8, 15.35 W
0, 2026/09/15 09:46:59.142, 1, 16, 210 MHz, 405 MHz, P8, 16.21 W
1, 2026/09/15 09:46:59.143, 1, 16, 210 MHz, 405 MHz, P8, 15.35 W
0, 2026/09/15 09:46:59.343, 1, 16, 210 MHz, 405 MHz, P8, 16.21 W
1, 2026/09/15 09:46:59.343, 1, 16, 210 MHz, 405 MHz, P8, 15.35 W
0, 2026/09/15 09:46:59.543, 1, 16, 210 MHz, 405 MHz, P8, 16.21 W
1, 2026/09/15 09:46:59.543, 1, 16, 210 MHz, 405 MHz, P8, 15.35 W
0, 2026/09/15 09:46:59.744, 1, 16, 210 MHz, 405 MHz, P8, 16.21 W
1, 2026/09/15 09:46:59.744, 1, 16, 210 MHz, 405 MHz, P8, 15.35 W
0, 2026/09/15 09:46:59.944, 1, 16, 210 MHz, 405 MHz, P8, 16.18 W
1, 2026/09/15 09:46:59.944, 1, 16, 210 MHz, 405 MHz, P8, 15.51 W
0, 2026/09/15 09:47:00.144, 1, 16, 210 MHz, 405 MHz, P8, 16.18 W
1, 2026/09/15 09:47:00.145, 1, 16, 210 MHz, 405 MHz, P8, 15.51 W
0, 2026/09/15 09:47:00.345, 1, 16, 210 MHz, 405 MHz, P8, 16.18 W
1, 2026/09/15 09:47:00.345, 1, 16, 210 MHz, 405 MHz, P8, 15.51 W
0, 2026/09/15 09:47:00.545, 1, 16, 210 MHz, 405 MHz, P8, 16.18 W
1, 2026/09/15 09:47:00.545, 1, 16, 210 MHz, 405 MHz, P8, 15.51 W
0, 2026/09/15 09:47:00.746, 1, 16, 210 MHz, 405 MHz, P8, 16.18 W
1, 2026/09/15 09:47:00.746, 1, 16, 210 MHz, 405 MHz, P8, 15.51 W
0, 2026/09/15 09:47:00.946, 1, 16, 210 MHz, 405 MHz, P8, 16.38 W
1, 2026/09/15 09:47:00.946, 1, 16, 210 MHz, 405 MHz, P8, 15.42 W
0, 2026/09/15 09:47:01.146, 1, 16, 210 MHz, 405 MHz, P8, 16.38 W
1, 2026/09/15 09:47:01.147, 1, 16, 210 MHz, 405 MHz, P8, 15.42 W
0, 2026/09/15 09:47:01.347, 1, 16, 210 MHz, 405 MHz, P8, 16.38 W
1, 2026/09/15 09:47:01.347, 1, 16, 210 MHz, 405 MHz, P8, 15.42 W
0, 2026/09/15 09:47:01.547, 1, 16, 210 MHz, 405 MHz, P8, 16.38 W
1, 2026/09/15 09:47:01.548, 1, 16, 210 MHz, 405 MHz, P8, 15.42 W
0, 2026/09/15 09:47:01.748, 1, 16, 210 MHz, 405 MHz, P8, 16.38 W
1, 2026/09/15 09:47:01.748, 1, 16, 210 MHz, 405 MHz, P8, 15.42 W
0, 2026/09/15 09:47:01.948, 1, 16, 210 MHz, 405 MHz, P8, 17.00 W
1, 2026/09/15 09:47:01.948, 1, 16, 210 MHz, 405 MHz, P8, 15.16 W
0, 2026/09/15 09:47:02.149, 1, 16, 210 MHz, 405 MHz, P8, 17.00 W
1, 2026/09/15 09:47:02.149, 1, 16, 210 MHz, 405 MHz, P8, 15.16 W
0, 2026/09/15 09:47:02.349, 1, 16, 210 MHz, 405 MHz, P8, 17.00 W
1, 2026/09/15 09:47:02.349, 1, 16, 210 MHz, 405 MHz, P8, 15.16 W
0, 2026/09/15 09:47:02.550, 1, 16, 210 MHz, 405 MHz, P8, 17.00 W
1, 2026/09/15 09:47:02.550, 1, 16, 210 MHz, 405 MHz, P8, 15.16 W
0, 2026/09/15 09:47:02.750, 1, 16, 210 MHz, 405 MHz, P8, 17.00 W
1, 2026/09/15 09:47:02.750, 1, 16, 210 MHz, 405 MHz, P8, 15.16 W
0, 2026/09/15 09:47:02.950, 1, 16, 210 MHz, 405 MHz, P8, 17.50 W
1, 2026/09/15 09:47:02.951, 1, 16, 210 MHz, 405 MHz, P8, 15.01 W
0, 2026/09/15 09:47:03.151, 1, 16, 210 MHz, 405 MHz, P8, 17.50 W
1, 2026/09/15 09:47:03.151, 1, 16, 210 MHz, 405 MHz, P8, 15.01 W
0, 2026/09/15 09:47:03.351, 1, 16, 210 MHz, 405 MHz, P8, 17.50 W
1, 2026/09/15 09:47:03.352, 1, 16, 210 MHz, 405 MHz, P8, 15.01 W
0, 2026/09/15 09:47:03.552, 1, 16, 210 MHz, 405 MHz, P8, 17.50 W
1, 2026/09/15 09:47:03.552, 1, 16, 210 MHz, 405 MHz, P8, 15.01 W
0, 2026/09/15 09:47:03.752, 1, 16, 210 MHz, 405 MHz, P8, 17.50 W
1, 2026/09/15 09:47:03.752, 1, 16, 210 MHz, 405 MHz, P8, 15.01 W
0, 2026/09/15 09:47:03.953, 1, 16, 210 MHz, 405 MHz, P8, 17.50 W
1, 2026/09/15 09:47:03.953, 1, 16, 210 MHz, 405 MHz, P8, 14.94 W
0, 2026/09/15 09:47:04.153, 1, 16, 210 MHz, 405 MHz, P8, 17.50 W
1, 2026/09/15 09:47:04.153, 1, 16, 210 MHz, 405 MHz, P8, 14.94 W
0, 2026/09/15 09:47:04.354, 1, 16, 210 MHz, 405 MHz, P8, 17.50 W
1, 2026/09/15 09:47:04.354, 1, 16, 210 MHz, 405 MHz, P8, 14.94 W
0, 2026/09/15 09:47:04.554, 1, 16, 210 MHz, 405 MHz, P8, 17.50 W
1, 2026/09/15 09:47:04.554, 1, 16, 210 MHz, 405 MHz, P8, 14.94 W
0, 2026/09/15 09:47:04.754, 1, 16, 210 MHz, 405 MHz, P8, 17.50 W
1, 2026/09/15 09:47:04.755, 1, 16, 210 MHz, 405 MHz, P8, 14.94 W
0, 2026/09/15 09:47:04.955, 1, 16, 210 MHz, 405 MHz, P8, 17.16 W
1, 2026/09/15 09:47:04.955, 1, 16, 210 MHz, 405 MHz, P8, 14.99 W
0, 2026/09/15 09:47:05.155, 1, 16, 210 MHz, 405 MHz, P8, 17.16 W
1, 2026/09/15 09:47:05.156, 1, 16, 210 MHz, 405 MHz, P8, 14.99 W
0, 2026/09/15 09:47:05.356, 1, 16, 210 MHz, 405 MHz, P8, 17.16 W
1, 2026/09/15 09:47:05.356, 1, 16, 210 MHz, 405 MHz, P8, 14.99 W
0, 2026/09/15 09:47:05.556, 1, 16, 210 MHz, 405 MHz, P8, 17.16 W
1, 2026/09/15 09:47:05.556, 1, 16, 210 MHz, 405 MHz, P8, 14.99 W
0, 2026/09/15 09:47:05.757, 1, 16, 210 MHz, 405 MHz, P8, 17.16 W
1, 2026/09/15 09:47:05.757, 1, 16, 210 MHz, 405 MHz, P8, 14.99 W
0, 2026/09/15 09:47:05.957, 1, 16, 210 MHz, 405 MHz, P8, 16.83 W
1, 2026/09/15 09:47:05.957, 1, 16, 210 MHz, 405 MHz, P8, 14.62 W
0, 2026/09/15 09:47:06.157, 1, 16, 210 MHz, 405 MHz, P8, 16.83 W
1, 2026/09/15 09:47:06.158, 1, 16, 210 MHz, 405 MHz, P8, 14.62 W
0, 2026/09/15 09:47:06.358, 1, 16, 210 MHz, 405 MHz, P8, 16.83 W
1, 2026/09/15 09:47:06.358, 1, 16, 210 MHz, 405 MHz, P8, 14.62 W
0, 2026/09/15 09:47:06.558, 1, 16, 210 MHz, 405 MHz, P8, 16.83 W
1, 2026/09/15 09:47:06.558, 1, 16, 210 MHz, 405 MHz, P8, 14.62 W
0, 2026/09/15 09:47:06.759, 1, 16, 210 MHz, 405 MHz, P8, 16.83 W
1, 2026/09/15 09:47:06.759, 1, 16, 210 MHz, 405 MHz, P8, 14.62 W
0, 2026/09/15 09:47:06.959, 1, 16, 210 MHz, 405 MHz, P8, 16.66 W
1, 2026/09/15 09:47:06.959, 1, 16, 210 MHz, 405 MHz, P8, 14.22 W
0, 2026/09/15 09:47:07.159, 1, 16, 210 MHz, 405 MHz, P8, 16.66 W
1, 2026/09/15 09:47:07.160, 1, 16, 210 MHz, 405 MHz, P8, 14.22 W
0, 2026/09/15 09:47:07.360, 1, 16, 210 MHz, 405 MHz, P8, 16.66 W
1, 2026/09/15 09:47:07.360, 1, 16, 210 MHz, 405 MHz, P8, 14.22 W
0, 2026/09/15 09:47:07.560, 1, 16, 210 MHz, 405 MHz, P8, 16.66 W
1, 2026/09/15 09:47:07.560, 1, 16, 210 MHz, 405 MHz, P8, 14.22 W
0, 2026/09/15 09:47:07.761, 1, 16, 210 MHz, 405 MHz, P8, 16.66 W
1, 2026/09/15 09:47:07.761, 1, 16, 210 MHz, 405 MHz, P8, 14.22 W
0, 2026/09/15 09:47:07.961, 1, 16, 210 MHz, 405 MHz, P8, 16.93 W
1, 2026/09/15 09:47:07.961, 1, 16, 210 MHz, 405 MHz, P8, 14.49 W
0, 2026/09/15 09:47:08.161, 1, 16, 210 MHz, 405 MHz, P8, 16.93 W
1, 2026/09/15 09:47:08.162, 1, 16, 210 MHz, 405 MHz, P8, 14.49 W
0, 2026/09/15 09:47:08.362, 1, 16, 210 MHz, 405 MHz, P8, 16.93 W
1, 2026/09/15 09:47:08.362, 1, 16, 210 MHz, 405 MHz, P8, 14.49 W
0, 2026/09/15 09:47:08.562, 1, 16, 210 MHz, 405 MHz, P8, 16.93 W
1, 2026/09/15 09:47:08.562, 1, 16, 210 MHz, 405 MHz, P8, 14.49 W
0, 2026/09/15 09:47:08.763, 1, 16, 210 MHz, 405 MHz, P8, 16.93 W
1, 2026/09/15 09:47:08.763, 1, 16, 210 MHz, 405 MHz, P8, 14.49 W
0, 2026/09/15 09:47:08.963, 1, 16, 210 MHz, 405 MHz, P8, 17.10 W
1, 2026/09/15 09:47:08.963, 1, 16, 210 MHz, 405 MHz, P8, 14.81 W
0, 2026/09/15 09:47:09.164, 1, 16, 210 MHz, 405 MHz, P8, 17.10 W
1, 2026/09/15 09:47:09.164, 1, 16, 210 MHz, 405 MHz, P8, 14.81 W
0, 2026/09/15 09:47:09.364, 1, 16, 210 MHz, 405 MHz, P8, 17.10 W
1, 2026/09/15 09:47:09.364, 1, 16, 210 MHz, 405 MHz, P8, 14.81 W
0, 2026/09/15 09:47:09.564, 1, 16, 210 MHz, 405 MHz, P8, 17.10 W
1, 2026/09/15 09:47:09.565, 1, 16, 210 MHz, 405 MHz, P8, 14.81 W
0, 2026/09/15 09:47:09.765, 1, 16, 210 MHz, 405 MHz, P8, 17.10 W
1, 2026/09/15 09:47:09.765, 1, 16, 210 MHz, 405 MHz, P8, 14.81 W
0, 2026/09/15 09:47:09.965, 1, 16, 210 MHz, 405 MHz, P8, 17.12 W
1, 2026/09/15 09:47:09.965, 1, 16, 210 MHz, 405 MHz, P8, 14.72 W
0, 2026/09/15 09:47:10.166, 1, 16, 210 MHz, 405 MHz, P8, 17.12 W
1, 2026/09/15 09:47:10.166, 1, 16, 210 MHz, 405 MHz, P8, 14.72 W
0, 2026/09/15 09:47:10.366, 1, 16, 210 MHz, 405 MHz, P8, 17.12 W
1, 2026/09/15 09:47:10.366, 1, 16, 210 MHz, 405 MHz, P8, 14.72 W
0, 2026/09/15 09:47:10.566, 1, 16, 210 MHz, 405 MHz, P8, 17.12 W
1, 2026/09/15 09:47:10.567, 1, 16, 210 MHz, 405 MHz, P8, 14.72 W
0, 2026/09/15 09:47:10.767, 1, 16, 210 MHz, 405 MHz, P8, 17.12 W
1, 2026/09/15 09:47:10.767, 1, 16, 210 MHz, 405 MHz, P8, 14.72 W
0, 2026/09/15 09:47:10.967, 1, 16, 210 MHz, 405 MHz, P8, 17.30 W
1, 2026/09/15 09:47:10.968, 1, 16, 210 MHz, 405 MHz, P8, 14.26 W
0, 2026/09/15 09:47:11.168, 1, 16, 210 MHz, 405 MHz, P8, 17.30 W
1, 2026/09/15 09:47:11.168, 1, 16, 210 MHz, 405 MHz, P8, 14.26 W
0, 2026/09/15 09:47:11.368, 1, 16, 210 MHz, 405 MHz, P8, 17.30 W
1, 2026/09/15 09:47:11.368, 1, 16, 210 MHz, 405 MHz, P8, 14.26 W
0, 2026/09/15 09:47:11.569, 1, 16, 210 MHz, 405 MHz, P8, 17.30 W
1, 2026/09/15 09:47:11.569, 1, 16, 210 MHz, 405 MHz, P8, 14.26 W
0, 2026/09/15 09:47:11.769, 1, 16, 210 MHz, 405 MHz, P8, 17.30 W
1, 2026/09/15 09:47:11.769, 1, 16, 210 MHz, 405 MHz, P8, 14.26 W
0, 2026/09/15 09:47:11.969, 1, 16, 210 MHz, 405 MHz, P8, 16.87 W
1, 2026/09/15 09:47:11.970, 1, 16, 210 MHz, 405 MHz, P8, 14.14 W
0, 2026/09/15 09:47:12.170, 1, 16, 210 MHz, 405 MHz, P8, 16.87 W
1, 2026/09/15 09:47:12.170, 1, 16, 210 MHz, 405 MHz, P8, 14.14 W
0, 2026/09/15 09:47:12.370, 1, 16, 210 MHz, 405 MHz, P8, 16.87 W
1, 2026/09/15 09:47:12.370, 1, 16, 210 MHz, 405 MHz, P8, 14.14 W
0, 2026/09/15 09:47:12.571, 1, 16, 210 MHz, 405 MHz, P8, 16.87 W
1, 2026/09/15 09:47:12.571, 1, 16, 210 MHz, 405 MHz, P8, 14.14 W
0, 2026/09/15 09:47:12.771, 1, 16, 210 MHz, 405 MHz, P8, 16.87 W
1, 2026/09/15 09:47:12.771, 1, 16, 210 MHz, 405 MHz, P8, 14.14 W
0, 2026/09/15 09:47:12.971, 1, 16, 210 MHz, 405 MHz, P8, 16.33 W
1, 2026/09/15 09:47:12.972, 1, 16, 210 MHz, 405 MHz, P8, 14.22 W
0, 2026/09/15 09:47:13.172, 1, 16, 210 MHz, 405 MHz, P8, 16.33 W
1, 2026/09/15 09:47:13.172, 1, 16, 210 MHz, 405 MHz, P8, 14.22 W
0, 2026/09/15 09:47:13.372, 1, 16, 210 MHz, 405 MHz, P8, 16.33 W
1, 2026/09/15 09:47:13.372, 1, 16, 210 MHz, 405 MHz, P8, 14.22 W
0, 2026/09/15 09:47:13.573, 1, 16, 210 MHz, 405 MHz, P8, 16.33 W
1, 2026/09/15 09:47:13.573, 1, 16, 210 MHz, 405 MHz, P8, 14.22 W
0, 2026/09/15 09:47:13.773, 1, 16, 210 MHz, 405 MHz, P8, 16.33 W
1, 2026/09/15 09:47:13.773, 1, 16, 210 MHz, 405 MHz, P8, 14.22 W
0, 2026/09/15 09:47:13.973, 1, 16, 210 MHz, 405 MHz, P8, 16.35 W
1, 2026/09/15 09:47:13.974, 1, 16, 210 MHz, 405 MHz, P8, 14.25 W
0, 2026/09/15 09:47:14.174, 1, 16, 210 MHz, 405 MHz, P8, 16.35 W
1, 2026/09/15 09:47:14.174, 1, 16, 210 MHz, 405 MHz, P8, 14.25 W
0, 2026/09/15 09:47:14.374, 1, 16, 210 MHz, 405 MHz, P8, 16.35 W
1, 2026/09/15 09:47:14.374, 1, 16, 210 MHz, 405 MHz, P8, 14.25 W
0, 2026/09/15 09:47:14.575, 1, 16, 210 MHz, 405 MHz, P8, 16.35 W
1, 2026/09/15 09:47:14.575, 1, 16, 210 MHz, 405 MHz, P8, 14.25 W
0, 2026/09/15 09:47:14.775, 1, 16, 210 MHz, 405 MHz, P8, 16.35 W
1, 2026/09/15 09:47:14.775, 1, 16, 210 MHz, 405 MHz, P8, 14.25 W
0, 2026/09/15 09:47:14.975, 1, 16, 210 MHz, 405 MHz, P8, 16.49 W
1, 2026/09/15 09:47:14.976, 1, 16, 210 MHz, 405 MHz, P8, 14.22 W
0, 2026/09/15 09:47:15.176, 1, 16, 210 MHz, 405 MHz, P8, 16.49 W
1, 2026/09/15 09:47:15.176, 1, 16, 210 MHz, 405 MHz, P8, 14.22 W
0, 2026/09/15 09:47:15.376, 1, 16, 210 MHz, 405 MHz, P8, 16.49 W
1, 2026/09/15 09:47:15.376, 1, 16, 210 MHz, 405 MHz, P8, 14.22 W
0, 2026/09/15 09:47:15.577, 1, 16, 210 MHz, 405 MHz, P8, 16.49 W
1, 2026/09/15 09:47:15.577, 1, 16, 210 MHz, 405 MHz, P8, 14.22 W
0, 2026/09/15 09:47:15.777, 1, 16, 210 MHz, 405 MHz, P8, 16.49 W
1, 2026/09/15 09:47:15.777, 1, 16, 210 MHz, 405 MHz, P8, 14.22 W
0, 2026/09/15 09:47:15.977, 1, 16, 210 MHz, 405 MHz, P8, 16.50 W
1, 2026/09/15 09:47:15.977, 1, 16, 210 MHz, 405 MHz, P8, 14.32 W
0, 2026/09/15 09:47:16.178, 1, 16, 210 MHz, 405 MHz, P8, 16.50 W
1, 2026/09/15 09:47:16.178, 1, 16, 210 MHz, 405 MHz, P8, 14.32 W
0, 2026/09/15 09:47:16.378, 1, 16, 210 MHz, 405 MHz, P8, 16.50 W
1, 2026/09/15 09:47:16.378, 1, 16, 210 MHz, 405 MHz, P8, 14.32 W
0, 2026/09/15 09:47:16.578, 1, 16, 210 MHz, 405 MHz, P8, 16.50 W
1, 2026/09/15 09:47:16.579, 1, 16, 210 MHz, 405 MHz, P8, 14.32 W
0, 2026/09/15 09:47:16.779, 1, 16, 210 MHz, 405 MHz, P8, 16.50 W
1, 2026/09/15 09:47:16.779, 1, 16, 210 MHz, 405 MHz, P8, 14.32 W
0, 2026/09/15 09:47:16.979, 1, 16, 210 MHz, 405 MHz, P8, 16.63 W
1, 2026/09/15 09:47:16.980, 1, 16, 210 MHz, 405 MHz, P8, 14.58 W
0, 2026/09/15 09:47:17.180, 1, 16, 210 MHz, 405 MHz, P8, 16.63 W
1, 2026/09/15 09:47:17.180, 1, 16, 210 MHz, 405 MHz, P8, 14.58 W
0, 2026/09/15 09:47:17.380, 1, 16, 210 MHz, 405 MHz, P8, 16.63 W
1, 2026/09/15 09:47:17.380, 1, 16, 210 MHz, 405 MHz, P8, 14.58 W
0, 2026/09/15 09:47:17.581, 1, 16, 210 MHz, 405 MHz, P8, 16.63 W
1, 2026/09/15 09:47:17.581, 1, 16, 210 MHz, 405 MHz, P8, 14.58 W
0, 2026/09/15 09:47:17.781, 1, 16, 210 MHz, 405 MHz, P8, 16.63 W
1, 2026/09/15 09:47:17.781, 1, 16, 210 MHz, 405 MHz, P8, 14.58 W
0, 2026/09/15 09:47:17.981, 1, 16, 210 MHz, 405 MHz, P8, 16.66 W
1, 2026/09/15 09:47:17.982, 1, 16, 210 MHz, 405 MHz, P8, 14.80 W
0, 2026/09/15 09:47:18.182, 1, 16, 210 MHz, 405 MHz, P8, 16.66 W
1, 2026/09/15 09:47:18.182, 1, 16, 210 MHz, 405 MHz, P8, 14.80 W
0, 2026/09/15 09:47:18.382, 1, 16, 210 MHz, 405 MHz, P8, 16.66 W
1, 2026/09/15 09:47:18.383, 1, 16, 210 MHz, 405 MHz, P8, 14.80 W
0, 2026/09/15 09:47:18.583, 1, 16, 210 MHz, 405 MHz, P8, 16.66 W
1, 2026/09/15 09:47:18.583, 1, 16, 210 MHz, 405 MHz, P8, 14.80 W
0, 2026/09/15 09:47:18.783, 1, 16, 210 MHz, 405 MHz, P8, 16.66 W
1, 2026/09/15 09:47:18.784, 1, 16, 210 MHz, 405 MHz, P8, 14.80 W
0, 2026/09/15 09:47:18.984, 1, 16, 210 MHz, 405 MHz, P8, 16.76 W
1, 2026/09/15 09:47:18.984, 1, 16, 210 MHz, 405 MHz, P8, 14.88 W
0, 2026/09/15 09:47:19.184, 1, 16, 210 MHz, 405 MHz, P8, 16.76 W
1, 2026/09/15 09:47:19.185, 1, 16, 210 MHz, 405 MHz, P8, 14.88 W
0, 2026/09/15 09:47:19.385, 1, 16, 210 MHz, 405 MHz, P8, 16.76 W
1, 2026/09/15 09:47:19.385, 1, 16, 210 MHz, 405 MHz, P8, 14.88 W
0, 2026/09/15 09:47:19.585, 1, 16, 210 MHz, 405 MHz, P8, 16.76 W
1, 2026/09/15 09:47:19.585, 1, 16, 210 MHz, 405 MHz, P8, 14.88 W
0, 2026/09/15 09:47:19.786, 1, 16, 210 MHz, 405 MHz, P8, 16.76 W
1, 2026/09/15 09:47:19.786, 1, 16, 210 MHz, 405 MHz, P8, 14.88 W
0, 2026/09/15 09:47:19.986, 1, 16, 210 MHz, 405 MHz, P8, 17.42 W
1, 2026/09/15 09:47:19.986, 1, 16, 210 MHz, 405 MHz, P8, 14.61 W
0, 2026/09/15 09:47:20.187, 1, 16, 210 MHz, 405 MHz, P8, 17.42 W
1, 2026/09/15 09:47:20.187, 1, 16, 210 MHz, 405 MHz, P8, 14.61 W
0, 2026/09/15 09:47:20.387, 1, 16, 210 MHz, 405 MHz, P8, 17.42 W
1, 2026/09/15 09:47:20.387, 1, 16, 210 MHz, 405 MHz, P8, 14.61 W
0, 2026/09/15 09:47:20.587, 1, 16, 210 MHz, 405 MHz, P8, 17.42 W
1, 2026/09/15 09:47:20.588, 1, 16, 210 MHz, 405 MHz, P8, 14.61 W
0, 2026/09/15 09:47:20.788, 1, 16, 210 MHz, 405 MHz, P8, 17.42 W
1, 2026/09/15 09:47:20.788, 1, 16, 210 MHz, 405 MHz, P8, 14.61 W
0, 2026/09/15 09:47:20.988, 1, 16, 210 MHz, 405 MHz, P8, 17.77 W
1, 2026/09/15 09:47:20.988, 1, 16, 210 MHz, 405 MHz, P8, 14.39 W
0, 2026/09/15 09:47:21.189, 1, 16, 210 MHz, 405 MHz, P8, 17.77 W
1, 2026/09/15 09:47:21.189, 1, 16, 210 MHz, 405 MHz, P8, 14.39 W
0, 2026/09/15 09:47:21.389, 1, 16, 210 MHz, 405 MHz, P8, 17.77 W
1, 2026/09/15 09:47:21.389, 1, 16, 210 MHz, 405 MHz, P8, 14.39 W
0, 2026/09/15 09:47:21.590, 1, 16, 210 MHz, 405 MHz, P8, 17.77 W
1, 2026/09/15 09:47:21.590, 1, 16, 210 MHz, 405 MHz, P8, 14.39 W
0, 2026/09/15 09:47:21.790, 1, 16, 210 MHz, 405 MHz, P8, 17.77 W
1, 2026/09/15 09:47:21.790, 1, 16, 210 MHz, 405 MHz, P8, 14.39 W
0, 2026/09/15 09:47:21.990, 1, 16, 210 MHz, 405 MHz, P8, 17.37 W
1, 2026/09/15 09:47:21.991, 1, 16, 210 MHz, 405 MHz, P8, 14.59 W
0, 2026/09/15 09:47:22.191, 1, 16, 210 MHz, 405 MHz, P8, 17.37 W
1, 2026/09/15 09:47:22.191, 1, 16, 210 MHz, 405 MHz, P8, 14.59 W
0, 2026/09/15 09:47:22.391, 1, 16, 210 MHz, 405 MHz, P8, 17.37 W
1, 2026/09/15 09:47:22.391, 1, 16, 210 MHz, 405 MHz, P8, 14.59 W
0, 2026/09/15 09:47:22.592, 1, 16, 210 MHz, 405 MHz, P8, 17.37 W
1, 2026/09/15 09:47:22.592, 1, 16, 210 MHz, 405 MHz, P8, 14.59 W
0, 2026/09/15 09:47:22.792, 1, 16, 210 MHz, 405 MHz, P8, 17.37 W
1, 2026/09/15 09:47:22.792, 1, 16, 210 MHz, 405 MHz, P8, 14.59 W
0, 2026/09/15 09:47:22.992, 1, 16, 210 MHz, 405 MHz, P8, 17.09 W
1, 2026/09/15 09:47:22.993, 1, 16, 210 MHz, 405 MHz, P8, 14.59 W
0, 2026/09/15 09:47:23.193, 1, 16, 210 MHz, 405 MHz, P8, 17.09 W
1, 2026/09/15 09:47:23.193, 1, 16, 210 MHz, 405 MHz, P8, 14.59 W
0, 2026/09/15 09:47:23.393, 1, 16, 210 MHz, 405 MHz, P8, 17.09 W
1, 2026/09/15 09:47:23.393, 1, 16, 210 MHz, 405 MHz, P8, 14.59 W
0, 2026/09/15 09:47:23.594, 1, 16, 210 MHz, 405 MHz, P8, 17.09 W
1, 2026/09/15 09:47:23.594, 1, 16, 210 MHz, 405 MHz, P8, 14.59 W
0, 2026/09/15 09:47:23.794, 1, 16, 210 MHz, 405 MHz, P8, 17.09 W
1, 2026/09/15 09:47:23.794, 1, 16, 210 MHz, 405 MHz, P8, 14.59 W
0, 2026/09/15 09:47:23.995, 1, 16, 210 MHz, 405 MHz, P8, 16.97 W
1, 2026/09/15 09:47:23.995, 1, 16, 210 MHz, 405 MHz, P8, 14.35 W
0, 2026/09/15 09:47:24.195, 1, 16, 210 MHz, 405 MHz, P8, 16.97 W
1, 2026/09/15 09:47:24.195, 1, 16, 210 MHz, 405 MHz, P8, 14.35 W
0, 2026/09/15 09:47:24.395, 1, 16, 210 MHz, 405 MHz, P8, 16.97 W
1, 2026/09/15 09:47:24.396, 1, 16, 210 MHz, 405 MHz, P8, 14.35 W
0, 2026/09/15 09:47:24.596, 1, 16, 210 MHz, 405 MHz, P8, 16.97 W
1, 2026/09/15 09:47:24.596, 1, 16, 210 MHz, 405 MHz, P8, 14.35 W
0, 2026/09/15 09:47:24.796, 1, 16, 210 MHz, 405 MHz, P8, 16.97 W
1, 2026/09/15 09:47:24.796, 1, 16, 210 MHz, 405 MHz, P8, 14.35 W
0, 2026/09/15 09:47:24.997, 1, 16, 210 MHz, 405 MHz, P8, 17.07 W
1, 2026/09/15 09:47:24.997, 1, 16, 210 MHz, 405 MHz, P8, 14.48 W
0, 2026/09/15 09:47:25.197, 1, 16, 210 MHz, 405 MHz, P8, 17.07 W
1, 2026/09/15 09:47:25.197, 1, 16, 210 MHz, 405 MHz, P8, 14.48 W
0, 2026/09/15 09:47:25.397, 1, 16, 210 MHz, 405 MHz, P8, 17.07 W
1, 2026/09/15 09:47:25.398, 1, 16, 210 MHz, 405 MHz, P8, 14.48 W
0, 2026/09/15 09:47:25.598, 1, 16, 210 MHz, 405 MHz, P8, 17.07 W
1, 2026/09/15 09:47:25.598, 1, 16, 210 MHz, 405 MHz, P8, 14.48 W
0, 2026/09/15 09:47:25.798, 1, 16, 210 MHz, 405 MHz, P8, 17.07 W
1, 2026/09/15 09:47:25.798, 1, 16, 210 MHz, 405 MHz, P8, 14.70 W
0, 2026/09/15 09:47:25.999, 1, 16, 210 MHz, 405 MHz, P8, 17.12 W
1, 2026/09/15 09:47:25.999, 1, 16, 210 MHz, 405 MHz, P8, 14.70 W
0, 2026/09/15 09:47:26.199, 1, 16, 210 MHz, 405 MHz, P8, 17.12 W
1, 2026/09/15 09:47:26.199, 1, 16, 210 MHz, 405 MHz, P8, 14.70 W
0, 2026/09/15 09:47:26.399, 1, 16, 210 MHz, 405 MHz, P8, 17.12 W
1, 2026/09/15 09:47:26.400, 1, 16, 210 MHz, 405 MHz, P8, 14.70 W
0, 2026/09/15 09:47:26.600, 1, 16, 210 MHz, 405 MHz, P8, 17.12 W
1, 2026/09/15 09:47:26.600, 1, 16, 210 MHz, 405 MHz, P8, 14.70 W
0, 2026/09/15 09:47:26.800, 1, 16, 210 MHz, 405 MHz, P8, 17.12 W
1, 2026/09/15 09:47:26.800, 1, 16, 210 MHz, 405 MHz, P8, 14.66 W
0, 2026/09/15 09:47:27.001, 1, 16, 210 MHz, 405 MHz, P8, 16.75 W
1, 2026/09/15 09:47:27.001, 1, 16, 210 MHz, 405 MHz, P8, 14.66 W
0, 2026/09/15 09:47:27.201, 1, 16, 210 MHz, 405 MHz, P8, 16.75 W
1, 2026/09/15 09:47:27.201, 1, 16, 210 MHz, 405 MHz, P8, 14.66 W
0, 2026/09/15 09:47:27.401, 1, 16, 210 MHz, 405 MHz, P8, 16.75 W
1, 2026/09/15 09:47:27.402, 1, 16, 210 MHz, 405 MHz, P8, 14.66 W
0, 2026/09/15 09:47:27.602, 1, 16, 210 MHz, 405 MHz, P8, 16.75 W
1, 2026/09/15 09:47:27.602, 1, 16, 210 MHz, 405 MHz, P8, 14.66 W
0, 2026/09/15 09:47:27.802, 1, 16, 210 MHz, 405 MHz, P8, 16.75 W
1, 2026/09/15 09:47:27.802, 1, 16, 210 MHz, 405 MHz, P8, 14.45 W
0, 2026/09/15 09:47:28.002, 1, 16, 210 MHz, 405 MHz, P8, 16.53 W
1, 2026/09/15 09:47:28.003, 1, 16, 210 MHz, 405 MHz, P8, 14.45 W
0, 2026/09/15 09:47:28.203, 1, 16, 210 MHz, 405 MHz, P8, 16.53 W
1, 2026/09/15 09:47:28.203, 1, 16, 210 MHz, 405 MHz, P8, 14.45 W
0, 2026/09/15 09:47:28.403, 1, 16, 210 MHz, 405 MHz, P8, 16.53 W
1, 2026/09/15 09:47:28.404, 1, 16, 210 MHz, 405 MHz, P8, 14.45 W
0, 2026/09/15 09:47:28.604, 1, 16, 210 MHz, 405 MHz, P8, 16.53 W
1, 2026/09/15 09:47:28.604, 1, 16, 210 MHz, 405 MHz, P8, 14.45 W
0, 2026/09/15 09:47:28.804, 1, 16, 210 MHz, 405 MHz, P8, 16.53 W
1, 2026/09/15 09:47:28.804, 1, 16, 210 MHz, 405 MHz, P8, 14.52 W
0, 2026/09/15 09:47:29.005, 1, 16, 210 MHz, 405 MHz, P8, 16.54 W
1, 2026/09/15 09:47:29.005, 1, 16, 210 MHz, 405 MHz, P8, 14.52 W
0, 2026/09/15 09:47:29.205, 1, 16, 210 MHz, 405 MHz, P8, 16.54 W
1, 2026/09/15 09:47:29.205, 1, 16, 210 MHz, 405 MHz, P8, 14.52 W
0, 2026/09/15 09:47:29.405, 1, 16, 210 MHz, 405 MHz, P8, 16.54 W
1, 2026/09/15 09:47:29.405, 1, 16, 210 MHz, 405 MHz, P8, 14.52 W
0, 2026/09/15 09:47:29.606, 1, 16, 210 MHz, 405 MHz, P8, 16.54 W
1, 2026/09/15 09:47:29.606, 1, 16, 210 MHz, 405 MHz, P8, 14.52 W
0, 2026/09/15 09:47:29.806, 1, 16, 210 MHz, 405 MHz, P8, 16.54 W
1, 2026/09/15 09:47:29.806, 1, 16, 210 MHz, 405 MHz, P8, 14.52 W
0, 2026/09/15 09:47:30.007, 1, 16, 210 MHz, 405 MHz, P8, 16.60 W
1, 2026/09/15 09:47:30.007, 1, 16, 210 MHz, 405 MHz, P8, 14.52 W
0, 2026/09/15 09:47:30.207, 1, 16, 210 MHz, 405 MHz, P8, 16.60 W
1, 2026/09/15 09:47:30.207, 1, 16, 210 MHz, 405 MHz, P8, 14.52 W
0, 2026/09/15 09:47:30.408, 1, 16, 210 MHz, 405 MHz, P8, 16.60 W
1, 2026/09/15 09:47:30.408, 1, 16, 210 MHz, 405 MHz, P8, 14.52 W
0, 2026/09/15 09:47:30.608, 1, 16, 210 MHz, 405 MHz, P8, 16.60 W
1, 2026/09/15 09:47:30.608, 1, 16, 210 MHz, 405 MHz, P8, 14.52 W
0, 2026/09/15 09:47:30.809, 1, 16, 210 MHz, 405 MHz, P8, 16.60 W
1, 2026/09/15 09:47:30.809, 1, 16, 210 MHz, 405 MHz, P8, 14.52 W
0, 2026/09/15 09:47:31.009, 1, 16, 210 MHz, 405 MHz, P8, 16.71 W
1, 2026/09/15 09:47:31.009, 1, 16, 210 MHz, 405 MHz, P8, 14.52 W
0, 2026/09/15 09:47:31.210, 1, 16, 210 MHz, 405 MHz, P8, 16.71 W
1, 2026/09/15 09:47:31.210, 1, 16, 210 MHz, 405 MHz, P8, 14.52 W
0, 2026/09/15 09:47:31.410, 1, 16, 210 MHz, 405 MHz, P8, 16.71 W
1, 2026/09/15 09:47:57.735, 1, 16, 210 MHz, 405 MHz, P8, 14.57 W
0, 2026/09/15 09:47:57.936, 1, 16, 210 MHz, 405 MHz, P8, 16.03 W
1, 2026/09/15 09:47:57.936, 1, 16, 210 MHz, 405 MHz, P8, 14.59 W
0, 2026/09/15 09:47:58.136, 1, 16, 210 MHz, 405 MHz, P8, 16.03 W
1, 2026/09/15 09:47:58.137, 1, 16, 210 MHz, 405 MHz, P8, 14.59 W
0, 2026/09/15 09:47:58.337, 1, 16, 210 MHz, 405 MHz, P8, 16.03 W
1, 2026/09/15 09:47:58.337, 1, 16, 210 MHz, 405 MHz, P8, 14.59 W
0, 2026/09/15 09:47:58.537, 1, 16, 210 MHz, 405 MHz, P8, 16.03 W
1, 2026/09/15 09:47:58.537, 1, 16, 210 MHz, 405 MHz, P8, 14.59 W
0, 2026/09/15 09:47:58.738, 1, 16, 210 MHz, 405 MHz, P8, 16.03 W
1, 2026/09/15 09:47:58.738, 1, 16, 210 MHz, 405 MHz, P8, 14.59 W
0, 2026/09/15 09:47:58.938, 1, 16, 210 MHz, 405 MHz, P8, 15.96 W
1, 2026/09/15 09:47:58.938, 1, 16, 210 MHz, 405 MHz, P8, 14.59 W
0, 2026/09/15 09:47:59.138, 1, 16, 210 MHz, 405 MHz, P8, 15.96 W
1, 2026/09/15 09:47:59.139, 1, 16, 210 MHz, 405 MHz, P8, 14.59 W
0, 2026/09/15 09:47:59.339, 1, 16, 210 MHz, 405 MHz, P8, 15.96 W
1, 2026/09/15 09:47:59.339, 1, 16, 210 MHz, 405 MHz, P8, 14.59 W
0, 2026/09/15 09:47:59.539, 1, 16, 210 MHz, 405 MHz, P8, 15.96 W
1, 2026/09/15 09:47:59.539, 1, 16, 210 MHz, 405 MHz, P8, 14.59 W
0, 2026/09/15 09:47:59.740, 1, 16, 210 MHz, 405 MHz, P8, 15.96 W
1, 2026/09/15 09:47:59.740, 1, 16, 210 MHz, 405 MHz, P8, 14.59 W
0, 2026/09/15 09:47:59.940, 1, 16, 210 MHz, 405 MHz, P8, 15.87 W
1, 2026/09/15 09:47:59.940, 1, 16, 210 MHz, 405 MHz, P8, 14.61 W
0, 2026/09/15 09:48:00.140, 1, 16, 210 MHz, 405 MHz, P8, 15.87 W
1, 2026/09/15 09:48:00.141, 1, 16, 210 MHz, 405 MHz, P8, 14.61 W
0, 2026/09/15 09:48:00.341, 1, 16, 210 MHz, 405 MHz, P8, 15.87 W
1, 2026/09/15 09:48:00.341, 1, 16, 210 MHz, 405 MHz, P8, 14.61 W
0, 2026/09/15 09:48:00.541, 1, 16, 210 MHz, 405 MHz, P8, 15.87 W
1, 2026/09/15 09:48:00.541, 1, 16, 210 MHz, 405 MHz, P8, 14.61 W
0, 2026/09/15 09:48:00.742, 1, 16, 210 MHz, 405 MHz, P8, 15.87 W
1, 2026/09/15 09:48:00.742, 1, 16, 210 MHz, 405 MHz, P8, 14.61 W
0, 2026/09/15 09:48:00.942, 1, 16, 210 MHz, 405 MHz, P8, 15.83 W
1, 2026/09/15 09:48:00.942, 1, 16, 210 MHz, 405 MHz, P8, 14.64 W
0, 2026/09/15 09:48:01.142, 1, 16, 210 MHz, 405 MHz, P8, 15.83 W
1, 2026/09/15 09:48:01.143, 1, 16, 210 MHz, 405 MHz, P8, 14.64 W
0, 2026/09/15 09:48:01.343, 1, 16, 210 MHz, 405 MHz, P8, 15.83 W
1, 2026/09/15 09:48:01.343, 1, 16, 210 MHz, 405 MHz, P8, 14.64 W
0, 2026/09/15 09:48:01.543, 1, 16, 210 MHz, 405 MHz, P8, 15.83 W
1, 2026/09/15 09:48:01.544, 1, 16, 210 MHz, 405 MHz, P8, 14.64 W
0, 2026/09/15 09:48:01.744, 1, 16, 210 MHz, 405 MHz, P8, 15.83 W
1, 2026/09/15 09:48:01.744, 1, 16, 210 MHz, 405 MHz, P8, 14.64 W
0, 2026/09/15 09:48:01.944, 1, 16, 210 MHz, 405 MHz, P8, 15.66 W
1, 2026/09/15 09:48:01.944, 1, 16, 210 MHz, 405 MHz, P8, 14.63 W
0, 2026/09/15 09:48:02.145, 1, 16, 210 MHz, 405 MHz, P8, 15.66 W
1, 2026/09/15 09:48:02.145, 1, 16, 210 MHz, 405 MHz, P8, 14.63 W
0, 2026/09/15 09:48:02.345, 1, 16, 210 MHz, 405 MHz, P8, 15.66 W
1, 2026/09/15 09:48:02.345, 1, 16, 210 MHz, 405 MHz, P8, 14.63 W
0, 2026/09/15 09:48:02.545, 1, 16, 210 MHz, 405 MHz, P8, 15.66 W
1, 2026/09/15 09:48:02.546, 1, 16, 210 MHz, 405 MHz, P8, 14.63 W
0, 2026/09/15 09:48:02.746, 1, 16, 210 MHz, 405 MHz, P8, 15.66 W
1, 2026/09/15 09:48:02.746, 1, 16, 210 MHz, 405 MHz, P8, 14.63 W
0, 2026/09/15 09:48:02.946, 1, 16, 210 MHz, 405 MHz, P8, 15.07 W
1, 2026/09/15 09:48:02.946, 1, 16, 210 MHz, 405 MHz, P8, 14.35 W
0, 2026/09/15 09:48:03.147, 1, 16, 210 MHz, 405 MHz, P8, 15.07 W
1, 2026/09/15 09:48:03.147, 1, 16, 210 MHz, 405 MHz, P8, 14.35 W
0, 2026/09/15 09:48:03.347, 1, 16, 210 MHz, 405 MHz, P8, 15.07 W
1, 2026/09/15 09:48:03.347, 1, 16, 210 MHz, 405 MHz, P8, 14.35 W
0, 2026/09/15 09:48:03.548, 1, 16, 210 MHz, 405 MHz, P8, 15.07 W
1, 2026/09/15 09:48:03.548, 1, 16, 210 MHz, 405 MHz, P8, 14.35 W
0, 2026/09/15 09:48:03.748, 1, 16, 210 MHz, 405 MHz, P8, 15.07 W
1, 2026/09/15 09:48:03.748, 1, 16, 210 MHz, 405 MHz, P8, 14.35 W
0, 2026/09/15 09:48:03.948, 1, 16, 210 MHz, 405 MHz, P8, 14.61 W
1, 2026/09/15 09:48:03.949, 1, 16, 210 MHz, 405 MHz, P8, 14.35 W
0, 2026/09/15 09:48:04.149, 1, 16, 210 MHz, 405 MHz, P8, 14.61 W
1, 2026/09/15 09:48:04.149, 1, 16, 210 MHz, 405 MHz, P8, 14.35 W
0, 2026/09/15 09:48:04.349, 1, 16, 210 MHz, 405 MHz, P8, 14.61 W
1, 2026/09/15 09:48:04.349, 1, 16, 210 MHz, 405 MHz, P8, 14.35 W
0, 2026/09/15 09:48:04.550, 1, 16, 210 MHz, 405 MHz, P8, 14.61 W
1, 2026/09/15 09:48:04.550, 1, 16, 210 MHz, 405 MHz, P8, 14.35 W
0, 2026/09/15 09:48:04.750, 1, 16, 210 MHz, 405 MHz, P8, 14.61 W
1, 2026/09/15 09:48:04.750, 1, 16, 210 MHz, 405 MHz, P8, 14.35 W
0, 2026/09/15 09:48:04.950, 1, 16, 210 MHz, 405 MHz, P8, 14.51 W
1, 2026/09/15 09:48:04.950, 1, 16, 210 MHz, 405 MHz, P8, 14.41 W
0, 2026/09/15 09:48:05.151, 1, 16, 210 MHz, 405 MHz, P8, 14.51 W
1, 2026/09/15 09:48:05.151, 1, 16, 210 MHz, 405 MHz, P8, 14.41 W
0, 2026/09/15 09:48:05.351, 1, 16, 210 MHz, 405 MHz, P8, 14.51 W
1, 2026/09/15 09:48:05.351, 1, 16, 210 MHz, 405 MHz, P8, 14.41 W
0, 2026/09/15 09:48:05.551, 1, 16, 210 MHz, 405 MHz, P8, 14.51 W
1, 2026/09/15 09:48:05.552, 1, 16, 210 MHz, 405 MHz, P8, 14.41 W
0, 2026/09/15 09:48:05.752, 1, 16, 210 MHz, 405 MHz, P8, 14.51 W
1, 2026/09/15 09:48:05.752, 1, 16, 210 MHz, 405 MHz, P8, 14.41 W
0, 2026/09/15 09:48:05.952, 1, 16, 210 MHz, 405 MHz, P8, 14.76 W
1, 2026/09/15 09:48:05.952, 1, 16, 210 MHz, 405 MHz, P8, 14.41 W
0, 2026/09/15 09:48:06.153, 1, 16, 210 MHz, 405 MHz, P8, 14.76 W
1, 2026/09/15 09:48:06.153, 1, 16, 210 MHz, 405 MHz, P8, 14.41 W
0, 2026/09/15 09:48:06.353, 1, 16, 210 MHz, 405 MHz, P8, 14.76 W
1, 2026/09/15 09:48:06.353, 1, 16, 210 MHz, 405 MHz, P8, 14.41 W
0, 2026/09/15 09:48:06.553, 1, 16, 210 MHz, 405 MHz, P8, 14.76 W
1, 2026/09/15 09:48:06.554, 1, 16, 210 MHz, 405 MHz, P8, 14.41 W
0, 2026/09/15 09:48:06.754, 1, 16, 210 MHz, 405 MHz, P8, 14.76 W
1, 2026/09/15 09:48:06.754, 1, 16, 210 MHz, 405 MHz, P8, 14.41 W
0, 2026/09/15 09:48:06.954, 1, 16, 210 MHz, 405 MHz, P8, 15.31 W
1, 2026/09/15 09:48:06.954, 1, 16, 210 MHz, 405 MHz, P8, 14.61 W
0, 2026/09/15 09:48:07.154, 1, 16, 210 MHz, 405 MHz, P8, 15.31 W
1, 2026/09/15 09:48:07.155, 1, 16, 210 MHz, 405 MHz, P8, 14.61 W
0, 2026/09/15 09:48:07.355, 1, 16, 210 MHz, 405 MHz, P8, 15.31 W
1, 2026/09/15 09:48:07.355, 1, 16, 210 MHz, 405 MHz, P8, 14.61 W
0, 2026/09/15 09:48:07.555, 1, 16, 210 MHz, 405 MHz, P8, 15.31 W
1, 2026/09/15 09:48:07.556, 1, 16, 210 MHz, 405 MHz, P8, 14.61 W
0, 2026/09/15 09:48:07.756, 1, 16, 210 MHz, 405 MHz, P8, 15.31 W
1, 2026/09/15 09:48:07.756, 1, 16, 210 MHz, 405 MHz, P8, 14.61 W
0, 2026/09/15 09:48:07.956, 1, 16, 210 MHz, 405 MHz, P8, 15.47 W
1, 2026/09/15 09:48:07.956, 1, 16, 210 MHz, 405 MHz, P8, 14.61 W
0, 2026/09/15 09:48:08.157, 1, 16, 210 MHz, 405 MHz, P8, 15.47 W
1, 2026/09/15 09:48:08.157, 1, 16, 210 MHz, 405 MHz, P8, 14.61 W
0, 2026/09/15 09:48:08.357, 1, 16, 210 MHz, 405 MHz, P8, 15.47 W
1, 2026/09/15 09:48:08.357, 1, 16, 210 MHz, 405 MHz, P8, 14.61 W
0, 2026/09/15 09:48:08.558, 1, 16, 210 MHz, 405 MHz, P8, 15.47 W
1, 2026/09/15 09:48:08.558, 1, 16, 210 MHz, 405 MHz, P8, 14.61 W
0, 2026/09/15 09:48:08.758, 1, 16, 210 MHz, 405 MHz, P8, 15.47 W
1, 2026/09/15 09:48:08.759, 1, 16, 210 MHz, 405 MHz, P8, 14.61 W
0, 2026/09/15 09:48:08.959, 1, 16, 210 MHz, 405 MHz, P8, 14.99 W
1, 2026/09/15 09:48:08.959, 1, 16, 210 MHz, 405 MHz, P8, 14.39 W
0, 2026/09/15 09:48:09.159, 1, 16, 210 MHz, 405 MHz, P8, 14.99 W
1, 2026/09/15 09:48:09.159, 1, 16, 210 MHz, 405 MHz, P8, 14.39 W
0, 2026/09/15 09:48:09.359, 1, 16, 210 MHz, 405 MHz, P8, 14.99 W
1, 2026/09/15 09:48:09.360, 1, 16, 210 MHz, 405 MHz, P8, 14.39 W
0, 2026/09/15 09:48:09.560, 1, 16, 210 MHz, 405 MHz, P8, 14.99 W
1, 2026/09/15 09:48:09.560, 1, 16, 210 MHz, 405 MHz, P8, 14.39 W
0, 2026/09/15 09:48:09.760, 1, 16, 210 MHz, 405 MHz, P8, 14.99 W
1, 2026/09/15 09:48:09.760, 1, 16, 210 MHz, 405 MHz, P8, 14.39 W
0, 2026/09/15 09:48:09.961, 1, 16, 210 MHz, 405 MHz, P8, 14.78 W
1, 2026/09/15 09:48:09.961, 1, 16, 210 MHz, 405 MHz, P8, 14.37 W
0, 2026/09/15 09:48:10.161, 1, 16, 210 MHz, 405 MHz, P8, 14.78 W
1, 2026/09/15 09:48:10.162, 1, 16, 210 MHz, 405 MHz, P8, 14.37 W
0, 2026/09/15 09:48:10.362, 1, 16, 210 MHz, 405 MHz, P8, 14.78 W
1, 2026/09/15 09:48:10.362, 1, 16, 210 MHz, 405 MHz, P8, 14.37 W
0, 2026/09/15 09:48:10.562, 1, 16, 210 MHz, 405 MHz, P8, 14.78 W
1, 2026/09/15 09:48:10.562, 1, 16, 210 MHz, 405 MHz, P8, 14.37 W
0, 2026/09/15 09:48:10.763, 1, 16, 210 MHz, 405 MHz, P8, 14.78 W
1, 2026/09/15 09:48:10.763, 1, 16, 210 MHz, 405 MHz, P8, 14.37 W
0, 2026/09/15 09:48:10.963, 1, 16, 210 MHz, 405 MHz, P8, 14.77 W
1, 2026/09/15 09:48:10.963, 1, 16, 210 MHz, 405 MHz, P8, 14.32 W
0, 2026/09/15 09:48:11.164, 1, 16, 210 MHz, 405 MHz, P8, 14.77 W
1, 2026/09/15 09:48:11.164, 1, 16, 210 MHz, 405 MHz, P8, 14.32 W
0, 2026/09/15 09:48:11.364, 1, 16, 210 MHz, 405 MHz, P8, 14.77 W
1, 2026/09/15 09:48:11.364, 1, 16, 210 MHz, 405 MHz, P8, 14.32 W
0, 2026/09/15 09:48:11.565, 1, 16, 210 MHz, 405 MHz, P8, 14.77 W
1, 2026/09/15 09:48:11.565, 1, 16, 210 MHz, 405 MHz, P8, 14.32 W
0, 2026/09/15 09:48:11.765, 1, 16, 210 MHz, 405 MHz, P8, 14.77 W
1, 2026/09/15 09:48:11.765, 1, 16, 210 MHz, 405 MHz, P8, 14.32 W
0, 2026/09/15 09:48:11.966, 1, 16, 210 MHz, 405 MHz, P8, 14.61 W
1, 2026/09/15 09:48:11.966, 1, 16, 210 MHz, 405 MHz, P8, 14.26 W
0, 2026/09/15 09:48:12.166, 1, 16, 210 MHz, 405 MHz, P8, 14.61 W
1, 2026/09/15 09:48:12.166, 1, 16, 210 MHz, 405 MHz, P8, 14.26 W
0, 2026/09/15 09:48:12.366, 1, 16, 210 MHz, 405 MHz, P8, 14.61 W
1, 2026/09/15 09:48:12.367, 1, 16, 210 MHz, 405 MHz, P8, 14.26 W
0, 2026/09/15 09:48:12.567, 1, 16, 210 MHz, 405 MHz, P8, 14.61 W
1, 2026/09/15 09:48:12.567, 1, 16, 210 MHz, 405 MHz, P8, 14.26 W
0, 2026/09/15 09:48:12.767, 1, 16, 210 MHz, 405 MHz, P8, 14.61 W
1, 2026/09/15 09:48:12.767, 1, 16, 210 MHz, 405 MHz, P8, 14.26 W
0, 2026/09/15 09:48:12.968, 1, 16, 210 MHz, 405 MHz, P8, 14.83 W
1, 2026/09/15 09:48:12.968, 1, 16, 210 MHz, 405 MHz, P8, 14.49 W
0, 2026/09/15 09:48:13.168, 1, 16, 210 MHz, 405 MHz, P8, 14.83 W
1, 2026/09/15 09:48:13.168, 1, 16, 210 MHz, 405 MHz, P8, 14.49 W
0, 2026/09/15 09:48:13.369, 1, 16, 210 MHz, 405 MHz, P8, 14.83 W
1, 2026/09/15 09:48:13.369, 1, 16, 210 MHz, 405 MHz, P8, 14.49 W
0, 2026/09/15 09:48:13.569, 1, 16, 210 MHz, 405 MHz, P8, 14.83 W
1, 2026/09/15 09:48:13.569, 1, 16, 210 MHz, 405 MHz, P8, 14.49 W
0, 2026/09/15 09:48:13.770, 1, 16, 210 MHz, 405 MHz, P8, 14.83 W
1, 2026/09/15 09:48:13.770, 1, 16, 210 MHz, 405 MHz, P8, 14.49 W
0, 2026/09/15 09:48:13.970, 1, 16, 210 MHz, 405 MHz, P8, 15.05 W
1, 2026/09/15 09:48:13.970, 1, 16, 210 MHz, 405 MHz, P8, 14.80 W
0, 2026/09/15 09:48:14.171, 1, 16, 210 MHz, 405 MHz, P8, 15.05 W
1, 2026/09/15 09:48:14.171, 1, 16, 210 MHz, 405 MHz, P8, 14.80 W
0, 2026/09/15 09:48:14.371, 1, 16, 210 MHz, 405 MHz, P8, 15.05 W
1, 2026/09/15 09:48:14.371, 1, 16, 210 MHz, 405 MHz, P8, 14.80 W
0, 2026/09/15 09:48:14.571, 1, 16, 210 MHz, 405 MHz, P8, 15.05 W
1, 2026/09/15 09:48:14.572, 1, 16, 210 MHz, 405 MHz, P8, 14.80 W
0, 2026/09/15 09:48:14.772, 1, 16, 210 MHz, 405 MHz, P8, 15.05 W
1, 2026/09/15 09:48:14.772, 1, 16, 210 MHz, 405 MHz, P8, 14.80 W
0, 2026/09/15 09:48:14.972, 1, 16, 210 MHz, 405 MHz, P8, 15.54 W
1, 2026/09/15 09:48:14.973, 1, 16, 210 MHz, 405 MHz, P8, 15.13 W
0, 2026/09/15 09:48:15.173, 1, 16, 210 MHz, 405 MHz, P8, 15.54 W
1, 2026/09/15 09:48:15.173, 1, 16, 210 MHz, 405 MHz, P8, 15.13 W
0, 2026/09/15 09:48:15.373, 1, 16, 210 MHz, 405 MHz, P8, 15.54 W
1, 2026/09/15 09:48:15.373, 1, 16, 210 MHz, 405 MHz, P8, 15.13 W
0, 2026/09/15 09:48:15.574, 1, 16, 210 MHz, 405 MHz, P8, 15.54 W
1, 2026/09/15 09:48:15.574, 1, 16, 210 MHz, 405 MHz, P8, 15.13 W
0, 2026/09/15 09:48:15.774, 1, 16, 210 MHz, 405 MHz, P8, 15.54 W
1, 2026/09/15 09:48:15.774, 1, 16, 210 MHz, 405 MHz, P8, 15.13 W
0, 2026/09/15 09:48:15.974, 1, 16, 210 MHz, 405 MHz, P8, 16.06 W
1, 2026/09/15 09:48:15.975, 1, 16, 210 MHz, 405 MHz, P8, 15.27 W
0, 2026/09/15 09:48:16.175, 1, 16, 210 MHz, 405 MHz, P8, 16.06 W
1, 2026/09/15 09:48:16.175, 1, 16, 210 MHz, 405 MHz, P8, 15.27 W
0, 2026/09/15 09:48:16.375, 1, 16, 210 MHz, 405 MHz, P8, 16.06 W
1, 2026/09/15 09:48:16.376, 1, 16, 210 MHz, 405 MHz, P8, 15.27 W
0, 2026/09/15 09:48:16.576, 1, 16, 210 MHz, 405 MHz, P8, 16.06 W
1, 2026/09/15 09:48:16.576, 1, 16, 210 MHz, 405 MHz, P8, 15.27 W
0, 2026/09/15 09:48:16.776, 1, 16, 210 MHz, 405 MHz, P8, 16.06 W
1, 2026/09/15 09:48:16.776, 1, 16, 210 MHz, 405 MHz, P8, 15.27 W
0, 2026/09/15 09:48:16.977, 1, 16, 210 MHz, 405 MHz, P8, 16.19 W
1, 2026/09/15 09:48:16.977, 1, 16, 210 MHz, 405 MHz, P8, 15.29 W
0, 2026/09/15 09:48:17.177, 1, 16, 210 MHz, 405 MHz, P8, 16.19 W
1, 2026/09/15 09:48:17.177, 1, 16, 210 MHz, 405 MHz, P8, 15.29 W
0, 2026/09/15 09:48:17.377, 1, 16, 210 MHz, 405 MHz, P8, 16.19 W
1, 2026/09/15 09:48:17.377, 1, 16, 210 MHz, 405 MHz, P8, 15.29 W
0, 2026/09/15 09:48:17.578, 1, 16, 210 MHz, 405 MHz, P8, 16.19 W
1, 2026/09/15 09:48:17.578, 1, 16, 210 MHz, 405 MHz, P8, 15.29 W
0, 2026/09/15 09:48:17.778, 1, 16, 210 MHz, 405 MHz, P8, 16.19 W
1, 2026/09/15 09:48:17.778, 1, 16, 210 MHz, 405 MHz, P8, 15.29 W
0, 2026/09/15 09:48:17.978, 1, 16, 210 MHz, 405 MHz, P8, 16.36 W
1, 2026/09/15 09:48:17.979, 1, 16, 210 MHz, 405 MHz, P8, 15.32 W
0, 2026/09/15 09:48:18.179, 1, 16, 210 MHz, 405 MHz, P8, 16.36 W
1, 2026/09/15 09:48:18.179, 1, 16, 210 MHz, 405 MHz, P8, 15.32 W
0, 2026/09/15 09:48:18.379, 1, 16, 210 MHz, 405 MHz, P8, 16.36 W
1, 2026/09/15 09:48:18.380, 1, 16, 210 MHz, 405 MHz, P8, 15.32 W
0, 2026/09/15 09:48:18.580, 1, 16, 210 MHz, 405 MHz, P8, 16.36 W
1, 2026/09/15 09:48:18.580, 1, 16, 210 MHz, 405 MHz, P8, 15.32 W
0, 2026/09/15 09:48:18.780, 1, 16, 210 MHz, 405 MHz, P8, 16.36 W
1, 2026/09/15 09:48:18.780, 1, 16, 210 MHz, 405 MHz, P8, 15.32 W
0, 2026/09/15 09:48:18.981, 1, 16, 210 MHz, 405 MHz, P8, 16.61 W
1, 2026/09/15 09:48:18.981, 1, 16, 210 MHz, 405 MHz, P8, 15.13 W
0, 2026/09/15 09:48:19.181, 1, 16, 210 MHz, 405 MHz, P8, 16.61 W
1, 2026/09/15 09:48:19.181, 1, 16, 210 MHz, 405 MHz, P8, 15.13 W
0, 2026/09/15 09:48:19.381, 1, 16, 210 MHz, 405 MHz, P8, 16.61 W
1, 2026/09/15 09:48:19.381, 1, 16, 210 MHz, 405 MHz, P8, 15.13 W
0, 2026/09/15 09:48:19.582, 1, 16, 210 MHz, 405 MHz, P8, 16.61 W
1, 2026/09/15 09:48:19.582, 1, 16, 210 MHz, 405 MHz, P8, 15.13 W
0, 2026/09/15 09:48:19.782, 1, 16, 210 MHz, 405 MHz, P8, 16.61 W
1, 2026/09/15 09:48:19.782, 1, 16, 210 MHz, 405 MHz, P8, 15.13 W
0, 2026/09/15 09:48:19.982, 1, 16, 210 MHz, 405 MHz, P8, 16.83 W
1, 2026/09/15 09:48:19.982, 1, 16, 210 MHz, 405 MHz, P8, 14.99 W
0, 2026/09/15 09:48:20.183, 1, 16, 210 MHz, 405 MHz, P8, 16.83 W
1, 2026/09/15 09:48:20.183, 1, 16, 210 MHz, 405 MHz, P8, 14.99 W
0, 2026/09/15 09:48:20.383, 1, 16, 210 MHz, 405 MHz, P8, 16.83 W
1, 2026/09/15 09:48:20.383, 1, 16, 210 MHz, 405 MHz, P8, 14.99 W
0, 2026/09/15 09:48:20.584, 1, 16, 210 MHz, 405 MHz, P8, 16.83 W
1, 2026/09/15 09:48:20.584, 1, 16, 210 MHz, 405 MHz, P8, 14.99 W
0, 2026/09/15 09:48:20.784, 1, 16, 210 MHz, 405 MHz, P8, 16.83 W
1, 2026/09/15 09:48:20.784, 1, 16, 210 MHz, 405 MHz, P8, 14.99 W
0, 2026/09/15 09:48:20.984, 1, 16, 210 MHz, 405 MHz, P8, 16.65 W
1, 2026/09/15 09:48:20.985, 1, 16, 210 MHz, 405 MHz, P8, 15.01 W
0, 2026/09/15 09:48:21.185, 1, 16, 210 MHz, 405 MHz, P8, 16.65 W
1, 2026/09/15 09:48:21.185, 1, 16, 210 MHz, 405 MHz, P8, 15.01 W
0, 2026/09/15 09:48:21.385, 1, 16, 210 MHz, 405 MHz, P8, 16.65 W
1, 2026/09/15 09:48:21.385, 1, 16, 210 MHz, 405 MHz, P8, 15.01 W
0, 2026/09/15 09:48:21.586, 1, 16, 210 MHz, 405 MHz, P8, 16.65 W
1, 2026/09/15 09:48:21.586, 1, 16, 210 MHz, 405 MHz, P8, 15.01 W
0, 2026/09/15 09:48:21.786, 1, 16, 210 MHz, 405 MHz, P8, 16.65 W
1, 2026/09/15 09:48:21.786, 1, 16, 210 MHz, 405 MHz, P8, 15.01 W
0, 2026/09/15 09:48:21.986, 1, 16, 210 MHz, 405 MHz, P8, 16.48 W
1, 2026/09/15 09:48:21.987, 1, 16, 210 MHz, 405 MHz, P8, 14.81 W
0, 2026/09/15 09:48:22.187, 1, 16, 210 MHz, 405 MHz, P8, 16.48 W
1, 2026/09/15 09:48:22.187, 1, 16, 210 MHz, 405 MHz, P8, 14.81 W
0, 2026/09/15 09:48:22.387, 1, 16, 210 MHz, 405 MHz, P8, 16.48 W
1, 2026/09/15 09:48:22.388, 1, 16, 210 MHz, 405 MHz, P8, 14.81 W
0, 2026/09/15 09:48:22.588, 1, 16, 210 MHz, 405 MHz, P8, 16.48 W
1, 2026/09/15 09:48:22.588, 1, 16, 210 MHz, 405 MHz, P8, 14.81 W
0, 2026/09/15 09:48:22.788, 1, 16, 210 MHz, 405 MHz, P8, 16.48 W
1, 2026/09/15 09:48:22.788, 1, 16, 210 MHz, 405 MHz, P8, 14.81 W
0, 2026/09/15 09:48:22.989, 1, 16, 210 MHz, 405 MHz, P8, 16.66 W
1, 2026/09/15 09:48:22.989, 1, 16, 210 MHz, 405 MHz, P8, 14.68 W
0, 2026/09/15 09:48:23.189, 1, 16, 210 MHz, 405 MHz, P8, 16.66 W
1, 2026/09/15 09:48:23.189, 1, 16, 210 MHz, 405 MHz, P8, 14.68 W
0, 2026/09/15 09:48:23.389, 1, 16, 210 MHz, 405 MHz, P8, 16.66 W
1, 2026/09/15 09:48:23.390, 1, 16, 210 MHz, 405 MHz, P8, 14.68 W
0, 2026/09/15 09:48:23.590, 1, 16, 210 MHz, 405 MHz, P8, 16.66 W
1, 2026/09/15 09:48:23.590, 1, 16, 210 MHz, 405 MHz, P8, 14.68 W
0, 2026/09/15 09:48:23.790, 1, 16, 210 MHz, 405 MHz, P8, 16.66 W
1, 2026/09/15 09:48:23.790, 1, 16, 210 MHz, 405 MHz, P8, 14.68 W
0, 2026/09/15 09:48:23.991, 1, 16, 210 MHz, 405 MHz, P8, 16.74 W
1, 2026/09/15 09:48:23.991, 1, 16, 210 MHz, 405 MHz, P8, 14.68 W
0, 2026/09/15 09:48:24.191, 1, 16, 210 MHz, 405 MHz, P8, 16.74 W
1, 2026/09/15 09:48:24.191, 1, 16, 210 MHz, 405 MHz, P8, 14.68 W
0, 2026/09/15 09:48:24.391, 1, 16, 210 MHz, 405 MHz, P8, 16.74 W
1, 2026/09/15 09:48:24.391, 1, 16, 210 MHz, 405 MHz, P8, 14.68 W
0, 2026/09/15 09:48:24.592, 1, 16, 210 MHz, 405 MHz, P8, 16.74 W
1, 2026/09/15 09:48:24.592, 1, 16, 210 MHz, 405 MHz, P8, 14.68 W
0, 2026/09/15 09:48:24.793, 1, 16, 210 MHz, 405 MHz, P8, 16.74 W
1, 2026/09/15 09:48:24.793, 1, 16, 210 MHz, 405 MHz, P8, 14.68 W
0, 2026/09/15 09:48:24.993, 1, 16, 210 MHz, 405 MHz, P8, 17.24 W
1, 2026/09/15 09:48:24.993, 1, 16, 210 MHz, 405 MHz, P8, 14.64 W
0, 2026/09/15 09:48:25.193, 1, 16, 210 MHz, 405 MHz, P8, 17.24 W
1, 2026/09/15 09:48:25.194, 1, 16, 210 MHz, 405 MHz, P8, 14.64 W
0, 2026/09/15 09:48:25.394, 1, 16, 210 MHz, 405 MHz, P8, 16.91 W
1, 2026/09/15 09:48:25.394, 1, 16, 210 MHz, 405 MHz, P8, 14.57 W
0, 2026/09/15 09:48:25.594, 1, 16, 210 MHz, 405 MHz, P8, 16.91 W
1, 2026/09/15 09:48:25.594, 1, 16, 210 MHz, 405 MHz, P8, 14.57 W
0, 2026/09/15 09:48:25.795, 1, 16, 210 MHz, 405 MHz, P8, 16.91 W
1, 2026/09/15 09:48:25.795, 1, 16, 210 MHz, 405 MHz, P8, 14.57 W
0, 2026/09/15 09:48:25.995, 1, 16, 210 MHz, 405 MHz, P8, 16.80 W
1, 2026/09/15 09:48:25.995, 1, 16, 210 MHz, 405 MHz, P8, 14.52 W
0, 2026/09/15 09:48:26.195, 1, 16, 210 MHz, 405 MHz, P8, 16.80 W
1, 2026/09/15 09:48:26.196, 1, 16, 210 MHz, 405 MHz, P8, 14.52 W
0, 2026/09/15 09:48:26.396, 1, 16, 210 MHz, 405 MHz, P8, 15.79 W
1, 2026/09/15 09:48:26.396, 4, 16, 2520 MHz, 10501 MHz, P0, 14.92 W
0, 2026/09/15 09:48:26.596, 1, 16, 210 MHz, 405 MHz, P8, 15.79 W
1, 2026/09/15 09:48:26.596, 4, 16, 2520 MHz, 10501 MHz, P0, 14.92 W
0, 2026/09/15 09:48:26.797, 1, 16, 210 MHz, 405 MHz, P8, 15.79 W
1, 2026/09/15 09:48:26.797, 4, 16, 2520 MHz, 10501 MHz, P0, 14.92 W
0, 2026/09/15 09:48:26.997, 4, 16, 2520 MHz, 10251 MHz, P2, 31.90 W
1, 2026/09/15 09:48:26.997, 4, 16, 2520 MHz, 10251 MHz, P2, 36.72 W
0, 2026/09/15 09:48:27.197, 4, 16, 2520 MHz, 10251 MHz, P2, 31.90 W
1, 2026/09/15 09:48:27.198, 4, 16, 2520 MHz, 10251 MHz, P2, 36.72 W
0, 2026/09/15 09:48:27.398, 4, 16, 2520 MHz, 10251 MHz, P2, 58.97 W
1, 2026/09/15 09:48:27.398, 4, 16, 2520 MHz, 10251 MHz, P2, 46.17 W
0, 2026/09/15 09:48:27.598, 4, 16, 2520 MHz, 10251 MHz, P2, 58.97 W
1, 2026/09/15 09:48:27.599, 4, 16, 2520 MHz, 10251 MHz, P2, 46.17 W
0, 2026/09/15 09:48:27.799, 4, 16, 2520 MHz, 10251 MHz, P2, 58.97 W
1, 2026/09/15 09:48:27.799, 4, 16, 2520 MHz, 10251 MHz, P2, 46.17 W
0, 2026/09/15 09:48:27.999, 4, 16, 2520 MHz, 10251 MHz, P2, 63.92 W
1, 2026/09/15 09:48:27.999, 4, 16, 2520 MHz, 10251 MHz, P2, 61.18 W
0, 2026/09/15 09:48:28.200, 4, 16, 2520 MHz, 10251 MHz, P2, 63.92 W
1, 2026/09/15 09:48:28.200, 4, 16, 2520 MHz, 10251 MHz, P2, 61.18 W
0, 2026/09/15 09:48:28.400, 4, 16, 2520 MHz, 10251 MHz, P2, 63.33 W
1, 2026/09/15 09:48:28.400, 4, 16, 2520 MHz, 10251 MHz, P2, 60.75 W
0, 2026/09/15 09:48:28.601, 4, 16, 2520 MHz, 10251 MHz, P2, 63.33 W
1, 2026/09/15 09:48:28.601, 4, 16, 2520 MHz, 10251 MHz, P2, 60.75 W
0, 2026/09/15 09:48:28.801, 4, 16, 2520 MHz, 10251 MHz, P2, 63.33 W
1, 2026/09/15 09:48:28.801, 4, 16, 2520 MHz, 10251 MHz, P2, 60.73 W
0, 2026/09/15 09:48:29.002, 4, 16, 2520 MHz, 10251 MHz, P2, 63.37 W
1, 2026/09/15 09:48:29.002, 4, 16, 2520 MHz, 10251 MHz, P2, 60.73 W
0, 2026/09/15 09:48:29.202, 4, 16, 2520 MHz, 10251 MHz, P2, 63.37 W
1, 2026/09/15 09:48:29.202, 4, 16, 2520 MHz, 10251 MHz, P2, 60.73 W
0, 2026/09/15 09:48:29.403, 4, 16, 2520 MHz, 10251 MHz, P2, 63.28 W
1, 2026/09/15 09:48:29.403, 4, 16, 2520 MHz, 10251 MHz, P2, 60.68 W
0, 2026/09/15 09:48:29.603, 4, 16, 2520 MHz, 10251 MHz, P2, 63.28 W
1, 2026/09/15 09:48:29.603, 4, 16, 2520 MHz, 10251 MHz, P2, 60.68 W
0, 2026/09/15 09:48:29.803, 4, 16, 2520 MHz, 10251 MHz, P2, 63.28 W
1, 2026/09/15 09:48:29.804, 4, 16, 2520 MHz, 10251 MHz, P2, 60.68 W
0, 2026/09/15 09:48:30.004, 4, 16, 2520 MHz, 10251 MHz, P2, 63.28 W
1, 2026/09/15 09:48:30.004, 4, 16, 2520 MHz, 10251 MHz, P2, 60.68 W
0, 2026/09/15 09:48:30.204, 4, 16, 2520 MHz, 10251 MHz, P2, 63.28 W
1, 2026/09/15 09:48:30.204, 4, 16, 2520 MHz, 10251 MHz, P2, 60.68 W
0, 2026/09/15 09:48:30.405, 4, 16, 2520 MHz, 10251 MHz, P2, 62.96 W
1, 2026/09/15 09:48:30.405, 4, 16, 2520 MHz, 10251 MHz, P2, 60.83 W
0, 2026/09/15 09:48:30.605, 4, 16, 2520 MHz, 10251 MHz, P2, 62.96 W
1, 2026/09/15 09:48:30.605, 4, 16, 2520 MHz, 10251 MHz, P2, 60.83 W
0, 2026/09/15 09:48:30.805, 4, 16, 2520 MHz, 10251 MHz, P2, 62.96 W
1, 2026/09/15 09:48:30.805, 4, 16, 2520 MHz, 10251 MHz, P2, 61.02 W
0, 2026/09/15 09:48:31.006, 4, 16, 2520 MHz, 10251 MHz, P2, 62.90 W
1, 2026/09/15 09:48:31.006, 4, 16, 2520 MHz, 10251 MHz, P2, 61.02 W
0, 2026/09/15 09:48:31.206, 4, 16, 2520 MHz, 10251 MHz, P2, 62.90 W
1, 2026/09/15 09:48:31.206, 4, 16, 2520 MHz, 10251 MHz, P2, 61.02 W
0, 2026/09/15 09:48:31.406, 4, 16, 2520 MHz, 10251 MHz, P2, 63.21 W
1, 2026/09/15 09:48:31.407, 4, 16, 2520 MHz, 10251 MHz, P2, 61.65 W
0, 2026/09/15 09:48:31.607, 4, 16, 2520 MHz, 10251 MHz, P2, 63.21 W
1, 2026/09/15 09:48:31.607, 4, 16, 2520 MHz, 10251 MHz, P2, 61.65 W
0, 2026/09/15 09:48:31.807, 4, 16, 2520 MHz, 10251 MHz, P2, 63.21 W
1, 2026/09/15 09:48:31.807, 4, 16, 2520 MHz, 10251 MHz, P2, 61.47 W
0, 2026/09/15 09:48:32.008, 4, 16, 2520 MHz, 10251 MHz, P2, 63.35 W
1, 2026/09/15 09:48:32.008, 4, 16, 2520 MHz, 10251 MHz, P2, 61.47 W
0, 2026/09/15 09:48:32.208, 4, 16, 2520 MHz, 10251 MHz, P2, 63.35 W
1, 2026/09/15 09:48:32.208, 4, 16, 2520 MHz, 10251 MHz, P2, 61.47 W
0, 2026/09/15 09:48:32.408, 4, 16, 2520 MHz, 10251 MHz, P2, 63.79 W
1, 2026/09/15 09:48:32.408, 4, 16, 2520 MHz, 10251 MHz, P2, 61.41 W
0, 2026/09/15 09:48:32.609, 4, 16, 2520 MHz, 10251 MHz, P2, 63.79 W
1, 2026/09/15 09:48:32.609, 4, 16, 2520 MHz, 10251 MHz, P2, 61.41 W
0, 2026/09/15 09:48:32.809, 4, 16, 2520 MHz, 10251 MHz, P2, 63.79 W
1, 2026/09/15 09:48:32.809, 4, 16, 2520 MHz, 10251 MHz, P2, 61.60 W
0, 2026/09/15 09:48:33.009, 4, 16, 2520 MHz, 10251 MHz, P2, 63.77 W
1, 2026/09/15 09:48:33.010, 4, 16, 2520 MHz, 10251 MHz, P2, 61.60 W
0, 2026/09/15 09:48:33.210, 4, 16, 2520 MHz, 10251 MHz, P2, 63.77 W
1, 2026/09/15 09:48:33.210, 4, 16, 2520 MHz, 10251 MHz, P2, 61.60 W
0, 2026/09/15 09:48:33.410, 4, 16, 2520 MHz, 10251 MHz, P2, 63.57 W
1, 2026/09/15 09:48:33.410, 4, 16, 2520 MHz, 10251 MHz, P2, 61.37 W
0, 2026/09/15 09:48:33.611, 4, 16, 2520 MHz, 10251 MHz, P2, 63.57 W
1, 2026/09/15 09:48:33.611, 4, 16, 2520 MHz, 10251 MHz, P2, 61.37 W
0, 2026/09/15 09:48:33.811, 4, 16, 2520 MHz, 10251 MHz, P2, 63.57 W
1, 2026/09/15 09:48:33.811, 4, 16, 2520 MHz, 10251 MHz, P2, 60.73 W
0, 2026/09/15 09:48:34.011, 4, 16, 2520 MHz, 10251 MHz, P2, 63.48 W
1, 2026/09/15 09:48:34.011, 4, 16, 2520 MHz, 10251 MHz, P2, 60.73 W
0, 2026/09/15 09:48:34.212, 4, 16, 2520 MHz, 10251 MHz, P2, 63.48 W
1, 2026/09/15 09:48:34.212, 4, 16, 2520 MHz, 10251 MHz, P2, 60.73 W
0, 2026/09/15 09:48:34.412, 4, 16, 2520 MHz, 10251 MHz, P2, 63.50 W
1, 2026/09/15 09:48:34.412, 4, 16, 2520 MHz, 10251 MHz, P2, 60.45 W
0, 2026/09/15 09:48:34.612, 4, 16, 2520 MHz, 10251 MHz, P2, 63.50 W
1, 2026/09/15 09:48:34.613, 4, 16, 2520 MHz, 10251 MHz, P2, 60.45 W
0, 2026/09/15 09:48:34.813, 4, 16, 2520 MHz, 10251 MHz, P2, 63.50 W
1, 2026/09/15 09:48:34.813, 4, 16, 2520 MHz, 10251 MHz, P2, 60.38 W
0, 2026/09/15 09:48:35.013, 4, 16, 2520 MHz, 10251 MHz, P2, 63.40 W
1, 2026/09/15 09:48:35.013, 4, 16, 2520 MHz, 10251 MHz, P2, 60.38 W
0, 2026/09/15 09:48:35.214, 4, 16, 2520 MHz, 10251 MHz, P2, 63.40 W
1, 2026/09/15 09:48:35.214, 4, 16, 2520 MHz, 10251 MHz, P2, 60.38 W
0, 2026/09/15 09:48:35.414, 4, 16, 2520 MHz, 10251 MHz, P2, 63.12 W
1, 2026/09/15 09:48:35.414, 4, 16, 2520 MHz, 10251 MHz, P2, 60.12 W
0, 2026/09/15 09:48:35.614, 4, 16, 2520 MHz, 10251 MHz, P2, 63.12 W
1, 2026/09/15 09:48:35.615, 4, 16, 2520 MHz, 10251 MHz, P2, 60.12 W
0, 2026/09/15 09:48:35.815, 4, 16, 2520 MHz, 10251 MHz, P2, 63.12 W
1, 2026/09/15 09:48:35.815, 4, 16, 2520 MHz, 10251 MHz, P2, 60.07 W
0, 2026/09/15 09:48:36.015, 4, 16, 2520 MHz, 10251 MHz, P2, 62.94 W
1, 2026/09/15 09:48:36.015, 4, 16, 2520 MHz, 10251 MHz, P2, 60.07 W
0, 2026/09/15 09:48:36.216, 4, 16, 2520 MHz, 10251 MHz, P2, 62.94 W
1, 2026/09/15 09:48:36.216, 4, 16, 2520 MHz, 10251 MHz, P2, 60.07 W
0, 2026/09/15 09:48:36.416, 4, 16, 2520 MHz, 10251 MHz, P2, 63.01 W
1, 2026/09/15 09:48:36.416, 4, 16, 2520 MHz, 10251 MHz, P2, 60.28 W
0, 2026/09/15 09:48:36.616, 4, 16, 2520 MHz, 10251 MHz, P2, 63.01 W
1, 2026/09/15 09:48:36.617, 4, 16, 2520 MHz, 10251 MHz, P2, 60.28 W
0, 2026/09/15 09:48:36.817, 4, 16, 2520 MHz, 10251 MHz, P2, 63.01 W
1, 2026/09/15 09:48:36.817, 4, 16, 2520 MHz, 10251 MHz, P2, 60.34 W
0, 2026/09/15 09:48:37.017, 4, 16, 2520 MHz, 10251 MHz, P2, 63.12 W
1, 2026/09/15 09:48:37.017, 4, 16, 2520 MHz, 10251 MHz, P2, 60.34 W
0, 2026/09/15 09:48:37.217, 4, 16, 2520 MHz, 10251 MHz, P2, 63.12 W
1, 2026/09/15 09:48:37.218, 4, 16, 2520 MHz, 10251 MHz, P2, 60.34 W
0, 2026/09/15 09:48:37.418, 4, 16, 2520 MHz, 10251 MHz, P2, 63.12 W
1, 2026/09/15 09:48:37.418, 4, 16, 2520 MHz, 10251 MHz, P2, 60.43 W
0, 2026/09/15 09:48:37.618, 4, 16, 2520 MHz, 10251 MHz, P2, 63.12 W
1, 2026/09/15 09:48:37.618, 4, 16, 2520 MHz, 10251 MHz, P2, 60.43 W
0, 2026/09/15 09:48:37.819, 4, 16, 2520 MHz, 10251 MHz, P2, 63.12 W
1, 2026/09/15 09:48:37.819, 4, 16, 2520 MHz, 10251 MHz, P2, 60.43 W
0, 2026/09/15 09:48:38.019, 4, 16, 2520 MHz, 10251 MHz, P2, 62.94 W
1, 2026/09/15 09:48:38.019, 4, 16, 2520 MHz, 10251 MHz, P2, 60.43 W
0, 2026/09/15 09:48:38.219, 4, 16, 2520 MHz, 10251 MHz, P2, 62.94 W
1, 2026/09/15 09:48:38.219, 4, 16, 2520 MHz, 10251 MHz, P2, 60.43 W
0, 2026/09/15 09:48:38.420, 4, 16, 2520 MHz, 10251 MHz, P2, 62.96 W
1, 2026/09/15 09:48:38.420, 4, 16, 2520 MHz, 10251 MHz, P2, 60.54 W
0, 2026/09/15 09:48:38.620, 4, 16, 2520 MHz, 10251 MHz, P2, 62.96 W
1, 2026/09/15 09:48:38.620, 4, 16, 2520 MHz, 10251 MHz, P2, 60.54 W
0, 2026/09/15 09:48:38.821, 4, 16, 2520 MHz, 10251 MHz, P2, 62.96 W
1, 2026/09/15 09:48:38.821, 4, 16, 2520 MHz, 10251 MHz, P2, 60.60 W
0, 2026/09/15 09:48:39.021, 4, 16, 2520 MHz, 10251 MHz, P2, 63.05 W
1, 2026/09/15 09:48:39.021, 4, 16, 2520 MHz, 10251 MHz, P2, 60.60 W
0, 2026/09/15 09:48:39.222, 4, 16, 2520 MHz, 10251 MHz, P2, 63.05 W
1, 2026/09/15 09:48:39.222, 4, 16, 2520 MHz, 10251 MHz, P2, 60.60 W
0, 2026/09/15 09:48:39.422, 4, 16, 2520 MHz, 10251 MHz, P2, 65.66 W
1, 2026/09/15 09:48:39.422, 4, 16, 2520 MHz, 10251 MHz, P2, 60.78 W
0, 2026/09/15 09:48:39.623, 4, 16, 2520 MHz, 10251 MHz, P2, 65.66 W
1, 2026/09/15 09:48:39.623, 4, 16, 2520 MHz, 10251 MHz, P2, 60.78 W
0, 2026/09/15 09:48:39.823, 4, 16, 2520 MHz, 10251 MHz, P2, 65.66 W
1, 2026/09/15 09:48:39.823, 4, 16, 2820 MHz, 10251 MHz, P2, 90.71 W
0, 2026/09/15 09:48:40.024, 4, 16, 2835 MHz, 10251 MHz, P2, 110.71 W
1, 2026/09/15 09:48:40.024, 4, 16, 2820 MHz, 10251 MHz, P2, 90.71 W
0, 2026/09/15 09:48:40.225, 4, 16, 2835 MHz, 10251 MHz, P2, 110.71 W
1, 2026/09/15 09:48:40.225, 4, 16, 2820 MHz, 10251 MHz, P2, 90.71 W
0, 2026/09/15 09:48:40.425, 4, 16, 2835 MHz, 10251 MHz, P2, 120.19 W
1, 2026/09/15 09:48:40.425, 4, 16, 2820 MHz, 10251 MHz, P2, 98.94 W
0, 2026/09/15 09:48:40.626, 4, 16, 2835 MHz, 10251 MHz, P2, 120.19 W
1, 2026/09/15 09:48:40.626, 4, 16, 2820 MHz, 10251 MHz, P2, 98.94 W
0, 2026/09/15 09:48:40.826, 4, 16, 2835 MHz, 10251 MHz, P2, 120.19 W
1, 2026/09/15 09:48:40.826, 4, 16, 2820 MHz, 10251 MHz, P2, 94.21 W
0, 2026/09/15 09:48:41.027, 4, 16, 2835 MHz, 10251 MHz, P2, 86.88 W
1, 2026/09/15 09:48:41.027, 4, 16, 2820 MHz, 10251 MHz, P2, 94.21 W
0, 2026/09/15 09:48:41.227, 4, 16, 2835 MHz, 10251 MHz, P2, 86.88 W
1, 2026/09/15 09:48:41.227, 4, 16, 2820 MHz, 10251 MHz, P2, 94.21 W
0, 2026/09/15 09:48:41.427, 4, 16, 2835 MHz, 10251 MHz, P2, 103.34 W
1, 2026/09/15 09:48:41.427, 4, 16, 2820 MHz, 10251 MHz, P2, 88.53 W
0, 2026/09/15 09:48:41.628, 4, 16, 2835 MHz, 10251 MHz, P2, 103.34 W
1, 2026/09/15 09:48:41.628, 4, 16, 2820 MHz, 10251 MHz, P2, 88.53 W
0, 2026/09/15 09:48:41.828, 4, 16, 2835 MHz, 10251 MHz, P2, 103.34 W
1, 2026/09/15 09:48:41.828, 4, 16, 2820 MHz, 10251 MHz, P2, 151.33 W
0, 2026/09/15 09:48:42.029, 4, 16, 2835 MHz, 10251 MHz, P2, 167.26 W
1, 2026/09/15 09:48:42.029, 4, 16, 2820 MHz, 10251 MHz, P2, 151.33 W
0, 2026/09/15 09:48:42.229, 4, 16, 2835 MHz, 10251 MHz, P2, 167.26 W
1, 2026/09/15 09:48:42.229, 4, 16, 2820 MHz, 10251 MHz, P2, 151.33 W
0, 2026/09/15 09:48:42.429, 4, 16, 2835 MHz, 10251 MHz, P2, 220.40 W
1, 2026/09/15 09:48:42.430, 4, 16, 2820 MHz, 10251 MHz, P2, 206.48 W
0, 2026/09/15 09:48:42.630, 4, 16, 2835 MHz, 10251 MHz, P2, 220.40 W
1, 2026/09/15 09:48:42.630, 4, 16, 2820 MHz, 10251 MHz, P2, 206.48 W
0, 2026/09/15 09:48:42.830, 4, 16, 2835 MHz, 10251 MHz, P2, 220.40 W
1, 2026/09/15 09:48:42.851, 4, 16, 2820 MHz, 10251 MHz, P2, 201.64 W
0, 2026/09/15 09:48:43.052, 4, 16, 2835 MHz, 10251 MHz, P2, 206.15 W
1, 2026/09/15 09:48:43.052, 4, 16, 2820 MHz, 10251 MHz, P2, 201.64 W
0, 2026/09/15 09:48:43.252, 4, 16, 2835 MHz, 10251 MHz, P2, 206.15 W
1, 2026/09/15 09:48:43.252, 4, 16, 2820 MHz, 10251 MHz, P2, 201.64 W
0, 2026/09/15 09:48:43.452, 4, 16, 2835 MHz, 10251 MHz, P2, 185.82 W
1, 2026/09/15 09:48:43.453, 4, 16, 2820 MHz, 10251 MHz, P2, 180.12 W
0, 2026/09/15 09:48:43.653, 4, 16, 2835 MHz, 10251 MHz, P2, 185.82 W
1, 2026/09/15 09:48:43.653, 4, 16, 2820 MHz, 10251 MHz, P2, 180.12 W
0, 2026/09/15 09:48:43.853, 4, 16, 2835 MHz, 10251 MHz, P2, 185.82 W
1, 2026/09/15 09:48:43.853, 4, 16, 2820 MHz, 10251 MHz, P2, 157.64 W
0, 2026/09/15 09:48:44.054, 4, 16, 2835 MHz, 10251 MHz, P2, 164.68 W
1, 2026/09/15 09:48:44.054, 4, 16, 2820 MHz, 10251 MHz, P2, 157.64 W
0, 2026/09/15 09:48:44.254, 4, 16, 2835 MHz, 10251 MHz, P2, 164.68 W
1, 2026/09/15 09:48:44.254, 4, 16, 2820 MHz, 10251 MHz, P2, 157.64 W
0, 2026/09/15 09:48:44.455, 4, 16, 2835 MHz, 10251 MHz, P2, 175.60 W
1, 2026/09/15 09:48:44.455, 4, 16, 2820 MHz, 10251 MHz, P2, 162.91 W
0, 2026/09/15 09:48:44.655, 4, 16, 2835 MHz, 10251 MHz, P2, 175.60 W
1, 2026/09/15 09:48:44.655, 4, 16, 2820 MHz, 10251 MHz, P2, 162.91 W
0, 2026/09/15 09:48:44.855, 4, 16, 2835 MHz, 10251 MHz, P2, 187.57 W
1, 2026/09/15 09:48:44.856, 4, 16, 2820 MHz, 10251 MHz, P2, 173.45 W
0, 2026/09/15 09:48:45.056, 4, 16, 2835 MHz, 10251 MHz, P2, 187.57 W
1, 2026/09/15 09:48:45.056, 4, 16, 2820 MHz, 10251 MHz, P2, 173.45 W
0, 2026/09/15 09:48:45.256, 4, 16, 2835 MHz, 10251 MHz, P2, 187.57 W
1, 2026/09/15 09:48:45.257, 4, 16, 2820 MHz, 10251 MHz, P2, 173.45 W
0, 2026/09/15 09:48:45.457, 4, 16, 2835 MHz, 10251 MHz, P2, 177.46 W
1, 2026/09/15 09:48:45.457, 4, 16, 2820 MHz, 10251 MHz, P2, 171.90 W
0, 2026/09/15 09:48:45.657, 4, 16, 2835 MHz, 10251 MHz, P2, 177.46 W
1, 2026/09/15 09:48:45.657, 4, 16, 2820 MHz, 10251 MHz, P2, 171.90 W
0, 2026/09/15 09:48:45.858, 4, 16, 2835 MHz, 10251 MHz, P2, 147.05 W
1, 2026/09/15 09:48:45.858, 4, 16, 2820 MHz, 10251 MHz, P2, 142.59 W
0, 2026/09/15 09:48:46.058, 4, 16, 2835 MHz, 10251 MHz, P2, 147.05 W
1, 2026/09/15 09:48:46.059, 4, 16, 2820 MHz, 10251 MHz, P2, 142.59 W
0, 2026/09/15 09:48:46.259, 4, 16, 2835 MHz, 10251 MHz, P2, 147.05 W
1, 2026/09/15 09:48:46.259, 4, 16, 2820 MHz, 10251 MHz, P2, 142.59 W
0, 2026/09/15 09:48:46.459, 4, 16, 2835 MHz, 10251 MHz, P2, 117.95 W
1, 2026/09/15 09:48:46.460, 4, 16, 2820 MHz, 10251 MHz, P2, 115.08 W
0, 2026/09/15 09:48:46.660, 4, 16, 2835 MHz, 10251 MHz, P2, 117.95 W
1, 2026/09/15 09:48:46.660, 4, 16, 2820 MHz, 10251 MHz, P2, 115.08 W
0, 2026/09/15 09:48:46.860, 4, 16, 2835 MHz, 10251 MHz, P2, 95.71 W
1, 2026/09/15 09:48:46.861, 4, 16, 2820 MHz, 10251 MHz, P2, 87.43 W
0, 2026/09/15 09:48:47.061, 4, 16, 2835 MHz, 10251 MHz, P2, 95.71 W
1, 2026/09/15 09:48:47.061, 4, 16, 2820 MHz, 10251 MHz, P2, 87.43 W
0, 2026/09/15 09:48:47.261, 4, 16, 2835 MHz, 10251 MHz, P2, 95.71 W
1, 2026/09/15 09:48:47.261, 4, 16, 2820 MHz, 10251 MHz, P2, 87.43 W
0, 2026/09/15 09:48:47.462, 4, 16, 2835 MHz, 10251 MHz, P2, 84.24 W
1, 2026/09/15 09:48:47.462, 4, 16, 2820 MHz, 10251 MHz, P2, 78.68 W
0, 2026/09/15 09:48:47.662, 4, 16, 2835 MHz, 10251 MHz, P2, 84.24 W
1, 2026/09/15 09:48:47.662, 4, 16, 2820 MHz, 10251 MHz, P2, 78.68 W
0, 2026/09/15 09:48:47.863, 4, 16, 2835 MHz, 10251 MHz, P2, 84.24 W
1, 2026/09/15 09:48:47.863, 4, 16, 2820 MHz, 10251 MHz, P2, 78.68 W
0, 2026/09/15 09:48:48.063, 4, 16, 2835 MHz, 10251 MHz, P2, 84.24 W
1, 2026/09/15 09:48:48.064, 4, 16, 2820 MHz, 10251 MHz, P2, 78.68 W
0, 2026/09/15 09:48:48.264, 4, 16, 2835 MHz, 10251 MHz, P2, 84.24 W
1, 2026/09/15 09:48:48.264, 4, 16, 2820 MHz, 10251 MHz, P2, 78.68 W
0, 2026/09/15 09:48:48.464, 4, 16, 2520 MHz, 10251 MHz, P2, 77.18 W
1, 2026/09/15 09:48:48.464, 4, 16, 2520 MHz, 10251 MHz, P2, 67.03 W
0, 2026/09/15 09:48:48.665, 4, 16, 2520 MHz, 10251 MHz, P2, 77.18 W
1, 2026/09/15 09:48:48.665, 4, 16, 2520 MHz, 10251 MHz, P2, 67.03 W
0, 2026/09/15 09:48:48.865, 4, 16, 2520 MHz, 10251 MHz, P2, 77.18 W
1, 2026/09/15 09:48:48.865, 4, 16, 2520 MHz, 10251 MHz, P2, 67.03 W
0, 2026/09/15 09:48:49.066, 4, 16, 2520 MHz, 10251 MHz, P2, 77.18 W
1, 2026/09/15 09:48:49.066, 4, 16, 2520 MHz, 10251 MHz, P2, 67.03 W
0, 2026/09/15 09:48:49.266, 4, 16, 2520 MHz, 10251 MHz, P2, 77.18 W
1, 2026/09/15 09:48:49.266, 4, 16, 2520 MHz, 10251 MHz, P2, 67.03 W
0, 2026/09/15 09:48:49.466, 4, 16, 2520 MHz, 10251 MHz, P2, 69.81 W
1, 2026/09/15 09:48:49.467, 4, 16, 2520 MHz, 10251 MHz, P2, 63.57 W
0, 2026/09/15 09:48:49.667, 4, 16, 2520 MHz, 10251 MHz, P2, 69.81 W
1, 2026/09/15 09:48:49.667, 4, 16, 2520 MHz, 10251 MHz, P2, 63.57 W
0, 2026/09/15 09:48:49.867, 4, 16, 2520 MHz, 10251 MHz, P2, 69.81 W
1, 2026/09/15 09:48:49.867, 4, 16, 2520 MHz, 10251 MHz, P2, 63.57 W
0, 2026/09/15 09:48:50.068, 4, 16, 2520 MHz, 10251 MHz, P2, 69.81 W
1, 2026/09/15 09:48:50.068, 4, 16, 2520 MHz, 10251 MHz, P2, 63.57 W
0, 2026/09/15 09:48:50.268, 4, 16, 2520 MHz, 10251 MHz, P2, 69.81 W
1, 2026/09/15 09:48:50.268, 4, 16, 2520 MHz, 10251 MHz, P2, 63.57 W
0, 2026/09/15 09:48:50.468, 4, 16, 2520 MHz, 10251 MHz, P2, 63.00 W
1, 2026/09/15 09:48:50.469, 4, 16, 2520 MHz, 10251 MHz, P2, 61.24 W
0, 2026/09/15 09:48:50.669, 4, 16, 2520 MHz, 10251 MHz, P2, 63.00 W
1, 2026/09/15 09:48:50.669, 4, 16, 2520 MHz, 10251 MHz, P2, 61.24 W
0, 2026/09/15 09:48:50.869, 4, 16, 2520 MHz, 10251 MHz, P2, 63.00 W
1, 2026/09/15 09:48:50.869, 4, 16, 2520 MHz, 10251 MHz, P2, 61.24 W
0, 2026/09/15 09:48:51.070, 4, 16, 2520 MHz, 10251 MHz, P2, 63.00 W
1, 2026/09/15 09:48:51.070, 4, 16, 2520 MHz, 10251 MHz, P2, 61.24 W
0, 2026/09/15 09:48:51.270, 4, 16, 2520 MHz, 10251 MHz, P2, 63.00 W
1, 2026/09/15 09:48:51.270, 4, 16, 2520 MHz, 10251 MHz, P2, 61.24 W
0, 2026/09/15 09:48:51.470, 4, 16, 2520 MHz, 10251 MHz, P2, 62.95 W
1, 2026/09/15 09:48:51.471, 4, 16, 2520 MHz, 10251 MHz, P2, 61.28 W
0, 2026/09/15 09:48:51.671, 4, 16, 2520 MHz, 10251 MHz, P2, 62.95 W
1, 2026/09/15 09:48:51.671, 4, 16, 2520 MHz, 10251 MHz, P2, 61.28 W
0, 2026/09/15 09:48:51.872, 4, 16, 2520 MHz, 10251 MHz, P2, 62.95 W
1, 2026/09/15 09:48:51.872, 4, 16, 2520 MHz, 10251 MHz, P2, 61.28 W
0, 2026/09/15 09:48:52.072, 4, 16, 2520 MHz, 10251 MHz, P2, 62.95 W
1, 2026/09/15 09:48:52.072, 4, 16, 2520 MHz, 10251 MHz, P2, 61.28 W
0, 2026/09/15 09:48:52.272, 4, 16, 2520 MHz, 10251 MHz, P2, 62.95 W
1, 2026/09/15 09:48:52.273, 4, 16, 2520 MHz, 10251 MHz, P2, 61.28 W
0, 2026/09/15 09:48:52.473, 4, 16, 2520 MHz, 10251 MHz, P2, 62.85 W
1, 2026/09/15 09:48:52.473, 4, 16, 2520 MHz, 10251 MHz, P2, 61.20 W
0, 2026/09/15 09:48:52.673, 4, 16, 2520 MHz, 10251 MHz, P2, 62.85 W
1, 2026/09/15 09:48:52.673, 4, 16, 2520 MHz, 10251 MHz, P2, 61.20 W
0, 2026/09/15 09:48:52.874, 4, 16, 2520 MHz, 10251 MHz, P2, 62.85 W
1, 2026/09/15 09:48:52.874, 4, 16, 2520 MHz, 10251 MHz, P2, 61.20 W
0, 2026/09/15 09:48:53.074, 4, 16, 2520 MHz, 10251 MHz, P2, 62.85 W
1, 2026/09/15 09:48:53.074, 4, 16, 2520 MHz, 10251 MHz, P2, 61.20 W
0, 2026/09/15 09:48:53.274, 4, 16, 2520 MHz, 10251 MHz, P2, 62.85 W
1, 2026/09/15 09:48:53.274, 4, 16, 2520 MHz, 10251 MHz, P2, 61.20 W
0, 2026/09/15 09:48:53.475, 4, 16, 2520 MHz, 10251 MHz, P2, 62.83 W
1, 2026/09/15 09:48:53.475, 4, 16, 2520 MHz, 10251 MHz, P2, 60.90 W
0, 2026/09/15 09:48:53.675, 4, 16, 2520 MHz, 10251 MHz, P2, 62.83 W
1, 2026/09/15 09:48:53.675, 4, 16, 2520 MHz, 10251 MHz, P2, 60.90 W
0, 2026/09/15 09:48:53.875, 4, 16, 2520 MHz, 10251 MHz, P2, 62.83 W
1, 2026/09/15 09:48:53.876, 4, 16, 2520 MHz, 10251 MHz, P2, 60.90 W
0, 2026/09/15 09:48:54.076, 4, 16, 2520 MHz, 10251 MHz, P2, 62.83 W
1, 2026/09/15 09:48:54.076, 4, 16, 2520 MHz, 10251 MHz, P2, 60.90 W
0, 2026/09/15 09:48:54.276, 4, 16, 2520 MHz, 10251 MHz, P2, 62.83 W
1, 2026/09/15 09:48:54.276, 4, 16, 2520 MHz, 10251 MHz, P2, 60.90 W
0, 2026/09/15 09:48:54.477, 4, 16, 2520 MHz, 10251 MHz, P2, 62.95 W
1, 2026/09/15 09:48:54.477, 4, 16, 2520 MHz, 10251 MHz, P2, 60.70 W
0, 2026/09/15 09:48:54.677, 4, 16, 2520 MHz, 10251 MHz, P2, 62.95 W
1, 2026/09/15 09:48:54.677, 4, 16, 2520 MHz, 10251 MHz, P2, 60.70 W
0, 2026/09/15 09:48:54.877, 4, 16, 2520 MHz, 10251 MHz, P2, 62.95 W
1, 2026/09/15 09:48:54.878, 4, 16, 2520 MHz, 10251 MHz, P2, 60.70 W
0, 2026/09/15 09:48:55.078, 4, 16, 2520 MHz, 10251 MHz, P2, 62.95 W
1, 2026/09/15 09:48:55.078, 4, 16, 2520 MHz, 10251 MHz, P2, 60.70 W
0, 2026/09/15 09:48:55.278, 4, 16, 2520 MHz, 10251 MHz, P2, 62.95 W
1, 2026/09/15 09:48:55.279, 4, 16, 2520 MHz, 10251 MHz, P2, 60.70 W
0, 2026/09/15 09:48:55.479, 4, 16, 2520 MHz, 10251 MHz, P2, 63.05 W
1, 2026/09/15 09:48:55.479, 4, 16, 2520 MHz, 10251 MHz, P2, 60.65 W
0, 2026/09/15 09:48:55.679, 4, 16, 2520 MHz, 10251 MHz, P2, 63.05 W
1, 2026/09/15 09:48:55.679, 4, 16, 2520 MHz, 10251 MHz, P2, 60.65 W
0, 2026/09/15 09:48:55.879, 4, 16, 2520 MHz, 10251 MHz, P2, 63.05 W
1, 2026/09/15 09:48:55.880, 4, 16, 2520 MHz, 10251 MHz, P2, 60.65 W
0, 2026/09/15 09:48:56.080, 4, 16, 2520 MHz, 10251 MHz, P2, 63.05 W
1, 2026/09/15 09:48:56.080, 4, 16, 2520 MHz, 10251 MHz, P2, 60.65 W
0, 2026/09/15 09:48:56.280, 4, 16, 2520 MHz, 10251 MHz, P2, 63.05 W
1, 2026/09/15 09:48:56.280, 4, 16, 2520 MHz, 10251 MHz, P2, 60.65 W
0, 2026/09/15 09:48:56.481, 4, 16, 2520 MHz, 10251 MHz, P2, 63.01 W
1, 2026/09/15 09:48:56.481, 4, 16, 2520 MHz, 10251 MHz, P2, 60.53 W
0, 2026/09/15 09:48:56.681, 4, 16, 2520 MHz, 10251 MHz, P2, 63.01 W
1, 2026/09/15 09:48:56.681, 4, 16, 2520 MHz, 10251 MHz, P2, 60.53 W
0, 2026/09/15 09:48:56.881, 4, 16, 2520 MHz, 10251 MHz, P2, 63.01 W
1, 2026/09/15 09:48:56.882, 4, 16, 2520 MHz, 10251 MHz, P2, 60.53 W
0, 2026/09/15 09:48:57.082, 4, 16, 2520 MHz, 10251 MHz, P2, 63.01 W
1, 2026/09/15 09:48:57.082, 4, 16, 2520 MHz, 10251 MHz, P2, 60.53 W
0, 2026/09/15 09:48:57.282, 4, 16, 2520 MHz, 10251 MHz, P2, 63.01 W
1, 2026/09/15 09:48:57.282, 4, 16, 2520 MHz, 10251 MHz, P2, 60.53 W
0, 2026/09/15 09:48:57.483, 4, 16, 2520 MHz, 10251 MHz, P2, 63.00 W
1, 2026/09/15 09:48:57.483, 4, 16, 2520 MHz, 10251 MHz, P2, 60.62 W
0, 2026/09/15 09:48:57.683, 4, 16, 2520 MHz, 10251 MHz, P2, 63.00 W
1, 2026/09/15 09:48:57.683, 4, 16, 2520 MHz, 10251 MHz, P2, 60.62 W
0, 2026/09/15 09:48:57.883, 4, 16, 2520 MHz, 10251 MHz, P2, 63.00 W
1, 2026/09/15 09:48:57.883, 4, 16, 2520 MHz, 10251 MHz, P2, 60.62 W
0, 2026/09/15 09:48:58.084, 4, 16, 2520 MHz, 10251 MHz, P2, 63.00 W
1, 2026/09/15 09:48:58.084, 4, 16, 2520 MHz, 10251 MHz, P2, 60.62 W
0, 2026/09/15 09:48:58.284, 4, 16, 2520 MHz, 10251 MHz, P2, 63.00 W
1, 2026/09/15 09:48:58.284, 4, 16, 2520 MHz, 10251 MHz, P2, 60.62 W
0, 2026/09/15 09:48:58.484, 4, 16, 2520 MHz, 10251 MHz, P2, 62.90 W
1, 2026/09/15 09:48:58.485, 4, 16, 2520 MHz, 10251 MHz, P2, 61.03 W
0, 2026/09/15 09:48:58.685, 4, 16, 2520 MHz, 10251 MHz, P2, 62.90 W
1, 2026/09/15 09:48:58.685, 4, 16, 2520 MHz, 10251 MHz, P2, 61.03 W
0, 2026/09/15 09:48:58.885, 4, 16, 2520 MHz, 10251 MHz, P2, 62.90 W
1, 2026/09/15 09:48:58.885, 4, 16, 2520 MHz, 10251 MHz, P2, 61.03 W
0, 2026/09/15 09:48:59.086, 4, 16, 2520 MHz, 10251 MHz, P2, 62.90 W
1, 2026/09/15 09:48:59.086, 4, 16, 2520 MHz, 10251 MHz, P2, 61.03 W
0, 2026/09/15 09:48:59.286, 4, 16, 2520 MHz, 10251 MHz, P2, 62.90 W
1, 2026/09/15 09:48:59.286, 4, 16, 2520 MHz, 10251 MHz, P2, 61.03 W
0, 2026/09/15 09:48:59.486, 4, 16, 2520 MHz, 10251 MHz, P2, 62.75 W
1, 2026/09/15 09:48:59.486, 4, 16, 2520 MHz, 10251 MHz, P2, 61.07 W
0, 2026/09/15 09:48:59.687, 4, 16, 2520 MHz, 10251 MHz, P2, 62.75 W
1, 2026/09/15 09:48:59.687, 4, 16, 2520 MHz, 10251 MHz, P2, 61.07 W
0, 2026/09/15 09:48:59.887, 4, 16, 2520 MHz, 10251 MHz, P2, 62.75 W
1, 2026/09/15 09:48:59.887, 4, 16, 2520 MHz, 10251 MHz, P2, 61.07 W
0, 2026/09/15 09:49:00.087, 4, 16, 2520 MHz, 10251 MHz, P2, 62.75 W
1, 2026/09/15 09:49:00.088, 4, 16, 2520 MHz, 10251 MHz, P2, 61.07 W
0, 2026/09/15 09:49:00.288, 4, 16, 2520 MHz, 10251 MHz, P2, 62.75 W
1, 2026/09/15 09:49:00.288, 4, 16, 2520 MHz, 10251 MHz, P2, 61.07 W
0, 2026/09/15 09:49:00.488, 4, 16, 2520 MHz, 10251 MHz, P2, 62.80 W
1, 2026/09/15 09:49:00.488, 4, 16, 2520 MHz, 10251 MHz, P2, 60.93 W
0, 2026/09/15 09:49:00.688, 4, 16, 2520 MHz, 10251 MHz, P2, 62.80 W
1, 2026/09/15 09:49:00.689, 4, 16, 2520 MHz, 10251 MHz, P2, 60.93 W
0, 2026/09/15 09:49:00.889, 4, 16, 2520 MHz, 10251 MHz, P2, 62.80 W
1, 2026/09/15 09:49:00.889, 4, 16, 2520 MHz, 10251 MHz, P2, 60.93 W
0, 2026/09/15 09:49:01.089, 4, 16, 2520 MHz, 10251 MHz, P2, 62.80 W
1, 2026/09/15 09:49:01.089, 4, 16, 2520 MHz, 10251 MHz, P2, 60.93 W
0, 2026/09/15 09:49:01.290, 4, 16, 2520 MHz, 10251 MHz, P2, 62.80 W
1, 2026/09/15 09:49:01.290, 4, 16, 2520 MHz, 10251 MHz, P2, 60.93 W
0, 2026/09/15 09:49:01.490, 4, 16, 2520 MHz, 10251 MHz, P2, 62.84 W
1, 2026/09/15 09:49:01.490, 4, 16, 2520 MHz, 10251 MHz, P2, 61.17 W
0, 2026/09/15 09:49:01.691, 4, 16, 2520 MHz, 10251 MHz, P2, 62.84 W
1, 2026/09/15 09:49:01.691, 4, 16, 2520 MHz, 10251 MHz, P2, 61.17 W
0, 2026/09/15 09:49:01.891, 4, 16, 2520 MHz, 10251 MHz, P2, 62.84 W
1, 2026/09/15 09:49:01.892, 4, 16, 2520 MHz, 10251 MHz, P2, 61.17 W
0, 2026/09/15 09:49:02.093, 4, 16, 2520 MHz, 10251 MHz, P2, 62.84 W
1, 2026/09/15 09:49:02.126, 4, 16, 2520 MHz, 10251 MHz, P2, 61.17 W
0, 2026/09/15 09:49:02.327, 4, 16, 2520 MHz, 10251 MHz, P2, 62.84 W
1, 2026/09/15 09:49:02.327, 4, 16, 2520 MHz, 10251 MHz, P2, 61.42 W
0, 2026/09/15 09:49:02.527, 4, 16, 2520 MHz, 10251 MHz, P2, 62.86 W
1, 2026/09/15 09:49:02.527, 4, 16, 2520 MHz, 10251 MHz, P2, 61.42 W
0, 2026/09/15 09:49:02.728, 4, 16, 2520 MHz, 10251 MHz, P2, 62.86 W
1, 2026/09/15 09:49:02.728, 4, 16, 2520 MHz, 10251 MHz, P2, 61.42 W
0, 2026/09/15 09:49:02.928, 2, 16, 2520 MHz, 10251 MHz, P5, 62.86 W
1, 2026/09/15 09:49:02.928, 4, 16, 2520 MHz, 10251 MHz, P2, 61.42 W
0, 2026/09/15 09:49:03.129, 2, 16, 2520 MHz, 10251 MHz, P5, 62.86 W
1, 2026/09/15 09:49:03.129, 4, 16, 2520 MHz, 10251 MHz, P2, 61.42 W
0, 2026/09/15 09:49:03.329, 2, 16, 2520 MHz, 10251 MHz, P5, 62.86 W
1, 2026/09/15 09:49:03.329, 2, 16, 2520 MHz, 10251 MHz, P5, 61.47 W
0, 2026/09/15 09:49:03.530, 2, 16, 480 MHz, 810 MHz, P5, 58.90 W
1, 2026/09/15 09:49:03.530, 2, 16, 2520 MHz, 10251 MHz, P5, 61.47 W
0, 2026/09/15 09:49:03.730, 2, 16, 480 MHz, 810 MHz, P5, 58.90 W
1, 2026/09/15 09:49:03.730, 2, 16, 2520 MHz, 10251 MHz, P5, 61.47 W
0, 2026/09/15 09:49:03.930, 2, 16, 480 MHz, 810 MHz, P5, 58.90 W
1, 2026/09/15 09:49:03.931, 2, 16, 2520 MHz, 10251 MHz, P5, 61.47 W
0, 2026/09/15 09:49:04.131, 2, 16, 480 MHz, 810 MHz, P5, 58.90 W
1, 2026/09/15 09:49:04.131, 2, 16, 2520 MHz, 10251 MHz, P5, 61.47 W
0, 2026/09/15 09:49:04.331, 2, 16, 480 MHz, 810 MHz, P5, 58.90 W
1, 2026/09/15 09:49:04.332, 1, 16, 360 MHz, 405 MHz, P8, 25.72 W
0, 2026/09/15 09:49:04.532, 1, 16, 300 MHz, 405 MHz, P8, 40.55 W
1, 2026/09/15 09:49:04.532, 1, 16, 360 MHz, 405 MHz, P8, 25.72 W
0, 2026/09/15 09:49:04.732, 1, 16, 300 MHz, 405 MHz, P8, 40.55 W
1, 2026/09/15 09:49:04.732, 1, 16, 360 MHz, 405 MHz, P8, 25.72 W
0, 2026/09/15 09:49:04.933, 1, 16, 300 MHz, 405 MHz, P8, 40.55 W
1, 2026/09/15 09:49:04.933, 1, 16, 360 MHz, 405 MHz, P8, 25.72 W
0, 2026/09/15 09:49:05.133, 1, 16, 300 MHz, 405 MHz, P8, 40.55 W
1, 2026/09/15 09:49:05.133, 1, 16, 360 MHz, 405 MHz, P8, 25.72 W
0, 2026/09/15 09:49:05.334, 1, 16, 300 MHz, 405 MHz, P8, 40.55 W
1, 2026/09/15 09:49:05.334, 1, 16, 225 MHz, 405 MHz, P8, 20.76 W
0, 2026/09/15 09:49:05.534, 1, 16, 210 MHz, 405 MHz, P8, 22.05 W
1, 2026/09/15 09:49:05.534, 1, 16, 225 MHz, 405 MHz, P8, 20.76 W
0, 2026/09/15 09:49:05.735, 1, 16, 210 MHz, 405 MHz, P8, 22.05 W
1, 2026/09/15 09:49:05.735, 1, 16, 225 MHz, 405 MHz, P8, 20.76 W
0, 2026/09/15 09:49:05.935, 1, 16, 210 MHz, 405 MHz, P8, 22.05 W
1, 2026/09/15 09:49:05.935, 1, 16, 225 MHz, 405 MHz, P8, 20.76 W
0, 2026/09/15 09:49:06.136, 1, 16, 210 MHz, 405 MHz, P8, 22.05 W
1, 2026/09/15 09:49:06.136, 1, 16, 225 MHz, 405 MHz, P8, 20.76 W
0, 2026/09/15 09:49:06.336, 1, 16, 210 MHz, 405 MHz, P8, 22.05 W
1, 2026/09/15 09:49:06.336, 1, 16, 210 MHz, 405 MHz, P8, 15.66 W
0, 2026/09/15 09:49:06.537, 1, 16, 210 MHz, 405 MHz, P8, 17.90 W
1, 2026/09/15 09:49:06.537, 1, 16, 210 MHz, 405 MHz, P8, 15.66 W
0, 2026/09/15 09:49:06.737, 1, 16, 210 MHz, 405 MHz, P8, 17.90 W
1, 2026/09/15 09:49:06.737, 1, 16, 210 MHz, 405 MHz, P8, 15.66 W
0, 2026/09/15 09:49:06.938, 1, 16, 210 MHz, 405 MHz, P8, 17.90 W
1, 2026/09/15 09:49:06.938, 1, 16, 210 MHz, 405 MHz, P8, 15.66 W
0, 2026/09/15 09:49:07.138, 1, 16, 210 MHz, 405 MHz, P8, 17.90 W
1, 2026/09/15 09:49:07.139, 1, 16, 210 MHz, 405 MHz, P8, 15.66 W
0, 2026/09/15 09:49:07.339, 1, 16, 210 MHz, 405 MHz, P8, 17.90 W
1, 2026/09/15 09:49:07.339, 1, 16, 210 MHz, 405 MHz, P8, 15.25 W
0, 2026/09/15 09:49:07.539, 1, 16, 210 MHz, 405 MHz, P8, 17.25 W
1, 2026/09/15 09:49:07.540, 1, 16, 210 MHz, 405 MHz, P8, 15.25 W
0, 2026/09/15 09:49:07.740, 1, 16, 210 MHz, 405 MHz, P8, 17.25 W
1, 2026/09/15 09:49:07.740, 1, 16, 210 MHz, 405 MHz, P8, 15.25 W
0, 2026/09/15 09:49:07.940, 1, 16, 210 MHz, 405 MHz, P8, 17.25 W
1, 2026/09/15 09:49:07.940, 1, 16, 210 MHz, 405 MHz, P8, 15.25 W
0, 2026/09/15 09:49:08.141, 1, 16, 210 MHz, 405 MHz, P8, 17.25 W
1, 2026/09/15 09:49:08.141, 1, 16, 210 MHz, 405 MHz, P8, 15.25 W
0, 2026/09/15 09:49:08.341, 1, 16, 210 MHz, 405 MHz, P8, 17.25 W
1, 2026/09/15 09:49:08.341, 1, 16, 210 MHz, 405 MHz, P8, 14.88 W
0, 2026/09/15 09:49:08.541, 1, 16, 210 MHz, 405 MHz, P8, 16.49 W
1, 2026/09/15 09:49:08.542, 1, 16, 210 MHz, 405 MHz, P8, 14.88 W
0, 2026/09/15 09:49:08.742, 1, 16, 210 MHz, 405 MHz, P8, 16.49 W
1, 2026/09/15 09:49:08.742, 1, 16, 210 MHz, 405 MHz, P8, 14.88 W
0, 2026/09/15 09:49:08.942, 1, 16, 210 MHz, 405 MHz, P8, 16.49 W
1, 2026/09/15 09:49:08.942, 1, 16, 210 MHz, 405 MHz, P8, 14.88 W
0, 2026/09/15 09:49:09.143, 1, 16, 210 MHz, 405 MHz, P8, 16.49 W
1, 2026/09/15 09:49:09.143, 1, 16, 210 MHz, 405 MHz, P8, 14.88 W
0, 2026/09/15 09:49:09.343, 1, 16, 210 MHz, 405 MHz, P8, 16.49 W
1, 2026/09/15 09:49:09.343, 1, 16, 210 MHz, 405 MHz, P8, 14.81 W
0, 2026/09/15 09:49:09.544, 1, 16, 210 MHz, 405 MHz, P8, 16.53 W
1, 2026/09/15 09:49:09.544, 1, 16, 210 MHz, 405 MHz, P8, 14.81 W
0, 2026/09/15 09:49:09.744, 1, 16, 210 MHz, 405 MHz, P8, 16.53 W
1, 2026/09/15 09:49:09.744, 1, 16, 210 MHz, 405 MHz, P8, 14.81 W
0, 2026/09/15 09:49:09.944, 1, 16, 210 MHz, 405 MHz, P8, 16.53 W
1, 2026/09/15 09:49:09.945, 1, 16, 210 MHz, 405 MHz, P8, 14.81 W
0, 2026/09/15 09:49:10.145, 1, 16, 210 MHz, 405 MHz, P8, 16.53 W
1, 2026/09/15 09:49:10.145, 1, 16, 210 MHz, 405 MHz, P8, 14.81 W
0, 2026/09/15 09:49:10.345, 1, 16, 210 MHz, 405 MHz, P8, 16.53 W
1, 2026/09/15 09:49:10.345, 1, 16, 210 MHz, 405 MHz, P8, 14.66 W
0, 2026/09/15 09:49:10.546, 1, 16, 210 MHz, 405 MHz, P8, 16.63 W
1, 2026/09/15 09:49:10.546, 1, 16, 210 MHz, 405 MHz, P8, 14.66 W
0, 2026/09/15 09:49:10.746, 1, 16, 210 MHz, 405 MHz, P8, 16.63 W
1, 2026/09/15 09:49:10.746, 1, 16, 210 MHz, 405 MHz, P8, 14.66 W
0, 2026/09/15 09:49:10.946, 1, 16, 210 MHz, 405 MHz, P8, 16.63 W
1, 2026/09/15 09:49:10.946, 1, 16, 210 MHz, 405 MHz, P8, 14.66 W
0, 2026/09/15 09:49:11.147, 1, 16, 210 MHz, 405 MHz, P8, 16.63 W
1, 2026/09/15 09:49:11.147, 1, 16, 210 MHz, 405 MHz, P8, 14.66 W
0, 2026/09/15 09:49:11.347, 1, 16, 210 MHz, 405 MHz, P8, 16.63 W
1, 2026/09/15 09:49:11.347, 1, 16, 210 MHz, 405 MHz, P8, 14.60 W
0, 2026/09/15 09:49:11.547, 1, 16, 210 MHz, 405 MHz, P8, 16.26 W
1, 2026/09/15 09:49:11.548, 1, 16, 210 MHz, 405 MHz, P8, 14.60 W
0, 2026/09/15 09:49:11.748, 1, 16, 210 MHz, 405 MHz, P8, 16.26 W
1, 2026/09/15 09:49:11.748, 1, 16, 210 MHz, 405 MHz, P8, 14.60 W
0, 2026/09/15 09:49:11.948, 1, 16, 210 MHz, 405 MHz, P8, 16.26 W
1, 2026/09/15 09:49:11.948, 1, 16, 210 MHz, 405 MHz, P8, 14.60 W
0, 2026/09/15 09:49:12.149, 1, 16, 210 MHz, 405 MHz, P8, 16.26 W
1, 2026/09/15 09:49:12.149, 1, 16, 210 MHz, 405 MHz, P8, 14.60 W
0, 2026/09/15 09:49:12.349, 1, 16, 210 MHz, 405 MHz, P8, 16.26 W
1, 2026/09/15 09:49:12.349, 1, 16, 210 MHz, 405 MHz, P8, 14.61 W
0, 2026/09/15 09:49:12.550, 1, 16, 210 MHz, 405 MHz, P8, 16.14 W
1, 2026/09/15 09:49:12.550, 1, 16, 210 MHz, 405 MHz, P8, 14.61 W
0, 2026/09/15 09:49:12.750, 1, 16, 210 MHz, 405 MHz, P8, 16.14 W
1, 2026/09/15 09:49:12.750, 1, 16, 210 MHz, 405 MHz, P8, 14.61 W
0, 2026/09/15 09:49:12.951, 1, 16, 210 MHz, 405 MHz, P8, 16.14 W
1, 2026/09/15 09:49:12.951, 1, 16, 210 MHz, 405 MHz, P8, 14.61 W
0, 2026/09/15 09:49:13.151, 1, 16, 210 MHz, 405 MHz, P8, 16.14 W
1, 2026/09/15 09:49:13.151, 1, 16, 210 MHz, 405 MHz, P8, 14.61 W
0, 2026/09/15 09:49:13.351, 1, 16, 210 MHz, 405 MHz, P8, 16.14 W
1, 2026/09/15 09:49:13.352, 1, 16, 210 MHz, 405 MHz, P8, 14.67 W
0, 2026/09/15 09:49:13.552, 1, 16, 210 MHz, 405 MHz, P8, 16.20 W
1, 2026/09/15 09:49:13.552, 1, 16, 210 MHz, 405 MHz, P8, 14.67 W
0, 2026/09/15 09:49:13.752, 1, 16, 210 MHz, 405 MHz, P8, 16.20 W
1, 2026/09/15 09:49:13.753, 1, 16, 210 MHz, 405 MHz, P8, 14.67 W
0, 2026/09/15 09:49:13.953, 1, 16, 210 MHz, 405 MHz, P8, 16.20 W
1, 2026/09/15 09:49:13.953, 1, 16, 210 MHz, 405 MHz, P8, 14.67 W
0, 2026/09/15 09:49:14.153, 1, 16, 210 MHz, 405 MHz, P8, 16.20 W
1, 2026/09/15 09:49:14.154, 1, 16, 210 MHz, 405 MHz, P8, 14.67 W
0, 2026/09/15 09:49:14.354, 1, 16, 210 MHz, 405 MHz, P8, 16.20 W
1, 2026/09/15 09:49:14.354, 1, 16, 210 MHz, 405 MHz, P8, 14.84 W
0, 2026/09/15 09:49:14.554, 1, 16, 210 MHz, 405 MHz, P8, 15.98 W
1, 2026/09/15 09:49:14.555, 1, 16, 210 MHz, 405 MHz, P8, 14.84 W
0, 2026/09/15 09:49:14.755, 1, 16, 210 MHz, 405 MHz, P8, 15.98 W
1, 2026/09/15 09:49:14.755, 1, 16, 210 MHz, 405 MHz, P8, 14.84 W
0, 2026/09/15 09:49:14.955, 1, 16, 210 MHz, 405 MHz, P8, 15.98 W
1, 2026/09/15 09:49:14.955, 1, 16, 210 MHz, 405 MHz, P8, 14.84 W
0, 2026/09/15 09:49:15.156, 1, 16, 210 MHz, 405 MHz, P8, 15.98 W
1, 2026/09/15 09:49:15.156, 1, 16, 210 MHz, 405 MHz, P8, 14.84 W
0, 2026/09/15 09:49:15.356, 1, 16, 210 MHz, 405 MHz, P8, 16.25 W
1, 2026/09/15 09:49:15.356, 1, 16, 210 MHz, 405 MHz, P8, 14.88 W
0, 2026/09/15 09:49:15.557, 1, 16, 210 MHz, 405 MHz, P8, 16.25 W
1, 2026/09/15 09:49:15.557, 1, 16, 210 MHz, 405 MHz, P8, 14.88 W
0, 2026/09/15 09:49:15.757, 1, 16, 210 MHz, 405 MHz, P8, 16.25 W
1, 2026/09/15 09:49:15.757, 1, 16, 210 MHz, 405 MHz, P8, 14.88 W
0, 2026/09/15 09:49:15.958, 1, 16, 210 MHz, 405 MHz, P8, 16.25 W
1, 2026/09/15 09:49:15.958, 1, 16, 210 MHz, 405 MHz, P8, 14.88 W
0, 2026/09/15 09:49:16.158, 1, 16, 210 MHz, 405 MHz, P8, 16.25 W
1, 2026/09/15 09:49:16.158, 1, 16, 210 MHz, 405 MHz, P8, 14.88 W
0, 2026/09/15 09:49:16.358, 1, 16, 210 MHz, 405 MHz, P8, 16.41 W
1, 2026/09/15 09:49:16.359, 1, 16, 210 MHz, 405 MHz, P8, 14.89 W
0, 2026/09/15 09:49:16.559, 1, 16, 210 MHz, 405 MHz, P8, 16.41 W
1, 2026/09/15 09:49:16.559, 1, 16, 210 MHz, 405 MHz, P8, 14.89 W
0, 2026/09/15 09:49:16.759, 1, 16, 210 MHz, 405 MHz, P8, 16.41 W
1, 2026/09/15 09:49:16.759, 1, 16, 210 MHz, 405 MHz, P8, 14.89 W
0, 2026/09/15 09:49:16.960, 1, 16, 210 MHz, 405 MHz, P8, 16.41 W
1, 2026/09/15 09:49:16.960, 1, 16, 210 MHz, 405 MHz, P8, 14.89 W
0, 2026/09/15 09:49:17.160, 1, 16, 210 MHz, 405 MHz, P8, 16.41 W
1, 2026/09/15 09:49:17.160, 1, 16, 210 MHz, 405 MHz, P8, 14.89 W
0, 2026/09/15 09:49:17.360, 1, 16, 210 MHz, 405 MHz, P8, 16.45 W
1, 2026/09/15 09:49:17.361, 1, 16, 210 MHz, 405 MHz, P8, 14.83 W
0, 2026/09/15 09:49:17.561, 1, 16, 210 MHz, 405 MHz, P8, 16.45 W
1, 2026/09/15 09:49:17.561, 1, 16, 210 MHz, 405 MHz, P8, 14.83 W
0, 2026/09/15 09:49:17.762, 1, 16, 210 MHz, 405 MHz, P8, 16.45 W
1, 2026/09/15 09:49:17.762, 1, 16, 210 MHz, 405 MHz, P8, 14.83 W
0, 2026/09/15 09:49:17.962, 1, 16, 210 MHz, 405 MHz, P8, 16.45 W
1, 2026/09/15 09:49:17.962, 1, 16, 210 MHz, 405 MHz, P8, 14.83 W
0, 2026/09/15 09:49:18.162, 1, 16, 210 MHz, 405 MHz, P8, 16.45 W
1, 2026/09/15 09:49:18.163, 1, 16, 210 MHz, 405 MHz, P8, 14.83 W
0, 2026/09/15 09:49:18.363, 1, 16, 210 MHz, 405 MHz, P8, 16.93 W
1, 2026/09/15 09:49:18.363, 1, 16, 210 MHz, 405 MHz, P8, 14.84 W
0, 2026/09/15 09:49:18.563, 1, 16, 210 MHz, 405 MHz, P8, 16.93 W
1, 2026/09/15 09:49:18.563, 1, 16, 210 MHz, 405 MHz, P8, 14.84 W
0, 2026/09/15 09:49:18.764, 1, 16, 210 MHz, 405 MHz, P8, 16.93 W
1, 2026/09/15 09:49:18.764, 1, 16, 210 MHz, 405 MHz, P8, 14.84 W
0, 2026/09/15 09:49:18.964, 1, 16, 210 MHz, 405 MHz, P8, 16.93 W
1, 2026/09/15 09:49:18.964, 1, 16, 210 MHz, 405 MHz, P8, 14.84 W
0, 2026/09/15 09:49:19.164, 1, 16, 210 MHz, 405 MHz, P8, 16.93 W
1, 2026/09/15 09:49:19.164, 1, 16, 210 MHz, 405 MHz, P8, 14.84 W
0, 2026/09/15 09:49:19.365, 1, 16, 210 MHz, 405 MHz, P8, 16.79 W
1, 2026/09/15 09:49:19.365, 1, 16, 210 MHz, 405 MHz, P8, 14.80 W
0, 2026/09/15 09:49:19.565, 1, 16, 210 MHz, 405 MHz, P8, 16.79 W
1, 2026/09/15 09:49:19.565, 1, 16, 210 MHz, 405 MHz, P8, 14.80 W
0, 2026/09/15 09:49:19.765, 1, 16, 210 MHz, 405 MHz, P8, 16.79 W
1, 2026/09/15 09:49:19.766, 1, 16, 210 MHz, 405 MHz, P8, 14.80 W
0, 2026/09/15 09:49:19.966, 1, 16, 210 MHz, 405 MHz, P8, 16.79 W
1, 2026/09/15 09:49:19.966, 1, 16, 210 MHz, 405 MHz, P8, 14.80 W
0, 2026/09/15 09:49:20.166, 1, 16, 210 MHz, 405 MHz, P8, 16.79 W
1, 2026/09/15 09:49:20.166, 1, 16, 210 MHz, 405 MHz, P8, 14.80 W
0, 2026/09/15 09:49:20.366, 1, 16, 210 MHz, 405 MHz, P8, 16.43 W
1, 2026/09/15 09:49:20.367, 1, 16, 210 MHz, 405 MHz, P8, 14.54 W
0, 2026/09/15 09:49:20.567, 1, 16, 210 MHz, 405 MHz, P8, 16.43 W
1, 2026/09/15 09:49:20.567, 1, 16, 210 MHz, 405 MHz, P8, 14.54 W
0, 2026/09/15 09:49:20.767, 1, 16, 210 MHz, 405 MHz, P8, 16.43 W
1, 2026/09/15 09:49:20.767, 1, 16, 210 MHz, 405 MHz, P8, 14.54 W
0, 2026/09/15 09:49:20.968, 1, 16, 210 MHz, 405 MHz, P8, 16.43 W
1, 2026/09/15 09:49:20.968, 1, 16, 210 MHz, 405 MHz, P8, 14.54 W
0, 2026/09/15 09:49:21.168, 1, 16, 210 MHz, 405 MHz, P8, 16.43 W
1, 2026/09/15 09:49:21.168, 1, 16, 210 MHz, 405 MHz, P8, 14.54 W
0, 2026/09/15 09:49:21.368, 1, 16, 210 MHz, 405 MHz, P8, 16.58 W
1, 2026/09/15 09:49:21.369, 1, 16, 210 MHz, 405 MHz, P8, 14.43 W
0, 2026/09/15 09:49:21.569, 1, 16, 210 MHz, 405 MHz, P8, 16.58 W
1, 2026/09/15 09:49:21.569, 1, 16, 210 MHz, 405 MHz, P8, 14.43 W
0, 2026/09/15 09:49:21.769, 1, 16, 210 MHz, 405 MHz, P8, 16.58 W
1, 2026/09/15 09:49:21.769, 1, 16, 210 MHz, 405 MHz, P8, 14.43 W
0, 2026/09/15 09:49:21.970, 1, 16, 210 MHz, 405 MHz, P8, 16.58 W
1, 2026/09/15 09:49:21.970, 1, 16, 210 MHz, 405 MHz, P8, 14.43 W
0, 2026/09/15 09:49:22.170, 1, 16, 210 MHz, 405 MHz, P8, 16.58 W
1, 2026/09/15 09:49:22.170, 1, 16, 210 MHz, 405 MHz, P8, 14.43 W
0, 2026/09/15 09:49:22.371, 1, 16, 210 MHz, 405 MHz, P8, 16.97 W
1, 2026/09/15 09:49:22.371, 1, 16, 210 MHz, 405 MHz, P8, 14.54 W
0, 2026/09/15 09:49:22.571, 1, 16, 210 MHz, 405 MHz, P8, 16.97 W
1, 2026/09/15 09:49:22.571, 1, 16, 210 MHz, 405 MHz, P8, 14.54 W
0, 2026/09/15 09:49:22.772, 1, 16, 210 MHz, 405 MHz, P8, 16.97 W
1, 2026/09/15 09:49:22.772, 1, 16, 210 MHz, 405 MHz, P8, 14.54 W
0, 2026/09/15 09:49:22.972, 1, 16, 210 MHz, 405 MHz, P8, 16.97 W
1, 2026/09/15 09:49:22.972, 1, 16, 210 MHz, 405 MHz, P8, 14.54 W
0, 2026/09/15 09:49:23.172, 1, 16, 210 MHz, 405 MHz, P8, 16.97 W
1, 2026/09/15 09:49:23.173, 1, 16, 210 MHz, 405 MHz, P8, 14.54 W
0, 2026/09/15 09:49:23.373, 1, 16, 210 MHz, 405 MHz, P8, 16.90 W
1, 2026/09/15 09:49:23.373, 1, 16, 210 MHz, 405 MHz, P8, 14.51 W
0, 2026/09/15 09:49:23.573, 1, 16, 210 MHz, 405 MHz, P8, 16.90 W
1, 2026/09/15 09:49:23.573, 1, 16, 210 MHz, 405 MHz, P8, 14.51 W
0, 2026/09/15 09:49:23.774, 1, 16, 210 MHz, 405 MHz, P8, 16.90 W
1, 2026/09/15 09:49:23.774, 1, 16, 210 MHz, 405 MHz, P8, 14.51 W
0, 2026/09/15 09:49:23.974, 1, 16, 210 MHz, 405 MHz, P8, 16.90 W
1, 2026/09/15 09:49:23.974, 1, 16, 210 MHz, 405 MHz, P8, 14.51 W
0, 2026/09/15 09:49:24.175, 1, 16, 210 MHz, 405 MHz, P8, 16.90 W
1, 2026/09/15 09:49:24.175, 1, 16, 210 MHz, 405 MHz, P8, 14.51 W
0, 2026/09/15 09:49:24.375, 1, 16, 210 MHz, 405 MHz, P8, 16.47 W
1, 2026/09/15 09:49:24.375, 1, 16, 210 MHz, 405 MHz, P8, 14.42 W
0, 2026/09/15 09:49:24.576, 1, 16, 210 MHz, 405 MHz, P8, 16.47 W
1, 2026/09/15 09:49:24.576, 1, 16, 210 MHz, 405 MHz, P8, 14.42 W
0, 2026/09/15 09:49:24.776, 1, 16, 210 MHz, 405 MHz, P8, 16.47 W
1, 2026/09/15 09:49:24.776, 1, 16, 210 MHz, 405 MHz, P8, 14.42 W
0, 2026/09/15 09:49:24.976, 1, 16, 210 MHz, 405 MHz, P8, 16.47 W
1, 2026/09/15 09:49:24.977, 1, 16, 210 MHz, 405 MHz, P8, 14.42 W
0, 2026/09/15 09:49:25.177, 1, 16, 210 MHz, 405 MHz, P8, 16.47 W
1, 2026/09/15 09:49:25.177, 1, 16, 210 MHz, 405 MHz, P8, 14.42 W
0, 2026/09/15 09:49:25.377, 1, 16, 210 MHz, 405 MHz, P8, 16.38 W
1, 2026/09/15 09:49:25.377, 1, 16, 210 MHz, 405 MHz, P8, 14.42 W
0, 2026/09/15 09:49:25.578, 1, 16, 210 MHz, 405 MHz, P8, 16.38 W
1, 2026/09/15 09:49:25.578, 1, 16, 210 MHz, 405 MHz, P8, 14.42 W
0, 2026/09/15 09:49:25.778, 1, 16, 210 MHz, 405 MHz, P8, 16.38 W
1, 2026/09/15 09:49:25.778, 1, 16, 210 MHz, 405 MHz, P8, 14.42 W
0, 2026/09/15 09:49:25.978, 1, 16, 210 MHz, 405 MHz, P8, 16.38 W
1, 2026/09/15 09:49:25.978, 1, 16, 210 MHz, 405 MHz, P8, 14.42 W
0, 2026/09/15 09:49:26.178, 1, 16, 210 MHz, 405 MHz, P8, 16.38 W
1, 2026/09/15 09:49:26.178, 1, 16, 210 MHz, 405 MHz, P8, 14.42 W
0, 2026/09/15 09:49:26.379, 1, 16, 210 MHz, 405 MHz, P8, 16.55 W
1, 2026/09/15 09:49:26.379, 1, 16, 210 MHz, 405 MHz, P8, 14.48 W
0, 2026/09/15 09:49:26.579, 1, 16, 210 MHz, 405 MHz, P8, 16.55 W
1, 2026/09/15 09:49:26.601, 1, 16, 210 MHz, 405 MHz, P8, 14.48 W
0, 2026/09/15 09:49:26.802, 1, 16, 210 MHz, 405 MHz, P8, 16.55 W
1, 2026/09/15 09:49:26.802, 1, 16, 210 MHz, 405 MHz, P8, 14.48 W
0, 2026/09/15 09:49:27.003, 1, 16, 210 MHz, 405 MHz, P8, 16.55 W
1, 2026/09/15 09:49:27.003, 1, 16, 210 MHz, 405 MHz, P8, 14.48 W
0, 2026/09/15 09:49:27.203, 1, 16, 210 MHz, 405 MHz, P8, 16.55 W
1, 2026/09/15 09:49:27.203, 1, 16, 210 MHz, 405 MHz, P8, 14.48 W
0, 2026/09/15 09:49:27.403, 1, 16, 210 MHz, 405 MHz, P8, 16.31 W
1, 2026/09/15 09:49:27.403, 1, 16, 210 MHz, 405 MHz, P8, 14.61 W
0, 2026/09/15 09:49:27.604, 1, 16, 210 MHz, 405 MHz, P8, 16.31 W
1, 2026/09/15 09:49:27.604, 1, 16, 210 MHz, 405 MHz, P8, 14.61 W
0, 2026/09/15 09:49:27.804, 1, 16, 210 MHz, 405 MHz, P8, 16.31 W
1, 2026/09/15 09:49:27.805, 1, 16, 210 MHz, 405 MHz, P8, 14.61 W
0, 2026/09/15 09:49:28.005, 1, 16, 210 MHz, 405 MHz, P8, 16.31 W
1, 2026/09/15 09:49:28.005, 1, 16, 210 MHz, 405 MHz, P8, 14.61 W
0, 2026/09/15 09:49:28.205, 1, 16, 210 MHz, 405 MHz, P8, 16.31 W
1, 2026/09/15 09:49:28.205, 1, 16, 210 MHz, 405 MHz, P8, 14.61 W
0, 2026/09/15 09:49:28.406, 1, 16, 210 MHz, 405 MHz, P8, 16.07 W
1, 2026/09/15 09:49:28.406, 1, 16, 210 MHz, 405 MHz, P8, 14.61 W
0, 2026/09/15 09:49:28.606, 1, 16, 210 MHz, 405 MHz, P8, 16.07 W
1, 2026/09/15 09:49:28.607, 1, 16, 210 MHz, 405 MHz, P8, 14.61 W
0, 2026/09/15 09:49:28.807, 1, 16, 210 MHz, 405 MHz, P8, 16.07 W
1, 2026/09/15 09:49:28.807, 1, 16, 210 MHz, 405 MHz, P8, 14.61 W
0, 2026/09/15 09:49:29.007, 1, 16, 210 MHz, 405 MHz, P8, 16.07 W
1, 2026/09/15 09:49:29.008, 1, 16, 210 MHz, 405 MHz, P8, 14.61 W
0, 2026/09/15 09:49:29.208, 1, 16, 210 MHz, 405 MHz, P8, 16.07 W
1, 2026/09/15 09:49:29.208, 1, 16, 210 MHz, 405 MHz, P8, 14.61 W
0, 2026/09/15 09:49:29.408, 1, 16, 210 MHz, 405 MHz, P8, 16.25 W
1, 2026/09/15 09:49:29.408, 1, 16, 210 MHz, 405 MHz, P8, 14.34 W
0, 2026/09/15 09:49:29.609, 1, 16, 210 MHz, 405 MHz, P8, 16.25 W
1, 2026/09/15 09:49:29.609, 1, 16, 210 MHz, 405 MHz, P8, 14.34 W
0, 2026/09/15 09:49:29.809, 1, 16, 210 MHz, 405 MHz, P8, 16.25 W
1, 2026/09/15 09:49:29.810, 1, 16, 210 MHz, 405 MHz, P8, 14.34 W
0, 2026/09/15 09:49:30.010, 1, 16, 210 MHz, 405 MHz, P8, 16.25 W
1, 2026/09/15 09:49:30.010, 1, 16, 210 MHz, 405 MHz, P8, 14.34 W
0, 2026/09/15 09:49:30.210, 1, 16, 210 MHz, 405 MHz, P8, 16.25 W
1, 2026/09/15 09:49:30.210, 1, 16, 210 MHz, 405 MHz, P8, 14.34 W
0, 2026/09/15 09:49:30.411, 4, 16, 2835 MHz, 10251 MHz, P2, 87.33 W
1, 2026/09/15 09:49:30.411, 4, 16, 2820 MHz, 10251 MHz, P2, 65.42 W
0, 2026/09/15 09:49:30.611, 4, 16, 2835 MHz, 10251 MHz, P2, 87.33 W
1, 2026/09/15 09:49:30.611, 4, 16, 2820 MHz, 10251 MHz, P2, 65.42 W
0, 2026/09/15 09:49:30.812, 4, 16, 2835 MHz, 10251 MHz, P2, 87.33 W
1, 2026/09/15 09:49:30.812, 4, 16, 2820 MHz, 10251 MHz, P2, 126.81 W
0, 2026/09/15 09:49:31.012, 4, 16, 2835 MHz, 10251 MHz, P2, 145.45 W
1, 2026/09/15 09:49:31.012, 4, 16, 2820 MHz, 10251 MHz, P2, 126.81 W
0, 2026/09/15 09:49:31.212, 4, 16, 2835 MHz, 10251 MHz, P2, 145.45 W
1, 2026/09/15 09:49:31.212, 4, 16, 2820 MHz, 10251 MHz, P2, 126.81 W
0, 2026/09/15 09:49:31.413, 4, 16, 2835 MHz, 10251 MHz, P2, 303.55 W
1, 2026/09/15 09:49:31.413, 4, 16, 2820 MHz, 10251 MHz, P2, 284.08 W
0, 2026/09/15 09:49:31.613, 4, 16, 2835 MHz, 10251 MHz, P2, 303.55 W
1, 2026/09/15 09:49:31.613, 4, 16, 2820 MHz, 10251 MHz, P2, 284.08 W
0, 2026/09/15 09:49:31.813, 4, 16, 2835 MHz, 10251 MHz, P2, 303.55 W
1, 2026/09/15 09:49:31.813, 4, 16, 2820 MHz, 10251 MHz, P2, 291.21 W
0, 2026/09/15 09:49:32.014, 4, 16, 2835 MHz, 10251 MHz, P2, 311.21 W
1, 2026/09/15 09:49:32.014, 4, 16, 2820 MHz, 10251 MHz, P2, 291.21 W
0, 2026/09/15 09:49:32.214, 4, 16, 2835 MHz, 10251 MHz, P2, 311.21 W
1, 2026/09/15 09:49:32.214, 4, 16, 2820 MHz, 10251 MHz, P2, 291.21 W
0, 2026/09/15 09:49:32.414, 4, 16, 2835 MHz, 10251 MHz, P2, 309.81 W
1, 2026/09/15 09:49:32.415, 4, 16, 2820 MHz, 10251 MHz, P2, 290.04 W
0, 2026/09/15 09:49:32.615, 4, 16, 2835 MHz, 10251 MHz, P2, 309.81 W
1, 2026/09/15 09:49:32.615, 4, 16, 2820 MHz, 10251 MHz, P2, 290.04 W
0, 2026/09/15 09:49:32.815, 4, 16, 2835 MHz, 10251 MHz, P2, 309.81 W
1, 2026/09/15 09:49:32.816, 4, 16, 2820 MHz, 10251 MHz, P2, 290.55 W
0, 2026/09/15 09:49:33.016, 4, 16, 2835 MHz, 10251 MHz, P2, 309.83 W
1, 2026/09/15 09:49:33.016, 4, 16, 2820 MHz, 10251 MHz, P2, 290.55 W
0, 2026/09/15 09:49:33.216, 4, 16, 2835 MHz, 10251 MHz, P2, 309.83 W
1, 2026/09/15 09:49:33.217, 4, 16, 2820 MHz, 10251 MHz, P2, 290.55 W
0, 2026/09/15 09:49:33.417, 4, 16, 2835 MHz, 10251 MHz, P2, 310.16 W
1, 2026/09/15 09:49:33.417, 4, 16, 2820 MHz, 10251 MHz, P2, 291.46 W
0, 2026/09/15 09:49:33.617, 4, 16, 2835 MHz, 10251 MHz, P2, 310.16 W
1, 2026/09/15 09:49:33.617, 4, 16, 2820 MHz, 10251 MHz, P2, 291.46 W
0, 2026/09/15 09:49:33.818, 4, 16, 2835 MHz, 10251 MHz, P2, 310.16 W
1, 2026/09/15 09:49:33.818, 4, 16, 2820 MHz, 10251 MHz, P2, 291.40 W
0, 2026/09/15 09:49:34.018, 4, 16, 2835 MHz, 10251 MHz, P2, 311.67 W
1, 2026/09/15 09:49:34.019, 4, 16, 2820 MHz, 10251 MHz, P2, 291.40 W
0, 2026/09/15 09:49:34.221, 4, 16, 2835 MHz, 10251 MHz, P2, 311.67 W
1, 2026/09/15 09:49:34.221, 4, 16, 2820 MHz, 10251 MHz, P2, 291.40 W
0, 2026/09/15 09:49:34.421, 4, 16, 2835 MHz, 10251 MHz, P2, 312.85 W
1, 2026/09/15 09:49:34.422, 4, 16, 2820 MHz, 10251 MHz, P2, 290.15 W
0, 2026/09/15 09:49:34.622, 4, 16, 2835 MHz, 10251 MHz, P2, 312.85 W
1, 2026/09/15 09:49:34.622, 4, 16, 2820 MHz, 10251 MHz, P2, 290.15 W
0, 2026/09/15 09:49:34.823, 4, 16, 2835 MHz, 10251 MHz, P2, 312.85 W
1, 2026/09/15 09:49:34.823, 4, 16, 2820 MHz, 10251 MHz, P2, 291.00 W
0, 2026/09/15 09:49:35.023, 4, 16, 2835 MHz, 10251 MHz, P2, 310.97 W
1, 2026/09/15 09:49:35.023, 4, 16, 2820 MHz, 10251 MHz, P2, 291.00 W
0, 2026/09/15 09:49:35.224, 4, 16, 2835 MHz, 10251 MHz, P2, 310.97 W
1, 2026/09/15 09:49:35.224, 4, 16, 2820 MHz, 10251 MHz, P2, 291.00 W
0, 2026/09/15 09:49:35.424, 4, 16, 2835 MHz, 10251 MHz, P2, 311.99 W
1, 2026/09/15 09:49:35.425, 4, 16, 2805 MHz, 10251 MHz, P2, 291.49 W
0, 2026/09/15 09:49:35.625, 4, 16, 2835 MHz, 10251 MHz, P2, 311.99 W
1, 2026/09/15 09:49:35.625, 4, 16, 2805 MHz, 10251 MHz, P2, 291.49 W
0, 2026/09/15 09:49:35.825, 4, 16, 2835 MHz, 10251 MHz, P2, 311.99 W
1, 2026/09/15 09:49:35.825, 4, 16, 2805 MHz, 10251 MHz, P2, 292.99 W
0, 2026/09/15 09:49:36.026, 4, 16, 2820 MHz, 10251 MHz, P2, 312.34 W
1, 2026/09/15 09:49:36.026, 4, 16, 2805 MHz, 10251 MHz, P2, 292.99 W
0, 2026/09/15 09:49:36.226, 4, 16, 2820 MHz, 10251 MHz, P2, 312.34 W
1, 2026/09/15 09:49:36.226, 4, 16, 2805 MHz, 10251 MHz, P2, 292.99 W
0, 2026/09/15 09:49:36.426, 4, 16, 2820 MHz, 10251 MHz, P2, 311.98 W
1, 2026/09/15 09:49:36.427, 4, 16, 2805 MHz, 10251 MHz, P2, 290.79 W
0, 2026/09/15 09:49:36.627, 4, 16, 2820 MHz, 10251 MHz, P2, 311.98 W
1, 2026/09/15 09:49:36.627, 4, 16, 2805 MHz, 10251 MHz, P2, 290.79 W
0, 2026/09/15 09:49:36.828, 4, 16, 2820 MHz, 10251 MHz, P2, 311.98 W
1, 2026/09/15 09:49:36.828, 4, 16, 2805 MHz, 10251 MHz, P2, 291.63 W
0, 2026/09/15 09:49:37.028, 4, 16, 2820 MHz, 10251 MHz, P2, 311.97 W
1, 2026/09/15 09:49:37.028, 4, 16, 2805 MHz, 10251 MHz, P2, 291.63 W
0, 2026/09/15 09:49:37.228, 4, 16, 2820 MHz, 10251 MHz, P2, 311.97 W
1, 2026/09/15 09:49:37.229, 4, 16, 2805 MHz, 10251 MHz, P2, 291.63 W
0, 2026/09/15 09:49:37.429, 4, 16, 2820 MHz, 10251 MHz, P2, 311.17 W
1, 2026/09/15 09:49:37.429, 4, 16, 2805 MHz, 10251 MHz, P2, 291.37 W
0, 2026/09/15 09:49:37.629, 4, 16, 2820 MHz, 10251 MHz, P2, 311.17 W
1, 2026/09/15 09:49:37.630, 4, 16, 2805 MHz, 10251 MHz, P2, 291.37 W
0, 2026/09/15 09:49:37.830, 4, 16, 2820 MHz, 10251 MHz, P2, 311.17 W
1, 2026/09/15 09:49:37.830, 4, 16, 2805 MHz, 10251 MHz, P2, 287.41 W
0, 2026/09/15 09:49:38.030, 4, 16, 2820 MHz, 10251 MHz, P2, 307.67 W
1, 2026/09/15 09:49:38.030, 4, 16, 2805 MHz, 10251 MHz, P2, 287.41 W
0, 2026/09/15 09:49:38.231, 4, 16, 2820 MHz, 10251 MHz, P2, 307.67 W
1, 2026/09/15 09:49:38.231, 4, 16, 2805 MHz, 10251 MHz, P2, 287.41 W
0, 2026/09/15 09:49:38.431, 4, 16, 2820 MHz, 10251 MHz, P2, 306.43 W
1, 2026/09/15 09:49:38.432, 4, 16, 2805 MHz, 10251 MHz, P2, 286.62 W
0, 2026/09/15 09:49:38.632, 4, 16, 2820 MHz, 10251 MHz, P2, 306.43 W
1, 2026/09/15 09:49:38.632, 4, 16, 2805 MHz, 10251 MHz, P2, 286.62 W
0, 2026/09/15 09:49:38.832, 4, 16, 2820 MHz, 10251 MHz, P2, 306.43 W
1, 2026/09/15 09:49:38.833, 4, 16, 2805 MHz, 10251 MHz, P2, 283.29 W
0, 2026/09/15 09:49:39.033, 4, 16, 2820 MHz, 10251 MHz, P2, 304.23 W
1, 2026/09/15 09:49:39.033, 4, 16, 2805 MHz, 10251 MHz, P2, 283.29 W
0, 2026/09/15 09:49:39.233, 4, 16, 2820 MHz, 10251 MHz, P2, 304.23 W
1, 2026/09/15 09:49:39.233, 4, 16, 2805 MHz, 10251 MHz, P2, 283.29 W
0, 2026/09/15 09:49:39.434, 4, 16, 2820 MHz, 10251 MHz, P2, 304.08 W
1, 2026/09/15 09:49:39.434, 4, 16, 2805 MHz, 10251 MHz, P2, 282.47 W
0, 2026/09/15 09:49:39.634, 4, 16, 2820 MHz, 10251 MHz, P2, 304.08 W
1, 2026/09/15 09:49:39.634, 4, 16, 2805 MHz, 10251 MHz, P2, 282.47 W
0, 2026/09/15 09:49:39.835, 4, 16, 2820 MHz, 10251 MHz, P2, 304.08 W
1, 2026/09/15 09:49:39.835, 4, 16, 2805 MHz, 10251 MHz, P2, 285.60 W
0, 2026/09/15 09:49:40.035, 4, 16, 2820 MHz, 10251 MHz, P2, 304.98 W
1, 2026/09/15 09:49:40.035, 4, 16, 2805 MHz, 10251 MHz, P2, 285.60 W
0, 2026/09/15 09:49:40.235, 4, 16, 2820 MHz, 10251 MHz, P2, 304.98 W
1, 2026/09/15 09:49:40.235, 4, 16, 2805 MHz, 10251 MHz, P2, 285.60 W
0, 2026/09/15 09:49:40.435, 4, 16, 2820 MHz, 10251 MHz, P2, 306.67 W
1, 2026/09/15 09:49:40.435, 4, 16, 2805 MHz, 10251 MHz, P2, 285.41 W
0, 2026/09/15 09:49:40.636, 4, 16, 2820 MHz, 10251 MHz, P2, 306.67 W
1, 2026/09/15 09:49:40.636, 4, 16, 2805 MHz, 10251 MHz, P2, 285.41 W
0, 2026/09/15 09:49:40.836, 4, 16, 2820 MHz, 10251 MHz, P2, 306.67 W
1, 2026/09/15 09:49:40.836, 4, 16, 2805 MHz, 10251 MHz, P2, 288.45 W
0, 2026/09/15 09:49:41.036, 4, 16, 2820 MHz, 10251 MHz, P2, 310.18 W
1, 2026/09/15 09:49:41.037, 4, 16, 2805 MHz, 10251 MHz, P2, 288.45 W
0, 2026/09/15 09:49:41.237, 4, 16, 2820 MHz, 10251 MHz, P2, 310.18 W
1, 2026/09/15 09:49:41.237, 4, 16, 2805 MHz, 10251 MHz, P2, 288.45 W
0, 2026/09/15 09:49:41.437, 4, 16, 2820 MHz, 10251 MHz, P2, 313.18 W
1, 2026/09/15 09:49:41.437, 4, 16, 2805 MHz, 10251 MHz, P2, 292.36 W
0, 2026/09/15 09:49:41.638, 4, 16, 2820 MHz, 10251 MHz, P2, 313.18 W
1, 2026/09/15 09:49:41.638, 4, 16, 2805 MHz, 10251 MHz, P2, 292.36 W
0, 2026/09/15 09:49:41.838, 4, 16, 2820 MHz, 10251 MHz, P2, 313.18 W
1, 2026/09/15 09:49:41.838, 4, 16, 2805 MHz, 10251 MHz, P2, 294.73 W
0, 2026/09/15 09:49:42.038, 4, 16, 2820 MHz, 10251 MHz, P2, 316.50 W
1, 2026/09/15 09:49:42.039, 4, 16, 2805 MHz, 10251 MHz, P2, 294.73 W
0, 2026/09/15 09:49:42.239, 4, 16, 2820 MHz, 10251 MHz, P2, 316.50 W
1, 2026/09/15 09:49:42.239, 4, 16, 2805 MHz, 10251 MHz, P2, 294.73 W
0, 2026/09/15 09:49:42.439, 4, 16, 2820 MHz, 10251 MHz, P2, 320.84 W
1, 2026/09/15 09:49:42.439, 4, 16, 2805 MHz, 10251 MHz, P2, 298.73 W
0, 2026/09/15 09:49:42.640, 4, 16, 2820 MHz, 10251 MHz, P2, 320.84 W
1, 2026/09/15 09:49:42.640, 4, 16, 2805 MHz, 10251 MHz, P2, 298.73 W
0, 2026/09/15 09:49:42.840, 4, 16, 2820 MHz, 10251 MHz, P2, 320.84 W
1, 2026/09/15 09:49:42.840, 4, 16, 2805 MHz, 10251 MHz, P2, 296.21 W
0, 2026/09/15 09:49:43.040, 4, 16, 2820 MHz, 10251 MHz, P2, 318.34 W
1, 2026/09/15 09:49:43.040, 4, 16, 2805 MHz, 10251 MHz, P2, 296.21 W
0, 2026/09/15 09:49:43.241, 4, 16, 2820 MHz, 10251 MHz, P2, 318.34 W
1, 2026/09/15 09:49:43.241, 4, 16, 2805 MHz, 10251 MHz, P2, 296.21 W
0, 2026/09/15 09:49:43.441, 4, 16, 2820 MHz, 10251 MHz, P2, 317.77 W
1, 2026/09/15 09:49:43.441, 4, 16, 2805 MHz, 10251 MHz, P2, 295.99 W
0, 2026/09/15 09:49:43.641, 4, 16, 2820 MHz, 10251 MHz, P2, 317.77 W
1, 2026/09/15 09:49:43.642, 4, 16, 2805 MHz, 10251 MHz, P2, 295.99 W
0, 2026/09/15 09:49:43.842, 4, 16, 2820 MHz, 10251 MHz, P2, 317.77 W
1, 2026/09/15 09:49:43.842, 4, 16, 2805 MHz, 10251 MHz, P2, 295.94 W
0, 2026/09/15 09:49:44.042, 4, 16, 2820 MHz, 10251 MHz, P2, 318.63 W
1, 2026/09/15 09:49:44.042, 4, 16, 2805 MHz, 10251 MHz, P2, 295.94 W
0, 2026/09/15 09:49:44.243, 4, 16, 2820 MHz, 10251 MHz, P2, 318.63 W
1, 2026/09/15 09:49:44.243, 4, 16, 2805 MHz, 10251 MHz, P2, 295.94 W
0, 2026/09/15 09:49:44.443, 4, 16, 2820 MHz, 10251 MHz, P2, 318.16 W
1, 2026/09/15 09:49:44.443, 4, 16, 2805 MHz, 10251 MHz, P2, 295.87 W
0, 2026/09/15 09:49:44.643, 4, 16, 2820 MHz, 10251 MHz, P2, 318.16 W
1, 2026/09/15 09:49:44.644, 4, 16, 2805 MHz, 10251 MHz, P2, 295.87 W
0, 2026/09/15 09:49:44.844, 4, 16, 2820 MHz, 10251 MHz, P2, 318.16 W
1, 2026/09/15 09:49:44.844, 4, 16, 2805 MHz, 10251 MHz, P2, 298.26 W
0, 2026/09/15 09:49:45.044, 4, 16, 2820 MHz, 10251 MHz, P2, 320.63 W
1, 2026/09/15 09:49:45.044, 4, 16, 2805 MHz, 10251 MHz, P2, 298.26 W
0, 2026/09/15 09:49:45.245, 4, 16, 2820 MHz, 10251 MHz, P2, 320.63 W
1, 2026/09/15 09:49:45.245, 4, 16, 2805 MHz, 10251 MHz, P2, 298.26 W
0, 2026/09/15 09:49:45.445, 4, 16, 2820 MHz, 10251 MHz, P2, 318.79 W
1, 2026/09/15 09:49:45.445, 4, 16, 2805 MHz, 10251 MHz, P2, 296.50 W
0, 2026/09/15 09:49:45.645, 4, 16, 2820 MHz, 10251 MHz, P2, 318.79 W
1, 2026/09/15 09:49:45.645, 4, 16, 2805 MHz, 10251 MHz, P2, 296.50 W
0, 2026/09/15 09:49:45.845, 4, 16, 2820 MHz, 10251 MHz, P2, 318.79 W
1, 2026/09/15 09:49:45.846, 4, 16, 2805 MHz, 10251 MHz, P2, 295.93 W
0, 2026/09/15 09:49:46.046, 4, 16, 2820 MHz, 10251 MHz, P2, 319.20 W
1, 2026/09/15 09:49:46.046, 4, 16, 2805 MHz, 10251 MHz, P2, 295.93 W
0, 2026/09/15 09:49:46.246, 4, 16, 2820 MHz, 10251 MHz, P2, 319.20 W
1, 2026/09/15 09:49:46.246, 4, 16, 2805 MHz, 10251 MHz, P2, 295.93 W
0, 2026/09/15 09:49:46.446, 4, 16, 2820 MHz, 10251 MHz, P2, 321.30 W
1, 2026/09/15 09:49:46.446, 4, 16, 2805 MHz, 10251 MHz, P2, 298.51 W
0, 2026/09/15 09:49:46.647, 4, 16, 2820 MHz, 10251 MHz, P2, 321.30 W
1, 2026/09/15 09:49:46.647, 4, 16, 2805 MHz, 10251 MHz, P2, 298.51 W
0, 2026/09/15 09:49:46.847, 4, 16, 2820 MHz, 10251 MHz, P2, 321.30 W
1, 2026/09/15 09:49:46.847, 4, 16, 2805 MHz, 10251 MHz, P2, 295.62 W
0, 2026/09/15 09:49:47.047, 4, 16, 2820 MHz, 10251 MHz, P2, 318.21 W
1, 2026/09/15 09:49:47.047, 4, 16, 2805 MHz, 10251 MHz, P2, 295.62 W
0, 2026/09/15 09:49:47.247, 4, 16, 2820 MHz, 10251 MHz, P2, 318.21 W
1, 2026/09/15 09:49:47.248, 4, 16, 2805 MHz, 10251 MHz, P2, 295.62 W
0, 2026/09/15 09:49:47.448, 4, 16, 2820 MHz, 10251 MHz, P2, 315.09 W
1, 2026/09/15 09:49:47.448, 4, 16, 2805 MHz, 10251 MHz, P2, 292.60 W
0, 2026/09/15 09:49:47.648, 4, 16, 2820 MHz, 10251 MHz, P2, 315.09 W
1, 2026/09/15 09:49:47.648, 4, 16, 2805 MHz, 10251 MHz, P2, 292.60 W
0, 2026/09/15 09:49:47.849, 4, 16, 2820 MHz, 10251 MHz, P2, 315.09 W
1, 2026/09/15 09:49:47.849, 4, 16, 2805 MHz, 10251 MHz, P2, 288.64 W
0, 2026/09/15 09:49:48.049, 4, 16, 2820 MHz, 10251 MHz, P2, 310.79 W
1, 2026/09/15 09:49:48.049, 4, 16, 2805 MHz, 10251 MHz, P2, 288.64 W
0, 2026/09/15 09:49:48.249, 4, 16, 2820 MHz, 10251 MHz, P2, 310.79 W
1, 2026/09/15 09:49:48.250, 4, 16, 2805 MHz, 10251 MHz, P2, 288.64 W
0, 2026/09/15 09:49:48.450, 4, 16, 2820 MHz, 10251 MHz, P2, 308.13 W
1, 2026/09/15 09:49:48.450, 4, 16, 2805 MHz, 10251 MHz, P2, 286.29 W
0, 2026/09/15 09:49:48.650, 4, 16, 2820 MHz, 10251 MHz, P2, 308.13 W
1, 2026/09/15 09:49:48.650, 4, 16, 2805 MHz, 10251 MHz, P2, 286.29 W
0, 2026/09/15 09:49:48.851, 4, 16, 2820 MHz, 10251 MHz, P2, 308.13 W
1, 2026/09/15 09:49:48.851, 4, 16, 2805 MHz, 10251 MHz, P2, 288.57 W
0, 2026/09/15 09:49:49.051, 4, 16, 2820 MHz, 10251 MHz, P2, 310.79 W
1, 2026/09/15 09:49:49.051, 4, 16, 2805 MHz, 10251 MHz, P2, 288.57 W
0, 2026/09/15 09:49:49.251, 4, 16, 2820 MHz, 10251 MHz, P2, 310.79 W
1, 2026/09/15 09:49:49.251, 4, 16, 2805 MHz, 10251 MHz, P2, 288.57 W
0, 2026/09/15 09:49:49.452, 4, 16, 2820 MHz, 10251 MHz, P2, 308.95 W
1, 2026/09/15 09:49:49.452, 4, 16, 2805 MHz, 10251 MHz, P2, 286.36 W
0, 2026/09/15 09:49:49.652, 4, 16, 2820 MHz, 10251 MHz, P2, 308.95 W
1, 2026/09/15 09:49:49.652, 4, 16, 2805 MHz, 10251 MHz, P2, 286.36 W
0, 2026/09/15 09:49:49.853, 4, 16, 2820 MHz, 10251 MHz, P2, 308.95 W
1, 2026/09/15 09:49:49.853, 4, 16, 2805 MHz, 10251 MHz, P2, 288.96 W
0, 2026/09/15 09:49:50.053, 4, 16, 2820 MHz, 10251 MHz, P2, 311.68 W
1, 2026/09/15 09:49:50.053, 4, 16, 2805 MHz, 10251 MHz, P2, 288.96 W
0, 2026/09/15 09:49:50.253, 4, 16, 2820 MHz, 10251 MHz, P2, 311.68 W
1, 2026/09/15 09:49:50.253, 4, 16, 2805 MHz, 10251 MHz, P2, 288.96 W
0, 2026/09/15 09:49:50.454, 4, 16, 2820 MHz, 10251 MHz, P2, 315.77 W
1, 2026/09/15 09:49:50.454, 4, 16, 2805 MHz, 10251 MHz, P2, 292.79 W
0, 2026/09/15 09:49:50.654, 4, 16, 2820 MHz, 10251 MHz, P2, 315.77 W
1, 2026/09/15 09:49:50.654, 4, 16, 2805 MHz, 10251 MHz, P2, 292.79 W
0, 2026/09/15 09:49:50.854, 4, 16, 2820 MHz, 10251 MHz, P2, 315.77 W
1, 2026/09/15 09:49:50.854, 4, 16, 2805 MHz, 10251 MHz, P2, 291.64 W
0, 2026/09/15 09:49:51.055, 4, 16, 2820 MHz, 10251 MHz, P2, 314.42 W
1, 2026/09/15 09:49:51.055, 4, 16, 2805 MHz, 10251 MHz, P2, 291.64 W
0, 2026/09/15 09:49:51.255, 4, 16, 2820 MHz, 10251 MHz, P2, 314.42 W
1, 2026/09/15 09:49:51.255, 4, 16, 2805 MHz, 10251 MHz, P2, 291.64 W
0, 2026/09/15 09:49:51.455, 4, 16, 2820 MHz, 10251 MHz, P2, 313.91 W
1, 2026/09/15 09:49:51.456, 4, 16, 2805 MHz, 10251 MHz, P2, 290.88 W
0, 2026/09/15 09:49:51.656, 4, 16, 2820 MHz, 10251 MHz, P2, 313.91 W
1, 2026/09/15 09:49:51.656, 4, 16, 2805 MHz, 10251 MHz, P2, 290.88 W
0, 2026/09/15 09:49:51.856, 4, 16, 2820 MHz, 10251 MHz, P2, 313.91 W
1, 2026/09/15 09:49:51.856, 4, 16, 2805 MHz, 10251 MHz, P2, 291.36 W
0, 2026/09/15 09:49:52.057, 4, 16, 2820 MHz, 10251 MHz, P2, 314.21 W
1, 2026/09/15 09:49:52.057, 4, 16, 2805 MHz, 10251 MHz, P2, 291.36 W
0, 2026/09/15 09:49:52.257, 4, 16, 2820 MHz, 10251 MHz, P2, 314.21 W
1, 2026/09/15 09:49:52.257, 4, 16, 2805 MHz, 10251 MHz, P2, 291.36 W
0, 2026/09/15 09:49:52.457, 4, 16, 2820 MHz, 10251 MHz, P2, 314.72 W
1, 2026/09/15 09:49:52.457, 4, 16, 2805 MHz, 10251 MHz, P2, 292.02 W
0, 2026/09/15 09:49:52.658, 4, 16, 2820 MHz, 10251 MHz, P2, 314.72 W
1, 2026/09/15 09:49:52.658, 4, 16, 2805 MHz, 10251 MHz, P2, 292.02 W
0, 2026/09/15 09:49:52.858, 4, 16, 2820 MHz, 10251 MHz, P2, 317.02 W
1, 2026/09/15 09:49:52.858, 4, 16, 2805 MHz, 10251 MHz, P2, 294.57 W
0, 2026/09/15 09:49:53.058, 4, 16, 2820 MHz, 10251 MHz, P2, 317.02 W
1, 2026/09/15 09:49:53.058, 4, 16, 2805 MHz, 10251 MHz, P2, 294.57 W
0, 2026/09/15 09:49:53.259, 4, 16, 2820 MHz, 10251 MHz, P2, 317.02 W
1, 2026/09/15 09:49:53.259, 4, 16, 2805 MHz, 10251 MHz, P2, 294.57 W
0, 2026/09/15 09:49:53.459, 4, 16, 2820 MHz, 10251 MHz, P2, 314.87 W
1, 2026/09/15 09:49:53.459, 4, 16, 2805 MHz, 10251 MHz, P2, 292.58 W
0, 2026/09/15 09:49:53.659, 4, 16, 2820 MHz, 10251 MHz, P2, 314.87 W
1, 2026/09/15 09:49:53.660, 4, 16, 2805 MHz, 10251 MHz, P2, 292.58 W
0, 2026/09/15 09:49:53.860, 4, 16, 2820 MHz, 10251 MHz, P2, 314.89 W
1, 2026/09/15 09:49:53.860, 4, 16, 2805 MHz, 10251 MHz, P2, 292.03 W
0, 2026/09/15 09:49:54.060, 4, 16, 2820 MHz, 10251 MHz, P2, 314.89 W
1, 2026/09/15 09:49:54.060, 4, 16, 2805 MHz, 10251 MHz, P2, 292.03 W
0, 2026/09/15 09:49:54.260, 4, 16, 2820 MHz, 10251 MHz, P2, 314.89 W
1, 2026/09/15 09:49:54.261, 4, 16, 2805 MHz, 10251 MHz, P2, 292.03 W
0, 2026/09/15 09:49:54.461, 4, 16, 2820 MHz, 10251 MHz, P2, 317.47 W
1, 2026/09/15 09:49:54.461, 4, 16, 2805 MHz, 10251 MHz, P2, 294.44 W
0, 2026/09/15 09:49:54.661, 4, 16, 2820 MHz, 10251 MHz, P2, 317.47 W
1, 2026/09/15 09:49:54.661, 4, 16, 2805 MHz, 10251 MHz, P2, 294.44 W
0, 2026/09/15 09:49:54.862, 4, 16, 2820 MHz, 10251 MHz, P2, 314.78 W
1, 2026/09/15 09:49:54.862, 4, 16, 2805 MHz, 10251 MHz, P2, 292.00 W
0, 2026/09/15 09:49:55.062, 4, 16, 2820 MHz, 10251 MHz, P2, 314.78 W
1, 2026/09/15 09:49:55.062, 4, 16, 2805 MHz, 10251 MHz, P2, 292.00 W
0, 2026/09/15 09:49:55.262, 4, 16, 2820 MHz, 10251 MHz, P2, 314.78 W
1, 2026/09/15 09:49:55.262, 4, 16, 2805 MHz, 10251 MHz, P2, 292.00 W
0, 2026/09/15 09:49:55.463, 4, 16, 2820 MHz, 10251 MHz, P2, 314.61 W
1, 2026/09/15 09:49:55.463, 4, 16, 2805 MHz, 10251 MHz, P2, 291.86 W
0, 2026/09/15 09:49:55.663, 4, 16, 2820 MHz, 10251 MHz, P2, 314.61 W
1, 2026/09/15 09:49:55.664, 4, 16, 2805 MHz, 10251 MHz, P2, 291.86 W
0, 2026/09/15 09:49:55.864, 4, 16, 2820 MHz, 10251 MHz, P2, 313.50 W
1, 2026/09/15 09:49:55.865, 4, 16, 2805 MHz, 10251 MHz, P2, 291.17 W
0, 2026/09/15 09:49:56.065, 4, 16, 2820 MHz, 10251 MHz, P2, 313.50 W
1, 2026/09/15 09:49:56.065, 4, 16, 2805 MHz, 10251 MHz, P2, 291.17 W
0, 2026/09/15 09:49:56.265, 4, 16, 2820 MHz, 10251 MHz, P2, 313.50 W
1, 2026/09/15 09:49:56.265, 4, 16, 2805 MHz, 10251 MHz, P2, 291.17 W
0, 2026/09/15 09:49:56.466, 4, 16, 2820 MHz, 10251 MHz, P2, 314.53 W
1, 2026/09/15 09:49:56.466, 4, 16, 2805 MHz, 10251 MHz, P2, 291.85 W
0, 2026/09/15 09:49:56.666, 4, 16, 2820 MHz, 10251 MHz, P2, 314.53 W
1, 2026/09/15 09:49:56.666, 4, 16, 2805 MHz, 10251 MHz, P2, 291.85 W
0, 2026/09/15 09:49:56.866, 4, 16, 2820 MHz, 10251 MHz, P2, 315.12 W
1, 2026/09/15 09:49:56.867, 4, 16, 2805 MHz, 10251 MHz, P2, 292.58 W
0, 2026/09/15 09:49:57.067, 4, 16, 2820 MHz, 10251 MHz, P2, 315.12 W
1, 2026/09/15 09:49:57.067, 4, 16, 2805 MHz, 10251 MHz, P2, 292.58 W
0, 2026/09/15 09:49:57.268, 4, 16, 2820 MHz, 10251 MHz, P2, 315.12 W
1, 2026/09/15 09:49:57.268, 4, 16, 2805 MHz, 10251 MHz, P2, 292.58 W
0, 2026/09/15 09:49:57.468, 4, 16, 2820 MHz, 10251 MHz, P2, 313.99 W
1, 2026/09/15 09:49:57.468, 4, 16, 2805 MHz, 10251 MHz, P2, 291.61 W
0, 2026/09/15 09:49:57.669, 4, 16, 2820 MHz, 10251 MHz, P2, 313.99 W
1, 2026/09/15 09:49:57.669, 4, 16, 2805 MHz, 10251 MHz, P2, 291.61 W
0, 2026/09/15 09:49:57.870, 4, 16, 2820 MHz, 10251 MHz, P2, 310.77 W
1, 2026/09/15 09:49:57.870, 4, 16, 2805 MHz, 10251 MHz, P2, 288.12 W
0, 2026/09/15 09:49:58.070, 4, 16, 2820 MHz, 10251 MHz, P2, 310.77 W
1, 2026/09/15 09:49:58.071, 4, 16, 2805 MHz, 10251 MHz, P2, 288.12 W
0, 2026/09/15 09:49:58.271, 4, 16, 2820 MHz, 10251 MHz, P2, 310.77 W
1, 2026/09/15 09:49:58.271, 4, 16, 2805 MHz, 10251 MHz, P2, 288.12 W
0, 2026/09/15 09:49:58.472, 4, 16, 2820 MHz, 10251 MHz, P2, 311.48 W
1, 2026/09/15 09:49:58.472, 4, 16, 2805 MHz, 10251 MHz, P2, 288.61 W
0, 2026/09/15 09:49:58.672, 4, 16, 2820 MHz, 10251 MHz, P2, 311.48 W
1, 2026/09/15 09:49:58.672, 4, 16, 2805 MHz, 10251 MHz, P2, 288.61 W
0, 2026/09/15 09:49:58.873, 4, 16, 2820 MHz, 10251 MHz, P2, 309.30 W
1, 2026/09/15 09:49:58.873, 4, 16, 2805 MHz, 10251 MHz, P2, 286.58 W
0, 2026/09/15 09:49:59.073, 4, 16, 2820 MHz, 10251 MHz, P2, 309.30 W
1, 2026/09/15 09:49:59.074, 4, 16, 2805 MHz, 10251 MHz, P2, 286.58 W
0, 2026/09/15 09:49:59.274, 4, 16, 2820 MHz, 10251 MHz, P2, 309.30 W
1, 2026/09/15 09:49:59.274, 4, 16, 2805 MHz, 10251 MHz, P2, 286.58 W
0, 2026/09/15 09:49:59.474, 4, 16, 2820 MHz, 10251 MHz, P2, 308.07 W
1, 2026/09/15 09:49:59.475, 4, 16, 2805 MHz, 10251 MHz, P2, 285.68 W
0, 2026/09/15 09:49:59.675, 4, 16, 2820 MHz, 10251 MHz, P2, 308.07 W
1, 2026/09/15 09:49:59.675, 4, 16, 2805 MHz, 10251 MHz, P2, 285.68 W
0, 2026/09/15 09:49:59.875, 4, 16, 2820 MHz, 10251 MHz, P2, 309.28 W
1, 2026/09/15 09:49:59.876, 4, 16, 2805 MHz, 10251 MHz, P2, 287.19 W
0, 2026/09/15 09:50:00.076, 4, 16, 2820 MHz, 10251 MHz, P2, 309.28 W
1, 2026/09/15 09:50:00.076, 4, 16, 2805 MHz, 10251 MHz, P2, 287.19 W
0, 2026/09/15 09:50:00.277, 4, 16, 2820 MHz, 10251 MHz, P2, 309.28 W
1, 2026/09/15 09:50:00.277, 4, 16, 2805 MHz, 10251 MHz, P2, 287.19 W
0, 2026/09/15 09:50:00.477, 4, 16, 2820 MHz, 10251 MHz, P2, 310.33 W
1, 2026/09/15 09:50:00.477, 4, 16, 2805 MHz, 10251 MHz, P2, 288.33 W
0, 2026/09/15 09:50:00.678, 4, 16, 2820 MHz, 10251 MHz, P2, 310.33 W
1, 2026/09/15 09:50:00.678, 4, 16, 2805 MHz, 10251 MHz, P2, 288.33 W
0, 2026/09/15 09:50:00.878, 4, 16, 2820 MHz, 10251 MHz, P2, 311.12 W
1, 2026/09/15 09:50:00.879, 4, 16, 2805 MHz, 10251 MHz, P2, 288.56 W
0, 2026/09/15 09:50:01.079, 4, 16, 2820 MHz, 10251 MHz, P2, 311.12 W
1, 2026/09/15 09:50:01.079, 4, 16, 2805 MHz, 10251 MHz, P2, 288.56 W
0, 2026/09/15 09:50:01.279, 4, 16, 2820 MHz, 10251 MHz, P2, 311.12 W
1, 2026/09/15 09:50:01.280, 4, 16, 2805 MHz, 10251 MHz, P2, 288.56 W
0, 2026/09/15 09:50:01.480, 4, 16, 2820 MHz, 10251 MHz, P2, 314.99 W
1, 2026/09/15 09:50:01.480, 4, 16, 2805 MHz, 10251 MHz, P2, 291.35 W
0, 2026/09/15 09:50:01.680, 4, 16, 2820 MHz, 10251 MHz, P2, 314.99 W
1, 2026/09/15 09:50:01.681, 4, 16, 2805 MHz, 10251 MHz, P2, 291.35 W
0, 2026/09/15 09:50:01.881, 4, 16, 2820 MHz, 10251 MHz, P2, 326.34 W
1, 2026/09/15 09:50:01.881, 4, 16, 2805 MHz, 10251 MHz, P2, 300.62 W
0, 2026/09/15 09:50:02.081, 4, 16, 2820 MHz, 10251 MHz, P2, 326.34 W
1, 2026/09/15 09:50:02.082, 4, 16, 2805 MHz, 10251 MHz, P2, 300.62 W
0, 2026/09/15 09:50:02.282, 4, 16, 2820 MHz, 10251 MHz, P2, 326.34 W
1, 2026/09/15 09:50:02.282, 4, 16, 2805 MHz, 10251 MHz, P2, 300.62 W
0, 2026/09/15 09:50:02.483, 4, 16, 2820 MHz, 10251 MHz, P2, 331.43 W
1, 2026/09/15 09:50:02.483, 4, 16, 2805 MHz, 10251 MHz, P2, 303.90 W
0, 2026/09/15 09:50:02.683, 4, 16, 2820 MHz, 10251 MHz, P2, 331.43 W
1, 2026/09/15 09:50:02.683, 4, 16, 2805 MHz, 10251 MHz, P2, 303.90 W
0, 2026/09/15 09:50:02.884, 4, 16, 2820 MHz, 10251 MHz, P2, 244.07 W
1, 2026/09/15 09:50:02.884, 4, 16, 2805 MHz, 10251 MHz, P2, 223.03 W
0, 2026/09/15 09:50:03.084, 4, 16, 2820 MHz, 10251 MHz, P2, 244.07 W
1, 2026/09/15 09:50:03.084, 4, 16, 2805 MHz, 10251 MHz, P2, 223.03 W
0, 2026/09/15 09:50:03.285, 4, 16, 2820 MHz, 10251 MHz, P2, 244.07 W
1, 2026/09/15 09:50:03.285, 4, 16, 2805 MHz, 10251 MHz, P2, 223.03 W
0, 2026/09/15 09:50:03.485, 4, 16, 2820 MHz, 10251 MHz, P2, 135.32 W
1, 2026/09/15 09:50:03.485, 4, 16, 2805 MHz, 10251 MHz, P2, 121.62 W
0, 2026/09/15 09:50:03.685, 4, 16, 2820 MHz, 10251 MHz, P2, 135.32 W
1, 2026/09/15 09:50:03.686, 4, 16, 2805 MHz, 10251 MHz, P2, 121.62 W
0, 2026/09/15 09:50:03.886, 4, 16, 2820 MHz, 10251 MHz, P2, 92.55 W
1, 2026/09/15 09:50:03.886, 4, 16, 2805 MHz, 10251 MHz, P2, 81.07 W
0, 2026/09/15 09:50:04.086, 4, 16, 2820 MHz, 10251 MHz, P2, 92.55 W
1, 2026/09/15 09:50:04.086, 4, 16, 2805 MHz, 10251 MHz, P2, 81.07 W
0, 2026/09/15 09:50:04.287, 4, 16, 2820 MHz, 10251 MHz, P2, 92.55 W
1, 2026/09/15 09:50:04.287, 4, 16, 2805 MHz, 10251 MHz, P2, 81.07 W
0, 2026/09/15 09:50:04.487, 4, 16, 2820 MHz, 10251 MHz, P2, 92.55 W
1, 2026/09/15 09:50:04.487, 4, 16, 2805 MHz, 10251 MHz, P2, 81.07 W
0, 2026/09/15 09:50:04.688, 4, 16, 2820 MHz, 10251 MHz, P2, 92.55 W
1, 2026/09/15 09:50:04.688, 4, 16, 2805 MHz, 10251 MHz, P2, 81.07 W
0, 2026/09/15 09:50:04.888, 4, 16, 2520 MHz, 10251 MHz, P0, 80.71 W
1, 2026/09/15 09:50:04.888, 4, 16, 2520 MHz, 10251 MHz, P2, 73.49 W
0, 2026/09/15 09:50:05.089, 4, 16, 2520 MHz, 10251 MHz, P0, 80.71 W
1, 2026/09/15 09:50:05.089, 4, 16, 2520 MHz, 10251 MHz, P2, 73.49 W
0, 2026/09/15 09:50:05.289, 4, 16, 2520 MHz, 10251 MHz, P0, 80.71 W
1, 2026/09/15 09:50:05.289, 4, 16, 2520 MHz, 10251 MHz, P2, 73.49 W
0, 2026/09/15 09:50:05.490, 4, 16, 2820 MHz, 10501 MHz, P0, 86.15 W
1, 2026/09/15 09:50:05.490, 4, 16, 2805 MHz, 10501 MHz, P0, 76.11 W
0, 2026/09/15 09:50:05.690, 4, 16, 2820 MHz, 10501 MHz, P0, 86.15 W
1, 2026/09/15 09:50:05.690, 4, 16, 2805 MHz, 10501 MHz, P0, 76.11 W
0, 2026/09/15 09:50:05.890, 4, 16, 2820 MHz, 10501 MHz, P0, 93.80 W
1, 2026/09/15 09:50:05.891, 4, 16, 2805 MHz, 10501 MHz, P0, 82.01 W
0, 2026/09/15 09:50:06.091, 4, 16, 2820 MHz, 10501 MHz, P0, 93.80 W
1, 2026/09/15 09:50:06.091, 4, 16, 2805 MHz, 10501 MHz, P0, 82.01 W
0, 2026/09/15 09:50:06.291, 4, 16, 2820 MHz, 10501 MHz, P0, 93.80 W
1, 2026/09/15 09:50:06.291, 4, 16, 2805 MHz, 10501 MHz, P0, 82.01 W
0, 2026/09/15 09:50:06.492, 4, 16, 2820 MHz, 10501 MHz, P0, 95.03 W
1, 2026/09/15 09:50:06.492, 4, 16, 2805 MHz, 10501 MHz, P0, 84.16 W
0, 2026/09/15 09:50:06.692, 4, 16, 2820 MHz, 10501 MHz, P0, 95.03 W
1, 2026/09/15 09:50:06.693, 4, 16, 2805 MHz, 10501 MHz, P0, 84.16 W
0, 2026/09/15 09:50:06.893, 4, 16, 2820 MHz, 10501 MHz, P0, 95.03 W
1, 2026/09/15 09:50:06.893, 4, 16, 2805 MHz, 10501 MHz, P0, 84.16 W
0, 2026/09/15 09:50:07.093, 4, 16, 2820 MHz, 10501 MHz, P0, 95.03 W
1, 2026/09/15 09:50:07.093, 4, 16, 2805 MHz, 10501 MHz, P0, 84.16 W
0, 2026/09/15 09:50:07.294, 4, 16, 2820 MHz, 10501 MHz, P0, 95.03 W
1, 2026/09/15 09:50:07.294, 4, 16, 2805 MHz, 10501 MHz, P0, 84.16 W
0, 2026/09/15 09:50:07.494, 4, 16, 720 MHz, 5001 MHz, P3, 83.25 W
1, 2026/09/15 09:50:07.494, 4, 16, 2805 MHz, 10501 MHz, P3, 72.68 W
0, 2026/09/15 09:50:07.694, 4, 16, 720 MHz, 5001 MHz, P3, 83.25 W
1, 2026/09/15 09:50:07.695, 4, 16, 2805 MHz, 10501 MHz, P3, 72.68 W
0, 2026/09/15 09:50:07.895, 4, 16, 720 MHz, 5001 MHz, P3, 83.25 W
1, 2026/09/15 09:50:07.895, 4, 16, 705 MHz, 5001 MHz, P3, 72.68 W
0, 2026/09/15 09:50:08.095, 4, 16, 720 MHz, 5001 MHz, P3, 83.25 W
1, 2026/09/15 09:50:08.095, 4, 16, 705 MHz, 5001 MHz, P3, 72.68 W
0, 2026/09/15 09:50:08.296, 4, 16, 720 MHz, 5001 MHz, P3, 83.25 W
1, 2026/09/15 09:50:08.296, 4, 16, 705 MHz, 5001 MHz, P3, 72.68 W
0, 2026/09/15 09:50:08.496, 2, 16, 450 MHz, 810 MHz, P5, 63.19 W
1, 2026/09/15 09:50:08.496, 2, 16, 705 MHz, 5001 MHz, P5, 53.38 W
0, 2026/09/15 09:50:08.696, 2, 16, 450 MHz, 810 MHz, P5, 63.19 W
1, 2026/09/15 09:50:08.697, 2, 16, 705 MHz, 5001 MHz, P5, 53.38 W
0, 2026/09/15 09:50:08.897, 2, 16, 450 MHz, 810 MHz, P5, 63.19 W
1, 2026/09/15 09:50:08.897, 2, 16, 450 MHz, 810 MHz, P5, 53.38 W
0, 2026/09/15 09:50:09.098, 2, 16, 450 MHz, 810 MHz, P5, 63.19 W
1, 2026/09/15 09:50:09.098, 2, 16, 450 MHz, 810 MHz, P5, 53.38 W
0, 2026/09/15 09:50:09.298, 2, 16, 450 MHz, 810 MHz, P5, 63.19 W
1, 2026/09/15 09:50:09.299, 2, 16, 450 MHz, 810 MHz, P5, 53.38 W
0, 2026/09/15 09:50:09.499, 2, 16, 285 MHz, 810 MHz, P5, 36.60 W
1, 2026/09/15 09:50:09.499, 2, 16, 450 MHz, 810 MHz, P5, 29.26 W
0, 2026/09/15 09:50:09.699, 2, 16, 285 MHz, 810 MHz, P5, 36.60 W
1, 2026/09/15 09:50:09.699, 2, 16, 450 MHz, 810 MHz, P5, 29.26 W
0, 2026/09/15 09:50:09.900, 2, 16, 285 MHz, 810 MHz, P5, 36.60 W
1, 2026/09/15 09:50:09.900, 2, 16, 285 MHz, 810 MHz, P5, 29.26 W
0, 2026/09/15 09:50:10.100, 2, 16, 285 MHz, 810 MHz, P5, 36.60 W
1, 2026/09/15 09:50:10.100, 2, 16, 285 MHz, 810 MHz, P5, 29.26 W
0, 2026/09/15 09:50:10.301, 2, 16, 285 MHz, 810 MHz, P5, 36.60 W
1, 2026/09/15 09:50:10.301, 2, 16, 285 MHz, 810 MHz, P5, 29.26 W
0, 2026/09/15 09:50:10.501, 1, 16, 210 MHz, 405 MHz, P8, 28.09 W
1, 2026/09/15 09:50:10.501, 1, 16, 285 MHz, 810 MHz, P8, 21.97 W
0, 2026/09/15 09:50:10.701, 1, 16, 210 MHz, 405 MHz, P8, 28.09 W
1, 2026/09/15 09:50:10.702, 1, 16, 285 MHz, 810 MHz, P8, 21.97 W
0, 2026/09/15 09:50:10.902, 1, 16, 210 MHz, 405 MHz, P8, 28.09 W
1, 2026/09/15 09:50:10.902, 1, 16, 210 MHz, 405 MHz, P8, 21.97 W
0, 2026/09/15 09:50:11.102, 1, 16, 210 MHz, 405 MHz, P8, 28.09 W
1, 2026/09/15 09:50:11.103, 1, 16, 210 MHz, 405 MHz, P8, 21.97 W
0, 2026/09/15 09:50:11.303, 1, 16, 210 MHz, 405 MHz, P8, 28.09 W
1, 2026/09/15 09:50:11.303, 1, 16, 210 MHz, 405 MHz, P8, 21.97 W
0, 2026/09/15 09:50:11.503, 1, 16, 210 MHz, 405 MHz, P8, 23.94 W
1, 2026/09/15 09:50:11.503, 1, 16, 210 MHz, 405 MHz, P8, 18.35 W
0, 2026/09/15 09:50:11.704, 1, 16, 210 MHz, 405 MHz, P8, 23.94 W
1, 2026/09/15 09:50:11.704, 1, 16, 210 MHz, 405 MHz, P8, 18.35 W
0, 2026/09/15 09:50:11.904, 1, 16, 210 MHz, 405 MHz, P8, 23.94 W
1, 2026/09/15 09:50:11.904, 1, 16, 210 MHz, 405 MHz, P8, 18.35 W
0, 2026/09/15 09:50:12.104, 1, 16, 210 MHz, 405 MHz, P8, 23.94 W
1, 2026/09/15 09:50:12.105, 1, 16, 210 MHz, 405 MHz, P8, 18.35 W
0, 2026/09/15 09:50:12.305, 1, 16, 210 MHz, 405 MHz, P8, 23.94 W
1, 2026/09/15 09:50:12.305, 1, 16, 210 MHz, 405 MHz, P8, 18.35 W
0, 2026/09/15 09:50:12.505, 1, 16, 210 MHz, 405 MHz, P8, 20.91 W
1, 2026/09/15 09:50:12.505, 1, 16, 210 MHz, 405 MHz, P8, 16.31 W
0, 2026/09/15 09:50:12.706, 1, 16, 210 MHz, 405 MHz, P8, 20.91 W
1, 2026/09/15 09:50:12.706, 1, 16, 210 MHz, 405 MHz, P8, 16.31 W
0, 2026/09/15 09:50:12.906, 1, 16, 210 MHz, 405 MHz, P8, 20.91 W
1, 2026/09/15 09:50:12.906, 1, 16, 210 MHz, 405 MHz, P8, 16.31 W
0, 2026/09/15 09:50:13.107, 1, 16, 210 MHz, 405 MHz, P8, 20.91 W
1, 2026/09/15 09:50:13.107, 1, 16, 210 MHz, 405 MHz, P8, 16.31 W
0, 2026/09/15 09:50:13.307, 1, 16, 210 MHz, 405 MHz, P8, 20.91 W
1, 2026/09/15 09:50:13.307, 1, 16, 210 MHz, 405 MHz, P8, 16.35 W
0, 2026/09/15 09:50:13.508, 1, 16, 210 MHz, 405 MHz, P8, 20.71 W
1, 2026/09/15 09:50:13.508, 1, 16, 210 MHz, 405 MHz, P8, 16.35 W
0, 2026/09/15 09:50:13.708, 1, 16, 210 MHz, 405 MHz, P8, 20.71 W
1, 2026/09/15 09:50:13.708, 1, 16, 210 MHz, 405 MHz, P8, 16.35 W
0, 2026/09/15 09:50:13.909, 1, 16, 210 MHz, 405 MHz, P8, 20.71 W
1, 2026/09/15 09:50:13.909, 1, 16, 210 MHz, 405 MHz, P8, 16.35 W
0, 2026/09/15 09:50:14.109, 1, 16, 210 MHz, 405 MHz, P8, 20.71 W
1, 2026/09/15 09:50:14.109, 1, 16, 210 MHz, 405 MHz, P8, 16.35 W
0, 2026/09/15 09:50:14.310, 1, 16, 210 MHz, 405 MHz, P8, 20.71 W
1, 2026/09/15 09:50:14.310, 1, 16, 210 MHz, 405 MHz, P8, 16.74 W
0, 2026/09/15 09:50:14.510, 1, 16, 210 MHz, 405 MHz, P8, 20.92 W
1, 2026/09/15 09:50:14.510, 1, 16, 210 MHz, 405 MHz, P8, 16.74 W
0, 2026/09/15 09:50:14.711, 1, 16, 210 MHz, 405 MHz, P8, 20.92 W
1, 2026/09/15 09:50:14.711, 1, 16, 210 MHz, 405 MHz, P8, 16.74 W
0, 2026/09/15 09:50:14.911, 1, 16, 210 MHz, 405 MHz, P8, 20.92 W
1, 2026/09/15 09:50:14.911, 1, 16, 210 MHz, 405 MHz, P8, 16.74 W
0, 2026/09/15 09:50:15.111, 1, 16, 210 MHz, 405 MHz, P8, 20.92 W
1, 2026/09/15 09:50:15.112, 1, 16, 210 MHz, 405 MHz, P8, 16.74 W
0, 2026/09/15 09:50:15.312, 1, 16, 210 MHz, 405 MHz, P8, 20.92 W
1, 2026/09/15 09:50:15.312, 1, 16, 210 MHz, 405 MHz, P8, 16.78 W
0, 2026/09/15 09:50:15.512, 1, 16, 210 MHz, 405 MHz, P8, 21.20 W
1, 2026/09/15 09:50:15.512, 1, 16, 210 MHz, 405 MHz, P8, 16.78 W
0, 2026/09/15 09:50:15.713, 1, 16, 210 MHz, 405 MHz, P8, 21.20 W
1, 2026/09/15 09:50:15.713, 1, 16, 210 MHz, 405 MHz, P8, 16.78 W
0, 2026/09/15 09:50:15.913, 1, 16, 210 MHz, 405 MHz, P8, 21.20 W
1, 2026/09/15 09:50:15.913, 1, 16, 210 MHz, 405 MHz, P8, 16.78 W
0, 2026/09/15 09:50:16.113, 1, 16, 210 MHz, 405 MHz, P8, 21.20 W
1, 2026/09/15 09:50:16.114, 1, 16, 210 MHz, 405 MHz, P8, 16.78 W
0, 2026/09/15 09:50:16.314, 1, 16, 210 MHz, 405 MHz, P8, 21.20 W
1, 2026/09/15 09:50:16.314, 1, 16, 210 MHz, 405 MHz, P8, 16.59 W
0, 2026/09/15 09:50:16.514, 1, 16, 210 MHz, 405 MHz, P8, 21.37 W
1, 2026/09/15 09:50:16.515, 1, 16, 210 MHz, 405 MHz, P8, 16.59 W
0, 2026/09/15 09:50:16.715, 1, 16, 210 MHz, 405 MHz, P8, 21.37 W
1, 2026/09/15 09:50:16.715, 1, 16, 210 MHz, 405 MHz, P8, 16.59 W
0, 2026/09/15 09:50:16.915, 1, 16, 210 MHz, 405 MHz, P8, 21.37 W
1, 2026/09/15 09:50:16.916, 1, 16, 210 MHz, 405 MHz, P8, 16.59 W
0, 2026/09/15 09:50:17.116, 1, 16, 210 MHz, 405 MHz, P8, 21.37 W
1, 2026/09/15 09:50:17.116, 1, 16, 210 MHz, 405 MHz, P8, 16.59 W
0, 2026/09/15 09:50:17.316, 1, 16, 210 MHz, 405 MHz, P8, 21.37 W
1, 2026/09/15 09:50:17.316, 1, 16, 210 MHz, 405 MHz, P8, 16.66 W
0, 2026/09/15 09:50:17.517, 1, 16, 210 MHz, 405 MHz, P8, 21.39 W
1, 2026/09/15 09:50:17.517, 1, 16, 210 MHz, 405 MHz, P8, 16.66 W
0, 2026/09/15 09:50:17.717, 1, 16, 210 MHz, 405 MHz, P8, 21.39 W
1, 2026/09/15 09:50:17.717, 1, 16, 210 MHz, 405 MHz, P8, 16.66 W
0, 2026/09/15 09:50:17.918, 1, 16, 210 MHz, 405 MHz, P8, 21.39 W
1, 2026/09/15 09:50:17.918, 1, 16, 210 MHz, 405 MHz, P8, 16.66 W
0, 2026/09/15 09:50:18.118, 1, 16, 210 MHz, 405 MHz, P8, 21.39 W
1, 2026/09/15 09:50:18.118, 1, 16, 210 MHz, 405 MHz, P8, 16.66 W
0, 2026/09/15 09:50:18.318, 1, 16, 210 MHz, 405 MHz, P8, 21.39 W
1, 2026/09/15 09:50:18.319, 1, 16, 210 MHz, 405 MHz, P8, 16.30 W
0, 2026/09/15 09:50:18.519, 1, 16, 210 MHz, 405 MHz, P8, 20.91 W
1, 2026/09/15 09:50:18.519, 1, 16, 210 MHz, 405 MHz, P8, 16.30 W
0, 2026/09/15 09:50:18.719, 1, 16, 210 MHz, 405 MHz, P8, 20.91 W
1, 2026/09/15 09:50:18.719, 1, 16, 210 MHz, 405 MHz, P8, 16.30 W
0, 2026/09/15 09:50:18.920, 1, 16, 210 MHz, 405 MHz, P8, 20.91 W
1, 2026/09/15 09:50:18.920, 1, 16, 210 MHz, 405 MHz, P8, 16.30 W
0, 2026/09/15 09:50:19.120, 1, 16, 210 MHz, 405 MHz, P8, 20.91 W
1, 2026/09/15 09:50:19.120, 1, 16, 210 MHz, 405 MHz, P8, 16.30 W
0, 2026/09/15 09:50:19.320, 1, 16, 210 MHz, 405 MHz, P8, 20.91 W
1, 2026/09/15 09:50:19.321, 1, 16, 210 MHz, 405 MHz, P8, 15.80 W
0, 2026/09/15 09:50:19.521, 1, 16, 210 MHz, 405 MHz, P8, 20.66 W
1, 2026/09/15 09:50:19.521, 1, 16, 210 MHz, 405 MHz, P8, 15.80 W
0, 2026/09/15 09:50:19.721, 1, 16, 210 MHz, 405 MHz, P8, 20.66 W
1, 2026/09/15 09:50:19.721, 1, 16, 210 MHz, 405 MHz, P8, 15.80 W
0, 2026/09/15 09:50:19.922, 1, 16, 210 MHz, 405 MHz, P8, 20.66 W
1, 2026/09/15 09:50:19.922, 1, 16, 210 MHz, 405 MHz, P8, 15.80 W
0, 2026/09/15 09:50:20.122, 1, 16, 210 MHz, 405 MHz, P8, 20.66 W
1, 2026/09/15 09:50:20.122, 1, 16, 210 MHz, 405 MHz, P8, 15.80 W
0, 2026/09/15 09:50:20.323, 1, 16, 210 MHz, 405 MHz, P8, 20.66 W
1, 2026/09/15 09:50:20.323, 1, 16, 210 MHz, 405 MHz, P8, 15.66 W
0, 2026/09/15 09:50:20.523, 1, 16, 210 MHz, 405 MHz, P8, 20.28 W
1, 2026/09/15 09:50:20.523, 1, 16, 210 MHz, 405 MHz, P8, 15.66 W
0, 2026/09/15 09:50:20.723, 1, 16, 210 MHz, 405 MHz, P8, 20.28 W
1, 2026/09/15 09:50:20.723, 1, 16, 210 MHz, 405 MHz, P8, 15.66 W
0, 2026/09/15 09:50:20.924, 1, 16, 210 MHz, 405 MHz, P8, 20.28 W
1, 2026/09/15 09:50:20.924, 1, 16, 210 MHz, 405 MHz, P8, 15.66 W
0, 2026/09/15 09:50:21.124, 1, 16, 210 MHz, 405 MHz, P8, 20.28 W
1, 2026/09/15 09:50:21.124, 1, 16, 210 MHz, 405 MHz, P8, 15.66 W
0, 2026/09/15 09:50:21.325, 1, 16, 210 MHz, 405 MHz, P8, 20.28 W
1, 2026/09/15 09:50:21.325, 1, 16, 210 MHz, 405 MHz, P8, 15.60 W
0, 2026/09/15 09:50:21.525, 1, 16, 210 MHz, 405 MHz, P8, 19.85 W
1, 2026/09/15 09:50:21.525, 1, 16, 210 MHz, 405 MHz, P8, 15.60 W
0, 2026/09/15 09:50:21.725, 1, 16, 210 MHz, 405 MHz, P8, 19.85 W
1, 2026/09/15 09:50:21.726, 1, 16, 210 MHz, 405 MHz, P8, 15.60 W
0, 2026/09/15 09:50:21.926, 1, 16, 210 MHz, 405 MHz, P8, 19.85 W
1, 2026/09/15 09:50:21.926, 1, 16, 210 MHz, 405 MHz, P8, 15.60 W
0, 2026/09/15 09:50:22.126, 1, 16, 210 MHz, 405 MHz, P8, 19.85 W
1, 2026/09/15 09:50:22.126, 1, 16, 210 MHz, 405 MHz, P8, 15.60 W
0, 2026/09/15 09:50:22.326, 1, 16, 210 MHz, 405 MHz, P8, 19.85 W
1, 2026/09/15 09:50:22.327, 1, 16, 210 MHz, 405 MHz, P8, 15.38 W
0, 2026/09/15 09:50:22.527, 1, 16, 210 MHz, 405 MHz, P8, 19.54 W
1, 2026/09/15 09:50:22.527, 1, 16, 210 MHz, 405 MHz, P8, 15.38 W
0, 2026/09/15 09:50:22.727, 1, 16, 210 MHz, 405 MHz, P8, 19.54 W
1, 2026/09/15 09:50:22.728, 1, 16, 210 MHz, 405 MHz, P8, 15.38 W
0, 2026/09/15 09:50:22.928, 1, 16, 210 MHz, 405 MHz, P8, 19.54 W
1, 2026/09/15 09:50:22.928, 1, 16, 210 MHz, 405 MHz, P8, 15.38 W
0, 2026/09/15 09:50:23.128, 1, 16, 210 MHz, 405 MHz, P8, 19.54 W
1, 2026/09/15 09:50:23.128, 1, 16, 210 MHz, 405 MHz, P8, 15.38 W
0, 2026/09/15 09:50:23.329, 1, 16, 210 MHz, 405 MHz, P8, 19.54 W
1, 2026/09/15 09:50:23.329, 1, 16, 210 MHz, 405 MHz, P8, 15.29 W
0, 2026/09/15 09:50:23.529, 1, 16, 210 MHz, 405 MHz, P8, 19.35 W
1, 2026/09/15 09:50:23.529, 1, 16, 210 MHz, 405 MHz, P8, 15.29 W
0, 2026/09/15 09:50:23.730, 1, 16, 210 MHz, 405 MHz, P8, 19.35 W
1, 2026/09/15 09:50:23.730, 1, 16, 210 MHz, 405 MHz, P8, 15.29 W
0, 2026/09/15 09:50:23.930, 1, 16, 210 MHz, 405 MHz, P8, 19.35 W
1, 2026/09/15 09:50:23.930, 1, 16, 210 MHz, 405 MHz, P8, 15.29 W
0, 2026/09/15 09:50:24.131, 1, 16, 210 MHz, 405 MHz, P8, 19.35 W
1, 2026/09/15 09:50:24.131, 1, 16, 210 MHz, 405 MHz, P8, 15.29 W
0, 2026/09/15 09:50:24.331, 1, 16, 210 MHz, 405 MHz, P8, 19.35 W
1, 2026/09/15 09:50:24.331, 1, 16, 210 MHz, 405 MHz, P8, 15.36 W
0, 2026/09/15 09:50:24.532, 1, 16, 210 MHz, 405 MHz, P8, 19.23 W
1, 2026/09/15 09:50:24.532, 1, 16, 210 MHz, 405 MHz, P8, 15.36 W
0, 2026/09/15 09:50:24.732, 1, 16, 210 MHz, 405 MHz, P8, 19.23 W
1, 2026/09/15 09:50:24.732, 1, 16, 210 MHz, 405 MHz, P8, 15.36 W
0, 2026/09/15 09:50:24.932, 1, 16, 210 MHz, 405 MHz, P8, 19.23 W
1, 2026/09/15 09:50:24.933, 1, 16, 210 MHz, 405 MHz, P8, 15.36 W
0, 2026/09/15 09:50:25.133, 1, 16, 210 MHz, 405 MHz, P8, 19.23 W
1, 2026/09/15 09:50:25.133, 1, 16, 210 MHz, 405 MHz, P8, 15.36 W
0, 2026/09/15 09:50:25.333, 1, 16, 210 MHz, 405 MHz, P8, 19.23 W
1, 2026/09/15 09:50:25.333, 1, 16, 210 MHz, 405 MHz, P8, 15.24 W
0, 2026/09/15 09:50:25.534, 1, 16, 210 MHz, 405 MHz, P8, 19.19 W
1, 2026/09/15 09:50:25.534, 1, 16, 210 MHz, 405 MHz, P8, 15.24 W
0, 2026/09/15 09:50:25.734, 1, 16, 210 MHz, 405 MHz, P8, 19.19 W
1, 2026/09/15 09:50:25.734, 1, 16, 210 MHz, 405 MHz, P8, 15.24 W
0, 2026/09/15 09:50:25.935, 1, 16, 210 MHz, 405 MHz, P8, 19.19 W
1, 2026/09/15 09:50:25.935, 1, 16, 210 MHz, 405 MHz, P8, 15.24 W
0, 2026/09/15 09:50:26.135, 1, 16, 210 MHz, 405 MHz, P8, 19.19 W
1, 2026/09/15 09:50:26.135, 1, 16, 210 MHz, 405 MHz, P8, 15.24 W
0, 2026/09/15 09:50:26.336, 1, 16, 210 MHz, 405 MHz, P8, 19.19 W
1, 2026/09/15 09:50:26.336, 1, 16, 210 MHz, 405 MHz, P8, 15.20 W
0, 2026/09/15 09:50:26.536, 1, 16, 210 MHz, 405 MHz, P8, 19.17 W
1, 2026/09/15 09:50:26.536, 1, 16, 210 MHz, 405 MHz, P8, 15.20 W
0, 2026/09/15 09:50:26.736, 1, 16, 210 MHz, 405 MHz, P8, 19.17 W
1, 2026/09/15 09:50:26.737, 1, 16, 210 MHz, 405 MHz, P8, 15.20 W
0, 2026/09/15 09:50:26.937, 1, 16, 210 MHz, 405 MHz, P8, 19.17 W
1, 2026/09/15 09:50:26.937, 1, 16, 210 MHz, 405 MHz, P8, 15.20 W
0, 2026/09/15 09:50:27.137, 1, 16, 210 MHz, 405 MHz, P8, 19.17 W
1, 2026/09/15 09:50:27.138, 1, 16, 210 MHz, 405 MHz, P8, 15.20 W
0, 2026/09/15 09:50:27.338, 1, 16, 210 MHz, 405 MHz, P8, 19.17 W
1, 2026/09/15 09:50:27.338, 1, 16, 210 MHz, 405 MHz, P8, 15.27 W
0, 2026/09/15 09:50:27.538, 1, 16, 210 MHz, 405 MHz, P8, 18.90 W
1, 2026/09/15 09:50:27.539, 1, 16, 210 MHz, 405 MHz, P8, 15.27 W
0, 2026/09/15 09:50:27.739, 1, 16, 210 MHz, 405 MHz, P8, 18.90 W
1, 2026/09/15 09:50:27.739, 1, 16, 210 MHz, 405 MHz, P8, 15.27 W
0, 2026/09/15 09:50:27.940, 1, 16, 210 MHz, 405 MHz, P8, 18.90 W
1, 2026/09/15 09:50:27.940, 1, 16, 210 MHz, 405 MHz, P8, 15.27 W
0, 2026/09/15 09:50:28.140, 1, 16, 210 MHz, 405 MHz, P8, 18.90 W
1, 2026/09/15 09:50:28.140, 1, 16, 210 MHz, 405 MHz, P8, 15.27 W
0, 2026/09/15 09:50:28.341, 1, 16, 210 MHz, 405 MHz, P8, 18.90 W
1, 2026/09/15 09:50:28.341, 1, 16, 210 MHz, 405 MHz, P8, 15.36 W
0, 2026/09/15 09:50:28.541, 1, 16, 210 MHz, 405 MHz, P8, 18.71 W
1, 2026/09/15 09:50:28.541, 1, 16, 210 MHz, 405 MHz, P8, 15.36 W
0, 2026/09/15 09:50:28.742, 1, 16, 210 MHz, 405 MHz, P8, 18.71 W
1, 2026/09/15 09:50:28.742, 1, 16, 210 MHz, 405 MHz, P8, 15.36 W
0, 2026/09/15 09:50:28.942, 1, 16, 210 MHz, 405 MHz, P8, 18.71 W
1, 2026/09/15 09:50:28.942, 1, 16, 210 MHz, 405 MHz, P8, 15.36 W
0, 2026/09/15 09:50:29.142, 1, 16, 210 MHz, 405 MHz, P8, 18.71 W
1, 2026/09/15 09:50:29.143, 1, 16, 210 MHz, 405 MHz, P8, 15.36 W
0, 2026/09/15 09:50:29.343, 1, 16, 210 MHz, 405 MHz, P8, 18.71 W
1, 2026/09/15 09:50:29.343, 1, 16, 210 MHz, 405 MHz, P8, 15.20 W
0, 2026/09/15 09:50:29.544, 1, 16, 210 MHz, 405 MHz, P8, 18.72 W
1, 2026/09/15 09:50:29.544, 1, 16, 210 MHz, 405 MHz, P8, 15.20 W
0, 2026/09/15 09:50:29.744, 1, 16, 210 MHz, 405 MHz, P8, 18.72 W
1, 2026/09/15 09:50:29.745, 1, 16, 210 MHz, 405 MHz, P8, 15.20 W
0, 2026/09/15 09:50:29.945, 1, 16, 210 MHz, 405 MHz, P8, 18.72 W
1, 2026/09/15 09:50:29.945, 1, 16, 210 MHz, 405 MHz, P8, 15.20 W
0, 2026/09/15 09:50:30.145, 1, 16, 210 MHz, 405 MHz, P8, 18.72 W
1, 2026/09/15 09:50:30.145, 1, 16, 210 MHz, 405 MHz, P8, 15.20 W
0, 2026/09/15 09:50:30.346, 1, 16, 210 MHz, 405 MHz, P8, 18.72 W
1, 2026/09/15 09:50:30.346, 1, 16, 210 MHz, 405 MHz, P8, 15.02 W
0, 2026/09/15 09:50:30.546, 1, 16, 210 MHz, 405 MHz, P8, 18.23 W
1, 2026/09/15 09:50:30.546, 1, 16, 210 MHz, 405 MHz, P8, 15.02 W
0, 2026/09/15 09:50:30.746, 1, 16, 210 MHz, 405 MHz, P8, 18.23 W
1, 2026/09/15 09:50:30.747, 1, 16, 210 MHz, 405 MHz, P8, 15.02 W
0, 2026/09/15 09:50:30.947, 1, 16, 210 MHz, 405 MHz, P8, 18.23 W
1, 2026/09/15 09:50:30.947, 1, 16, 210 MHz, 405 MHz, P8, 15.02 W
0, 2026/09/15 09:50:31.147, 1, 16, 210 MHz, 405 MHz, P8, 18.23 W
1, 2026/09/15 09:50:31.148, 1, 16, 210 MHz, 405 MHz, P8, 15.02 W
0, 2026/09/15 09:50:31.348, 1, 16, 210 MHz, 405 MHz, P8, 18.23 W
1, 2026/09/15 09:50:31.348, 1, 16, 210 MHz, 405 MHz, P8, 15.08 W
0, 2026/09/15 09:50:31.548, 1, 16, 210 MHz, 405 MHz, P8, 17.92 W
1, 2026/09/15 09:50:31.548, 1, 16, 210 MHz, 405 MHz, P8, 15.08 W
0, 2026/09/15 09:50:31.749, 1, 16, 210 MHz, 405 MHz, P8, 17.92 W
1, 2026/09/15 09:50:31.749, 1, 16, 210 MHz, 405 MHz, P8, 15.08 W
0, 2026/09/15 09:50:31.949, 1, 16, 210 MHz, 405 MHz, P8, 17.92 W
1, 2026/09/15 09:50:31.949, 1, 16, 210 MHz, 405 MHz, P8, 15.08 W
0, 2026/09/15 09:50:32.150, 1, 16, 210 MHz, 405 MHz, P8, 17.92 W
1, 2026/09/15 09:50:32.150, 1, 16, 210 MHz, 405 MHz, P8, 15.08 W
0, 2026/09/15 09:50:32.350, 1, 16, 210 MHz, 405 MHz, P8, 17.92 W
1, 2026/09/15 09:50:32.350, 1, 16, 210 MHz, 405 MHz, P8, 15.30 W
0, 2026/09/15 09:50:32.551, 1, 16, 210 MHz, 405 MHz, P8, 18.27 W
1, 2026/09/15 09:50:32.551, 1, 16, 210 MHz, 405 MHz, P8, 15.30 W
0, 2026/09/15 09:50:32.751, 1, 16, 210 MHz, 405 MHz, P8, 18.27 W
1, 2026/09/15 09:50:32.751, 1, 16, 210 MHz, 405 MHz, P8, 15.30 W
0, 2026/09/15 09:50:32.952, 1, 16, 210 MHz, 405 MHz, P8, 18.27 W
1, 2026/09/15 09:50:32.952, 1, 16, 210 MHz, 405 MHz, P8, 15.30 W
0, 2026/09/15 09:50:33.152, 1, 16, 210 MHz, 405 MHz, P8, 18.27 W
1, 2026/09/15 09:50:33.153, 1, 16, 210 MHz, 405 MHz, P8, 15.30 W
0, 2026/09/15 09:50:33.353, 1, 16, 210 MHz, 405 MHz, P8, 18.27 W
1, 2026/09/15 09:50:33.353, 1, 16, 210 MHz, 405 MHz, P8, 15.40 W
0, 2026/09/15 09:50:33.553, 1, 16, 210 MHz, 405 MHz, P8, 18.37 W
1, 2026/09/15 09:50:33.553, 1, 16, 210 MHz, 405 MHz, P8, 15.40 W
0, 2026/09/15 09:50:33.754, 1, 16, 210 MHz, 405 MHz, P8, 18.37 W
1, 2026/09/15 09:50:33.754, 1, 16, 210 MHz, 405 MHz, P8, 15.40 W
0, 2026/09/15 09:50:33.954, 1, 16, 210 MHz, 405 MHz, P8, 18.37 W
1, 2026/09/15 09:50:33.954, 1, 16, 210 MHz, 405 MHz, P8, 15.40 W
0, 2026/09/15 09:50:34.154, 1, 16, 210 MHz, 405 MHz, P8, 18.37 W
1, 2026/09/15 09:50:34.155, 1, 16, 210 MHz, 405 MHz, P8, 15.40 W
0, 2026/09/15 09:50:34.355, 1, 16, 210 MHz, 405 MHz, P8, 18.37 W
1, 2026/09/15 09:50:34.355, 1, 16, 210 MHz, 405 MHz, P8, 15.36 W
0, 2026/09/15 09:50:34.555, 1, 16, 210 MHz, 405 MHz, P8, 18.15 W
1, 2026/09/15 09:50:34.556, 1, 16, 210 MHz, 405 MHz, P8, 15.36 W
0, 2026/09/15 09:50:34.756, 1, 16, 210 MHz, 405 MHz, P8, 18.15 W
1, 2026/09/15 09:50:34.756, 1, 16, 210 MHz, 405 MHz, P8, 15.36 W
0, 2026/09/15 09:50:34.956, 1, 16, 210 MHz, 405 MHz, P8, 18.15 W
1, 2026/09/15 09:50:34.956, 1, 16, 210 MHz, 405 MHz, P8, 15.36 W
0, 2026/09/15 09:50:35.157, 1, 16, 210 MHz, 405 MHz, P8, 18.15 W
1, 2026/09/15 09:50:35.157, 1, 16, 210 MHz, 405 MHz, P8, 15.36 W
0, 2026/09/15 09:50:35.357, 1, 16, 210 MHz, 405 MHz, P8, 18.15 W
1, 2026/09/15 09:50:35.357, 1, 16, 210 MHz, 405 MHz, P8, 15.14 W
0, 2026/09/15 09:50:35.557, 1, 16, 210 MHz, 405 MHz, P8, 17.71 W
1, 2026/09/15 09:50:35.558, 1, 16, 210 MHz, 405 MHz, P8, 15.14 W
0, 2026/09/15 09:50:35.758, 1, 16, 210 MHz, 405 MHz, P8, 17.71 W
1, 2026/09/15 09:50:35.758, 1, 16, 210 MHz, 405 MHz, P8, 15.14 W
0, 2026/09/15 09:50:35.958, 1, 16, 210 MHz, 405 MHz, P8, 17.71 W
1, 2026/09/15 09:50:35.958, 1, 16, 210 MHz, 405 MHz, P8, 15.14 W
0, 2026/09/15 09:50:36.159, 1, 16, 210 MHz, 405 MHz, P8, 17.71 W
1, 2026/09/15 09:50:36.159, 1, 16, 210 MHz, 405 MHz, P8, 15.14 W
0, 2026/09/15 09:50:36.359, 1, 16, 210 MHz, 405 MHz, P8, 17.71 W
1, 2026/09/15 09:50:36.359, 1, 16, 210 MHz, 405 MHz, P8, 14.97 W
0, 2026/09/15 09:50:36.559, 1, 16, 210 MHz, 405 MHz, P8, 17.60 W
1, 2026/09/15 09:50:36.559, 1, 16, 210 MHz, 405 MHz, P8, 14.97 W
0, 2026/09/15 09:50:36.760, 1, 16, 210 MHz, 405 MHz, P8, 17.60 W
1, 2026/09/15 09:50:36.760, 1, 16, 210 MHz, 405 MHz, P8, 14.97 W
0, 2026/09/15 09:50:36.960, 1, 16, 210 MHz, 405 MHz, P8, 17.60 W
1, 2026/09/15 09:50:36.960, 1, 16, 210 MHz, 405 MHz, P8, 14.97 W
0, 2026/09/15 09:50:37.160, 1, 16, 210 MHz, 405 MHz, P8, 17.60 W
1, 2026/09/15 09:50:37.161, 1, 16, 210 MHz, 405 MHz, P8, 14.97 W
0, 2026/09/15 09:50:37.361, 1, 16, 210 MHz, 405 MHz, P8, 17.72 W
1, 2026/09/15 09:50:37.361, 1, 16, 210 MHz, 405 MHz, P8, 15.07 W
0, 2026/09/15 09:50:37.561, 1, 16, 210 MHz, 405 MHz, P8, 17.72 W
1, 2026/09/15 09:50:37.561, 1, 16, 210 MHz, 405 MHz, P8, 15.07 W
0, 2026/09/15 09:50:37.762, 1, 16, 210 MHz, 405 MHz, P8, 17.72 W
1, 2026/09/15 09:50:37.762, 1, 16, 210 MHz, 405 MHz, P8, 15.07 W
0, 2026/09/15 09:50:37.962, 1, 16, 210 MHz, 405 MHz, P8, 17.72 W
1, 2026/09/15 09:50:37.962, 1, 16, 210 MHz, 405 MHz, P8, 15.07 W
0, 2026/09/15 09:50:38.162, 1, 16, 210 MHz, 405 MHz, P8, 17.72 W
1, 2026/09/15 09:50:38.162, 1, 16, 210 MHz, 405 MHz, P8, 15.07 W
0, 2026/09/15 09:50:38.363, 1, 16, 210 MHz, 405 MHz, P8, 17.51 W
1, 2026/09/15 09:50:38.363, 1, 16, 210 MHz, 405 MHz, P8, 15.05 W
0, 2026/09/15 09:50:38.563, 1, 16, 210 MHz, 405 MHz, P8, 17.51 W
1, 2026/09/15 09:50:38.564, 1, 16, 210 MHz, 405 MHz, P8, 15.05 W
0, 2026/09/15 09:50:38.764, 1, 16, 210 MHz, 405 MHz, P8, 17.51 W
1, 2026/09/15 09:50:38.764, 1, 16, 210 MHz, 405 MHz, P8, 15.05 W
0, 2026/09/15 09:50:38.964, 1, 16, 210 MHz, 405 MHz, P8, 17.51 W
1, 2026/09/15 09:50:38.965, 1, 16, 210 MHz, 405 MHz, P8, 15.05 W
0, 2026/09/15 09:50:39.165, 1, 16, 210 MHz, 405 MHz, P8, 17.51 W
1, 2026/09/15 09:50:39.165, 1, 16, 210 MHz, 405 MHz, P8, 15.05 W
0, 2026/09/15 09:50:39.365, 1, 16, 210 MHz, 405 MHz, P8, 17.55 W
1, 2026/09/15 09:50:39.366, 1, 16, 210 MHz, 405 MHz, P8, 14.95 W
0, 2026/09/15 09:50:39.566, 1, 16, 210 MHz, 405 MHz, P8, 17.55 W
1, 2026/09/15 09:50:39.572, 1, 16, 210 MHz, 405 MHz, P8, 14.95 W
0, 2026/09/15 09:50:39.773, 1, 16, 210 MHz, 405 MHz, P8, 17.55 W
1, 2026/09/15 09:50:39.773, 1, 16, 210 MHz, 405 MHz, P8, 14.95 W
0, 2026/09/15 09:50:39.973, 1, 16, 210 MHz, 405 MHz, P8, 17.80 W
1, 2026/09/15 09:50:39.974, 1, 16, 210 MHz, 405 MHz, P8, 14.93 W
0, 2026/09/15 09:50:40.174, 1, 16, 210 MHz, 405 MHz, P8, 17.80 W
1, 2026/09/15 09:50:40.174, 1, 16, 210 MHz, 405 MHz, P8, 14.93 W
0, 2026/09/15 09:50:40.374, 1, 16, 210 MHz, 405 MHz, P8, 17.66 W
1, 2026/09/15 09:50:40.375, 1, 16, 210 MHz, 405 MHz, P8, 14.97 W
0, 2026/09/15 09:50:40.575, 1, 16, 210 MHz, 405 MHz, P8, 17.66 W
1, 2026/09/15 09:50:40.575, 1, 16, 210 MHz, 405 MHz, P8, 14.97 W
0, 2026/09/15 09:50:40.775, 1, 16, 210 MHz, 405 MHz, P8, 17.66 W
1, 2026/09/15 09:50:40.775, 1, 16, 210 MHz, 405 MHz, P8, 14.97 W
0, 2026/09/15 09:50:40.976, 1, 16, 210 MHz, 405 MHz, P8, 17.61 W
1, 2026/09/15 09:50:40.976, 1, 16, 210 MHz, 405 MHz, P8, 14.98 W
0, 2026/09/15 09:50:41.176, 1, 16, 210 MHz, 405 MHz, P8, 17.61 W
1, 2026/09/15 09:50:41.176, 1, 16, 210 MHz, 405 MHz, P8, 14.98 W
0, 2026/09/15 09:50:41.376, 1, 16, 210 MHz, 405 MHz, P8, 17.61 W
1, 2026/09/15 09:50:41.377, 1, 16, 210 MHz, 405 MHz, P8, 15.15 W
0, 2026/09/15 09:50:41.577, 1, 16, 210 MHz, 405 MHz, P8, 17.61 W
1, 2026/09/15 09:50:41.577, 1, 16, 210 MHz, 405 MHz, P8, 15.15 W
0, 2026/09/15 09:50:41.777, 1, 16, 210 MHz, 405 MHz, P8, 17.61 W
1, 2026/09/15 09:50:41.777, 1, 16, 210 MHz, 405 MHz, P8, 15.15 W
0, 2026/09/15 09:50:41.978, 1, 16, 210 MHz, 405 MHz, P8, 17.34 W
1, 2026/09/15 09:50:41.978, 1, 16, 210 MHz, 405 MHz, P8, 15.15 W
0, 2026/09/15 09:50:42.178, 1, 16, 210 MHz, 405 MHz, P8, 17.34 W
1, 2026/09/15 09:50:42.178, 1, 16, 210 MHz, 405 MHz, P8, 15.15 W
0, 2026/09/15 09:50:42.378, 1, 16, 210 MHz, 405 MHz, P8, 17.34 W
1, 2026/09/15 09:50:42.379, 1, 16, 210 MHz, 405 MHz, P8, 15.01 W
0, 2026/09/15 09:50:42.579, 1, 16, 210 MHz, 405 MHz, P8, 17.34 W
1, 2026/09/15 09:50:42.579, 1, 16, 210 MHz, 405 MHz, P8, 15.01 W
0, 2026/09/15 09:50:42.779, 1, 16, 210 MHz, 405 MHz, P8, 17.34 W
1, 2026/09/15 09:50:42.780, 1, 16, 210 MHz, 405 MHz, P8, 15.01 W
0, 2026/09/15 09:50:42.980, 1, 16, 210 MHz, 405 MHz, P8, 17.40 W
1, 2026/09/15 09:50:42.980, 1, 16, 210 MHz, 405 MHz, P8, 15.01 W
0, 2026/09/15 09:50:43.180, 1, 16, 210 MHz, 405 MHz, P8, 17.40 W
1, 2026/09/15 09:50:43.180, 1, 16, 210 MHz, 405 MHz, P8, 15.01 W
0, 2026/09/15 09:50:43.381, 1, 16, 210 MHz, 405 MHz, P8, 17.40 W
1, 2026/09/15 09:50:43.381, 1, 16, 210 MHz, 405 MHz, P8, 14.85 W
0, 2026/09/15 09:50:43.581, 1, 16, 210 MHz, 405 MHz, P8, 17.40 W
1, 2026/09/15 09:50:43.581, 1, 16, 210 MHz, 405 MHz, P8, 14.85 W
0, 2026/09/15 09:50:43.781, 1, 16, 210 MHz, 405 MHz, P8, 17.40 W
1, 2026/09/15 09:50:43.782, 1, 16, 210 MHz, 405 MHz, P8, 14.85 W
0, 2026/09/15 09:50:43.982, 1, 16, 210 MHz, 405 MHz, P8, 17.16 W
1, 2026/09/15 09:50:43.982, 1, 16, 210 MHz, 405 MHz, P8, 14.85 W
0, 2026/09/15 09:50:44.182, 1, 16, 210 MHz, 405 MHz, P8, 17.16 W
1, 2026/09/15 09:50:44.182, 1, 16, 210 MHz, 405 MHz, P8, 14.85 W
0, 2026/09/15 09:50:44.383, 1, 16, 210 MHz, 405 MHz, P8, 17.16 W
1, 2026/09/15 09:50:44.383, 1, 16, 210 MHz, 405 MHz, P8, 14.77 W
0, 2026/09/15 09:50:44.583, 1, 16, 210 MHz, 405 MHz, P8, 17.16 W
1, 2026/09/15 09:50:44.583, 1, 16, 210 MHz, 405 MHz, P8, 14.77 W
0, 2026/09/15 09:50:44.784, 1, 16, 210 MHz, 405 MHz, P8, 17.16 W
1, 2026/09/15 09:50:44.784, 1, 16, 210 MHz, 405 MHz, P8, 14.77 W
0, 2026/09/15 09:50:44.984, 1, 16, 210 MHz, 405 MHz, P8, 16.99 W
1, 2026/09/15 09:50:44.984, 1, 16, 210 MHz, 405 MHz, P8, 14.77 W
0, 2026/09/15 09:50:45.185, 1, 16, 210 MHz, 405 MHz, P8, 16.99 W
1, 2026/09/15 09:50:45.185, 1, 16, 210 MHz, 405 MHz, P8, 14.77 W
0, 2026/09/15 09:50:45.385, 1, 16, 210 MHz, 405 MHz, P8, 16.99 W
1, 2026/09/15 09:50:45.385, 1, 16, 210 MHz, 405 MHz, P8, 14.82 W
0, 2026/09/15 09:50:45.585, 1, 16, 210 MHz, 405 MHz, P8, 16.99 W
1, 2026/09/15 09:50:45.586, 1, 16, 210 MHz, 405 MHz, P8, 14.82 W
0, 2026/09/15 09:50:45.786, 1, 16, 210 MHz, 405 MHz, P8, 16.99 W
1, 2026/09/15 09:50:45.786, 1, 16, 210 MHz, 405 MHz, P8, 14.82 W
0, 2026/09/15 09:50:45.986, 1, 16, 210 MHz, 405 MHz, P8, 16.96 W
1, 2026/09/15 09:50:45.987, 1, 16, 210 MHz, 405 MHz, P8, 14.82 W
0, 2026/09/15 09:50:46.187, 1, 16, 210 MHz, 405 MHz, P8, 16.96 W
1, 2026/09/15 09:50:46.187, 1, 16, 210 MHz, 405 MHz, P8, 14.82 W
0, 2026/09/15 09:50:46.387, 1, 16, 210 MHz, 405 MHz, P8, 16.96 W
1, 2026/09/15 09:50:46.387, 1, 16, 210 MHz, 405 MHz, P8, 15.08 W
0, 2026/09/15 09:50:46.588, 1, 16, 210 MHz, 405 MHz, P8, 16.96 W
1, 2026/09/15 09:50:46.588, 1, 16, 210 MHz, 405 MHz, P8, 15.08 W
0, 2026/09/15 09:50:46.788, 1, 16, 210 MHz, 405 MHz, P8, 16.96 W
1, 2026/09/15 09:50:46.788, 1, 16, 210 MHz, 405 MHz, P8, 15.08 W
0, 2026/09/15 09:50:46.989, 1, 16, 210 MHz, 405 MHz, P8, 16.89 W
1, 2026/09/15 09:50:46.989, 1, 16, 210 MHz, 405 MHz, P8, 15.08 W
0, 2026/09/15 09:50:47.189, 1, 16, 210 MHz, 405 MHz, P8, 16.89 W
1, 2026/09/15 09:50:47.189, 1, 16, 210 MHz, 405 MHz, P8, 15.08 W
0, 2026/09/15 09:50:47.389, 1, 16, 210 MHz, 405 MHz, P8, 16.89 W
1, 2026/09/15 09:50:47.390, 1, 16, 210 MHz, 405 MHz, P8, 15.18 W
0, 2026/09/15 09:50:47.590, 1, 16, 210 MHz, 405 MHz, P8, 16.89 W
1, 2026/09/15 09:50:47.590, 1, 16, 210 MHz, 405 MHz, P8, 15.18 W
0, 2026/09/15 09:50:47.790, 1, 16, 210 MHz, 405 MHz, P8, 16.89 W
1, 2026/09/15 09:50:47.790, 1, 16, 210 MHz, 405 MHz, P8, 15.18 W
0, 2026/09/15 09:50:47.991, 1, 16, 210 MHz, 405 MHz, P8, 17.23 W
1, 2026/09/15 09:50:47.991, 1, 16, 210 MHz, 405 MHz, P8, 15.18 W
0, 2026/09/15 09:50:48.191, 1, 16, 210 MHz, 405 MHz, P8, 17.23 W
1, 2026/09/15 09:50:48.191, 1, 16, 210 MHz, 405 MHz, P8, 15.18 W
0, 2026/09/15 09:50:48.391, 1, 16, 210 MHz, 405 MHz, P8, 17.23 W
1, 2026/09/15 09:50:48.392, 1, 16, 210 MHz, 405 MHz, P8, 15.11 W
0, 2026/09/15 09:50:48.592, 1, 16, 210 MHz, 405 MHz, P8, 17.23 W
1, 2026/09/15 09:50:48.592, 1, 16, 210 MHz, 405 MHz, P8, 15.11 W
0, 2026/09/15 09:50:48.792, 1, 16, 210 MHz, 405 MHz, P8, 17.23 W
1, 2026/09/15 09:50:48.792, 1, 16, 210 MHz, 405 MHz, P8, 15.11 W
0, 2026/09/15 09:50:48.992, 1, 16, 210 MHz, 405 MHz, P8, 17.59 W
1, 2026/09/15 09:50:48.993, 1, 16, 210 MHz, 405 MHz, P8, 15.11 W
0, 2026/09/15 09:50:49.193, 1, 16, 210 MHz, 405 MHz, P8, 17.59 W
1, 2026/09/15 09:50:49.193, 1, 16, 210 MHz, 405 MHz, P8, 15.11 W
0, 2026/09/15 09:50:49.393, 1, 16, 210 MHz, 405 MHz, P8, 17.59 W
1, 2026/09/15 09:50:49.393, 1, 16, 210 MHz, 405 MHz, P8, 15.17 W
0, 2026/09/15 09:50:49.594, 1, 16, 210 MHz, 405 MHz, P8, 17.59 W
1, 2026/09/15 09:50:49.594, 1, 16, 210 MHz, 405 MHz, P8, 15.17 W
0, 2026/09/15 09:50:49.794, 1, 16, 210 MHz, 405 MHz, P8, 17.59 W
1, 2026/09/15 09:50:49.794, 1, 16, 210 MHz, 405 MHz, P8, 15.17 W
0, 2026/09/15 09:50:49.994, 1, 16, 210 MHz, 405 MHz, P8, 17.60 W
1, 2026/09/15 09:50:49.994, 1, 16, 210 MHz, 405 MHz, P8, 15.17 W
0, 2026/09/15 09:50:50.195, 1, 16, 210 MHz, 405 MHz, P8, 17.60 W
1, 2026/09/15 09:50:50.195, 1, 16, 210 MHz, 405 MHz, P8, 15.17 W
0, 2026/09/15 09:50:50.395, 1, 16, 210 MHz, 405 MHz, P8, 17.60 W
1, 2026/09/15 09:50:50.395, 1, 16, 210 MHz, 405 MHz, P8, 15.11 W
0, 2026/09/15 09:50:50.595, 1, 16, 210 MHz, 405 MHz, P8, 17.60 W
1, 2026/09/15 09:50:50.596, 1, 16, 210 MHz, 405 MHz, P8, 15.11 W
0, 2026/09/15 09:50:50.796, 1, 16, 210 MHz, 405 MHz, P8, 17.60 W
1, 2026/09/15 09:50:50.796, 1, 16, 210 MHz, 405 MHz, P8, 15.11 W
0, 2026/09/15 09:50:50.996, 1, 16, 210 MHz, 405 MHz, P8, 17.23 W
1, 2026/09/15 09:50:50.997, 1, 16, 210 MHz, 405 MHz, P8, 15.11 W
0, 2026/09/15 09:50:51.197, 1, 16, 210 MHz, 405 MHz, P8, 17.23 W
1, 2026/09/15 09:50:51.197, 1, 16, 210 MHz, 405 MHz, P8, 15.11 W
0, 2026/09/15 09:50:51.397, 1, 16, 210 MHz, 405 MHz, P8, 17.23 W
1, 2026/09/15 09:50:51.398, 1, 16, 210 MHz, 405 MHz, P8, 15.15 W
0, 2026/09/15 09:50:51.598, 1, 16, 210 MHz, 405 MHz, P8, 17.23 W
1, 2026/09/15 09:50:51.598, 1, 16, 210 MHz, 405 MHz, P8, 15.15 W
0, 2026/09/15 09:50:51.798, 1, 16, 210 MHz, 405 MHz, P8, 17.23 W
1, 2026/09/15 09:50:51.799, 1, 16, 210 MHz, 405 MHz, P8, 15.15 W
0, 2026/09/15 09:50:51.999, 1, 16, 210 MHz, 405 MHz, P8, 17.09 W
1, 2026/09/15 09:50:51.999, 1, 16, 210 MHz, 405 MHz, P8, 15.15 W
0, 2026/09/15 09:50:52.199, 1, 16, 210 MHz, 405 MHz, P8, 17.09 W
1, 2026/09/15 09:50:52.200, 1, 16, 210 MHz, 405 MHz, P8, 15.15 W
0, 2026/09/15 09:50:52.400, 1, 16, 210 MHz, 405 MHz, P8, 17.09 W
1, 2026/09/15 09:50:52.400, 1, 16, 210 MHz, 405 MHz, P8, 15.58 W
0, 2026/09/15 09:50:52.600, 1, 16, 210 MHz, 405 MHz, P8, 17.09 W
1, 2026/09/15 09:50:52.601, 1, 16, 210 MHz, 405 MHz, P8, 15.58 W
0, 2026/09/15 09:50:52.801, 1, 16, 210 MHz, 405 MHz, P8, 17.09 W
1, 2026/09/15 09:50:52.801, 1, 16, 210 MHz, 405 MHz, P8, 15.58 W
0, 2026/09/15 09:50:53.001, 1, 16, 210 MHz, 405 MHz, P8, 17.25 W
1, 2026/09/15 09:50:53.001, 1, 16, 210 MHz, 405 MHz, P8, 15.58 W
0, 2026/09/15 09:50:53.202, 1, 16, 210 MHz, 405 MHz, P8, 17.25 W
1, 2026/09/15 09:50:53.202, 1, 16, 210 MHz, 405 MHz, P8, 15.58 W
0, 2026/09/15 09:50:53.402, 1, 16, 210 MHz, 405 MHz, P8, 17.25 W
1, 2026/09/15 09:50:53.403, 1, 16, 210 MHz, 405 MHz, P8, 15.77 W
0, 2026/09/15 09:50:53.603, 1, 16, 210 MHz, 405 MHz, P8, 17.25 W
1, 2026/09/15 09:50:53.603, 1, 16, 210 MHz, 405 MHz, P8, 15.77 W
0, 2026/09/15 09:50:53.803, 1, 16, 210 MHz, 405 MHz, P8, 17.25 W
1, 2026/09/15 09:50:53.803, 1, 16, 210 MHz, 405 MHz, P8, 15.77 W
0, 2026/09/15 09:50:54.004, 1, 16, 210 MHz, 405 MHz, P8, 17.38 W
1, 2026/09/15 09:50:54.004, 1, 16, 210 MHz, 405 MHz, P8, 15.77 W
0, 2026/09/15 09:50:54.204, 1, 16, 210 MHz, 405 MHz, P8, 17.38 W
1, 2026/09/15 09:50:54.205, 1, 16, 210 MHz, 405 MHz, P8, 15.77 W
0, 2026/09/15 09:50:54.405, 1, 16, 210 MHz, 405 MHz, P8, 17.38 W
1, 2026/09/15 09:50:54.405, 1, 16, 210 MHz, 405 MHz, P8, 15.56 W
0, 2026/09/15 09:50:54.605, 1, 16, 210 MHz, 405 MHz, P8, 17.38 W
1, 2026/09/15 09:50:54.606, 1, 16, 210 MHz, 405 MHz, P8, 15.56 W
0, 2026/09/15 09:50:54.806, 1, 16, 210 MHz, 405 MHz, P8, 17.38 W
1, 2026/09/15 09:50:54.806, 1, 16, 210 MHz, 405 MHz, P8, 15.56 W
0, 2026/09/15 09:50:55.006, 1, 16, 210 MHz, 405 MHz, P8, 17.32 W
1, 2026/09/15 09:50:55.007, 1, 16, 210 MHz, 405 MHz, P8, 15.56 W
0, 2026/09/15 09:50:55.207, 1, 16, 210 MHz, 405 MHz, P8, 17.32 W
1, 2026/09/15 09:50:55.207, 1, 16, 210 MHz, 405 MHz, P8, 15.56 W
0, 2026/09/15 09:50:55.407, 1, 16, 210 MHz, 405 MHz, P8, 17.32 W
1, 2026/09/15 09:50:55.408, 1, 16, 210 MHz, 405 MHz, P8, 15.50 W
0, 2026/09/15 09:50:55.608, 1, 16, 210 MHz, 405 MHz, P8, 17.32 W
1, 2026/09/15 09:50:55.608, 1, 16, 210 MHz, 405 MHz, P8, 15.50 W
0, 2026/09/15 09:50:55.808, 1, 16, 210 MHz, 405 MHz, P8, 17.32 W
1, 2026/09/15 09:50:55.809, 1, 16, 210 MHz, 405 MHz, P8, 15.50 W
0, 2026/09/15 09:50:56.009, 1, 16, 210 MHz, 405 MHz, P8, 17.06 W
1, 2026/09/15 09:50:56.009, 1, 16, 210 MHz, 405 MHz, P8, 15.50 W
0, 2026/09/15 09:50:56.209, 1, 16, 210 MHz, 405 MHz, P8, 17.06 W
1, 2026/09/15 09:50:56.210, 1, 16, 210 MHz, 405 MHz, P8, 15.50 W
0, 2026/09/15 09:50:56.410, 1, 16, 210 MHz, 405 MHz, P8, 17.06 W
1, 2026/09/15 09:50:56.410, 1, 16, 210 MHz, 405 MHz, P8, 15.50 W
0, 2026/09/15 09:50:56.610, 1, 16, 210 MHz, 405 MHz, P8, 17.06 W
1, 2026/09/15 09:50:56.611, 1, 16, 210 MHz, 405 MHz, P8, 15.50 W
0, 2026/09/15 09:50:56.811, 1, 16, 210 MHz, 405 MHz, P8, 17.06 W
1, 2026/09/15 09:50:56.812, 1, 16, 210 MHz, 405 MHz, P8, 15.50 W
0, 2026/09/15 09:50:57.012, 1, 16, 210 MHz, 405 MHz, P8, 16.89 W
1, 2026/09/15 09:50:57.012, 1, 16, 210 MHz, 405 MHz, P8, 15.50 W
0, 2026/09/15 09:50:57.212, 1, 16, 210 MHz, 405 MHz, P8, 16.89 W
1, 2026/09/15 09:50:57.213, 1, 16, 210 MHz, 405 MHz, P8, 15.50 W
0, 2026/09/15 09:50:57.413, 1, 16, 210 MHz, 405 MHz, P8, 16.89 W
1, 2026/09/15 09:50:57.413, 1, 16, 210 MHz, 405 MHz, P8, 15.60 W
0, 2026/09/15 09:50:57.613, 1, 16, 210 MHz, 405 MHz, P8, 16.89 W
1, 2026/09/15 09:50:57.613, 1, 16, 210 MHz, 405 MHz, P8, 15.60 W
0, 2026/09/15 09:50:57.813, 1, 16, 210 MHz, 405 MHz, P8, 16.89 W
1, 2026/09/15 09:50:57.814, 1, 16, 210 MHz, 405 MHz, P8, 15.60 W
0, 2026/09/15 09:50:58.014, 1, 16, 210 MHz, 405 MHz, P8, 16.65 W
1, 2026/09/15 09:50:58.014, 1, 16, 210 MHz, 405 MHz, P8, 15.60 W
0, 2026/09/15 09:50:58.214, 1, 16, 210 MHz, 405 MHz, P8, 16.65 W
1, 2026/09/15 09:50:58.215, 1, 16, 210 MHz, 405 MHz, P8, 15.60 W
0, 2026/09/15 09:50:58.415, 1, 16, 210 MHz, 405 MHz, P8, 16.65 W
1, 2026/09/15 09:50:58.415, 1, 16, 210 MHz, 405 MHz, P8, 15.36 W
0, 2026/09/15 09:50:58.615, 1, 16, 210 MHz, 405 MHz, P8, 16.65 W
1, 2026/09/15 09:50:58.615, 1, 16, 210 MHz, 405 MHz, P8, 15.36 W
0, 2026/09/15 09:50:58.816, 1, 16, 210 MHz, 405 MHz, P8, 16.65 W
1, 2026/09/15 09:50:58.816, 1, 16, 210 MHz, 405 MHz, P8, 15.36 W
0, 2026/09/15 09:50:59.016, 1, 16, 210 MHz, 405 MHz, P8, 16.57 W
1, 2026/09/15 09:50:59.016, 1, 16, 210 MHz, 405 MHz, P8, 15.36 W
0, 2026/09/15 09:50:59.216, 1, 16, 210 MHz, 405 MHz, P8, 16.57 W
1, 2026/09/15 09:50:59.217, 1, 16, 210 MHz, 405 MHz, P8, 15.36 W
0, 2026/09/15 09:50:59.419, 4, 16, 2520 MHz, 10251 MHz, P2, 27.94 W
1, 2026/09/15 09:50:59.419, 1, 16, 210 MHz, 405 MHz, P8, 14.95 W
0, 2026/09/15 09:50:59.619, 4, 16, 2520 MHz, 10251 MHz, P2, 27.94 W
1, 2026/09/15 09:50:59.620, 1, 16, 210 MHz, 405 MHz, P8, 14.95 W
0, 2026/09/15 09:50:59.820, 4, 16, 2520 MHz, 10251 MHz, P2, 27.94 W
1, 2026/09/15 09:50:59.820, 4, 16, 2520 MHz, 10251 MHz, P2, 21.04 W
0, 2026/09/15 09:51:00.021, 4, 16, 2520 MHz, 10251 MHz, P2, 52.17 W
1, 2026/09/15 09:51:00.021, 4, 16, 2520 MHz, 10251 MHz, P2, 21.04 W
0, 2026/09/15 09:51:00.221, 4, 16, 2520 MHz, 10251 MHz, P2, 52.17 W
1, 2026/09/15 09:51:00.221, 4, 16, 2520 MHz, 10251 MHz, P2, 21.04 W
0, 2026/09/15 09:51:00.421, 4, 16, 2520 MHz, 10251 MHz, P2, 63.45 W
1, 2026/09/15 09:51:00.422, 4, 16, 2520 MHz, 10251 MHz, P2, 41.30 W
0, 2026/09/15 09:51:00.622, 4, 16, 2520 MHz, 10251 MHz, P2, 63.45 W
1, 2026/09/15 09:51:00.622, 4, 16, 2520 MHz, 10251 MHz, P2, 41.30 W
0, 2026/09/15 09:51:00.823, 4, 16, 2520 MHz, 10251 MHz, P2, 63.45 W
1, 2026/09/15 09:51:00.823, 4, 16, 2520 MHz, 10251 MHz, P2, 61.37 W
0, 2026/09/15 09:51:01.023, 4, 16, 2520 MHz, 10251 MHz, P2, 63.38 W
1, 2026/09/15 09:51:01.023, 4, 16, 2520 MHz, 10251 MHz, P2, 61.37 W
0, 2026/09/15 09:51:01.223, 4, 16, 2520 MHz, 10251 MHz, P2, 63.38 W
1, 2026/09/15 09:51:01.224, 4, 16, 2520 MHz, 10251 MHz, P2, 61.37 W
0, 2026/09/15 09:51:01.424, 4, 16, 2520 MHz, 10251 MHz, P2, 63.38 W
1, 2026/09/15 09:51:01.424, 4, 16, 2520 MHz, 10251 MHz, P2, 61.21 W
0, 2026/09/15 09:51:01.624, 4, 16, 2520 MHz, 10251 MHz, P2, 63.38 W
1, 2026/09/15 09:51:01.624, 4, 16, 2520 MHz, 10251 MHz, P2, 61.21 W
0, 2026/09/15 09:51:01.825, 4, 16, 2520 MHz, 10251 MHz, P2, 63.38 W
1, 2026/09/15 09:51:01.825, 4, 16, 2520 MHz, 10251 MHz, P2, 61.13 W
0, 2026/09/15 09:51:02.025, 4, 16, 2520 MHz, 10251 MHz, P2, 62.95 W
1, 2026/09/15 09:51:02.025, 4, 16, 2520 MHz, 10251 MHz, P2, 61.13 W
0, 2026/09/15 09:51:02.225, 4, 16, 2520 MHz, 10251 MHz, P2, 62.95 W
1, 2026/09/15 09:51:02.226, 4, 16, 2520 MHz, 10251 MHz, P2, 61.13 W
0, 2026/09/15 09:51:02.426, 4, 16, 2520 MHz, 10251 MHz, P2, 62.92 W
1, 2026/09/15 09:51:02.426, 4, 16, 2520 MHz, 10251 MHz, P2, 61.13 W
0, 2026/09/15 09:51:02.626, 4, 16, 2520 MHz, 10251 MHz, P2, 62.92 W
1, 2026/09/15 09:51:02.626, 4, 16, 2520 MHz, 10251 MHz, P2, 61.13 W
0, 2026/09/15 09:51:02.827, 4, 16, 2520 MHz, 10251 MHz, P2, 62.92 W
1, 2026/09/15 09:51:02.827, 4, 16, 2520 MHz, 10251 MHz, P2, 60.84 W
0, 2026/09/15 09:51:03.027, 4, 16, 2520 MHz, 10251 MHz, P2, 63.54 W
1, 2026/09/15 09:51:03.029, 4, 16, 2520 MHz, 10251 MHz, P2, 60.84 W
0, 2026/09/15 09:51:03.229, 4, 16, 2520 MHz, 10251 MHz, P2, 63.54 W
1, 2026/09/15 09:51:03.229, 4, 16, 2520 MHz, 10251 MHz, P2, 60.84 W
0, 2026/09/15 09:51:03.430, 4, 16, 2520 MHz, 10251 MHz, P2, 64.89 W
1, 2026/09/15 09:51:03.430, 4, 16, 2520 MHz, 10251 MHz, P2, 60.84 W
0, 2026/09/15 09:51:03.630, 4, 16, 2520 MHz, 10251 MHz, P2, 64.89 W
1, 2026/09/15 09:51:03.630, 4, 16, 2520 MHz, 10251 MHz, P2, 60.84 W
0, 2026/09/15 09:51:03.831, 4, 16, 2520 MHz, 10251 MHz, P2, 64.89 W
1, 2026/09/15 09:51:03.831, 4, 16, 2520 MHz, 10251 MHz, P2, 60.72 W
0, 2026/09/15 09:51:04.031, 4, 16, 2520 MHz, 10251 MHz, P2, 64.93 W
1, 2026/09/15 09:51:04.031, 4, 16, 2520 MHz, 10251 MHz, P2, 60.72 W
0, 2026/09/15 09:51:04.232, 4, 16, 2520 MHz, 10251 MHz, P2, 64.93 W
1, 2026/09/15 09:51:04.232, 4, 16, 2520 MHz, 10251 MHz, P2, 60.72 W
0, 2026/09/15 09:51:04.432, 4, 16, 2520 MHz, 10251 MHz, P2, 65.11 W
1, 2026/09/15 09:51:04.433, 4, 16, 2520 MHz, 10251 MHz, P2, 61.14 W
0, 2026/09/15 09:51:04.633, 4, 16, 2520 MHz, 10251 MHz, P2, 65.11 W
1, 2026/09/15 09:51:04.633, 4, 16, 2520 MHz, 10251 MHz, P2, 61.14 W
0, 2026/09/15 09:51:04.833, 4, 16, 2520 MHz, 10251 MHz, P2, 65.11 W
1, 2026/09/15 09:51:04.834, 4, 16, 2520 MHz, 10251 MHz, P2, 61.80 W
0, 2026/09/15 09:51:05.034, 4, 16, 2520 MHz, 10251 MHz, P2, 64.75 W
1, 2026/09/15 09:51:05.034, 4, 16, 2520 MHz, 10251 MHz, P2, 61.80 W
0, 2026/09/15 09:51:05.234, 4, 16, 2520 MHz, 10251 MHz, P2, 64.75 W
1, 2026/09/15 09:51:05.235, 4, 16, 2520 MHz, 10251 MHz, P2, 61.80 W
0, 2026/09/15 09:51:05.435, 4, 16, 2520 MHz, 10251 MHz, P2, 64.58 W
1, 2026/09/15 09:51:05.435, 4, 16, 2520 MHz, 10251 MHz, P2, 62.27 W
0, 2026/09/15 09:51:05.636, 4, 16, 2520 MHz, 10251 MHz, P2, 64.58 W
1, 2026/09/15 09:51:05.636, 4, 16, 2520 MHz, 10251 MHz, P2, 62.27 W
0, 2026/09/15 09:51:05.836, 4, 16, 2520 MHz, 10251 MHz, P2, 64.58 W
1, 2026/09/15 09:51:05.836, 4, 16, 2520 MHz, 10251 MHz, P2, 61.87 W
0, 2026/09/15 09:51:06.036, 4, 16, 2520 MHz, 10251 MHz, P2, 64.48 W
1, 2026/09/15 09:51:06.037, 4, 16, 2520 MHz, 10251 MHz, P2, 61.87 W
0, 2026/09/15 09:51:06.237, 4, 16, 2520 MHz, 10251 MHz, P2, 64.48 W
1, 2026/09/15 09:51:06.237, 4, 16, 2520 MHz, 10251 MHz, P2, 61.87 W
0, 2026/09/15 09:51:06.437, 4, 16, 2520 MHz, 10251 MHz, P2, 64.17 W
1, 2026/09/15 09:51:06.438, 4, 16, 2520 MHz, 10251 MHz, P2, 61.67 W
0, 2026/09/15 09:51:06.638, 4, 16, 2520 MHz, 10251 MHz, P2, 64.17 W
1, 2026/09/15 09:51:06.638, 4, 16, 2520 MHz, 10251 MHz, P2, 61.67 W
0, 2026/09/15 09:51:06.838, 4, 16, 2520 MHz, 10251 MHz, P2, 64.17 W
1, 2026/09/15 09:51:06.839, 4, 16, 2520 MHz, 10251 MHz, P2, 61.58 W
0, 2026/09/15 09:51:07.039, 4, 16, 2520 MHz, 10251 MHz, P2, 63.55 W
1, 2026/09/15 09:51:07.039, 4, 16, 2520 MHz, 10251 MHz, P2, 61.58 W
0, 2026/09/15 09:51:07.240, 4, 16, 2520 MHz, 10251 MHz, P2, 63.55 W
1, 2026/09/15 09:51:07.240, 4, 16, 2520 MHz, 10251 MHz, P2, 61.58 W
0, 2026/09/15 09:51:07.440, 4, 16, 2520 MHz, 10251 MHz, P2, 63.39 W
1, 2026/09/15 09:51:07.441, 4, 16, 2520 MHz, 10251 MHz, P2, 61.62 W
0, 2026/09/15 09:51:07.641, 4, 16, 2520 MHz, 10251 MHz, P2, 63.39 W
1, 2026/09/15 09:51:07.641, 4, 16, 2520 MHz, 10251 MHz, P2, 61.62 W
0, 2026/09/15 09:51:07.841, 4, 16, 2520 MHz, 10251 MHz, P2, 63.39 W
1, 2026/09/15 09:51:07.842, 4, 16, 2520 MHz, 10251 MHz, P2, 61.53 W
0, 2026/09/15 09:51:08.042, 4, 16, 2520 MHz, 10251 MHz, P2, 63.17 W
1, 2026/09/15 09:51:08.042, 4, 16, 2520 MHz, 10251 MHz, P2, 61.53 W
0, 2026/09/15 09:51:08.243, 4, 16, 2520 MHz, 10251 MHz, P2, 63.17 W
1, 2026/09/15 09:51:08.243, 4, 16, 2520 MHz, 10251 MHz, P2, 61.53 W
0, 2026/09/15 09:51:08.443, 4, 16, 2520 MHz, 10251 MHz, P2, 63.09 W
1, 2026/09/15 09:51:08.444, 4, 16, 2520 MHz, 10251 MHz, P2, 60.91 W
0, 2026/09/15 09:51:08.644, 4, 16, 2520 MHz, 10251 MHz, P2, 63.09 W
1, 2026/09/15 09:51:08.644, 4, 16, 2520 MHz, 10251 MHz, P2, 60.91 W
0, 2026/09/15 09:51:08.844, 4, 16, 2520 MHz, 10251 MHz, P2, 63.09 W
1, 2026/09/15 09:51:08.844, 4, 16, 2520 MHz, 10251 MHz, P2, 60.33 W
0, 2026/09/15 09:51:09.044, 4, 16, 2520 MHz, 10251 MHz, P2, 63.09 W
1, 2026/09/15 09:51:09.045, 4, 16, 2520 MHz, 10251 MHz, P2, 60.33 W
0, 2026/09/15 09:51:09.245, 4, 16, 2520 MHz, 10251 MHz, P2, 63.09 W
1, 2026/09/15 09:51:09.245, 4, 16, 2520 MHz, 10251 MHz, P2, 60.33 W
0, 2026/09/15 09:51:09.445, 4, 16, 2520 MHz, 10251 MHz, P2, 62.72 W
1, 2026/09/15 09:51:09.445, 4, 16, 2520 MHz, 10251 MHz, P2, 60.20 W
0, 2026/09/15 09:51:09.646, 4, 16, 2520 MHz, 10251 MHz, P2, 62.72 W
1, 2026/09/15 09:51:09.646, 4, 16, 2520 MHz, 10251 MHz, P2, 60.20 W
0, 2026/09/15 09:51:09.846, 4, 16, 2520 MHz, 10251 MHz, P2, 62.72 W
1, 2026/09/15 09:51:09.846, 4, 16, 2520 MHz, 10251 MHz, P2, 60.20 W
0, 2026/09/15 09:51:10.046, 4, 16, 2520 MHz, 10251 MHz, P2, 62.67 W
1, 2026/09/15 09:51:10.047, 4, 16, 2520 MHz, 10251 MHz, P2, 60.20 W
0, 2026/09/15 09:51:10.247, 4, 16, 2520 MHz, 10251 MHz, P2, 62.67 W
1, 2026/09/15 09:51:10.247, 4, 16, 2520 MHz, 10251 MHz, P2, 60.20 W
0, 2026/09/15 09:51:10.447, 4, 16, 2520 MHz, 10251 MHz, P2, 62.92 W
1, 2026/09/15 09:51:10.448, 4, 16, 2520 MHz, 10251 MHz, P2, 60.32 W
0, 2026/09/15 09:51:10.648, 4, 16, 2520 MHz, 10251 MHz, P2, 62.92 W
1, 2026/09/15 09:51:10.648, 4, 16, 2520 MHz, 10251 MHz, P2, 60.32 W
0, 2026/09/15 09:51:10.848, 4, 16, 2520 MHz, 10251 MHz, P2, 62.92 W
1, 2026/09/15 09:51:10.848, 4, 16, 2520 MHz, 10251 MHz, P2, 60.34 W
0, 2026/09/15 09:51:11.049, 4, 16, 2820 MHz, 10251 MHz, P2, 122.83 W
1, 2026/09/15 09:51:11.049, 4, 16, 2520 MHz, 10251 MHz, P2, 60.34 W
0, 2026/09/15 09:51:11.249, 4, 16, 2820 MHz, 10251 MHz, P2, 122.83 W
1, 2026/09/15 09:51:11.249, 4, 16, 2520 MHz, 10251 MHz, P2, 60.34 W
0, 2026/09/15 09:51:11.449, 4, 16, 2835 MHz, 10251 MHz, P2, 131.77 W
1, 2026/09/15 09:51:11.450, 4, 16, 2520 MHz, 10251 MHz, P2, 60.63 W
0, 2026/09/15 09:51:11.650, 4, 16, 2835 MHz, 10251 MHz, P2, 131.77 W
1, 2026/09/15 09:51:11.650, 4, 16, 2520 MHz, 10251 MHz, P2, 60.63 W
0, 2026/09/15 09:51:11.850, 4, 16, 2835 MHz, 10251 MHz, P2, 131.77 W
1, 2026/09/15 09:51:11.850, 4, 16, 2520 MHz, 10251 MHz, P2, 85.22 W
0, 2026/09/15 09:51:12.051, 4, 16, 2835 MHz, 10251 MHz, P2, 82.82 W
1, 2026/09/15 09:51:12.054, 4, 16, 2520 MHz, 10251 MHz, P2, 85.22 W
0, 2026/09/15 09:51:12.255, 4, 16, 2835 MHz, 10251 MHz, P2, 82.82 W
1, 2026/09/15 09:51:12.255, 4, 16, 2520 MHz, 10251 MHz, P2, 85.22 W
0, 2026/09/15 09:51:12.455, 4, 16, 2835 MHz, 10251 MHz, P2, 83.08 W
1, 2026/09/15 09:51:12.456, 4, 16, 2820 MHz, 10251 MHz, P2, 123.90 W
0, 2026/09/15 09:51:12.656, 4, 16, 2835 MHz, 10251 MHz, P2, 83.08 W
1, 2026/09/15 09:51:12.656, 4, 16, 2820 MHz, 10251 MHz, P2, 123.90 W
0, 2026/09/15 09:51:12.856, 4, 16, 2835 MHz, 10251 MHz, P2, 83.08 W
1, 2026/09/15 09:51:12.856, 4, 16, 2820 MHz, 10251 MHz, P2, 131.21 W
0, 2026/09/15 09:51:13.056, 4, 16, 2520 MHz, 10251 MHz, P2, 79.42 W
1, 2026/09/15 09:51:13.056, 4, 16, 2820 MHz, 10251 MHz, P2, 131.21 W
0, 2026/09/15 09:51:13.257, 4, 16, 2520 MHz, 10251 MHz, P2, 79.42 W
1, 2026/09/15 09:51:13.257, 4, 16, 2820 MHz, 10251 MHz, P2, 131.21 W
0, 2026/09/15 09:51:13.457, 4, 16, 2445 MHz, 10251 MHz, P2, 177.32 W
1, 2026/09/15 09:51:13.457, 4, 16, 2820 MHz, 10251 MHz, P2, 77.69 W
0, 2026/09/15 09:51:13.657, 4, 16, 2445 MHz, 10251 MHz, P2, 177.32 W
1, 2026/09/15 09:51:13.657, 4, 16, 2820 MHz, 10251 MHz, P2, 77.69 W
0, 2026/09/15 09:51:13.857, 4, 16, 2445 MHz, 10251 MHz, P2, 177.32 W
1, 2026/09/15 09:51:13.857, 4, 16, 2520 MHz, 10251 MHz, P2, 77.64 W
0, 2026/09/15 09:51:14.058, 4, 16, 2820 MHz, 10251 MHz, P2, 303.39 W
1, 2026/09/15 09:51:14.058, 4, 16, 2520 MHz, 10251 MHz, P2, 77.64 W
0, 2026/09/15 09:51:14.258, 4, 16, 2820 MHz, 10251 MHz, P2, 303.39 W
1, 2026/09/15 09:51:14.258, 4, 16, 2520 MHz, 10251 MHz, P2, 77.64 W
0, 2026/09/15 09:51:14.458, 4, 16, 2685 MHz, 10251 MHz, P2, 336.95 W
1, 2026/09/15 09:51:14.458, 4, 16, 2805 MHz, 10251 MHz, P2, 131.85 W
0, 2026/09/15 09:51:14.658, 4, 16, 2685 MHz, 10251 MHz, P2, 336.95 W
1, 2026/09/15 09:51:14.658, 4, 16, 2805 MHz, 10251 MHz, P2, 131.85 W
0, 2026/09/15 09:51:14.859, 4, 16, 2685 MHz, 10251 MHz, P2, 336.95 W
1, 2026/09/15 09:51:14.859, 4, 16, 2445 MHz, 10251 MHz, P2, 244.38 W
0, 2026/09/15 09:51:15.059, 4, 16, 2820 MHz, 10251 MHz, P2, 301.48 W
1, 2026/09/15 09:51:15.059, 4, 16, 2445 MHz, 10251 MHz, P2, 244.38 W
0, 2026/09/15 09:51:15.259, 4, 16, 2820 MHz, 10251 MHz, P2, 301.48 W
1, 2026/09/15 09:51:15.260, 4, 16, 2445 MHz, 10251 MHz, P2, 244.38 W
0, 2026/09/15 09:51:15.460, 4, 16, 2445 MHz, 10251 MHz, P2, 261.63 W
1, 2026/09/15 09:51:15.460, 4, 16, 2805 MHz, 10251 MHz, P2, 332.77 W
0, 2026/09/15 09:51:15.661, 4, 16, 2445 MHz, 10251 MHz, P2, 261.63 W
1, 2026/09/15 09:51:15.661, 4, 16, 2805 MHz, 10251 MHz, P2, 332.77 W
0, 2026/09/15 09:51:15.861, 4, 16, 2445 MHz, 10251 MHz, P2, 261.63 W
1, 2026/09/15 09:51:15.861, 4, 16, 2805 MHz, 10251 MHz, P2, 296.80 W
0, 2026/09/15 09:51:16.061, 4, 16, 2760 MHz, 10251 MHz, P2, 278.42 W
1, 2026/09/15 09:51:16.061, 4, 16, 2805 MHz, 10251 MHz, P2, 296.80 W
0, 2026/09/15 09:51:16.261, 4, 16, 2760 MHz, 10251 MHz, P2, 278.42 W
1, 2026/09/15 09:51:16.261, 4, 16, 2805 MHz, 10251 MHz, P2, 296.80 W
0, 2026/09/15 09:51:16.461, 4, 16, 2820 MHz, 10251 MHz, P2, 300.50 W
1, 2026/09/15 09:51:16.462, 4, 16, 2805 MHz, 10251 MHz, P2, 253.63 W
0, 2026/09/15 09:51:16.662, 4, 16, 2820 MHz, 10251 MHz, P2, 300.50 W
1, 2026/09/15 09:51:16.662, 4, 16, 2805 MHz, 10251 MHz, P2, 253.63 W
0, 2026/09/15 09:51:16.862, 4, 16, 2820 MHz, 10251 MHz, P2, 248.52 W
1, 2026/09/15 09:51:16.862, 4, 16, 2805 MHz, 10251 MHz, P2, 264.82 W
0, 2026/09/15 09:51:17.062, 4, 16, 2820 MHz, 10251 MHz, P2, 248.52 W
1, 2026/09/15 09:51:17.062, 4, 16, 2805 MHz, 10251 MHz, P2, 264.82 W
0, 2026/09/15 09:51:17.262, 4, 16, 2820 MHz, 10251 MHz, P2, 248.52 W
1, 2026/09/15 09:51:17.262, 4, 16, 2805 MHz, 10251 MHz, P2, 264.82 W
0, 2026/09/15 09:51:17.463, 4, 16, 2835 MHz, 10251 MHz, P2, 155.41 W
1, 2026/09/15 09:51:17.463, 4, 16, 2805 MHz, 10251 MHz, P2, 280.79 W
0, 2026/09/15 09:51:17.663, 4, 16, 2835 MHz, 10251 MHz, P2, 155.41 W
1, 2026/09/15 09:51:17.663, 4, 16, 2805 MHz, 10251 MHz, P2, 280.79 W
0, 2026/09/15 09:51:17.863, 4, 16, 2835 MHz, 10251 MHz, P2, 99.86 W
1, 2026/09/15 09:51:17.863, 4, 16, 2805 MHz, 10251 MHz, P2, 263.05 W
0, 2026/09/15 09:51:18.063, 4, 16, 2835 MHz, 10251 MHz, P2, 99.86 W
1, 2026/09/15 09:51:18.063, 4, 16, 2805 MHz, 10251 MHz, P2, 263.05 W
0, 2026/09/15 09:51:18.266, 4, 16, 2835 MHz, 10251 MHz, P2, 99.86 W
1, 2026/09/15 09:51:18.266, 4, 16, 2805 MHz, 10251 MHz, P2, 263.05 W
0, 2026/09/15 09:51:18.466, 4, 16, 2835 MHz, 10251 MHz, P2, 88.69 W
1, 2026/09/15 09:51:18.466, 4, 16, 2805 MHz, 10251 MHz, P2, 179.02 W
0, 2026/09/15 09:51:18.666, 4, 16, 2835 MHz, 10251 MHz, P2, 88.69 W
1, 2026/09/15 09:51:18.666, 4, 16, 2805 MHz, 10251 MHz, P2, 179.02 W
0, 2026/09/15 09:51:18.867, 4, 16, 2835 MHz, 10251 MHz, P2, 88.69 W
1, 2026/09/15 09:51:18.867, 4, 16, 2805 MHz, 10251 MHz, P2, 112.36 W
0, 2026/09/15 09:51:19.067, 4, 16, 2835 MHz, 10251 MHz, P2, 88.69 W
1, 2026/09/15 09:51:19.067, 4, 16, 2805 MHz, 10251 MHz, P2, 112.36 W
0, 2026/09/15 09:51:19.267, 4, 16, 2835 MHz, 10251 MHz, P2, 88.69 W
1, 2026/09/15 09:51:19.267, 4, 16, 2805 MHz, 10251 MHz, P2, 112.36 W
0, 2026/09/15 09:51:19.467, 4, 16, 2520 MHz, 10251 MHz, P2, 73.08 W
1, 2026/09/15 09:51:19.468, 4, 16, 2805 MHz, 10251 MHz, P2, 92.80 W
0, 2026/09/15 09:51:19.668, 4, 16, 2520 MHz, 10251 MHz, P2, 73.08 W
1, 2026/09/15 09:51:19.668, 4, 16, 2805 MHz, 10251 MHz, P2, 92.80 W
0, 2026/09/15 09:51:19.868, 4, 16, 2520 MHz, 10251 MHz, P2, 73.08 W
1, 2026/09/15 09:51:19.868, 4, 16, 2805 MHz, 10251 MHz, P2, 92.80 W
0, 2026/09/15 09:51:20.068, 4, 16, 2520 MHz, 10251 MHz, P2, 73.08 W
1, 2026/09/15 09:51:20.069, 4, 16, 2805 MHz, 10251 MHz, P2, 92.80 W
0, 2026/09/15 09:51:20.269, 4, 16, 2520 MHz, 10251 MHz, P2, 73.08 W
1, 2026/09/15 09:51:20.269, 4, 16, 2805 MHz, 10251 MHz, P2, 92.80 W
0, 2026/09/15 09:51:20.469, 4, 16, 2520 MHz, 10251 MHz, P2, 67.53 W
1, 2026/09/15 09:51:20.469, 4, 16, 2520 MHz, 10251 MHz, P2, 70.61 W
0, 2026/09/15 09:51:20.669, 4, 16, 2520 MHz, 10251 MHz, P2, 67.53 W
1, 2026/09/15 09:51:20.669, 4, 16, 2520 MHz, 10251 MHz, P2, 70.61 W
0, 2026/09/15 09:51:20.870, 4, 16, 2520 MHz, 10251 MHz, P2, 67.53 W
1, 2026/09/15 09:51:20.870, 4, 16, 2520 MHz, 10251 MHz, P2, 70.61 W
0, 2026/09/15 09:51:21.070, 4, 16, 2520 MHz, 10251 MHz, P2, 67.53 W
1, 2026/09/15 09:51:21.070, 4, 16, 2520 MHz, 10251 MHz, P2, 70.61 W
0, 2026/09/15 09:51:21.270, 4, 16, 2520 MHz, 10251 MHz, P2, 67.53 W
1, 2026/09/15 09:51:21.271, 4, 16, 2520 MHz, 10251 MHz, P2, 70.61 W
0, 2026/09/15 09:51:21.471, 4, 16, 2520 MHz, 10251 MHz, P2, 63.07 W
1, 2026/09/15 09:51:21.471, 4, 16, 2520 MHz, 10251 MHz, P2, 65.71 W
0, 2026/09/15 09:51:21.671, 4, 16, 2520 MHz, 10251 MHz, P2, 63.07 W
1, 2026/09/15 09:51:21.671, 4, 16, 2520 MHz, 10251 MHz, P2, 65.71 W
0, 2026/09/15 09:51:21.872, 4, 16, 2520 MHz, 10251 MHz, P2, 63.07 W
1, 2026/09/15 09:51:21.872, 4, 16, 2520 MHz, 10251 MHz, P2, 65.71 W
0, 2026/09/15 09:51:22.072, 4, 16, 2520 MHz, 10251 MHz, P2, 63.07 W
1, 2026/09/15 09:51:22.072, 4, 16, 2520 MHz, 10251 MHz, P2, 65.71 W
0, 2026/09/15 09:51:22.272, 4, 16, 2520 MHz, 10251 MHz, P2, 63.07 W
1, 2026/09/15 09:51:22.272, 4, 16, 2520 MHz, 10251 MHz, P2, 65.71 W
0, 2026/09/15 09:51:22.473, 4, 16, 2520 MHz, 10251 MHz, P2, 62.98 W
1, 2026/09/15 09:51:22.473, 4, 16, 2520 MHz, 10251 MHz, P2, 61.44 W
0, 2026/09/15 09:51:22.673, 4, 16, 2520 MHz, 10251 MHz, P2, 62.98 W
1, 2026/09/15 09:51:22.673, 4, 16, 2520 MHz, 10251 MHz, P2, 61.44 W
0, 2026/09/15 09:51:22.873, 4, 16, 2520 MHz, 10251 MHz, P2, 62.98 W
1, 2026/09/15 09:51:22.874, 4, 16, 2520 MHz, 10251 MHz, P2, 61.44 W
0, 2026/09/15 09:51:23.074, 4, 16, 2520 MHz, 10251 MHz, P2, 62.98 W
1, 2026/09/15 09:51:23.074, 4, 16, 2520 MHz, 10251 MHz, P2, 61.44 W
0, 2026/09/15 09:51:23.274, 4, 16, 2520 MHz, 10251 MHz, P2, 62.98 W
1, 2026/09/15 09:51:23.274, 4, 16, 2520 MHz, 10251 MHz, P2, 61.44 W
0, 2026/09/15 09:51:23.475, 4, 16, 2520 MHz, 10251 MHz, P2, 62.96 W
1, 2026/09/15 09:51:23.475, 4, 16, 2520 MHz, 10251 MHz, P2, 61.19 W
0, 2026/09/15 09:51:23.675, 4, 16, 2520 MHz, 10251 MHz, P2, 62.96 W
1, 2026/09/15 09:51:23.675, 4, 16, 2520 MHz, 10251 MHz, P2, 61.19 W
0, 2026/09/15 09:51:23.875, 4, 16, 2520 MHz, 10251 MHz, P2, 62.96 W
1, 2026/09/15 09:51:23.876, 4, 16, 2520 MHz, 10251 MHz, P2, 61.19 W
0, 2026/09/15 09:51:24.076, 4, 16, 2520 MHz, 10251 MHz, P2, 62.96 W
1, 2026/09/15 09:51:24.076, 4, 16, 2520 MHz, 10251 MHz, P2, 61.19 W
0, 2026/09/15 09:51:24.276, 4, 16, 2520 MHz, 10251 MHz, P2, 62.96 W
1, 2026/09/15 09:51:24.277, 4, 16, 2520 MHz, 10251 MHz, P2, 61.19 W
0, 2026/09/15 09:51:24.477, 4, 16, 2520 MHz, 10251 MHz, P2, 62.92 W
1, 2026/09/15 09:51:24.477, 4, 16, 2520 MHz, 10251 MHz, P2, 60.91 W
0, 2026/09/15 09:51:24.677, 4, 16, 2520 MHz, 10251 MHz, P2, 62.92 W
1, 2026/09/15 09:51:24.677, 4, 16, 2520 MHz, 10251 MHz, P2, 60.91 W
0, 2026/09/15 09:51:24.877, 4, 16, 2520 MHz, 10251 MHz, P2, 62.92 W
1, 2026/09/15 09:51:24.877, 4, 16, 2520 MHz, 10251 MHz, P2, 60.91 W
0, 2026/09/15 09:51:25.078, 4, 16, 2520 MHz, 10251 MHz, P2, 62.92 W
1, 2026/09/15 09:51:25.078, 4, 16, 2520 MHz, 10251 MHz, P2, 60.91 W
0, 2026/09/15 09:51:25.278, 4, 16, 2520 MHz, 10251 MHz, P2, 62.92 W
1, 2026/09/15 09:51:25.278, 4, 16, 2520 MHz, 10251 MHz, P2, 60.91 W
0, 2026/09/15 09:51:25.479, 4, 16, 2520 MHz, 10251 MHz, P2, 62.89 W
1, 2026/09/15 09:51:25.479, 4, 16, 2520 MHz, 10251 MHz, P2, 60.68 W
0, 2026/09/15 09:51:25.679, 4, 16, 2520 MHz, 10251 MHz, P2, 62.89 W
1, 2026/09/15 09:51:25.679, 4, 16, 2520 MHz, 10251 MHz, P2, 60.68 W
0, 2026/09/15 09:51:25.879, 4, 16, 2520 MHz, 10251 MHz, P2, 62.89 W
1, 2026/09/15 09:51:25.880, 4, 16, 2520 MHz, 10251 MHz, P2, 60.68 W
0, 2026/09/15 09:51:26.080, 4, 16, 2520 MHz, 10251 MHz, P2, 62.89 W
1, 2026/09/15 09:51:26.080, 4, 16, 2520 MHz, 10251 MHz, P2, 60.68 W
0, 2026/09/15 09:51:26.280, 4, 16, 2520 MHz, 10251 MHz, P2, 62.89 W
1, 2026/09/15 09:51:26.281, 4, 16, 2520 MHz, 10251 MHz, P2, 60.68 W
0, 2026/09/15 09:51:26.481, 4, 16, 2520 MHz, 10251 MHz, P2, 62.91 W
1, 2026/09/15 09:51:26.481, 4, 16, 2520 MHz, 10251 MHz, P2, 60.73 W
0, 2026/09/15 09:51:26.681, 4, 16, 2520 MHz, 10251 MHz, P2, 62.91 W
1, 2026/09/15 09:51:26.681, 4, 16, 2520 MHz, 10251 MHz, P2, 60.73 W
0, 2026/09/15 09:51:26.882, 4, 16, 2520 MHz, 10251 MHz, P2, 62.91 W
1, 2026/09/15 09:51:26.882, 4, 16, 2520 MHz, 10251 MHz, P2, 60.73 W
0, 2026/09/15 09:51:27.082, 4, 16, 2520 MHz, 10251 MHz, P2, 62.91 W
1, 2026/09/15 09:51:27.082, 4, 16, 2520 MHz, 10251 MHz, P2, 60.73 W
0, 2026/09/15 09:51:27.282, 4, 16, 2520 MHz, 10251 MHz, P2, 62.91 W
1, 2026/09/15 09:51:27.283, 4, 16, 2520 MHz, 10251 MHz, P2, 60.73 W
0, 2026/09/15 09:51:27.483, 4, 16, 2520 MHz, 10251 MHz, P2, 62.91 W
1, 2026/09/15 09:51:27.483, 4, 16, 2520 MHz, 10251 MHz, P2, 60.84 W
0, 2026/09/15 09:51:27.683, 4, 16, 2520 MHz, 10251 MHz, P2, 62.91 W
1, 2026/09/15 09:51:27.683, 4, 16, 2520 MHz, 10251 MHz, P2, 60.84 W
0, 2026/09/15 09:51:27.884, 4, 16, 2520 MHz, 10251 MHz, P2, 62.91 W
1, 2026/09/15 09:51:27.884, 4, 16, 2520 MHz, 10251 MHz, P2, 60.84 W
0, 2026/09/15 09:51:28.085, 4, 16, 2520 MHz, 10251 MHz, P2, 62.91 W
1, 2026/09/15 09:51:28.086, 4, 16, 2520 MHz, 10251 MHz, P2, 60.84 W
0, 2026/09/15 09:51:28.286, 4, 16, 2520 MHz, 10251 MHz, P2, 62.91 W
1, 2026/09/15 09:51:28.286, 4, 16, 2520 MHz, 10251 MHz, P2, 60.84 W
0, 2026/09/15 09:51:28.486, 4, 16, 2520 MHz, 10251 MHz, P2, 62.91 W
1, 2026/09/15 09:51:28.487, 4, 16, 2520 MHz, 10251 MHz, P2, 60.92 W
0, 2026/09/15 09:51:28.687, 4, 16, 2520 MHz, 10251 MHz, P2, 62.91 W
1, 2026/09/15 09:51:28.687, 4, 16, 2520 MHz, 10251 MHz, P2, 60.92 W
0, 2026/09/15 09:51:28.887, 4, 16, 2520 MHz, 10251 MHz, P2, 62.91 W
1, 2026/09/15 09:51:28.887, 4, 16, 2520 MHz, 10251 MHz, P2, 60.92 W
0, 2026/09/15 09:51:29.088, 4, 16, 2520 MHz, 10251 MHz, P2, 62.91 W
1, 2026/09/15 09:51:29.088, 4, 16, 2520 MHz, 10251 MHz, P2, 60.92 W
0, 2026/09/15 09:51:29.288, 4, 16, 2520 MHz, 10251 MHz, P2, 62.91 W
1, 2026/09/15 09:51:29.288, 4, 16, 2520 MHz, 10251 MHz, P2, 60.92 W
0, 2026/09/15 09:51:29.489, 4, 16, 2520 MHz, 10251 MHz, P2, 62.92 W
1, 2026/09/15 09:51:29.489, 4, 16, 2520 MHz, 10251 MHz, P2, 60.87 W
0, 2026/09/15 09:51:29.689, 4, 16, 2520 MHz, 10251 MHz, P2, 62.92 W
1, 2026/09/15 09:51:29.689, 4, 16, 2520 MHz, 10251 MHz, P2, 60.87 W
0, 2026/09/15 09:51:29.890, 4, 16, 2520 MHz, 10251 MHz, P2, 62.92 W
1, 2026/09/15 09:51:29.890, 4, 16, 2520 MHz, 10251 MHz, P2, 60.87 W
0, 2026/09/15 09:51:30.090, 4, 16, 2520 MHz, 10251 MHz, P2, 62.92 W
1, 2026/09/15 09:51:30.090, 4, 16, 2520 MHz, 10251 MHz, P2, 60.87 W
0, 2026/09/15 09:51:30.290, 4, 16, 2520 MHz, 10251 MHz, P2, 62.92 W
1, 2026/09/15 09:51:30.291, 4, 16, 2520 MHz, 10251 MHz, P2, 60.87 W
0, 2026/09/15 09:51:30.491, 4, 16, 2520 MHz, 10251 MHz, P2, 62.88 W
1, 2026/09/15 09:51:30.491, 4, 16, 2520 MHz, 10251 MHz, P2, 60.71 W
0, 2026/09/15 09:51:30.692, 4, 16, 2520 MHz, 10251 MHz, P2, 62.88 W
1, 2026/09/15 09:51:30.692, 4, 16, 2520 MHz, 10251 MHz, P2, 60.71 W
0, 2026/09/15 09:51:30.892, 4, 16, 2520 MHz, 10251 MHz, P2, 62.88 W
1, 2026/09/15 09:51:30.892, 4, 16, 2520 MHz, 10251 MHz, P2, 60.71 W
0, 2026/09/15 09:51:31.093, 4, 16, 2520 MHz, 10251 MHz, P2, 62.88 W
1, 2026/09/15 09:51:31.093, 4, 16, 2520 MHz, 10251 MHz, P2, 60.71 W
0, 2026/09/15 09:51:31.293, 4, 16, 2520 MHz, 10251 MHz, P2, 62.88 W
1, 2026/09/15 09:51:31.293, 4, 16, 2520 MHz, 10251 MHz, P2, 60.71 W
0, 2026/09/15 09:51:31.494, 4, 16, 2520 MHz, 10251 MHz, P2, 62.99 W
1, 2026/09/15 09:51:31.494, 4, 16, 2520 MHz, 10251 MHz, P2, 60.54 W
0, 2026/09/15 09:51:31.694, 4, 16, 2520 MHz, 10251 MHz, P2, 62.99 W
1, 2026/09/15 09:51:31.694, 4, 16, 2520 MHz, 10251 MHz, P2, 60.54 W
0, 2026/09/15 09:51:31.895, 4, 16, 2520 MHz, 10251 MHz, P2, 62.99 W
1, 2026/09/15 09:51:31.895, 4, 16, 2520 MHz, 10251 MHz, P2, 60.54 W
0, 2026/09/15 09:51:32.095, 4, 16, 2520 MHz, 10251 MHz, P2, 62.99 W
1, 2026/09/15 09:51:32.095, 4, 16, 2520 MHz, 10251 MHz, P2, 60.54 W
0, 2026/09/15 09:51:32.296, 4, 16, 2520 MHz, 10251 MHz, P2, 62.99 W
1, 2026/09/15 09:51:32.296, 4, 16, 2520 MHz, 10251 MHz, P2, 60.54 W
0, 2026/09/15 09:51:32.496, 4, 16, 2520 MHz, 10251 MHz, P2, 63.04 W
1, 2026/09/15 09:51:32.496, 4, 16, 2520 MHz, 10251 MHz, P2, 60.45 W
0, 2026/09/15 09:51:32.697, 4, 16, 2520 MHz, 10251 MHz, P2, 63.04 W
1, 2026/09/15 09:51:32.697, 4, 16, 2520 MHz, 10251 MHz, P2, 60.45 W
0, 2026/09/15 09:51:32.897, 4, 16, 2520 MHz, 10251 MHz, P2, 63.04 W
1, 2026/09/15 09:51:32.897, 4, 16, 2520 MHz, 10251 MHz, P2, 60.45 W
0, 2026/09/15 09:51:33.097, 4, 16, 2520 MHz, 10251 MHz, P2, 63.04 W
1, 2026/09/15 09:51:33.098, 4, 16, 2520 MHz, 10251 MHz, P2, 60.45 W
0, 2026/09/15 09:51:33.298, 4, 16, 2520 MHz, 10251 MHz, P2, 63.04 W
1, 2026/09/15 09:51:33.298, 4, 16, 2520 MHz, 10251 MHz, P2, 60.45 W
0, 2026/09/15 09:51:33.498, 4, 16, 2520 MHz, 10251 MHz, P2, 62.99 W
1, 2026/09/15 09:51:33.499, 4, 16, 2520 MHz, 10251 MHz, P2, 60.33 W
0, 2026/09/15 09:51:33.699, 4, 16, 2520 MHz, 10251 MHz, P2, 62.99 W
1, 2026/09/15 09:51:33.699, 4, 16, 2520 MHz, 10251 MHz, P2, 60.33 W
0, 2026/09/15 09:51:33.899, 2, 16, 2520 MHz, 10251 MHz, P5, 62.99 W
1, 2026/09/15 09:51:33.900, 4, 16, 2520 MHz, 10251 MHz, P2, 60.33 W
0, 2026/09/15 09:51:34.100, 2, 16, 2520 MHz, 10251 MHz, P5, 62.99 W
1, 2026/09/15 09:51:34.100, 4, 16, 2520 MHz, 10251 MHz, P2, 60.33 W
0, 2026/09/15 09:51:34.300, 2, 16, 2520 MHz, 10251 MHz, P5, 62.99 W
1, 2026/09/15 09:51:34.300, 4, 16, 2520 MHz, 10251 MHz, P2, 60.33 W
0, 2026/09/15 09:51:34.501, 2, 16, 495 MHz, 810 MHz, P5, 61.70 W
1, 2026/09/15 09:51:34.501, 2, 16, 2520 MHz, 10251 MHz, P5, 60.27 W
0, 2026/09/15 09:51:34.701, 2, 16, 495 MHz, 810 MHz, P5, 61.70 W
1, 2026/09/15 09:51:34.701, 2, 16, 2520 MHz, 10251 MHz, P5, 60.27 W
0, 2026/09/15 09:51:34.902, 2, 16, 495 MHz, 810 MHz, P5, 61.70 W
1, 2026/09/15 09:51:34.902, 2, 16, 2520 MHz, 10251 MHz, P5, 60.27 W
0, 2026/09/15 09:51:35.102, 2, 16, 495 MHz, 810 MHz, P5, 61.70 W
1, 2026/09/15 09:51:35.102, 2, 16, 2520 MHz, 10251 MHz, P5, 60.27 W
0, 2026/09/15 09:51:35.303, 2, 16, 495 MHz, 810 MHz, P5, 61.70 W
1, 2026/09/15 09:51:35.303, 2, 16, 2520 MHz, 10251 MHz, P5, 60.27 W
0, 2026/09/15 09:51:35.503, 1, 16, 315 MHz, 810 MHz, P8, 44.11 W
1, 2026/09/15 09:51:35.503, 1, 16, 360 MHz, 810 MHz, P8, 44.39 W
0, 2026/09/15 09:51:35.704, 1, 16, 315 MHz, 810 MHz, P8, 44.11 W
1, 2026/09/15 09:51:35.704, 1, 16, 360 MHz, 810 MHz, P8, 44.39 W
0, 2026/09/15 09:51:35.904, 1, 16, 315 MHz, 810 MHz, P8, 44.11 W
1, 2026/09/15 09:51:35.904, 1, 16, 360 MHz, 810 MHz, P8, 44.39 W
0, 2026/09/15 09:51:36.105, 1, 16, 315 MHz, 810 MHz, P8, 44.11 W
1, 2026/09/15 09:51:36.105, 1, 16, 360 MHz, 810 MHz, P8, 44.39 W
0, 2026/09/15 09:51:36.305, 1, 16, 315 MHz, 810 MHz, P8, 44.11 W
1, 2026/09/15 09:51:36.305, 1, 16, 360 MHz, 810 MHz, P8, 44.39 W
0, 2026/09/15 09:51:36.505, 1, 16, 210 MHz, 405 MHz, P8, 23.60 W
1, 2026/09/15 09:51:36.505, 1, 16, 225 MHz, 405 MHz, P8, 22.27 W
0, 2026/09/15 09:51:36.706, 1, 16, 210 MHz, 405 MHz, P8, 23.60 W
1, 2026/09/15 09:51:36.706, 1, 16, 225 MHz, 405 MHz, P8, 22.27 W
0, 2026/09/15 09:51:36.906, 1, 16, 210 MHz, 405 MHz, P8, 23.60 W
1, 2026/09/15 09:51:36.906, 1, 16, 225 MHz, 405 MHz, P8, 22.27 W
0, 2026/09/15 09:51:37.107, 1, 16, 210 MHz, 405 MHz, P8, 23.60 W
1, 2026/09/15 09:51:37.107, 1, 16, 225 MHz, 405 MHz, P8, 22.27 W
0, 2026/09/15 09:51:37.307, 1, 16, 210 MHz, 405 MHz, P8, 23.60 W
1, 2026/09/15 09:51:37.307, 1, 16, 225 MHz, 405 MHz, P8, 22.27 W
0, 2026/09/15 09:51:37.507, 1, 16, 210 MHz, 405 MHz, P8, 18.00 W
1, 2026/09/15 09:51:37.507, 1, 16, 210 MHz, 405 MHz, P8, 15.47 W
0, 2026/09/15 09:51:37.707, 1, 16, 210 MHz, 405 MHz, P8, 18.00 W
1, 2026/09/15 09:51:37.708, 1, 16, 210 MHz, 405 MHz, P8, 15.47 W
0, 2026/09/15 09:51:37.908, 1, 16, 210 MHz, 405 MHz, P8, 18.00 W
1, 2026/09/15 09:51:37.908, 1, 16, 210 MHz, 405 MHz, P8, 15.47 W
0, 2026/09/15 09:51:38.108, 1, 16, 210 MHz, 405 MHz, P8, 18.00 W
1, 2026/09/15 09:51:38.108, 1, 16, 210 MHz, 405 MHz, P8, 15.47 W
0, 2026/09/15 09:51:38.308, 1, 16, 210 MHz, 405 MHz, P8, 18.00 W
1, 2026/09/15 09:51:38.308, 1, 16, 210 MHz, 405 MHz, P8, 15.47 W
0, 2026/09/15 09:51:38.509, 1, 16, 210 MHz, 405 MHz, P8, 16.75 W
1, 2026/09/15 09:51:38.509, 1, 16, 210 MHz, 405 MHz, P8, 15.06 W
0, 2026/09/15 09:51:38.709, 1, 16, 210 MHz, 405 MHz, P8, 16.75 W
1, 2026/09/15 09:51:38.709, 1, 16, 210 MHz, 405 MHz, P8, 15.06 W
0, 2026/09/15 09:51:38.909, 1, 16, 210 MHz, 405 MHz, P8, 16.75 W
1, 2026/09/15 09:51:38.909, 1, 16, 210 MHz, 405 MHz, P8, 15.06 W
0, 2026/09/15 09:51:39.109, 1, 16, 210 MHz, 405 MHz, P8, 16.75 W
1, 2026/09/15 09:51:39.110, 1, 16, 210 MHz, 405 MHz, P8, 15.06 W
0, 2026/09/15 09:51:39.310, 1, 16, 210 MHz, 405 MHz, P8, 16.75 W
1, 2026/09/15 09:51:39.310, 1, 16, 210 MHz, 405 MHz, P8, 15.37 W
0, 2026/09/15 09:51:39.510, 1, 16, 210 MHz, 405 MHz, P8, 17.22 W
1, 2026/09/15 09:51:39.511, 1, 16, 210 MHz, 405 MHz, P8, 15.37 W
0, 2026/09/15 09:51:39.711, 1, 16, 210 MHz, 405 MHz, P8, 17.22 W
1, 2026/09/15 09:51:39.711, 1, 16, 210 MHz, 405 MHz, P8, 15.37 W
0, 2026/09/15 09:51:39.911, 1, 16, 210 MHz, 405 MHz, P8, 17.22 W
1, 2026/09/15 09:51:39.911, 1, 16, 210 MHz, 405 MHz, P8, 15.37 W
0, 2026/09/15 09:51:40.112, 1, 16, 210 MHz, 405 MHz, P8, 17.22 W
1, 2026/09/15 09:51:40.112, 1, 16, 210 MHz, 405 MHz, P8, 15.37 W
0, 2026/09/15 09:51:40.312, 1, 16, 210 MHz, 405 MHz, P8, 17.22 W
1, 2026/09/15 09:51:40.312, 1, 16, 210 MHz, 405 MHz, P8, 15.22 W
0, 2026/09/15 09:51:40.513, 1, 16, 210 MHz, 405 MHz, P8, 17.51 W
1, 2026/09/15 09:51:40.513, 1, 16, 210 MHz, 405 MHz, P8, 15.22 W
0, 2026/09/15 09:51:40.713, 1, 16, 210 MHz, 405 MHz, P8, 17.51 W
1, 2026/09/15 09:51:40.713, 1, 16, 210 MHz, 405 MHz, P8, 15.22 W
0, 2026/09/15 09:51:40.913, 1, 16, 210 MHz, 405 MHz, P8, 17.51 W
1, 2026/09/15 09:51:40.914, 1, 16, 210 MHz, 405 MHz, P8, 15.22 W
0, 2026/09/15 09:51:41.114, 1, 16, 210 MHz, 405 MHz, P8, 17.51 W
1, 2026/09/15 09:51:41.114, 1, 16, 210 MHz, 405 MHz, P8, 15.22 W
0, 2026/09/15 09:51:41.314, 1, 16, 210 MHz, 405 MHz, P8, 17.51 W
1, 2026/09/15 09:51:41.315, 1, 16, 210 MHz, 405 MHz, P8, 14.90 W
0, 2026/09/15 09:51:41.515, 1, 16, 210 MHz, 405 MHz, P8, 17.40 W
1, 2026/09/15 09:51:41.515, 1, 16, 210 MHz, 405 MHz, P8, 14.90 W
0, 2026/09/15 09:51:41.715, 1, 16, 210 MHz, 405 MHz, P8, 17.40 W
1, 2026/09/15 09:51:41.715, 1, 16, 210 MHz, 405 MHz, P8, 14.90 W
0, 2026/09/15 09:51:41.915, 1, 16, 210 MHz, 405 MHz, P8, 17.40 W
1, 2026/09/15 09:51:41.916, 1, 16, 210 MHz, 405 MHz, P8, 14.90 W
0, 2026/09/15 09:51:42.116, 1, 16, 210 MHz, 405 MHz, P8, 17.40 W
1, 2026/09/15 09:51:42.128, 1, 16, 210 MHz, 405 MHz, P8, 14.90 W
0, 2026/09/15 09:51:42.328, 1, 16, 210 MHz, 405 MHz, P8, 17.40 W
1, 2026/09/15 09:51:42.328, 1, 16, 210 MHz, 405 MHz, P8, 14.74 W
0, 2026/09/15 09:51:42.529, 1, 16, 210 MHz, 405 MHz, P8, 17.12 W
1, 2026/09/15 09:51:42.529, 1, 16, 210 MHz, 405 MHz, P8, 14.74 W
0, 2026/09/15 09:51:42.729, 1, 16, 210 MHz, 405 MHz, P8, 17.12 W
1, 2026/09/15 09:51:42.729, 1, 16, 210 MHz, 405 MHz, P8, 14.74 W
0, 2026/09/15 09:51:42.929, 1, 16, 210 MHz, 405 MHz, P8, 17.12 W
1, 2026/09/15 09:51:42.930, 1, 16, 210 MHz, 405 MHz, P8, 14.74 W
0, 2026/09/15 09:51:43.130, 1, 16, 210 MHz, 405 MHz, P8, 17.12 W
1, 2026/09/15 09:51:43.130, 1, 16, 210 MHz, 405 MHz, P8, 14.74 W
0, 2026/09/15 09:51:43.330, 1, 16, 210 MHz, 405 MHz, P8, 17.12 W
1, 2026/09/15 09:51:43.330, 1, 16, 210 MHz, 405 MHz, P8, 14.83 W
0, 2026/09/15 09:51:43.530, 1, 16, 210 MHz, 405 MHz, P8, 17.25 W
1, 2026/09/15 09:51:43.531, 1, 16, 210 MHz, 405 MHz, P8, 14.83 W
0, 2026/09/15 09:51:43.731, 1, 16, 210 MHz, 405 MHz, P8, 17.25 W
1, 2026/09/15 09:51:43.731, 1, 16, 210 MHz, 405 MHz, P8, 14.83 W
0, 2026/09/15 09:51:43.931, 1, 16, 210 MHz, 405 MHz, P8, 17.25 W
1, 2026/09/15 09:51:43.931, 1, 16, 210 MHz, 405 MHz, P8, 14.83 W
0, 2026/09/15 09:51:44.131, 1, 16, 210 MHz, 405 MHz, P8, 17.25 W
1, 2026/09/15 09:51:44.131, 1, 16, 210 MHz, 405 MHz, P8, 14.83 W
0, 2026/09/15 09:51:44.332, 1, 16, 210 MHz, 405 MHz, P8, 17.25 W
1, 2026/09/15 09:51:44.332, 1, 16, 210 MHz, 405 MHz, P8, 14.69 W
0, 2026/09/15 09:51:44.532, 1, 16, 210 MHz, 405 MHz, P8, 17.53 W
1, 2026/09/15 09:51:44.532, 1, 16, 210 MHz, 405 MHz, P8, 14.69 W
0, 2026/09/15 09:51:44.732, 1, 16, 210 MHz, 405 MHz, P8, 17.53 W
1, 2026/09/15 09:51:44.732, 1, 16, 210 MHz, 405 MHz, P8, 14.69 W
0, 2026/09/15 09:51:44.932, 1, 16, 210 MHz, 405 MHz, P8, 17.53 W
1, 2026/09/15 09:51:44.933, 1, 16, 210 MHz, 405 MHz, P8, 14.69 W
0, 2026/09/15 09:51:45.133, 1, 16, 210 MHz, 405 MHz, P8, 17.53 W
1, 2026/09/15 09:51:45.133, 1, 16, 210 MHz, 405 MHz, P8, 14.69 W
0, 2026/09/15 09:51:45.334, 1, 16, 210 MHz, 405 MHz, P8, 17.53 W
1, 2026/09/15 09:51:45.334, 1, 16, 210 MHz, 405 MHz, P8, 14.49 W
0, 2026/09/15 09:51:45.534, 1, 16, 210 MHz, 405 MHz, P8, 17.60 W
1, 2026/09/15 09:51:45.534, 1, 16, 210 MHz, 405 MHz, P8, 14.49 W
0, 2026/09/15 09:51:45.735, 1, 16, 210 MHz, 405 MHz, P8, 17.60 W
1, 2026/09/15 09:51:45.735, 1, 16, 210 MHz, 405 MHz, P8, 14.49 W
0, 2026/09/15 09:51:45.935, 1, 16, 210 MHz, 405 MHz, P8, 17.60 W
1, 2026/09/15 09:51:45.935, 1, 16, 210 MHz, 405 MHz, P8, 14.49 W
0, 2026/09/15 09:51:46.135, 1, 16, 210 MHz, 405 MHz, P8, 17.60 W
1, 2026/09/15 09:51:46.135, 1, 16, 210 MHz, 405 MHz, P8, 14.49 W
0, 2026/09/15 09:51:46.336, 1, 16, 210 MHz, 405 MHz, P8, 17.60 W
1, 2026/09/15 09:51:46.336, 1, 16, 210 MHz, 405 MHz, P8, 14.64 W
0, 2026/09/15 09:51:46.536, 1, 16, 210 MHz, 405 MHz, P8, 17.80 W
1, 2026/09/15 09:51:46.536, 1, 16, 210 MHz, 405 MHz, P8, 14.64 W
0, 2026/09/15 09:51:46.737, 1, 16, 210 MHz, 405 MHz, P8, 17.80 W
1, 2026/09/15 09:51:46.737, 1, 16, 210 MHz, 405 MHz, P8, 14.64 W
0, 2026/09/15 09:51:46.937, 1, 16, 210 MHz, 405 MHz, P8, 17.80 W
1, 2026/09/15 09:51:46.937, 1, 16, 210 MHz, 405 MHz, P8, 14.64 W
0, 2026/09/15 09:51:47.138, 1, 16, 210 MHz, 405 MHz, P8, 17.80 W
1, 2026/09/15 09:51:47.138, 1, 16, 210 MHz, 405 MHz, P8, 14.64 W
0, 2026/09/15 09:51:47.338, 1, 16, 210 MHz, 405 MHz, P8, 17.80 W
1, 2026/09/15 09:51:47.338, 1, 16, 210 MHz, 405 MHz, P8, 14.75 W
0, 2026/09/15 09:51:47.539, 1, 16, 210 MHz, 405 MHz, P8, 17.42 W
1, 2026/09/15 09:51:47.539, 1, 16, 210 MHz, 405 MHz, P8, 14.75 W
0, 2026/09/15 09:51:47.739, 1, 16, 210 MHz, 405 MHz, P8, 17.42 W
1, 2026/09/15 09:51:47.739, 1, 16, 210 MHz, 405 MHz, P8, 14.75 W
0, 2026/09/15 09:51:47.939, 1, 16, 210 MHz, 405 MHz, P8, 17.42 W
1, 2026/09/15 09:51:47.940, 1, 16, 210 MHz, 405 MHz, P8, 14.75 W
0, 2026/09/15 09:51:48.140, 1, 16, 210 MHz, 405 MHz, P8, 17.42 W
1, 2026/09/15 09:51:48.140, 1, 16, 210 MHz, 405 MHz, P8, 14.75 W
0, 2026/09/15 09:51:48.341, 1, 16, 210 MHz, 405 MHz, P8, 17.42 W
1, 2026/09/15 09:51:48.341, 1, 16, 210 MHz, 405 MHz, P8, 14.76 W
0, 2026/09/15 09:51:48.541, 1, 16, 210 MHz, 405 MHz, P8, 17.21 W
1, 2026/09/15 09:51:48.541, 1, 16, 210 MHz, 405 MHz, P8, 14.76 W
0, 2026/09/15 09:51:48.741, 1, 16, 210 MHz, 405 MHz, P8, 17.21 W
1, 2026/09/15 09:51:48.742, 1, 16, 210 MHz, 405 MHz, P8, 14.76 W
0, 2026/09/15 09:51:48.942, 1, 16, 210 MHz, 405 MHz, P8, 17.21 W
1, 2026/09/15 09:51:48.942, 1, 16, 210 MHz, 405 MHz, P8, 14.76 W
0, 2026/09/15 09:51:49.142, 1, 16, 210 MHz, 405 MHz, P8, 17.21 W
1, 2026/09/15 09:51:49.142, 1, 16, 210 MHz, 405 MHz, P8, 14.76 W
0, 2026/09/15 09:51:49.343, 1, 16, 210 MHz, 405 MHz, P8, 17.21 W
1, 2026/09/15 09:51:49.343, 1, 16, 210 MHz, 405 MHz, P8, 14.73 W
0, 2026/09/15 09:51:49.543, 1, 16, 210 MHz, 405 MHz, P8, 17.29 W
1, 2026/09/15 09:51:49.543, 1, 16, 210 MHz, 405 MHz, P8, 14.73 W
0, 2026/09/15 09:51:49.744, 1, 16, 210 MHz, 405 MHz, P8, 17.29 W
1, 2026/09/15 09:51:49.744, 1, 16, 210 MHz, 405 MHz, P8, 14.73 W
0, 2026/09/15 09:51:49.944, 1, 16, 210 MHz, 405 MHz, P8, 17.29 W
1, 2026/09/15 09:51:49.944, 1, 16, 210 MHz, 405 MHz, P8, 14.73 W
0, 2026/09/15 09:51:50.145, 1, 16, 210 MHz, 405 MHz, P8, 17.29 W
1, 2026/09/15 09:51:50.145, 1, 16, 210 MHz, 405 MHz, P8, 14.73 W
0, 2026/09/15 09:51:50.345, 1, 16, 210 MHz, 405 MHz, P8, 17.29 W
1, 2026/09/15 09:51:50.345, 1, 16, 210 MHz, 405 MHz, P8, 14.62 W
0, 2026/09/15 09:51:50.546, 1, 16, 210 MHz, 405 MHz, P8, 17.12 W
1, 2026/09/15 09:51:50.546, 1, 16, 210 MHz, 405 MHz, P8, 14.62 W
0, 2026/09/15 09:51:50.746, 1, 16, 210 MHz, 405 MHz, P8, 17.12 W
1, 2026/09/15 09:51:50.746, 1, 16, 210 MHz, 405 MHz, P8, 14.62 W
0, 2026/09/15 09:51:50.947, 1, 16, 210 MHz, 405 MHz, P8, 17.12 W
1, 2026/09/15 09:51:50.947, 1, 16, 210 MHz, 405 MHz, P8, 14.62 W
0, 2026/09/15 09:51:51.147, 1, 16, 210 MHz, 405 MHz, P8, 17.12 W
1, 2026/09/15 09:51:51.147, 1, 16, 210 MHz, 405 MHz, P8, 14.62 W
0, 2026/09/15 09:51:51.348, 1, 16, 210 MHz, 405 MHz, P8, 17.12 W
1, 2026/09/15 09:51:51.348, 1, 16, 210 MHz, 405 MHz, P8, 14.69 W
0, 2026/09/15 09:51:51.548, 1, 16, 210 MHz, 405 MHz, P8, 16.79 W
1, 2026/09/15 09:51:51.548, 1, 16, 210 MHz, 405 MHz, P8, 14.69 W
0, 2026/09/15 09:51:51.749, 1, 16, 210 MHz, 405 MHz, P8, 16.79 W
1, 2026/09/15 09:51:51.749, 1, 16, 210 MHz, 405 MHz, P8, 14.69 W
0, 2026/09/15 09:51:51.949, 1, 16, 210 MHz, 405 MHz, P8, 16.79 W
1, 2026/09/15 09:51:51.949, 1, 16, 210 MHz, 405 MHz, P8, 14.69 W
0, 2026/09/15 09:51:52.150, 1, 16, 210 MHz, 405 MHz, P8, 16.79 W
1, 2026/09/15 09:51:52.150, 1, 16, 210 MHz, 405 MHz, P8, 14.69 W
0, 2026/09/15 09:51:52.350, 1, 16, 210 MHz, 405 MHz, P8, 16.79 W
1, 2026/09/15 09:51:52.350, 1, 16, 210 MHz, 405 MHz, P8, 15.10 W
0, 2026/09/15 09:51:52.551, 1, 16, 210 MHz, 405 MHz, P8, 17.15 W
1, 2026/09/15 09:51:52.551, 1, 16, 210 MHz, 405 MHz, P8, 15.10 W
0, 2026/09/15 09:51:52.751, 1, 16, 210 MHz, 405 MHz, P8, 17.15 W
1, 2026/09/15 09:51:52.751, 1, 16, 210 MHz, 405 MHz, P8, 15.10 W
0, 2026/09/15 09:51:52.951, 1, 16, 210 MHz, 405 MHz, P8, 17.15 W
1, 2026/09/15 09:51:52.952, 1, 16, 210 MHz, 405 MHz, P8, 15.10 W
0, 2026/09/15 09:51:53.152, 1, 16, 210 MHz, 405 MHz, P8, 17.15 W
1, 2026/09/15 09:51:53.152, 1, 16, 210 MHz, 405 MHz, P8, 15.10 W
0, 2026/09/15 09:51:53.352, 1, 16, 210 MHz, 405 MHz, P8, 17.15 W
1, 2026/09/15 09:51:53.353, 1, 16, 210 MHz, 405 MHz, P8, 15.28 W
0, 2026/09/15 09:51:53.553, 1, 16, 210 MHz, 405 MHz, P8, 17.82 W
1, 2026/09/15 09:51:53.553, 1, 16, 210 MHz, 405 MHz, P8, 15.28 W
0, 2026/09/15 09:51:53.753, 1, 16, 210 MHz, 405 MHz, P8, 17.82 W
1, 2026/09/15 09:51:53.754, 1, 16, 210 MHz, 405 MHz, P8, 15.28 W
0, 2026/09/15 09:51:53.954, 1, 16, 210 MHz, 405 MHz, P8, 17.82 W
1, 2026/09/15 09:51:53.954, 1, 16, 210 MHz, 405 MHz, P8, 15.28 W
0, 2026/09/15 09:51:54.154, 1, 16, 210 MHz, 405 MHz, P8, 17.82 W
1, 2026/09/15 09:51:54.154, 1, 16, 210 MHz, 405 MHz, P8, 15.28 W
0, 2026/09/15 09:51:54.355, 1, 16, 210 MHz, 405 MHz, P8, 17.82 W
1, 2026/09/15 09:51:54.355, 1, 16, 210 MHz, 405 MHz, P8, 15.12 W
0, 2026/09/15 09:51:54.555, 1, 16, 210 MHz, 405 MHz, P8, 18.03 W
1, 2026/09/15 09:51:54.555, 1, 16, 210 MHz, 405 MHz, P8, 15.12 W
0, 2026/09/15 09:51:54.755, 1, 16, 210 MHz, 405 MHz, P8, 18.03 W
1, 2026/09/15 09:51:54.756, 1, 16, 210 MHz, 405 MHz, P8, 15.12 W
0, 2026/09/15 09:51:54.956, 1, 16, 210 MHz, 405 MHz, P8, 18.03 W
1, 2026/09/15 09:51:54.956, 1, 16, 210 MHz, 405 MHz, P8, 15.12 W
0, 2026/09/15 09:51:55.156, 1, 16, 210 MHz, 405 MHz, P8, 18.03 W
1, 2026/09/15 09:51:55.157, 1, 16, 210 MHz, 405 MHz, P8, 15.12 W
0, 2026/09/15 09:51:55.357, 1, 16, 210 MHz, 405 MHz, P8, 18.03 W
1, 2026/09/15 09:51:55.357, 1, 16, 210 MHz, 405 MHz, P8, 14.84 W
0, 2026/09/15 09:51:55.557, 1, 16, 210 MHz, 405 MHz, P8, 18.08 W
1, 2026/09/15 09:51:55.557, 1, 16, 210 MHz, 405 MHz, P8, 14.84 W
0, 2026/09/15 09:51:55.757, 1, 16, 210 MHz, 405 MHz, P8, 18.08 W
1, 2026/09/15 09:51:55.758, 1, 16, 210 MHz, 405 MHz, P8, 14.84 W
0, 2026/09/15 09:51:55.958, 1, 16, 210 MHz, 405 MHz, P8, 18.08 W
1, 2026/09/15 09:51:55.958, 1, 16, 210 MHz, 405 MHz, P8, 14.84 W
0, 2026/09/15 09:51:56.158, 1, 16, 210 MHz, 405 MHz, P8, 18.08 W
1, 2026/09/15 09:51:56.158, 1, 16, 210 MHz, 405 MHz, P8, 14.84 W
0, 2026/09/15 09:51:56.359, 1, 16, 210 MHz, 405 MHz, P8, 18.08 W
1, 2026/09/15 09:51:56.359, 1, 16, 210 MHz, 405 MHz, P8, 14.80 W
0, 2026/09/15 09:51:56.559, 1, 16, 210 MHz, 405 MHz, P8, 18.08 W
1, 2026/09/15 09:51:56.559, 1, 16, 210 MHz, 405 MHz, P8, 14.80 W
0, 2026/09/15 09:51:56.760, 1, 16, 210 MHz, 405 MHz, P8, 18.08 W
1, 2026/09/15 09:51:56.760, 1, 16, 210 MHz, 405 MHz, P8, 14.80 W
0, 2026/09/15 09:51:56.960, 1, 16, 210 MHz, 405 MHz, P8, 18.26 W
1, 2026/09/15 09:51:56.960, 1, 16, 210 MHz, 405 MHz, P8, 14.80 W
0, 2026/09/15 09:51:57.161, 1, 16, 210 MHz, 405 MHz, P8, 18.26 W
1, 2026/09/15 09:51:57.161, 1, 16, 210 MHz, 405 MHz, P8, 14.80 W
0, 2026/09/15 09:51:57.361, 1, 16, 210 MHz, 405 MHz, P8, 18.26 W
1, 2026/09/15 09:51:57.361, 1, 16, 210 MHz, 405 MHz, P8, 14.58 W
0, 2026/09/15 09:51:57.562, 1, 16, 210 MHz, 405 MHz, P8, 18.26 W
1, 2026/09/15 09:51:57.562, 1, 16, 210 MHz, 405 MHz, P8, 14.58 W
0, 2026/09/15 09:51:57.762, 1, 16, 210 MHz, 405 MHz, P8, 18.26 W
1, 2026/09/15 09:51:57.762, 1, 16, 210 MHz, 405 MHz, P8, 14.58 W
0, 2026/09/15 09:51:57.963, 1, 16, 210 MHz, 405 MHz, P8, 17.91 W
1, 2026/09/15 09:51:57.963, 1, 16, 210 MHz, 405 MHz, P8, 14.58 W
0, 2026/09/15 09:51:58.163, 1, 16, 210 MHz, 405 MHz, P8, 17.91 W
1, 2026/09/15 09:51:58.163, 1, 16, 210 MHz, 405 MHz, P8, 14.58 W
0, 2026/09/15 09:51:58.363, 1, 16, 210 MHz, 405 MHz, P8, 17.91 W
1, 2026/09/15 09:51:58.364, 1, 16, 210 MHz, 405 MHz, P8, 14.17 W
0, 2026/09/15 09:51:58.564, 1, 16, 210 MHz, 405 MHz, P8, 17.91 W
1, 2026/09/15 09:51:58.564, 1, 16, 210 MHz, 405 MHz, P8, 14.17 W
0, 2026/09/15 09:51:58.764, 1, 16, 210 MHz, 405 MHz, P8, 17.91 W
1, 2026/09/15 09:51:58.765, 1, 16, 210 MHz, 405 MHz, P8, 14.17 W
0, 2026/09/15 09:51:58.965, 1, 16, 210 MHz, 405 MHz, P8, 17.42 W
1, 2026/09/15 09:51:58.965, 1, 16, 210 MHz, 405 MHz, P8, 14.17 W
0, 2026/09/15 09:51:59.165, 1, 16, 210 MHz, 405 MHz, P8, 17.42 W
1, 2026/09/15 09:51:59.165, 1, 16, 210 MHz, 405 MHz, P8, 14.17 W
0, 2026/09/15 09:51:59.366, 1, 16, 210 MHz, 405 MHz, P8, 17.42 W
1, 2026/09/15 09:51:59.366, 1, 16, 210 MHz, 405 MHz, P8, 14.14 W
0, 2026/09/15 09:51:59.566, 1, 16, 210 MHz, 405 MHz, P8, 17.42 W
1, 2026/09/15 09:51:59.566, 1, 16, 210 MHz, 405 MHz, P8, 14.14 W
0, 2026/09/15 09:51:59.767, 1, 16, 210 MHz, 405 MHz, P8, 17.42 W
1, 2026/09/15 09:51:59.767, 1, 16, 210 MHz, 405 MHz, P8, 14.14 W
0, 2026/09/15 09:51:59.967, 1, 16, 210 MHz, 405 MHz, P8, 17.38 W
1, 2026/09/15 09:51:59.967, 1, 16, 210 MHz, 405 MHz, P8, 14.14 W
0, 2026/09/15 09:52:00.167, 1, 16, 210 MHz, 405 MHz, P8, 17.38 W
1, 2026/09/15 09:52:00.168, 1, 16, 210 MHz, 405 MHz, P8, 14.14 W
0, 2026/09/15 09:52:00.368, 1, 16, 210 MHz, 405 MHz, P8, 17.38 W
1, 2026/09/15 09:52:00.368, 1, 16, 210 MHz, 405 MHz, P8, 14.13 W
0, 2026/09/15 09:52:00.568, 1, 16, 210 MHz, 405 MHz, P8, 17.38 W
1, 2026/09/15 09:52:00.568, 1, 16, 210 MHz, 405 MHz, P8, 14.13 W
0, 2026/09/15 09:52:00.768, 1, 16, 210 MHz, 405 MHz, P8, 17.38 W
1, 2026/09/15 09:52:00.769, 1, 16, 210 MHz, 405 MHz, P8, 14.13 W
0, 2026/09/15 09:52:00.969, 1, 16, 210 MHz, 405 MHz, P8, 17.83 W
1, 2026/09/15 09:52:00.969, 1, 16, 210 MHz, 405 MHz, P8, 14.13 W
0, 2026/09/15 09:52:01.169, 1, 16, 210 MHz, 405 MHz, P8, 17.83 W
1, 2026/09/15 09:52:01.169, 1, 16, 210 MHz, 405 MHz, P8, 14.13 W
0, 2026/09/15 09:52:01.369, 1, 16, 210 MHz, 405 MHz, P8, 17.83 W
1, 2026/09/15 09:52:01.370, 1, 16, 210 MHz, 405 MHz, P8, 14.22 W
0, 2026/09/15 09:52:01.570, 1, 16, 210 MHz, 405 MHz, P8, 17.83 W
1, 2026/09/15 09:52:01.570, 1, 16, 210 MHz, 405 MHz, P8, 14.22 W
0, 2026/09/15 09:52:01.770, 1, 16, 210 MHz, 405 MHz, P8, 17.83 W
1, 2026/09/15 09:52:01.771, 1, 16, 210 MHz, 405 MHz, P8, 14.22 W
0, 2026/09/15 09:52:01.971, 1, 16, 210 MHz, 405 MHz, P8, 18.00 W
1, 2026/09/15 09:52:01.971, 1, 16, 210 MHz, 405 MHz, P8, 14.22 W
0, 2026/09/15 09:52:02.171, 1, 16, 210 MHz, 405 MHz, P8, 18.00 W
1, 2026/09/15 09:52:02.171, 1, 16, 210 MHz, 405 MHz, P8, 14.22 W
0, 2026/09/15 09:52:02.372, 1, 16, 210 MHz, 405 MHz, P8, 18.00 W
1, 2026/09/15 09:52:02.372, 1, 16, 210 MHz, 405 MHz, P8, 14.22 W
0, 2026/09/15 09:52:02.572, 1, 16, 210 MHz, 405 MHz, P8, 18.00 W
1, 2026/09/15 09:52:02.572, 1, 16, 210 MHz, 405 MHz, P8, 14.22 W
0, 2026/09/15 09:52:02.773, 1, 16, 210 MHz, 405 MHz, P8, 18.00 W
1, 2026/09/15 09:52:02.773, 1, 16, 210 MHz, 405 MHz, P8, 14.22 W
0, 2026/09/15 09:52:02.973, 1, 16, 210 MHz, 405 MHz, P8, 17.66 W
1, 2026/09/15 09:52:02.973, 1, 16, 210 MHz, 405 MHz, P8, 14.22 W
0, 2026/09/15 09:52:03.173, 1, 16, 210 MHz, 405 MHz, P8, 17.66 W
1, 2026/09/15 09:52:03.174, 1, 16, 210 MHz, 405 MHz, P8, 14.22 W
0, 2026/09/15 09:52:03.374, 1, 16, 210 MHz, 405 MHz, P8, 17.66 W
1, 2026/09/15 09:52:03.374, 1, 16, 210 MHz, 405 MHz, P8, 14.07 W
0, 2026/09/15 09:52:03.574, 1, 16, 210 MHz, 405 MHz, P8, 17.66 W
1, 2026/09/15 09:52:03.574, 1, 16, 210 MHz, 405 MHz, P8, 14.07 W
0, 2026/09/15 09:52:03.775, 1, 16, 210 MHz, 405 MHz, P8, 17.66 W
1, 2026/09/15 09:52:03.775, 1, 16, 210 MHz, 405 MHz, P8, 14.07 W
0, 2026/09/15 09:52:03.975, 1, 16, 210 MHz, 405 MHz, P8, 17.19 W
1, 2026/09/15 09:52:03.975, 1, 16, 210 MHz, 405 MHz, P8, 14.07 W
0, 2026/09/15 09:52:04.175, 1, 16, 210 MHz, 405 MHz, P8, 17.19 W
1, 2026/09/15 09:52:04.175, 1, 16, 210 MHz, 405 MHz, P8, 14.07 W
0, 2026/09/15 09:52:04.376, 1, 16, 210 MHz, 405 MHz, P8, 17.19 W
1, 2026/09/15 09:52:04.376, 1, 16, 210 MHz, 405 MHz, P8, 14.32 W
0, 2026/09/15 09:52:04.576, 1, 16, 210 MHz, 405 MHz, P8, 17.19 W
1, 2026/09/15 09:52:04.576, 1, 16, 210 MHz, 405 MHz, P8, 14.32 W
0, 2026/09/15 09:52:04.776, 1, 16, 210 MHz, 405 MHz, P8, 17.19 W
1, 2026/09/15 09:52:04.776, 1, 16, 210 MHz, 405 MHz, P8, 14.32 W
0, 2026/09/15 09:52:04.976, 1, 16, 210 MHz, 405 MHz, P8, 16.97 W
1, 2026/09/15 09:52:04.976, 1, 16, 210 MHz, 405 MHz, P8, 14.32 W
0, 2026/09/15 09:52:05.177, 1, 16, 210 MHz, 405 MHz, P8, 16.97 W
1, 2026/09/15 09:52:05.177, 1, 16, 210 MHz, 405 MHz, P8, 14.32 W
0, 2026/09/15 09:52:05.377, 1, 16, 210 MHz, 405 MHz, P8, 16.97 W
1, 2026/09/15 09:52:05.377, 1, 16, 210 MHz, 405 MHz, P8, 14.47 W
0, 2026/09/15 09:52:05.577, 1, 16, 210 MHz, 405 MHz, P8, 16.97 W
1, 2026/09/15 09:52:05.578, 1, 16, 210 MHz, 405 MHz, P8, 14.47 W
0, 2026/09/15 09:52:05.778, 1, 16, 210 MHz, 405 MHz, P8, 16.97 W
1, 2026/09/15 09:52:05.778, 1, 16, 210 MHz, 405 MHz, P8, 14.47 W
0, 2026/09/15 09:52:05.978, 1, 16, 210 MHz, 405 MHz, P8, 17.04 W
1, 2026/09/15 09:52:05.978, 1, 16, 210 MHz, 405 MHz, P8, 14.47 W
0, 2026/09/15 09:52:06.178, 1, 16, 210 MHz, 405 MHz, P8, 17.04 W
1, 2026/09/15 09:52:06.178, 1, 16, 210 MHz, 405 MHz, P8, 14.47 W
0, 2026/09/15 09:52:06.379, 1, 16, 210 MHz, 405 MHz, P8, 17.04 W
1, 2026/09/15 09:52:06.379, 1, 16, 210 MHz, 405 MHz, P8, 14.26 W
0, 2026/09/15 09:52:06.579, 1, 16, 210 MHz, 405 MHz, P8, 17.04 W
1, 2026/09/15 09:52:06.579, 1, 16, 210 MHz, 405 MHz, P8, 14.26 W
0, 2026/09/15 09:52:06.779, 1, 16, 210 MHz, 405 MHz, P8, 17.04 W
1, 2026/09/15 09:52:06.780, 1, 16, 210 MHz, 405 MHz, P8, 14.26 W
0, 2026/09/15 09:52:06.980, 1, 16, 210 MHz, 405 MHz, P8, 17.15 W
1, 2026/09/15 09:52:06.980, 1, 16, 210 MHz, 405 MHz, P8, 14.26 W
0, 2026/09/15 09:52:07.180, 1, 16, 210 MHz, 405 MHz, P8, 17.15 W
1, 2026/09/15 09:52:07.180, 1, 16, 210 MHz, 405 MHz, P8, 14.26 W
0, 2026/09/15 09:52:07.380, 1, 16, 210 MHz, 405 MHz, P8, 17.15 W
1, 2026/09/15 09:52:07.380, 1, 16, 210 MHz, 405 MHz, P8, 14.26 W
0, 2026/09/15 09:52:07.581, 1, 16, 210 MHz, 405 MHz, P8, 17.15 W
1, 2026/09/15 09:52:07.581, 1, 16, 210 MHz, 405 MHz, P8, 14.26 W
0, 2026/09/15 09:52:07.781, 1, 16, 210 MHz, 405 MHz, P8, 17.15 W
1, 2026/09/15 09:52:07.781, 1, 16, 210 MHz, 405 MHz, P8, 14.26 W
0, 2026/09/15 09:52:07.981, 1, 16, 210 MHz, 405 MHz, P8, 17.34 W
1, 2026/09/15 09:52:07.981, 1, 16, 210 MHz, 405 MHz, P8, 14.26 W
0, 2026/09/15 09:52:08.181, 1, 16, 210 MHz, 405 MHz, P8, 17.34 W
1, 2026/09/15 09:52:08.181, 1, 16, 210 MHz, 405 MHz, P8, 14.26 W
0, 2026/09/15 09:52:08.382, 1, 16, 210 MHz, 405 MHz, P8, 17.34 W
1, 2026/09/15 09:52:08.382, 1, 16, 210 MHz, 405 MHz, P8, 14.33 W
0, 2026/09/15 09:52:08.582, 1, 16, 210 MHz, 405 MHz, P8, 17.34 W
1, 2026/09/15 09:52:08.582, 1, 16, 210 MHz, 405 MHz, P8, 14.33 W
0, 2026/09/15 09:52:08.782, 1, 16, 210 MHz, 405 MHz, P8, 17.34 W
1, 2026/09/15 09:52:08.782, 1, 16, 210 MHz, 405 MHz, P8, 14.33 W
0, 2026/09/15 09:52:08.982, 1, 16, 210 MHz, 405 MHz, P8, 17.43 W
1, 2026/09/15 09:52:08.982, 1, 16, 210 MHz, 405 MHz, P8, 14.33 W
0, 2026/09/15 09:52:09.183, 1, 16, 210 MHz, 405 MHz, P8, 17.43 W
1, 2026/09/15 09:52:09.183, 1, 16, 210 MHz, 405 MHz, P8, 14.33 W
0, 2026/09/15 09:52:09.383, 1, 16, 210 MHz, 405 MHz, P8, 17.43 W
1, 2026/09/15 09:52:09.383, 1, 16, 210 MHz, 405 MHz, P8, 14.28 W
0, 2026/09/15 09:52:09.583, 1, 16, 210 MHz, 405 MHz, P8, 17.43 W
1, 2026/09/15 09:52:09.583, 1, 16, 210 MHz, 405 MHz, P8, 14.28 W
0, 2026/09/15 09:52:09.783, 1, 16, 210 MHz, 405 MHz, P8, 17.43 W
1, 2026/09/15 09:52:09.783, 1, 16, 210 MHz, 405 MHz, P8, 14.28 W
0, 2026/09/15 09:52:09.984, 1, 16, 210 MHz, 405 MHz, P8, 17.01 W
1, 2026/09/15 09:52:09.984, 1, 16, 210 MHz, 405 MHz, P8, 14.28 W
0, 2026/09/15 09:52:10.184, 1, 16, 210 MHz, 405 MHz, P8, 17.01 W
1, 2026/09/15 09:52:10.184, 1, 16, 210 MHz, 405 MHz, P8, 14.28 W
0, 2026/09/15 09:52:10.384, 1, 16, 210 MHz, 405 MHz, P8, 17.01 W
1, 2026/09/15 09:52:10.384, 1, 16, 210 MHz, 405 MHz, P8, 14.14 W
0, 2026/09/15 09:52:10.584, 1, 16, 210 MHz, 405 MHz, P8, 17.01 W
1, 2026/09/15 09:52:10.584, 1, 16, 210 MHz, 405 MHz, P8, 14.14 W
0, 2026/09/15 09:52:10.785, 1, 16, 210 MHz, 405 MHz, P8, 17.01 W
1, 2026/09/15 09:52:10.785, 1, 16, 210 MHz, 405 MHz, P8, 14.14 W
0, 2026/09/15 09:52:10.985, 1, 16, 210 MHz, 405 MHz, P8, 16.12 W
1, 2026/09/15 09:52:10.985, 1, 16, 210 MHz, 405 MHz, P8, 14.14 W
0, 2026/09/15 09:52:11.185, 1, 16, 210 MHz, 405 MHz, P8, 16.12 W
1, 2026/09/15 09:52:11.185, 1, 16, 210 MHz, 405 MHz, P8, 14.14 W
0, 2026/09/15 09:52:11.385, 1, 16, 210 MHz, 405 MHz, P8, 16.12 W
1, 2026/09/15 09:52:11.385, 1, 16, 210 MHz, 405 MHz, P8, 14.03 W
0, 2026/09/15 09:52:11.586, 1, 16, 210 MHz, 405 MHz, P8, 16.12 W
1, 2026/09/15 09:52:11.586, 1, 16, 210 MHz, 405 MHz, P8, 14.03 W
0, 2026/09/15 09:52:11.786, 1, 16, 210 MHz, 405 MHz, P8, 16.12 W
1, 2026/09/15 09:52:11.786, 1, 16, 210 MHz, 405 MHz, P8, 14.03 W
0, 2026/09/15 09:52:11.986, 1, 16, 210 MHz, 405 MHz, P8, 15.79 W
1, 2026/09/15 09:52:11.986, 1, 16, 210 MHz, 405 MHz, P8, 14.03 W
0, 2026/09/15 09:52:12.186, 1, 16, 210 MHz, 405 MHz, P8, 15.79 W
1, 2026/09/15 09:52:12.186, 1, 16, 210 MHz, 405 MHz, P8, 14.03 W
0, 2026/09/15 09:52:12.387, 1, 16, 210 MHz, 405 MHz, P8, 15.79 W
1, 2026/09/15 09:52:12.387, 1, 16, 210 MHz, 405 MHz, P8, 13.95 W
0, 2026/09/15 09:52:12.587, 1, 16, 210 MHz, 405 MHz, P8, 15.79 W
1, 2026/09/15 09:52:12.587, 1, 16, 210 MHz, 405 MHz, P8, 13.95 W
0, 2026/09/15 09:52:12.787, 1, 16, 210 MHz, 405 MHz, P8, 15.79 W
1, 2026/09/15 09:52:12.787, 1, 16, 210 MHz, 405 MHz, P8, 13.95 W
0, 2026/09/15 09:52:12.987, 1, 16, 210 MHz, 405 MHz, P8, 16.17 W
1, 2026/09/15 09:52:12.987, 1, 16, 210 MHz, 405 MHz, P8, 13.95 W
0, 2026/09/15 09:52:13.188, 1, 16, 210 MHz, 405 MHz, P8, 16.17 W
1, 2026/09/15 09:52:13.188, 1, 16, 210 MHz, 405 MHz, P8, 13.95 W
0, 2026/09/15 09:52:13.388, 1, 16, 210 MHz, 405 MHz, P8, 16.17 W
1, 2026/09/15 09:52:13.388, 1, 16, 210 MHz, 405 MHz, P8, 14.00 W
0, 2026/09/15 09:52:13.588, 1, 16, 210 MHz, 405 MHz, P8, 16.17 W
1, 2026/09/15 09:52:13.589, 1, 16, 210 MHz, 405 MHz, P8, 14.00 W
0, 2026/09/15 09:52:13.789, 1, 16, 210 MHz, 405 MHz, P8, 16.17 W
1, 2026/09/15 09:52:13.789, 1, 16, 210 MHz, 405 MHz, P8, 14.00 W
0, 2026/09/15 09:52:13.989, 1, 16, 210 MHz, 405 MHz, P8, 15.80 W
1, 2026/09/15 09:52:13.989, 1, 16, 210 MHz, 405 MHz, P8, 14.00 W
0, 2026/09/15 09:52:14.190, 1, 16, 210 MHz, 405 MHz, P8, 15.80 W
1, 2026/09/15 09:52:14.190, 1, 16, 210 MHz, 405 MHz, P8, 14.00 W
0, 2026/09/15 09:52:14.390, 1, 16, 210 MHz, 405 MHz, P8, 15.80 W
1, 2026/09/15 09:52:14.390, 1, 16, 210 MHz, 405 MHz, P8, 14.09 W
0, 2026/09/15 09:52:14.591, 1, 16, 210 MHz, 405 MHz, P8, 15.80 W
1, 2026/09/15 09:52:14.591, 1, 16, 210 MHz, 405 MHz, P8, 14.09 W
0, 2026/09/15 09:52:14.791, 1, 16, 210 MHz, 405 MHz, P8, 15.80 W
1, 2026/09/15 09:52:14.791, 1, 16, 210 MHz, 405 MHz, P8, 14.09 W
0, 2026/09/15 09:52:14.991, 1, 16, 210 MHz, 405 MHz, P8, 15.44 W
1, 2026/09/15 09:52:14.991, 1, 16, 210 MHz, 405 MHz, P8, 14.09 W
0, 2026/09/15 09:52:15.191, 1, 16, 210 MHz, 405 MHz, P8, 15.44 W
1, 2026/09/15 09:52:15.191, 1, 16, 210 MHz, 405 MHz, P8, 14.09 W
0, 2026/09/15 09:52:15.392, 1, 16, 210 MHz, 405 MHz, P8, 15.44 W
1, 2026/09/15 09:52:15.392, 1, 16, 210 MHz, 405 MHz, P8, 14.04 W
0, 2026/09/15 09:52:15.592, 1, 16, 210 MHz, 405 MHz, P8, 15.44 W
1, 2026/09/15 09:52:15.592, 1, 16, 210 MHz, 405 MHz, P8, 14.04 W
0, 2026/09/15 09:52:15.792, 1, 16, 210 MHz, 405 MHz, P8, 15.44 W
1, 2026/09/15 09:52:15.793, 1, 16, 210 MHz, 405 MHz, P8, 14.04 W
0, 2026/09/15 09:52:15.993, 1, 16, 210 MHz, 405 MHz, P8, 15.56 W
1, 2026/09/15 09:52:15.993, 1, 16, 210 MHz, 405 MHz, P8, 14.04 W
0, 2026/09/15 09:52:16.193, 1, 16, 210 MHz, 405 MHz, P8, 15.56 W
1, 2026/09/15 09:52:16.193, 1, 16, 210 MHz, 405 MHz, P8, 14.04 W
0, 2026/09/15 09:52:16.393, 1, 16, 210 MHz, 405 MHz, P8, 15.56 W
1, 2026/09/15 09:52:16.393, 1, 16, 210 MHz, 405 MHz, P8, 14.01 W
0, 2026/09/15 09:52:16.593, 1, 16, 210 MHz, 405 MHz, P8, 15.56 W
1, 2026/09/15 09:52:16.594, 1, 16, 210 MHz, 405 MHz, P8, 14.01 W
0, 2026/09/15 09:52:16.794, 1, 16, 210 MHz, 405 MHz, P8, 15.56 W
1, 2026/09/15 09:52:16.794, 1, 16, 210 MHz, 405 MHz, P8, 14.01 W
0, 2026/09/15 09:52:16.994, 1, 16, 210 MHz, 405 MHz, P8, 15.37 W
1, 2026/09/15 09:52:16.994, 1, 16, 210 MHz, 405 MHz, P8, 14.01 W
0, 2026/09/15 09:52:17.194, 1, 16, 210 MHz, 405 MHz, P8, 15.37 W
1, 2026/09/15 09:52:17.194, 1, 16, 210 MHz, 405 MHz, P8, 14.01 W
0, 2026/09/15 09:52:17.395, 1, 16, 210 MHz, 405 MHz, P8, 15.37 W
1, 2026/09/15 09:52:17.395, 1, 16, 210 MHz, 405 MHz, P8, 14.15 W
0, 2026/09/15 09:52:17.595, 1, 16, 210 MHz, 405 MHz, P8, 15.37 W
1, 2026/09/15 09:52:17.595, 1, 16, 210 MHz, 405 MHz, P8, 14.15 W
0, 2026/09/15 09:52:17.795, 1, 16, 210 MHz, 405 MHz, P8, 15.37 W
1, 2026/09/15 09:52:17.795, 1, 16, 210 MHz, 405 MHz, P8, 14.15 W
0, 2026/09/15 09:52:17.995, 1, 16, 210 MHz, 405 MHz, P8, 15.08 W
1, 2026/09/15 09:52:17.995, 1, 16, 210 MHz, 405 MHz, P8, 14.15 W
0, 2026/09/15 09:52:18.196, 1, 16, 210 MHz, 405 MHz, P8, 15.08 W
1, 2026/09/15 09:52:18.196, 1, 16, 210 MHz, 405 MHz, P8, 14.15 W
0, 2026/09/15 09:52:18.396, 1, 16, 210 MHz, 405 MHz, P8, 15.08 W
1, 2026/09/15 09:52:18.396, 1, 16, 210 MHz, 405 MHz, P8, 14.11 W
0, 2026/09/15 09:52:18.596, 1, 16, 210 MHz, 405 MHz, P8, 15.08 W
1, 2026/09/15 09:52:18.596, 1, 16, 210 MHz, 405 MHz, P8, 14.11 W
0, 2026/09/15 09:52:18.797, 1, 16, 210 MHz, 405 MHz, P8, 15.08 W
1, 2026/09/15 09:52:18.797, 1, 16, 210 MHz, 405 MHz, P8, 14.11 W
0, 2026/09/15 09:52:18.997, 1, 16, 210 MHz, 405 MHz, P8, 14.89 W
1, 2026/09/15 09:52:18.997, 1, 16, 210 MHz, 405 MHz, P8, 14.11 W
0, 2026/09/15 09:52:19.197, 1, 16, 210 MHz, 405 MHz, P8, 14.89 W
1, 2026/09/15 09:52:19.197, 1, 16, 210 MHz, 405 MHz, P8, 14.11 W
0, 2026/09/15 09:52:19.397, 1, 16, 210 MHz, 405 MHz, P8, 14.89 W
1, 2026/09/15 09:52:19.397, 1, 16, 210 MHz, 405 MHz, P8, 14.16 W
0, 2026/09/15 09:52:19.598, 1, 16, 210 MHz, 405 MHz, P8, 14.89 W
1, 2026/09/15 09:52:19.598, 1, 16, 210 MHz, 405 MHz, P8, 14.16 W
0, 2026/09/15 09:52:19.798, 1, 16, 210 MHz, 405 MHz, P8, 14.89 W
1, 2026/09/15 09:52:19.798, 1, 16, 210 MHz, 405 MHz, P8, 14.16 W
0, 2026/09/15 09:52:19.998, 1, 16, 210 MHz, 405 MHz, P8, 14.76 W
1, 2026/09/15 09:52:19.999, 1, 16, 210 MHz, 405 MHz, P8, 14.16 W
0, 2026/09/15 09:52:20.199, 1, 16, 210 MHz, 405 MHz, P8, 14.76 W
1, 2026/09/15 09:52:20.199, 1, 16, 210 MHz, 405 MHz, P8, 14.16 W
0, 2026/09/15 09:52:20.399, 1, 16, 210 MHz, 405 MHz, P8, 14.76 W
1, 2026/09/15 09:52:20.399, 1, 16, 210 MHz, 405 MHz, P8, 14.27 W
0, 2026/09/15 09:52:20.599, 1, 16, 210 MHz, 405 MHz, P8, 14.76 W
1, 2026/09/15 09:52:20.599, 1, 16, 210 MHz, 405 MHz, P8, 14.27 W
0, 2026/09/15 09:52:20.800, 1, 16, 210 MHz, 405 MHz, P8, 14.76 W
1, 2026/09/15 09:52:20.800, 1, 16, 210 MHz, 405 MHz, P8, 14.27 W
0, 2026/09/15 09:52:21.000, 1, 16, 210 MHz, 405 MHz, P8, 14.78 W
1, 2026/09/15 09:52:21.000, 1, 16, 210 MHz, 405 MHz, P8, 14.27 W
0, 2026/09/15 09:52:21.200, 1, 16, 210 MHz, 405 MHz, P8, 14.78 W
1, 2026/09/15 09:52:21.200, 1, 16, 210 MHz, 405 MHz, P8, 14.27 W
0, 2026/09/15 09:52:21.400, 1, 16, 210 MHz, 405 MHz, P8, 14.78 W
1, 2026/09/15 09:52:21.400, 1, 16, 210 MHz, 405 MHz, P8, 14.26 W
0, 2026/09/15 09:52:21.601, 1, 16, 210 MHz, 405 MHz, P8, 14.78 W
1, 2026/09/15 09:52:21.601, 1, 16, 210 MHz, 405 MHz, P8, 14.26 W
0, 2026/09/15 09:52:21.801, 1, 16, 210 MHz, 405 MHz, P8, 14.78 W
1, 2026/09/15 09:52:21.801, 1, 16, 210 MHz, 405 MHz, P8, 14.26 W
0, 2026/09/15 09:52:22.001, 1, 16, 210 MHz, 405 MHz, P8, 14.95 W
1, 2026/09/15 09:52:22.001, 1, 16, 210 MHz, 405 MHz, P8, 14.26 W
0, 2026/09/15 09:52:22.201, 1, 16, 210 MHz, 405 MHz, P8, 14.95 W
1, 2026/09/15 09:52:22.201, 1, 16, 210 MHz, 405 MHz, P8, 14.26 W
0, 2026/09/15 09:52:22.402, 1, 16, 210 MHz, 405 MHz, P8, 14.95 W
1, 2026/09/15 09:52:22.402, 1, 16, 210 MHz, 405 MHz, P8, 14.20 W
0, 2026/09/15 09:52:22.602, 1, 16, 210 MHz, 405 MHz, P8, 14.95 W
1, 2026/09/15 09:52:22.602, 1, 16, 210 MHz, 405 MHz, P8, 14.20 W
0, 2026/09/15 09:52:22.802, 1, 16, 210 MHz, 405 MHz, P8, 14.95 W
1, 2026/09/15 09:52:22.802, 1, 16, 210 MHz, 405 MHz, P8, 14.20 W
0, 2026/09/15 09:52:23.002, 1, 16, 210 MHz, 405 MHz, P8, 14.85 W
1, 2026/09/15 09:52:23.002, 1, 16, 210 MHz, 405 MHz, P8, 14.20 W
0, 2026/09/15 09:52:23.203, 1, 16, 210 MHz, 405 MHz, P8, 14.85 W
1, 2026/09/15 09:52:23.203, 1, 16, 210 MHz, 405 MHz, P8, 14.20 W
0, 2026/09/15 09:52:23.403, 1, 16, 210 MHz, 405 MHz, P8, 14.85 W
1, 2026/09/15 09:52:23.403, 1, 16, 210 MHz, 405 MHz, P8, 14.17 W
0, 2026/09/15 09:52:23.603, 1, 16, 210 MHz, 405 MHz, P8, 14.85 W
1, 2026/09/15 09:52:23.604, 1, 16, 210 MHz, 405 MHz, P8, 14.17 W
0, 2026/09/15 09:52:23.804, 1, 16, 210 MHz, 405 MHz, P8, 14.85 W
1, 2026/09/15 09:52:23.804, 1, 16, 210 MHz, 405 MHz, P8, 14.17 W
0, 2026/09/15 09:52:24.004, 1, 16, 210 MHz, 405 MHz, P8, 14.91 W
1, 2026/09/15 09:52:24.004, 1, 16, 210 MHz, 405 MHz, P8, 14.17 W
0, 2026/09/15 09:52:24.204, 1, 16, 210 MHz, 405 MHz, P8, 14.91 W
1, 2026/09/15 09:52:24.205, 1, 16, 210 MHz, 405 MHz, P8, 14.17 W
0, 2026/09/15 09:52:24.405, 1, 16, 210 MHz, 405 MHz, P8, 14.91 W
1, 2026/09/15 09:52:24.405, 1, 16, 210 MHz, 405 MHz, P8, 14.12 W
0, 2026/09/15 09:52:24.605, 1, 16, 210 MHz, 405 MHz, P8, 14.91 W
1, 2026/09/15 09:52:24.606, 1, 16, 210 MHz, 405 MHz, P8, 14.12 W
0, 2026/09/15 09:52:24.806, 1, 16, 210 MHz, 405 MHz, P8, 14.91 W
1, 2026/09/15 09:52:24.806, 1, 16, 210 MHz, 405 MHz, P8, 14.12 W
0, 2026/09/15 09:52:25.007, 1, 16, 210 MHz, 405 MHz, P8, 15.00 W
1, 2026/09/15 09:52:25.007, 1, 16, 210 MHz, 405 MHz, P8, 14.12 W
0, 2026/09/15 09:52:25.207, 1, 16, 210 MHz, 405 MHz, P8, 15.00 W
1, 2026/09/15 09:52:25.208, 1, 16, 210 MHz, 405 MHz, P8, 14.12 W
0, 2026/09/15 09:52:25.408, 1, 16, 210 MHz, 405 MHz, P8, 15.00 W
1, 2026/09/15 09:52:25.408, 1, 16, 210 MHz, 405 MHz, P8, 14.18 W
0, 2026/09/15 09:52:25.608, 1, 16, 210 MHz, 405 MHz, P8, 15.00 W
1, 2026/09/15 09:52:25.608, 1, 16, 210 MHz, 405 MHz, P8, 14.18 W
0, 2026/09/15 09:52:25.808, 1, 16, 210 MHz, 405 MHz, P8, 15.00 W
1, 2026/09/15 09:52:25.808, 1, 16, 210 MHz, 405 MHz, P8, 14.18 W
0, 2026/09/15 09:52:26.009, 1, 16, 210 MHz, 405 MHz, P8, 14.91 W
1, 2026/09/15 09:52:26.009, 1, 16, 210 MHz, 405 MHz, P8, 14.18 W
0, 2026/09/15 09:52:26.209, 1, 16, 210 MHz, 405 MHz, P8, 14.91 W
1, 2026/09/15 09:52:26.209, 1, 16, 210 MHz, 405 MHz, P8, 14.18 W
0, 2026/09/15 09:52:26.409, 1, 16, 210 MHz, 405 MHz, P8, 14.91 W
1, 2026/09/15 09:52:26.409, 1, 16, 210 MHz, 405 MHz, P8, 14.10 W
0, 2026/09/15 09:52:26.609, 1, 16, 210 MHz, 405 MHz, P8, 14.91 W
1, 2026/09/15 09:52:26.609, 1, 16, 210 MHz, 405 MHz, P8, 14.10 W
0, 2026/09/15 09:52:26.810, 1, 16, 210 MHz, 405 MHz, P8, 14.91 W
1, 2026/09/15 09:52:26.810, 1, 16, 210 MHz, 405 MHz, P8, 14.10 W
0, 2026/09/15 09:52:27.010, 1, 16, 210 MHz, 405 MHz, P8, 15.08 W
1, 2026/09/15 09:52:27.010, 1, 16, 210 MHz, 405 MHz, P8, 14.10 W
0, 2026/09/15 09:52:27.210, 1, 16, 210 MHz, 405 MHz, P8, 15.08 W
1, 2026/09/15 09:52:27.210, 1, 16, 210 MHz, 405 MHz, P8, 14.10 W
0, 2026/09/15 09:52:27.410, 1, 16, 210 MHz, 405 MHz, P8, 15.08 W
1, 2026/09/15 09:52:27.410, 1, 16, 210 MHz, 405 MHz, P8, 13.89 W
0, 2026/09/15 09:52:27.610, 1, 16, 210 MHz, 405 MHz, P8, 15.08 W
1, 2026/09/15 09:52:27.611, 1, 16, 210 MHz, 405 MHz, P8, 13.89 W
0, 2026/09/15 09:52:27.811, 1, 16, 210 MHz, 405 MHz, P8, 15.08 W
1, 2026/09/15 09:52:27.811, 1, 16, 210 MHz, 405 MHz, P8, 13.89 W
0, 2026/09/15 09:52:28.011, 1, 16, 210 MHz, 405 MHz, P8, 15.01 W
1, 2026/09/15 09:52:28.011, 1, 16, 210 MHz, 405 MHz, P8, 13.89 W
0, 2026/09/15 09:52:28.211, 1, 16, 210 MHz, 405 MHz, P8, 15.01 W
1, 2026/09/15 09:52:28.212, 1, 16, 210 MHz, 405 MHz, P8, 13.89 W
0, 2026/09/15 09:52:28.412, 1, 16, 210 MHz, 405 MHz, P8, 15.01 W
1, 2026/09/15 09:52:28.412, 1, 16, 210 MHz, 405 MHz, P8, 13.92 W
0, 2026/09/15 09:52:28.612, 1, 16, 210 MHz, 405 MHz, P8, 15.01 W
1, 2026/09/15 09:52:28.612, 1, 16, 210 MHz, 405 MHz, P8, 13.92 W
0, 2026/09/15 09:52:28.813, 1, 16, 210 MHz, 405 MHz, P8, 15.01 W
1, 2026/09/15 09:52:28.813, 1, 16, 210 MHz, 405 MHz, P8, 13.92 W
0, 2026/09/15 09:52:29.013, 1, 16, 210 MHz, 405 MHz, P8, 14.90 W
1, 2026/09/15 09:52:29.013, 1, 16, 210 MHz, 405 MHz, P8, 13.92 W
0, 2026/09/15 09:52:29.213, 1, 16, 210 MHz, 405 MHz, P8, 14.90 W
1, 2026/09/15 09:52:29.213, 1, 16, 210 MHz, 405 MHz, P8, 13.92 W
0, 2026/09/15 09:52:29.414, 1, 16, 210 MHz, 405 MHz, P8, 14.90 W
1, 2026/09/15 09:52:29.414, 1, 16, 210 MHz, 405 MHz, P8, 13.88 W
0, 2026/09/15 09:52:29.614, 1, 16, 210 MHz, 405 MHz, P8, 14.90 W
1, 2026/09/15 09:52:29.614, 1, 16, 210 MHz, 405 MHz, P8, 13.88 W
0, 2026/09/15 09:52:29.814, 1, 16, 210 MHz, 405 MHz, P8, 14.90 W
1, 2026/09/15 09:52:29.815, 1, 16, 210 MHz, 405 MHz, P8, 13.88 W
0, 2026/09/15 09:52:30.015, 1, 16, 210 MHz, 405 MHz, P8, 15.20 W
1, 2026/09/15 09:52:30.015, 1, 16, 210 MHz, 405 MHz, P8, 13.88 W
0, 2026/09/15 09:52:30.215, 1, 16, 210 MHz, 405 MHz, P8, 15.20 W
1, 2026/09/15 09:52:30.215, 1, 16, 210 MHz, 405 MHz, P8, 13.88 W
0, 2026/09/15 09:52:30.415, 1, 16, 210 MHz, 405 MHz, P8, 15.20 W
1, 2026/09/15 09:52:30.416, 1, 16, 210 MHz, 405 MHz, P8, 13.89 W
0, 2026/09/15 09:52:30.616, 1, 16, 210 MHz, 405 MHz, P8, 15.20 W
1, 2026/09/15 09:52:30.616, 1, 16, 210 MHz, 405 MHz, P8, 13.89 W
0, 2026/09/15 09:52:30.816, 1, 16, 210 MHz, 405 MHz, P8, 15.20 W
1, 2026/09/15 09:52:30.816, 1, 16, 210 MHz, 405 MHz, P8, 13.89 W
0, 2026/09/15 09:52:31.016, 1, 16, 210 MHz, 405 MHz, P8, 15.31 W
1, 2026/09/15 09:52:31.016, 1, 16, 210 MHz, 405 MHz, P8, 13.89 W
0, 2026/09/15 09:52:31.216, 1, 16, 210 MHz, 405 MHz, P8, 15.31 W
1, 2026/09/15 09:52:31.217, 1, 16, 210 MHz, 405 MHz, P8, 13.89 W
0, 2026/09/15 09:52:31.417, 1, 16, 210 MHz, 405 MHz, P8, 15.31 W
1, 2026/09/15 09:52:31.417, 1, 16, 210 MHz, 405 MHz, P8, 13.89 W
0, 2026/09/15 09:52:31.617, 1, 16, 210 MHz, 405 MHz, P8, 15.31 W
1, 2026/09/15 09:52:31.617, 1, 16, 210 MHz, 405 MHz, P8, 13.89 W
0, 2026/09/15 09:52:31.817, 1, 16, 210 MHz, 405 MHz, P8, 15.31 W
1, 2026/09/15 09:52:31.817, 1, 16, 210 MHz, 405 MHz, P8, 13.89 W
0, 2026/09/15 09:52:32.018, 1, 16, 210 MHz, 405 MHz, P8, 15.11 W
1, 2026/09/15 09:52:32.018, 1, 16, 210 MHz, 405 MHz, P8, 13.89 W
0, 2026/09/15 09:52:32.218, 1, 16, 210 MHz, 405 MHz, P8, 15.11 W
1, 2026/09/15 09:52:32.218, 1, 16, 210 MHz, 405 MHz, P8, 13.89 W
0, 2026/09/15 09:52:32.418, 1, 16, 210 MHz, 405 MHz, P8, 15.11 W
1, 2026/09/15 09:52:32.419, 1, 16, 210 MHz, 405 MHz, P8, 13.89 W
0, 2026/09/15 09:52:32.619, 1, 16, 210 MHz, 405 MHz, P8, 15.11 W
1, 2026/09/15 09:52:32.619, 1, 16, 210 MHz, 405 MHz, P8, 13.89 W
0, 2026/09/15 09:52:32.819, 1, 16, 210 MHz, 405 MHz, P8, 15.11 W
1, 2026/09/15 09:52:32.819, 1, 16, 210 MHz, 405 MHz, P8, 13.89 W
0, 2026/09/15 09:52:33.019, 1, 16, 210 MHz, 405 MHz, P8, 14.91 W
1, 2026/09/15 09:52:33.020, 1, 16, 210 MHz, 405 MHz, P8, 13.89 W
0, 2026/09/15 09:52:33.220, 1, 16, 210 MHz, 405 MHz, P8, 14.91 W
1, 2026/09/15 09:52:33.220, 1, 16, 210 MHz, 405 MHz, P8, 13.89 W
0, 2026/09/15 09:52:33.420, 1, 16, 210 MHz, 405 MHz, P8, 14.91 W
1, 2026/09/15 09:52:33.420, 1, 16, 210 MHz, 405 MHz, P8, 14.05 W
0, 2026/09/15 09:52:33.620, 1, 16, 210 MHz, 405 MHz, P8, 14.91 W
1, 2026/09/15 09:52:33.621, 1, 16, 210 MHz, 405 MHz, P8, 14.05 W
0, 2026/09/15 09:52:33.821, 1, 16, 210 MHz, 405 MHz, P8, 14.91 W
1, 2026/09/15 09:52:33.821, 1, 16, 210 MHz, 405 MHz, P8, 14.05 W
0, 2026/09/15 09:52:34.021, 1, 16, 210 MHz, 405 MHz, P8, 14.83 W
1, 2026/09/15 09:52:34.021, 1, 16, 210 MHz, 405 MHz, P8, 14.05 W
0, 2026/09/15 09:52:34.222, 1, 16, 210 MHz, 405 MHz, P8, 14.83 W
1, 2026/09/15 09:52:34.222, 1, 16, 210 MHz, 405 MHz, P8, 14.05 W
0, 2026/09/15 09:52:34.422, 1, 16, 210 MHz, 405 MHz, P8, 14.83 W
1, 2026/09/15 09:52:34.422, 1, 16, 210 MHz, 405 MHz, P8, 14.31 W
0, 2026/09/15 09:52:34.622, 1, 16, 210 MHz, 405 MHz, P8, 14.83 W
1, 2026/09/15 09:52:34.622, 1, 16, 210 MHz, 405 MHz, P8, 14.31 W
0, 2026/09/15 09:52:34.823, 1, 16, 210 MHz, 405 MHz, P8, 14.83 W
1, 2026/09/15 09:52:34.823, 1, 16, 210 MHz, 405 MHz, P8, 14.31 W
0, 2026/09/15 09:52:35.023, 1, 16, 210 MHz, 405 MHz, P8, 14.89 W
1, 2026/09/15 09:52:35.023, 1, 16, 210 MHz, 405 MHz, P8, 14.31 W
0, 2026/09/15 09:52:35.224, 1, 16, 210 MHz, 405 MHz, P8, 14.89 W
1, 2026/09/15 09:52:35.224, 1, 16, 210 MHz, 405 MHz, P8, 14.31 W
0, 2026/09/15 09:52:35.424, 1, 16, 210 MHz, 405 MHz, P8, 14.89 W
1, 2026/09/15 09:52:35.424, 1, 16, 210 MHz, 405 MHz, P8, 14.23 W
0, 2026/09/15 09:52:35.624, 1, 16, 210 MHz, 405 MHz, P8, 14.89 W
1, 2026/09/15 09:52:35.624, 1, 16, 210 MHz, 405 MHz, P8, 14.23 W
0, 2026/09/15 09:52:35.825, 1, 16, 210 MHz, 405 MHz, P8, 14.89 W
1, 2026/09/15 09:52:35.825, 1, 16, 210 MHz, 405 MHz, P8, 14.23 W
0, 2026/09/15 09:52:36.025, 1, 16, 210 MHz, 405 MHz, P8, 14.99 W
1, 2026/09/15 09:52:36.025, 1, 16, 210 MHz, 405 MHz, P8, 14.23 W
0, 2026/09/15 09:52:36.225, 1, 16, 210 MHz, 405 MHz, P8, 14.99 W
1, 2026/09/15 09:52:36.225, 1, 16, 210 MHz, 405 MHz, P8, 14.23 W
0, 2026/09/15 09:52:36.425, 1, 16, 210 MHz, 405 MHz, P8, 14.99 W
1, 2026/09/15 09:52:36.425, 1, 16, 210 MHz, 405 MHz, P8, 13.95 W
0, 2026/09/15 09:52:36.625, 1, 16, 210 MHz, 405 MHz, P8, 14.99 W
1, 2026/09/15 09:52:36.626, 1, 16, 210 MHz, 405 MHz, P8, 13.95 W
0, 2026/09/15 09:52:36.826, 1, 16, 210 MHz, 405 MHz, P8, 14.99 W
1, 2026/09/15 09:52:36.826, 1, 16, 210 MHz, 405 MHz, P8, 13.95 W
0, 2026/09/15 09:52:37.026, 1, 16, 210 MHz, 405 MHz, P8, 14.77 W
1, 2026/09/15 09:52:37.026, 1, 16, 210 MHz, 405 MHz, P8, 13.95 W
0, 2026/09/15 09:52:37.226, 1, 16, 210 MHz, 405 MHz, P8, 14.77 W
1, 2026/09/15 09:52:37.227, 1, 16, 210 MHz, 405 MHz, P8, 13.95 W
0, 2026/09/15 09:52:37.427, 1, 16, 210 MHz, 405 MHz, P8, 14.77 W
1, 2026/09/15 09:52:37.427, 1, 16, 210 MHz, 405 MHz, P8, 14.02 W
0, 2026/09/15 09:52:37.627, 1, 16, 210 MHz, 405 MHz, P8, 14.77 W
1, 2026/09/15 09:52:37.627, 1, 16, 210 MHz, 405 MHz, P8, 14.02 W
0, 2026/09/15 09:52:37.827, 1, 16, 210 MHz, 405 MHz, P8, 14.77 W
1, 2026/09/15 09:52:37.827, 1, 16, 210 MHz, 405 MHz, P8, 14.02 W
0, 2026/09/15 09:52:38.028, 1, 16, 210 MHz, 405 MHz, P8, 14.62 W
1, 2026/09/15 09:52:38.028, 1, 16, 210 MHz, 405 MHz, P8, 14.02 W
0, 2026/09/15 09:52:38.228, 1, 16, 210 MHz, 405 MHz, P8, 14.62 W
1, 2026/09/15 09:52:38.228, 1, 16, 210 MHz, 405 MHz, P8, 14.02 W
0, 2026/09/15 09:52:38.428, 1, 16, 210 MHz, 405 MHz, P8, 14.62 W
1, 2026/09/15 09:52:38.428, 1, 16, 210 MHz, 405 MHz, P8, 14.15 W
0, 2026/09/15 09:52:38.628, 1, 16, 210 MHz, 405 MHz, P8, 14.62 W
1, 2026/09/15 09:52:38.629, 1, 16, 210 MHz, 405 MHz, P8, 14.15 W
0, 2026/09/15 09:52:38.829, 1, 16, 210 MHz, 405 MHz, P8, 14.62 W
1, 2026/09/15 09:52:38.829, 1, 16, 210 MHz, 405 MHz, P8, 14.15 W
0, 2026/09/15 09:52:39.029, 1, 16, 210 MHz, 405 MHz, P8, 14.73 W
1, 2026/09/15 09:52:39.029, 1, 16, 210 MHz, 405 MHz, P8, 14.15 W
0, 2026/09/15 09:52:39.229, 1, 16, 210 MHz, 405 MHz, P8, 14.73 W
1, 2026/09/15 09:52:39.229, 1, 16, 210 MHz, 405 MHz, P8, 14.15 W
0, 2026/09/15 09:52:39.430, 1, 16, 210 MHz, 405 MHz, P8, 14.73 W
1, 2026/09/15 09:52:39.430, 1, 16, 210 MHz, 405 MHz, P8, 14.08 W
0, 2026/09/15 09:52:39.630, 1, 16, 210 MHz, 405 MHz, P8, 14.73 W
1, 2026/09/15 09:52:39.630, 1, 16, 210 MHz, 405 MHz, P8, 14.08 W
0, 2026/09/15 09:52:39.830, 1, 16, 210 MHz, 405 MHz, P8, 14.73 W
1, 2026/09/15 09:52:39.830, 1, 16, 210 MHz, 405 MHz, P8, 14.08 W
0, 2026/09/15 09:52:40.030, 1, 16, 210 MHz, 405 MHz, P8, 14.63 W
1, 2026/09/15 09:52:40.031, 1, 16, 210 MHz, 405 MHz, P8, 14.08 W
0, 2026/09/15 09:52:40.231, 1, 16, 210 MHz, 405 MHz, P8, 14.63 W
1, 2026/09/15 09:52:40.231, 1, 16, 210 MHz, 405 MHz, P8, 14.08 W
0, 2026/09/15 09:52:40.431, 1, 16, 210 MHz, 405 MHz, P8, 14.63 W
1, 2026/09/15 09:52:40.431, 1, 16, 210 MHz, 405 MHz, P8, 14.04 W
0, 2026/09/15 09:52:40.632, 1, 16, 210 MHz, 405 MHz, P8, 14.63 W
1, 2026/09/15 09:52:40.632, 1, 16, 210 MHz, 405 MHz, P8, 14.04 W
0, 2026/09/15 09:52:40.832, 1, 16, 210 MHz, 405 MHz, P8, 14.63 W
1, 2026/09/15 09:52:40.832, 1, 16, 210 MHz, 405 MHz, P8, 14.04 W
0, 2026/09/15 09:52:41.032, 1, 16, 210 MHz, 405 MHz, P8, 14.42 W
1, 2026/09/15 09:52:41.032, 1, 16, 210 MHz, 405 MHz, P8, 14.04 W
0, 2026/09/15 09:52:41.233, 1, 16, 210 MHz, 405 MHz, P8, 14.42 W
1, 2026/09/15 09:52:41.233, 1, 16, 210 MHz, 405 MHz, P8, 14.04 W
0, 2026/09/15 09:52:41.433, 1, 16, 210 MHz, 405 MHz, P8, 14.42 W
1, 2026/09/15 09:52:41.433, 1, 16, 210 MHz, 405 MHz, P8, 14.16 W
0, 2026/09/15 09:52:41.633, 1, 16, 210 MHz, 405 MHz, P8, 14.42 W
1, 2026/09/15 09:52:41.634, 1, 16, 210 MHz, 405 MHz, P8, 14.16 W
0, 2026/09/15 09:52:41.834, 1, 16, 210 MHz, 405 MHz, P8, 14.42 W
1, 2026/09/15 09:52:41.834, 1, 16, 210 MHz, 405 MHz, P8, 14.16 W
0, 2026/09/15 09:52:42.036, 1, 16, 210 MHz, 405 MHz, P8, 14.50 W
1, 2026/09/15 09:52:42.036, 1, 16, 210 MHz, 405 MHz, P8, 14.16 W
0, 2026/09/15 09:52:42.236, 1, 16, 210 MHz, 405 MHz, P8, 14.50 W
1, 2026/09/15 09:52:42.236, 1, 16, 210 MHz, 405 MHz, P8, 14.16 W
0, 2026/09/15 09:52:42.436, 4, 16, 2475 MHz, 10251 MHz, P2, 60.72 W
1, 2026/09/15 09:52:42.437, 1, 16, 210 MHz, 405 MHz, P8, 14.22 W
0, 2026/09/15 09:52:42.637, 4, 16, 2475 MHz, 10251 MHz, P2, 60.72 W
1, 2026/09/15 09:52:42.637, 1, 16, 210 MHz, 405 MHz, P8, 14.22 W
0, 2026/09/15 09:52:42.837, 4, 16, 2475 MHz, 10251 MHz, P2, 60.72 W
1, 2026/09/15 09:52:42.837, 4, 16, 2520 MHz, 10251 MHz, P2, 26.13 W
0, 2026/09/15 09:52:43.037, 4, 16, 2475 MHz, 10251 MHz, P2, 165.59 W
1, 2026/09/15 09:52:43.038, 4, 16, 2520 MHz, 10251 MHz, P2, 26.13 W
0, 2026/09/15 09:52:43.238, 4, 16, 2475 MHz, 10251 MHz, P2, 165.59 W
1, 2026/09/15 09:52:43.238, 4, 16, 2520 MHz, 10251 MHz, P2, 26.13 W
0, 2026/09/15 09:52:43.438, 4, 16, 2355 MHz, 10251 MHz, P2, 467.34 W
1, 2026/09/15 09:52:43.438, 4, 16, 2520 MHz, 10251 MHz, P2, 53.08 W
0, 2026/09/15 09:52:43.639, 4, 16, 2355 MHz, 10251 MHz, P2, 467.34 W
1, 2026/09/15 09:52:43.639, 4, 16, 2520 MHz, 10251 MHz, P2, 53.08 W
0, 2026/09/15 09:52:43.839, 4, 16, 2355 MHz, 10251 MHz, P2, 467.34 W
1, 2026/09/15 09:52:43.839, 4, 16, 2520 MHz, 10251 MHz, P2, 72.26 W
0, 2026/09/15 09:52:44.040, 4, 16, 2415 MHz, 10251 MHz, P2, 453.52 W
1, 2026/09/15 09:52:44.040, 4, 16, 2520 MHz, 10251 MHz, P2, 72.26 W
0, 2026/09/15 09:52:44.240, 4, 16, 2415 MHz, 10251 MHz, P2, 453.52 W
1, 2026/09/15 09:52:44.240, 4, 16, 2520 MHz, 10251 MHz, P2, 72.26 W
0, 2026/09/15 09:52:44.440, 4, 16, 2355 MHz, 10251 MHz, P2, 448.69 W
1, 2026/09/15 09:52:44.441, 4, 16, 2520 MHz, 10251 MHz, P2, 72.34 W
0, 2026/09/15 09:52:44.641, 4, 16, 2355 MHz, 10251 MHz, P2, 448.69 W
1, 2026/09/15 09:52:44.641, 4, 16, 2520 MHz, 10251 MHz, P2, 72.34 W
0, 2026/09/15 09:52:44.842, 4, 16, 2355 MHz, 10251 MHz, P2, 448.69 W
1, 2026/09/15 09:52:44.842, 4, 16, 2520 MHz, 10251 MHz, P2, 72.59 W
0, 2026/09/15 09:52:45.042, 4, 16, 2415 MHz, 10251 MHz, P2, 451.09 W
1, 2026/09/15 09:52:45.042, 4, 16, 2520 MHz, 10251 MHz, P2, 72.59 W
0, 2026/09/15 09:52:45.242, 4, 16, 2415 MHz, 10251 MHz, P2, 451.09 W
1, 2026/09/15 09:52:45.242, 4, 16, 2520 MHz, 10251 MHz, P2, 72.59 W
0, 2026/09/15 09:52:45.443, 4, 16, 2340 MHz, 10251 MHz, P2, 448.88 W
1, 2026/09/15 09:52:45.443, 4, 16, 2520 MHz, 10251 MHz, P2, 72.72 W
0, 2026/09/15 09:52:45.643, 4, 16, 2340 MHz, 10251 MHz, P2, 448.88 W
1, 2026/09/15 09:52:45.643, 4, 16, 2520 MHz, 10251 MHz, P2, 72.72 W
0, 2026/09/15 09:52:45.843, 4, 16, 2340 MHz, 10251 MHz, P2, 448.88 W
1, 2026/09/15 09:52:45.843, 4, 16, 2520 MHz, 10251 MHz, P2, 72.38 W
0, 2026/09/15 09:52:46.044, 4, 16, 2400 MHz, 10251 MHz, P2, 451.14 W
1, 2026/09/15 09:52:46.044, 4, 16, 2520 MHz, 10251 MHz, P2, 72.38 W
0, 2026/09/15 09:52:46.244, 4, 16, 2400 MHz, 10251 MHz, P2, 451.14 W
1, 2026/09/15 09:52:46.244, 4, 16, 2520 MHz, 10251 MHz, P2, 72.38 W
0, 2026/09/15 09:52:46.445, 4, 16, 2355 MHz, 10251 MHz, P2, 449.33 W
1, 2026/09/15 09:52:46.445, 4, 16, 2520 MHz, 10251 MHz, P2, 82.20 W
0, 2026/09/15 09:52:46.645, 4, 16, 2355 MHz, 10251 MHz, P2, 449.33 W
1, 2026/09/15 09:52:46.645, 4, 16, 2520 MHz, 10251 MHz, P2, 82.20 W
0, 2026/09/15 09:52:46.846, 4, 16, 2355 MHz, 10251 MHz, P2, 449.33 W
1, 2026/09/15 09:52:46.846, 4, 16, 2820 MHz, 10251 MHz, P2, 189.09 W
0, 2026/09/15 09:52:47.046, 4, 16, 2400 MHz, 10251 MHz, P2, 450.49 W
1, 2026/09/15 09:52:47.046, 4, 16, 2820 MHz, 10251 MHz, P2, 189.09 W
0, 2026/09/15 09:52:47.246, 4, 16, 2400 MHz, 10251 MHz, P2, 450.49 W
1, 2026/09/15 09:52:47.246, 4, 16, 2820 MHz, 10251 MHz, P2, 189.09 W
0, 2026/09/15 09:52:47.447, 4, 16, 2370 MHz, 10251 MHz, P2, 449.29 W
1, 2026/09/15 09:52:47.447, 4, 16, 2820 MHz, 10251 MHz, P2, 307.66 W
0, 2026/09/15 09:52:47.647, 4, 16, 2370 MHz, 10251 MHz, P2, 449.29 W
1, 2026/09/15 09:52:47.647, 4, 16, 2820 MHz, 10251 MHz, P2, 307.66 W
0, 2026/09/15 09:52:47.847, 4, 16, 2370 MHz, 10251 MHz, P2, 449.29 W
1, 2026/09/15 09:52:47.848, 4, 16, 2820 MHz, 10251 MHz, P2, 333.57 W
0, 2026/09/15 09:52:48.048, 4, 16, 2385 MHz, 10251 MHz, P2, 450.18 W
1, 2026/09/15 09:52:48.048, 4, 16, 2820 MHz, 10251 MHz, P2, 333.57 W
0, 2026/09/15 09:52:48.248, 4, 16, 2385 MHz, 10251 MHz, P2, 450.18 W
1, 2026/09/15 09:52:48.248, 4, 16, 2820 MHz, 10251 MHz, P2, 333.57 W
0, 2026/09/15 09:52:48.449, 4, 16, 2430 MHz, 10251 MHz, P2, 432.25 W
1, 2026/09/15 09:52:48.449, 4, 16, 2820 MHz, 10251 MHz, P2, 333.85 W
0, 2026/09/15 09:52:48.649, 4, 16, 2430 MHz, 10251 MHz, P2, 432.25 W
1, 2026/09/15 09:52:48.649, 4, 16, 2820 MHz, 10251 MHz, P2, 333.85 W
0, 2026/09/15 09:52:48.850, 4, 16, 2430 MHz, 10251 MHz, P2, 432.25 W
1, 2026/09/15 09:52:48.850, 4, 16, 2820 MHz, 10251 MHz, P2, 283.46 W
0, 2026/09/15 09:52:49.050, 4, 16, 2835 MHz, 10251 MHz, P2, 291.03 W
1, 2026/09/15 09:52:49.050, 4, 16, 2820 MHz, 10251 MHz, P2, 283.46 W
0, 2026/09/15 09:52:49.250, 4, 16, 2835 MHz, 10251 MHz, P2, 291.03 W
1, 2026/09/15 09:52:49.250, 4, 16, 2820 MHz, 10251 MHz, P2, 283.46 W
0, 2026/09/15 09:52:49.451, 4, 16, 2835 MHz, 10251 MHz, P2, 126.19 W
1, 2026/09/15 09:52:49.451, 4, 16, 2820 MHz, 10251 MHz, P2, 297.94 W
0, 2026/09/15 09:52:49.651, 4, 16, 2835 MHz, 10251 MHz, P2, 126.19 W
1, 2026/09/15 09:52:49.651, 4, 16, 2820 MHz, 10251 MHz, P2, 297.94 W
0, 2026/09/15 09:52:49.851, 4, 16, 2835 MHz, 10251 MHz, P2, 126.19 W
1, 2026/09/15 09:52:49.851, 4, 16, 2805 MHz, 10251 MHz, P2, 366.27 W
0, 2026/09/15 09:52:50.051, 4, 16, 2835 MHz, 10251 MHz, P2, 90.02 W
1, 2026/09/15 09:52:50.052, 4, 16, 2805 MHz, 10251 MHz, P2, 366.27 W
0, 2026/09/15 09:52:50.252, 4, 16, 2835 MHz, 10251 MHz, P2, 90.02 W
1, 2026/09/15 09:52:50.252, 4, 16, 2805 MHz, 10251 MHz, P2, 366.27 W
0, 2026/09/15 09:52:50.452, 4, 16, 2520 MHz, 10251 MHz, P2, 87.48 W
1, 2026/09/15 09:52:50.452, 4, 16, 2805 MHz, 10251 MHz, P2, 369.92 W
0, 2026/09/15 09:52:50.653, 4, 16, 2520 MHz, 10251 MHz, P2, 87.48 W
1, 2026/09/15 09:52:50.653, 4, 16, 2805 MHz, 10251 MHz, P2, 369.92 W
0, 2026/09/15 09:52:50.853, 4, 16, 2520 MHz, 10251 MHz, P2, 87.48 W
1, 2026/09/15 09:52:50.853, 4, 16, 2805 MHz, 10251 MHz, P2, 378.75 W
0, 2026/09/15 09:52:51.053, 4, 16, 2490 MHz, 10251 MHz, P2, 105.19 W
1, 2026/09/15 09:52:51.054, 4, 16, 2805 MHz, 10251 MHz, P2, 378.75 W
0, 2026/09/15 09:52:51.254, 4, 16, 2490 MHz, 10251 MHz, P2, 105.19 W
1, 2026/09/15 09:52:51.255, 4, 16, 2805 MHz, 10251 MHz, P2, 378.75 W
0, 2026/09/15 09:52:51.455, 4, 16, 2820 MHz, 10251 MHz, P2, 243.80 W
1, 2026/09/15 09:52:51.465, 4, 16, 2805 MHz, 10251 MHz, P2, 377.81 W
0, 2026/09/15 09:52:51.665, 4, 16, 2820 MHz, 10251 MHz, P2, 243.80 W
1, 2026/09/15 09:52:51.665, 4, 16, 2805 MHz, 10251 MHz, P2, 377.81 W
0, 2026/09/15 09:52:51.866, 4, 16, 2820 MHz, 10251 MHz, P2, 243.80 W
1, 2026/09/15 09:52:51.866, 4, 16, 2805 MHz, 10251 MHz, P2, 368.45 W
0, 2026/09/15 09:52:52.066, 4, 16, 2820 MHz, 10251 MHz, P2, 318.45 W
1, 2026/09/15 09:52:52.066, 4, 16, 2805 MHz, 10251 MHz, P2, 368.45 W
0, 2026/09/15 09:52:52.266, 4, 16, 2820 MHz, 10251 MHz, P2, 318.45 W
1, 2026/09/15 09:52:52.266, 4, 16, 2805 MHz, 10251 MHz, P2, 368.45 W
0, 2026/09/15 09:52:52.467, 4, 16, 2460 MHz, 10251 MHz, P2, 200.07 W
1, 2026/09/15 09:52:52.467, 4, 16, 2805 MHz, 10251 MHz, P2, 367.57 W
0, 2026/09/15 09:52:52.667, 4, 16, 2460 MHz, 10251 MHz, P2, 200.07 W
1, 2026/09/15 09:52:52.667, 4, 16, 2805 MHz, 10251 MHz, P2, 367.57 W
0, 2026/09/15 09:52:52.868, 4, 16, 2835 MHz, 10251 MHz, P2, 167.61 W
1, 2026/09/15 09:52:52.868, 4, 16, 2805 MHz, 10251 MHz, P2, 361.18 W
0, 2026/09/15 09:52:53.068, 4, 16, 2835 MHz, 10251 MHz, P2, 167.61 W
1, 2026/09/15 09:52:53.068, 4, 16, 2805 MHz, 10251 MHz, P2, 361.18 W
0, 2026/09/15 09:52:53.268, 4, 16, 2835 MHz, 10251 MHz, P2, 167.61 W
1, 2026/09/15 09:52:53.268, 4, 16, 2805 MHz, 10251 MHz, P2, 361.18 W
0, 2026/09/15 09:52:53.468, 4, 16, 2445 MHz, 10251 MHz, P2, 173.58 W
1, 2026/09/15 09:52:53.469, 4, 16, 2805 MHz, 10251 MHz, P2, 353.98 W
0, 2026/09/15 09:52:53.669, 4, 16, 2445 MHz, 10251 MHz, P2, 173.58 W
1, 2026/09/15 09:52:53.669, 4, 16, 2805 MHz, 10251 MHz, P2, 353.98 W
0, 2026/09/15 09:52:53.869, 4, 16, 2610 MHz, 10251 MHz, P2, 201.99 W
1, 2026/09/15 09:52:53.869, 4, 16, 2805 MHz, 10251 MHz, P2, 350.55 W
0, 2026/09/15 09:52:54.069, 4, 16, 2610 MHz, 10251 MHz, P2, 201.99 W
1, 2026/09/15 09:52:54.069, 4, 16, 2805 MHz, 10251 MHz, P2, 350.55 W
0, 2026/09/15 09:52:54.270, 4, 16, 2610 MHz, 10251 MHz, P2, 201.99 W
1, 2026/09/15 09:52:54.270, 4, 16, 2805 MHz, 10251 MHz, P2, 350.55 W
0, 2026/09/15 09:52:54.470, 4, 16, 2835 MHz, 10251 MHz, P2, 182.14 W
1, 2026/09/15 09:52:54.470, 4, 16, 2805 MHz, 10251 MHz, P2, 344.51 W
0, 2026/09/15 09:52:54.670, 4, 16, 2835 MHz, 10251 MHz, P2, 182.14 W
1, 2026/09/15 09:52:54.671, 4, 16, 2805 MHz, 10251 MHz, P2, 344.51 W
0, 2026/09/15 09:52:54.871, 4, 16, 2835 MHz, 10251 MHz, P2, 115.81 W
1, 2026/09/15 09:52:54.871, 4, 16, 2805 MHz, 10251 MHz, P2, 341.39 W
0, 2026/09/15 09:52:55.071, 4, 16, 2835 MHz, 10251 MHz, P2, 115.81 W
1, 2026/09/15 09:52:55.071, 4, 16, 2805 MHz, 10251 MHz, P2, 341.39 W
0, 2026/09/15 09:52:55.271, 4, 16, 2835 MHz, 10251 MHz, P2, 115.81 W
1, 2026/09/15 09:52:55.272, 4, 16, 2805 MHz, 10251 MHz, P2, 341.39 W
0, 2026/09/15 09:52:55.472, 4, 16, 2835 MHz, 10251 MHz, P2, 125.87 W
1, 2026/09/15 09:52:55.472, 4, 16, 2805 MHz, 10251 MHz, P2, 347.77 W
0, 2026/09/15 09:52:55.672, 4, 16, 2835 MHz, 10251 MHz, P2, 125.87 W
1, 2026/09/15 09:52:55.672, 4, 16, 2805 MHz, 10251 MHz, P2, 347.77 W
0, 2026/09/15 09:52:55.872, 4, 16, 2520 MHz, 10251 MHz, P2, 121.90 W
1, 2026/09/15 09:52:55.873, 4, 16, 2805 MHz, 10251 MHz, P2, 349.29 W
0, 2026/09/15 09:52:56.073, 4, 16, 2520 MHz, 10251 MHz, P2, 121.90 W
1, 2026/09/15 09:52:56.073, 4, 16, 2805 MHz, 10251 MHz, P2, 349.29 W
0, 2026/09/15 09:52:56.273, 4, 16, 2520 MHz, 10251 MHz, P2, 121.90 W
1, 2026/09/15 09:52:56.273, 4, 16, 2805 MHz, 10251 MHz, P2, 349.29 W
0, 2026/09/15 09:52:56.474, 4, 16, 2520 MHz, 10251 MHz, P2, 92.98 W
1, 2026/09/15 09:52:56.474, 4, 16, 2805 MHz, 10251 MHz, P2, 348.80 W
0, 2026/09/15 09:52:56.674, 4, 16, 2520 MHz, 10251 MHz, P2, 92.98 W
1, 2026/09/15 09:52:56.674, 4, 16, 2805 MHz, 10251 MHz, P2, 348.80 W
0, 2026/09/15 09:52:56.874, 4, 16, 2520 MHz, 10251 MHz, P2, 83.47 W
1, 2026/09/15 09:52:56.875, 4, 16, 2805 MHz, 10251 MHz, P2, 358.78 W
0, 2026/09/15 09:52:57.075, 4, 16, 2520 MHz, 10251 MHz, P2, 83.47 W
1, 2026/09/15 09:52:57.075, 4, 16, 2805 MHz, 10251 MHz, P2, 358.78 W
0, 2026/09/15 09:52:57.275, 4, 16, 2520 MHz, 10251 MHz, P2, 83.47 W
1, 2026/09/15 09:52:57.275, 4, 16, 2805 MHz, 10251 MHz, P2, 358.78 W
0, 2026/09/15 09:52:57.476, 4, 16, 2445 MHz, 10251 MHz, P2, 120.57 W
1, 2026/09/15 09:52:57.476, 4, 16, 2805 MHz, 10251 MHz, P2, 367.30 W
0, 2026/09/15 09:52:57.676, 4, 16, 2445 MHz, 10251 MHz, P2, 120.57 W
1, 2026/09/15 09:52:57.676, 4, 16, 2805 MHz, 10251 MHz, P2, 367.30 W
0, 2026/09/15 09:52:57.876, 4, 16, 2820 MHz, 10251 MHz, P2, 163.92 W
1, 2026/09/15 09:52:57.877, 4, 16, 2805 MHz, 10251 MHz, P2, 367.80 W
0, 2026/09/15 09:52:58.077, 4, 16, 2820 MHz, 10251 MHz, P2, 163.92 W
1, 2026/09/15 09:52:58.077, 4, 16, 2805 MHz, 10251 MHz, P2, 367.80 W
0, 2026/09/15 09:52:58.277, 4, 16, 2820 MHz, 10251 MHz, P2, 163.92 W
1, 2026/09/15 09:52:58.277, 4, 16, 2805 MHz, 10251 MHz, P2, 367.80 W
0, 2026/09/15 09:52:58.478, 4, 16, 2610 MHz, 10251 MHz, P2, 194.14 W
1, 2026/09/15 09:52:58.478, 4, 16, 2805 MHz, 10251 MHz, P2, 374.67 W
0, 2026/09/15 09:52:58.678, 4, 16, 2610 MHz, 10251 MHz, P2, 194.14 W
1, 2026/09/15 09:52:58.678, 4, 16, 2805 MHz, 10251 MHz, P2, 374.67 W
0, 2026/09/15 09:52:58.878, 4, 16, 2460 MHz, 10251 MHz, P2, 190.21 W
1, 2026/09/15 09:52:58.879, 4, 16, 2805 MHz, 10251 MHz, P2, 378.85 W
0, 2026/09/15 09:52:59.079, 4, 16, 2460 MHz, 10251 MHz, P2, 190.21 W
1, 2026/09/15 09:52:59.079, 4, 16, 2805 MHz, 10251 MHz, P2, 378.85 W
0, 2026/09/15 09:52:59.279, 4, 16, 2460 MHz, 10251 MHz, P2, 190.21 W
1, 2026/09/15 09:52:59.279, 4, 16, 2805 MHz, 10251 MHz, P2, 378.85 W
0, 2026/09/15 09:52:59.480, 4, 16, 2835 MHz, 10251 MHz, P2, 200.37 W
1, 2026/09/15 09:52:59.480, 4, 16, 2805 MHz, 10251 MHz, P2, 376.30 W
0, 2026/09/15 09:52:59.680, 4, 16, 2835 MHz, 10251 MHz, P2, 200.37 W
1, 2026/09/15 09:52:59.680, 4, 16, 2805 MHz, 10251 MHz, P2, 376.30 W
0, 2026/09/15 09:52:59.881, 4, 16, 2475 MHz, 10251 MHz, P2, 152.26 W
1, 2026/09/15 09:52:59.881, 4, 16, 2805 MHz, 10251 MHz, P2, 382.62 W
0, 2026/09/15 09:53:00.081, 4, 16, 2475 MHz, 10251 MHz, P2, 152.26 W
1, 2026/09/15 09:53:00.081, 4, 16, 2805 MHz, 10251 MHz, P2, 382.62 W
0, 2026/09/15 09:53:00.281, 4, 16, 2475 MHz, 10251 MHz, P2, 152.26 W
1, 2026/09/15 09:53:00.281, 4, 16, 2805 MHz, 10251 MHz, P2, 382.62 W
0, 2026/09/15 09:53:00.481, 4, 16, 2565 MHz, 10251 MHz, P2, 289.91 W
1, 2026/09/15 09:53:00.482, 4, 16, 2805 MHz, 10251 MHz, P2, 389.58 W
0, 2026/09/15 09:53:00.682, 4, 16, 2565 MHz, 10251 MHz, P2, 289.91 W
1, 2026/09/15 09:53:00.682, 4, 16, 2805 MHz, 10251 MHz, P2, 389.58 W
0, 2026/09/15 09:53:00.882, 4, 16, 2655 MHz, 10251 MHz, P2, 303.18 W
1, 2026/09/15 09:53:00.883, 4, 16, 2805 MHz, 10251 MHz, P2, 392.47 W
0, 2026/09/15 09:53:01.083, 4, 16, 2655 MHz, 10251 MHz, P2, 303.18 W
1, 2026/09/15 09:53:01.083, 4, 16, 2805 MHz, 10251 MHz, P2, 392.47 W
0, 2026/09/15 09:53:01.283, 4, 16, 2655 MHz, 10251 MHz, P2, 303.18 W
1, 2026/09/15 09:53:01.283, 4, 16, 2805 MHz, 10251 MHz, P2, 392.47 W
0, 2026/09/15 09:53:01.484, 4, 16, 2730 MHz, 10251 MHz, P2, 180.44 W
1, 2026/09/15 09:53:01.484, 4, 16, 2805 MHz, 10251 MHz, P2, 395.93 W
0, 2026/09/15 09:53:01.684, 4, 16, 2730 MHz, 10251 MHz, P2, 180.44 W
1, 2026/09/15 09:53:01.684, 4, 16, 2805 MHz, 10251 MHz, P2, 395.93 W
0, 2026/09/15 09:53:01.884, 4, 16, 2445 MHz, 10251 MHz, P2, 199.28 W
1, 2026/09/15 09:53:01.885, 4, 16, 2805 MHz, 10251 MHz, P2, 401.23 W
0, 2026/09/15 09:53:02.085, 4, 16, 2445 MHz, 10251 MHz, P2, 199.28 W
1, 2026/09/15 09:53:02.085, 4, 16, 2805 MHz, 10251 MHz, P2, 401.23 W
0, 2026/09/15 09:53:02.285, 4, 16, 2445 MHz, 10251 MHz, P2, 199.28 W
1, 2026/09/15 09:53:02.285, 4, 16, 2805 MHz, 10251 MHz, P2, 401.23 W
0, 2026/09/15 09:53:02.486, 4, 16, 2820 MHz, 10251 MHz, P2, 314.71 W
1, 2026/09/15 09:53:02.486, 4, 16, 2805 MHz, 10251 MHz, P2, 402.93 W
0, 2026/09/15 09:53:02.686, 4, 16, 2820 MHz, 10251 MHz, P2, 314.71 W
1, 2026/09/15 09:53:02.686, 4, 16, 2805 MHz, 10251 MHz, P2, 402.93 W
0, 2026/09/15 09:53:02.886, 4, 16, 2820 MHz, 10251 MHz, P2, 315.25 W
1, 2026/09/15 09:53:02.886, 4, 16, 2805 MHz, 10251 MHz, P2, 403.03 W
0, 2026/09/15 09:53:03.087, 4, 16, 2820 MHz, 10251 MHz, P2, 315.25 W
1, 2026/09/15 09:53:03.087, 4, 16, 2805 MHz, 10251 MHz, P2, 403.03 W
0, 2026/09/15 09:53:03.287, 4, 16, 2820 MHz, 10251 MHz, P2, 315.25 W
1, 2026/09/15 09:53:03.287, 4, 16, 2805 MHz, 10251 MHz, P2, 403.03 W
0, 2026/09/15 09:53:03.487, 4, 16, 2445 MHz, 10251 MHz, P2, 196.28 W
1, 2026/09/15 09:53:03.488, 4, 16, 2805 MHz, 10251 MHz, P2, 403.70 W
0, 2026/09/15 09:53:03.688, 4, 16, 2445 MHz, 10251 MHz, P2, 196.28 W
1, 2026/09/15 09:53:03.688, 4, 16, 2805 MHz, 10251 MHz, P2, 403.70 W
0, 2026/09/15 09:53:03.888, 4, 16, 2460 MHz, 10251 MHz, P2, 322.16 W
1, 2026/09/15 09:53:03.888, 4, 16, 2805 MHz, 10251 MHz, P2, 406.41 W
0, 2026/09/15 09:53:04.089, 4, 16, 2460 MHz, 10251 MHz, P2, 322.16 W
1, 2026/09/15 09:53:04.089, 4, 16, 2805 MHz, 10251 MHz, P2, 406.41 W
0, 2026/09/15 09:53:04.289, 4, 16, 2460 MHz, 10251 MHz, P2, 322.16 W
1, 2026/09/15 09:53:04.289, 4, 16, 2805 MHz, 10251 MHz, P2, 406.41 W
0, 2026/09/15 09:53:04.489, 4, 16, 2340 MHz, 10251 MHz, P2, 467.21 W
1, 2026/09/15 09:53:04.490, 4, 16, 2805 MHz, 10251 MHz, P2, 409.64 W
0, 2026/09/15 09:53:04.690, 4, 16, 2340 MHz, 10251 MHz, P2, 467.21 W
1, 2026/09/15 09:53:04.690, 4, 16, 2805 MHz, 10251 MHz, P2, 409.64 W
0, 2026/09/15 09:53:04.891, 4, 16, 2415 MHz, 10251 MHz, P2, 397.79 W
1, 2026/09/15 09:53:04.891, 4, 16, 2805 MHz, 10251 MHz, P2, 411.34 W
0, 2026/09/15 09:53:05.091, 4, 16, 2415 MHz, 10251 MHz, P2, 397.79 W
1, 2026/09/15 09:53:05.091, 4, 16, 2805 MHz, 10251 MHz, P2, 411.34 W
0, 2026/09/15 09:53:05.291, 4, 16, 2415 MHz, 10251 MHz, P2, 397.79 W
1, 2026/09/15 09:53:05.292, 4, 16, 2805 MHz, 10251 MHz, P2, 411.34 W
0, 2026/09/15 09:53:05.492, 4, 16, 2820 MHz, 10251 MHz, P2, 295.81 W
1, 2026/09/15 09:53:05.492, 4, 16, 2805 MHz, 10251 MHz, P2, 410.96 W
0, 2026/09/15 09:53:05.692, 4, 16, 2820 MHz, 10251 MHz, P2, 295.81 W
1, 2026/09/15 09:53:05.692, 4, 16, 2805 MHz, 10251 MHz, P2, 410.96 W
0, 2026/09/15 09:53:05.892, 4, 16, 2460 MHz, 10251 MHz, P2, 287.67 W
1, 2026/09/15 09:53:05.893, 4, 16, 2805 MHz, 10251 MHz, P2, 414.12 W
0, 2026/09/15 09:53:06.093, 4, 16, 2460 MHz, 10251 MHz, P2, 287.67 W
1, 2026/09/15 09:53:06.093, 4, 16, 2805 MHz, 10251 MHz, P2, 414.12 W
0, 2026/09/15 09:53:06.293, 4, 16, 2460 MHz, 10251 MHz, P2, 287.67 W
1, 2026/09/15 09:53:06.293, 4, 16, 2805 MHz, 10251 MHz, P2, 414.12 W
0, 2026/09/15 09:53:06.493, 4, 16, 2370 MHz, 10251 MHz, P2, 378.27 W
1, 2026/09/15 09:53:06.494, 4, 16, 2805 MHz, 10251 MHz, P2, 413.43 W
0, 2026/09/15 09:53:06.694, 4, 16, 2370 MHz, 10251 MHz, P2, 378.27 W
1, 2026/09/15 09:53:06.694, 4, 16, 2805 MHz, 10251 MHz, P2, 413.43 W
0, 2026/09/15 09:53:06.894, 4, 16, 2325 MHz, 10251 MHz, P2, 461.59 W
1, 2026/09/15 09:53:06.894, 4, 16, 2805 MHz, 10251 MHz, P2, 408.57 W
0, 2026/09/15 09:53:07.095, 4, 16, 2325 MHz, 10251 MHz, P2, 461.59 W
1, 2026/09/15 09:53:07.095, 4, 16, 2805 MHz, 10251 MHz, P2, 408.57 W
0, 2026/09/15 09:53:07.295, 4, 16, 2325 MHz, 10251 MHz, P2, 461.59 W
1, 2026/09/15 09:53:07.295, 4, 16, 2805 MHz, 10251 MHz, P2, 408.57 W
0, 2026/09/15 09:53:07.496, 4, 16, 2385 MHz, 10251 MHz, P2, 450.97 W
1, 2026/09/15 09:53:07.496, 4, 16, 2805 MHz, 10251 MHz, P2, 405.76 W
0, 2026/09/15 09:53:07.696, 4, 16, 2385 MHz, 10251 MHz, P2, 450.97 W
1, 2026/09/15 09:53:07.696, 4, 16, 2805 MHz, 10251 MHz, P2, 405.76 W
0, 2026/09/15 09:53:07.897, 4, 16, 2445 MHz, 10251 MHz, P2, 431.83 W
1, 2026/09/15 09:53:07.897, 4, 16, 2805 MHz, 10251 MHz, P2, 405.05 W
0, 2026/09/15 09:53:08.097, 4, 16, 2445 MHz, 10251 MHz, P2, 431.83 W
1, 2026/09/15 09:53:08.097, 4, 16, 2805 MHz, 10251 MHz, P2, 405.05 W
0, 2026/09/15 09:53:08.297, 4, 16, 2445 MHz, 10251 MHz, P2, 431.83 W
1, 2026/09/15 09:53:08.298, 4, 16, 2805 MHz, 10251 MHz, P2, 405.05 W
0, 2026/09/15 09:53:08.498, 4, 16, 2445 MHz, 10251 MHz, P2, 440.57 W
1, 2026/09/15 09:53:08.498, 4, 16, 2805 MHz, 10251 MHz, P2, 401.63 W
0, 2026/09/15 09:53:08.698, 4, 16, 2445 MHz, 10251 MHz, P2, 440.57 W
1, 2026/09/15 09:53:08.698, 4, 16, 2805 MHz, 10251 MHz, P2, 401.63 W
0, 2026/09/15 09:53:08.899, 4, 16, 2295 MHz, 10251 MHz, P2, 465.26 W
1, 2026/09/15 09:53:08.899, 4, 16, 2805 MHz, 10251 MHz, P2, 390.90 W
0, 2026/09/15 09:53:09.099, 4, 16, 2295 MHz, 10251 MHz, P2, 465.26 W
1, 2026/09/15 09:53:09.099, 4, 16, 2805 MHz, 10251 MHz, P2, 390.90 W
0, 2026/09/15 09:53:09.299, 4, 16, 2295 MHz, 10251 MHz, P2, 465.26 W
1, 2026/09/15 09:53:09.300, 4, 16, 2805 MHz, 10251 MHz, P2, 390.90 W
0, 2026/09/15 09:53:09.500, 4, 16, 2445 MHz, 10251 MHz, P2, 403.47 W
1, 2026/09/15 09:53:09.500, 4, 16, 2805 MHz, 10251 MHz, P2, 380.16 W
0, 2026/09/15 09:53:09.701, 4, 16, 2445 MHz, 10251 MHz, P2, 403.47 W
1, 2026/09/15 09:53:09.701, 4, 16, 2805 MHz, 10251 MHz, P2, 380.16 W
0, 2026/09/15 09:53:09.901, 4, 16, 2415 MHz, 10251 MHz, P2, 298.24 W
1, 2026/09/15 09:53:09.902, 4, 16, 2805 MHz, 10251 MHz, P2, 375.77 W
0, 2026/09/15 09:53:10.102, 4, 16, 2415 MHz, 10251 MHz, P2, 298.24 W
1, 2026/09/15 09:53:10.103, 4, 16, 2805 MHz, 10251 MHz, P2, 375.77 W
0, 2026/09/15 09:53:10.303, 4, 16, 2415 MHz, 10251 MHz, P2, 298.24 W
1, 2026/09/15 09:53:10.303, 4, 16, 2805 MHz, 10251 MHz, P2, 375.77 W
0, 2026/09/15 09:53:10.503, 4, 16, 2820 MHz, 10251 MHz, P2, 175.93 W
1, 2026/09/15 09:53:10.504, 4, 16, 2805 MHz, 10251 MHz, P2, 375.24 W
0, 2026/09/15 09:53:10.704, 4, 16, 2820 MHz, 10251 MHz, P2, 175.93 W
1, 2026/09/15 09:53:10.704, 4, 16, 2805 MHz, 10251 MHz, P2, 375.24 W
0, 2026/09/15 09:53:10.904, 4, 16, 2745 MHz, 10251 MHz, P2, 162.82 W
1, 2026/09/15 09:53:10.905, 4, 16, 2805 MHz, 10251 MHz, P2, 375.19 W
0, 2026/09/15 09:53:11.105, 4, 16, 2745 MHz, 10251 MHz, P2, 162.82 W
1, 2026/09/15 09:53:11.105, 4, 16, 2805 MHz, 10251 MHz, P2, 375.19 W
0, 2026/09/15 09:53:11.305, 4, 16, 2745 MHz, 10251 MHz, P2, 162.82 W
1, 2026/09/15 09:53:11.306, 4, 16, 2805 MHz, 10251 MHz, P2, 375.19 W
0, 2026/09/15 09:53:11.506, 4, 16, 2790 MHz, 10251 MHz, P2, 192.76 W
1, 2026/09/15 09:53:11.506, 4, 16, 2805 MHz, 10251 MHz, P2, 381.57 W
0, 2026/09/15 09:53:11.706, 4, 16, 2790 MHz, 10251 MHz, P2, 192.76 W
1, 2026/09/15 09:53:11.707, 4, 16, 2805 MHz, 10251 MHz, P2, 381.57 W
0, 2026/09/15 09:53:11.907, 4, 16, 2820 MHz, 10251 MHz, P2, 212.05 W
1, 2026/09/15 09:53:11.907, 4, 16, 2805 MHz, 10251 MHz, P2, 381.76 W
0, 2026/09/15 09:53:12.107, 4, 16, 2820 MHz, 10251 MHz, P2, 212.05 W
1, 2026/09/15 09:53:12.108, 4, 16, 2805 MHz, 10251 MHz, P2, 381.76 W
0, 2026/09/15 09:53:12.308, 4, 16, 2820 MHz, 10251 MHz, P2, 212.05 W
1, 2026/09/15 09:53:12.308, 4, 16, 2805 MHz, 10251 MHz, P2, 381.76 W
0, 2026/09/15 09:53:12.508, 4, 16, 2820 MHz, 10251 MHz, P2, 263.21 W
1, 2026/09/15 09:53:12.509, 4, 16, 2805 MHz, 10251 MHz, P2, 376.75 W
0, 2026/09/15 09:53:12.709, 4, 16, 2820 MHz, 10251 MHz, P2, 263.21 W
1, 2026/09/15 09:53:12.709, 4, 16, 2805 MHz, 10251 MHz, P2, 376.75 W
0, 2026/09/15 09:53:12.909, 4, 16, 2820 MHz, 10251 MHz, P2, 232.66 W
1, 2026/09/15 09:53:12.909, 4, 16, 2805 MHz, 10251 MHz, P2, 376.45 W
0, 2026/09/15 09:53:13.110, 4, 16, 2820 MHz, 10251 MHz, P2, 232.66 W
1, 2026/09/15 09:53:13.110, 4, 16, 2805 MHz, 10251 MHz, P2, 376.45 W
0, 2026/09/15 09:53:13.310, 4, 16, 2820 MHz, 10251 MHz, P2, 232.66 W
1, 2026/09/15 09:53:13.310, 4, 16, 2805 MHz, 10251 MHz, P2, 376.45 W
0, 2026/09/15 09:53:13.510, 4, 16, 2430 MHz, 10251 MHz, P2, 231.83 W
1, 2026/09/15 09:53:13.511, 4, 16, 2805 MHz, 10251 MHz, P2, 370.82 W
0, 2026/09/15 09:53:13.711, 4, 16, 2430 MHz, 10251 MHz, P2, 231.83 W
1, 2026/09/15 09:53:13.711, 4, 16, 2805 MHz, 10251 MHz, P2, 370.82 W
0, 2026/09/15 09:53:13.911, 4, 16, 2790 MHz, 10251 MHz, P2, 195.99 W
1, 2026/09/15 09:53:13.912, 4, 16, 2805 MHz, 10251 MHz, P2, 363.09 W
0, 2026/09/15 09:53:14.112, 4, 16, 2790 MHz, 10251 MHz, P2, 195.99 W
1, 2026/09/15 09:53:14.112, 4, 16, 2805 MHz, 10251 MHz, P2, 363.09 W
0, 2026/09/15 09:53:14.312, 4, 16, 2790 MHz, 10251 MHz, P2, 195.99 W
1, 2026/09/15 09:53:14.313, 4, 16, 2805 MHz, 10251 MHz, P2, 363.09 W
0, 2026/09/15 09:53:14.513, 4, 16, 2460 MHz, 10251 MHz, P2, 137.92 W
1, 2026/09/15 09:53:14.513, 4, 16, 2805 MHz, 10251 MHz, P2, 359.67 W
0, 2026/09/15 09:53:14.713, 4, 16, 2460 MHz, 10251 MHz, P2, 137.92 W
1, 2026/09/15 09:53:14.714, 4, 16, 2805 MHz, 10251 MHz, P2, 359.67 W
0, 2026/09/15 09:53:14.914, 4, 16, 2820 MHz, 10251 MHz, P2, 161.04 W
1, 2026/09/15 09:53:14.914, 4, 16, 2805 MHz, 10251 MHz, P2, 359.86 W
0, 2026/09/15 09:53:15.114, 4, 16, 2820 MHz, 10251 MHz, P2, 161.04 W
1, 2026/09/15 09:53:15.114, 4, 16, 2805 MHz, 10251 MHz, P2, 359.86 W
0, 2026/09/15 09:53:15.315, 4, 16, 2820 MHz, 10251 MHz, P2, 161.04 W
1, 2026/09/15 09:53:15.315, 4, 16, 2805 MHz, 10251 MHz, P2, 360.53 W
0, 2026/09/15 09:53:15.515, 4, 16, 2820 MHz, 10251 MHz, P2, 181.39 W
1, 2026/09/15 09:53:15.516, 4, 16, 2805 MHz, 10251 MHz, P2, 360.53 W
0, 2026/09/15 09:53:15.716, 4, 16, 2820 MHz, 10251 MHz, P2, 181.39 W
1, 2026/09/15 09:53:15.716, 4, 16, 2805 MHz, 10251 MHz, P2, 360.53 W
0, 2026/09/15 09:53:15.916, 4, 16, 2415 MHz, 10251 MHz, P2, 141.92 W
1, 2026/09/15 09:53:15.917, 4, 16, 2805 MHz, 10251 MHz, P2, 362.31 W
0, 2026/09/15 09:53:16.117, 4, 16, 2415 MHz, 10251 MHz, P2, 141.92 W
1, 2026/09/15 09:53:16.117, 4, 16, 2805 MHz, 10251 MHz, P2, 362.31 W
0, 2026/09/15 09:53:16.318, 4, 16, 2415 MHz, 10251 MHz, P2, 141.92 W
1, 2026/09/15 09:53:16.318, 4, 16, 2805 MHz, 10251 MHz, P2, 369.40 W
0, 2026/09/15 09:53:16.518, 4, 16, 2520 MHz, 10251 MHz, P2, 128.12 W
1, 2026/09/15 09:53:16.519, 4, 16, 2805 MHz, 10251 MHz, P2, 369.40 W
0, 2026/09/15 09:53:16.719, 4, 16, 2520 MHz, 10251 MHz, P2, 128.12 W
1, 2026/09/15 09:53:16.719, 4, 16, 2805 MHz, 10251 MHz, P2, 369.40 W
0, 2026/09/15 09:53:16.919, 4, 16, 2820 MHz, 10251 MHz, P2, 174.57 W
1, 2026/09/15 09:53:16.919, 4, 16, 2805 MHz, 10251 MHz, P2, 372.23 W
0, 2026/09/15 09:53:17.120, 4, 16, 2820 MHz, 10251 MHz, P2, 174.57 W
1, 2026/09/15 09:53:17.120, 4, 16, 2805 MHz, 10251 MHz, P2, 372.23 W
0, 2026/09/15 09:53:17.320, 4, 16, 2820 MHz, 10251 MHz, P2, 174.57 W
1, 2026/09/15 09:53:17.320, 4, 16, 2805 MHz, 10251 MHz, P2, 365.93 W
0, 2026/09/15 09:53:17.521, 4, 16, 2820 MHz, 10251 MHz, P2, 192.69 W
1, 2026/09/15 09:53:17.521, 4, 16, 2805 MHz, 10251 MHz, P2, 365.93 W
0, 2026/09/15 09:53:17.721, 4, 16, 2820 MHz, 10251 MHz, P2, 192.69 W
1, 2026/09/15 09:53:17.721, 4, 16, 2805 MHz, 10251 MHz, P2, 365.93 W
0, 2026/09/15 09:53:17.922, 4, 16, 2445 MHz, 10251 MHz, P2, 170.86 W
1, 2026/09/15 09:53:17.922, 4, 16, 2805 MHz, 10251 MHz, P2, 369.32 W
0, 2026/09/15 09:53:18.122, 4, 16, 2445 MHz, 10251 MHz, P2, 170.86 W
1, 2026/09/15 09:53:18.122, 4, 16, 2805 MHz, 10251 MHz, P2, 369.32 W
0, 2026/09/15 09:53:18.323, 4, 16, 2445 MHz, 10251 MHz, P2, 170.86 W
1, 2026/09/15 09:53:18.323, 4, 16, 2805 MHz, 10251 MHz, P2, 377.24 W
0, 2026/09/15 09:53:18.523, 4, 16, 2820 MHz, 10251 MHz, P2, 146.74 W
1, 2026/09/15 09:53:18.523, 4, 16, 2805 MHz, 10251 MHz, P2, 377.24 W
0, 2026/09/15 09:53:18.724, 4, 16, 2820 MHz, 10251 MHz, P2, 146.74 W
1, 2026/09/15 09:53:18.724, 4, 16, 2805 MHz, 10251 MHz, P2, 377.24 W
0, 2026/09/15 09:53:18.924, 4, 16, 2820 MHz, 10251 MHz, P2, 166.58 W
1, 2026/09/15 09:53:18.924, 4, 16, 2805 MHz, 10251 MHz, P2, 379.05 W
0, 2026/09/15 09:53:19.125, 4, 16, 2820 MHz, 10251 MHz, P2, 166.58 W
1, 2026/09/15 09:53:19.125, 4, 16, 2805 MHz, 10251 MHz, P2, 379.05 W
0, 2026/09/15 09:53:19.325, 4, 16, 2820 MHz, 10251 MHz, P2, 166.58 W
1, 2026/09/15 09:53:19.325, 4, 16, 2805 MHz, 10251 MHz, P2, 386.00 W
0, 2026/09/15 09:53:19.525, 4, 16, 2820 MHz, 10251 MHz, P2, 167.72 W
1, 2026/09/15 09:53:19.526, 4, 16, 2805 MHz, 10251 MHz, P2, 386.00 W
0, 2026/09/15 09:53:19.726, 4, 16, 2820 MHz, 10251 MHz, P2, 167.72 W
1, 2026/09/15 09:53:19.726, 4, 16, 2805 MHz, 10251 MHz, P2, 386.00 W
0, 2026/09/15 09:53:19.926, 4, 16, 2820 MHz, 10251 MHz, P2, 218.05 W
1, 2026/09/15 09:53:19.927, 4, 16, 2805 MHz, 10251 MHz, P2, 386.62 W
0, 2026/09/15 09:53:20.127, 4, 16, 2820 MHz, 10251 MHz, P2, 218.05 W
1, 2026/09/15 09:53:20.127, 4, 16, 2805 MHz, 10251 MHz, P2, 386.62 W
0, 2026/09/15 09:53:20.327, 4, 16, 2820 MHz, 10251 MHz, P2, 218.05 W
1, 2026/09/15 09:53:20.328, 4, 16, 2805 MHz, 10251 MHz, P2, 390.76 W
0, 2026/09/15 09:53:20.528, 4, 16, 2700 MHz, 10251 MHz, P2, 227.65 W
1, 2026/09/15 09:53:20.528, 4, 16, 2805 MHz, 10251 MHz, P2, 390.76 W
0, 2026/09/15 09:53:20.729, 4, 16, 2700 MHz, 10251 MHz, P2, 227.65 W
1, 2026/09/15 09:53:20.729, 4, 16, 2805 MHz, 10251 MHz, P2, 390.76 W
0, 2026/09/15 09:53:20.930, 4, 16, 2700 MHz, 10251 MHz, P2, 243.66 W
1, 2026/09/15 09:53:20.930, 4, 16, 2805 MHz, 10251 MHz, P2, 395.80 W
0, 2026/09/15 09:53:21.130, 4, 16, 2700 MHz, 10251 MHz, P2, 243.66 W
1, 2026/09/15 09:53:21.131, 4, 16, 2805 MHz, 10251 MHz, P2, 395.80 W
0, 2026/09/15 09:53:21.331, 4, 16, 2700 MHz, 10251 MHz, P2, 243.66 W
1, 2026/09/15 09:53:21.331, 4, 16, 2805 MHz, 10251 MHz, P2, 398.57 W
0, 2026/09/15 09:53:21.531, 4, 16, 2445 MHz, 10251 MHz, P2, 245.74 W
1, 2026/09/15 09:53:21.532, 4, 16, 2805 MHz, 10251 MHz, P2, 398.57 W
0, 2026/09/15 09:53:21.732, 4, 16, 2445 MHz, 10251 MHz, P2, 245.74 W
1, 2026/09/15 09:53:21.732, 4, 16, 2805 MHz, 10251 MHz, P2, 398.57 W
0, 2026/09/15 09:53:21.932, 4, 16, 2820 MHz, 10251 MHz, P2, 224.45 W
1, 2026/09/15 09:53:21.933, 4, 16, 2805 MHz, 10251 MHz, P2, 403.23 W
0, 2026/09/15 09:53:22.133, 4, 16, 2820 MHz, 10251 MHz, P2, 224.45 W
1, 2026/09/15 09:53:22.133, 4, 16, 2805 MHz, 10251 MHz, P2, 403.23 W
0, 2026/09/15 09:53:22.333, 4, 16, 2820 MHz, 10251 MHz, P2, 224.45 W
1, 2026/09/15 09:53:22.334, 4, 16, 2805 MHz, 10251 MHz, P2, 406.91 W
0, 2026/09/15 09:53:22.534, 4, 16, 2445 MHz, 10251 MHz, P2, 266.33 W
1, 2026/09/15 09:53:22.534, 4, 16, 2805 MHz, 10251 MHz, P2, 406.91 W
0, 2026/09/15 09:53:22.734, 4, 16, 2445 MHz, 10251 MHz, P2, 266.33 W
1, 2026/09/15 09:53:22.735, 4, 16, 2805 MHz, 10251 MHz, P2, 406.91 W
0, 2026/09/15 09:53:22.935, 4, 16, 2820 MHz, 10251 MHz, P2, 250.20 W
1, 2026/09/15 09:53:22.935, 4, 16, 2805 MHz, 10251 MHz, P2, 409.26 W
0, 2026/09/15 09:53:23.135, 4, 16, 2820 MHz, 10251 MHz, P2, 250.20 W
1, 2026/09/15 09:53:23.136, 4, 16, 2805 MHz, 10251 MHz, P2, 409.26 W
0, 2026/09/15 09:53:23.336, 4, 16, 2820 MHz, 10251 MHz, P2, 250.20 W
1, 2026/09/15 09:53:23.336, 4, 16, 2790 MHz, 10251 MHz, P2, 409.93 W
0, 2026/09/15 09:53:23.536, 4, 16, 2820 MHz, 10251 MHz, P2, 277.13 W
1, 2026/09/15 09:53:23.537, 4, 16, 2790 MHz, 10251 MHz, P2, 409.93 W
0, 2026/09/15 09:53:23.737, 4, 16, 2820 MHz, 10251 MHz, P2, 277.13 W
1, 2026/09/15 09:53:23.737, 4, 16, 2790 MHz, 10251 MHz, P2, 409.93 W
0, 2026/09/15 09:53:23.937, 4, 16, 2430 MHz, 10251 MHz, P2, 299.39 W
1, 2026/09/15 09:53:23.938, 4, 16, 2790 MHz, 10251 MHz, P2, 410.65 W
0, 2026/09/15 09:53:24.138, 4, 16, 2430 MHz, 10251 MHz, P2, 299.39 W
1, 2026/09/15 09:53:24.138, 4, 16, 2790 MHz, 10251 MHz, P2, 410.65 W
0, 2026/09/15 09:53:24.338, 4, 16, 2430 MHz, 10251 MHz, P2, 299.39 W
1, 2026/09/15 09:53:24.339, 4, 16, 2790 MHz, 10251 MHz, P2, 411.26 W
0, 2026/09/15 09:53:24.539, 4, 16, 2520 MHz, 10251 MHz, P2, 347.34 W
1, 2026/09/15 09:53:24.539, 4, 16, 2790 MHz, 10251 MHz, P2, 411.26 W
0, 2026/09/15 09:53:24.739, 4, 16, 2520 MHz, 10251 MHz, P2, 347.34 W
1, 2026/09/15 09:53:24.740, 4, 16, 2790 MHz, 10251 MHz, P2, 411.26 W
0, 2026/09/15 09:53:24.940, 4, 16, 2820 MHz, 10251 MHz, P2, 314.90 W
1, 2026/09/15 09:53:24.940, 4, 16, 2790 MHz, 10251 MHz, P2, 411.02 W
0, 2026/09/15 09:53:25.141, 4, 16, 2820 MHz, 10251 MHz, P2, 314.90 W
1, 2026/09/15 09:53:25.141, 4, 16, 2790 MHz, 10251 MHz, P2, 411.02 W
0, 2026/09/15 09:53:25.341, 4, 16, 2820 MHz, 10251 MHz, P2, 314.90 W
1, 2026/09/15 09:53:25.341, 4, 16, 2790 MHz, 10251 MHz, P2, 410.38 W
0, 2026/09/15 09:53:25.542, 4, 16, 2820 MHz, 10251 MHz, P2, 141.97 W
1, 2026/09/15 09:53:25.542, 4, 16, 2790 MHz, 10251 MHz, P2, 410.38 W
0, 2026/09/15 09:53:25.742, 4, 16, 2820 MHz, 10251 MHz, P2, 141.97 W
1, 2026/09/15 09:53:25.742, 4, 16, 2790 MHz, 10251 MHz, P2, 410.38 W
0, 2026/09/15 09:53:25.943, 4, 16, 2820 MHz, 10251 MHz, P2, 94.35 W
1, 2026/09/15 09:53:25.943, 4, 16, 2790 MHz, 10251 MHz, P2, 409.85 W
0, 2026/09/15 09:53:26.143, 4, 16, 2820 MHz, 10251 MHz, P2, 94.35 W
1, 2026/09/15 09:53:26.143, 4, 16, 2790 MHz, 10251 MHz, P2, 409.85 W
0, 2026/09/15 09:53:26.344, 4, 16, 2820 MHz, 10251 MHz, P2, 94.35 W
1, 2026/09/15 09:53:26.344, 4, 16, 2790 MHz, 10251 MHz, P2, 410.23 W
0, 2026/09/15 09:53:26.544, 4, 16, 2520 MHz, 10251 MHz, P2, 91.67 W
1, 2026/09/15 09:53:26.544, 4, 16, 2790 MHz, 10251 MHz, P2, 410.23 W
0, 2026/09/15 09:53:26.745, 4, 16, 2520 MHz, 10251 MHz, P2, 91.67 W
1, 2026/09/15 09:53:26.745, 4, 16, 2790 MHz, 10251 MHz, P2, 410.23 W
0, 2026/09/15 09:53:26.945, 4, 16, 2520 MHz, 10251 MHz, P2, 79.51 W
1, 2026/09/15 09:53:26.945, 4, 16, 2790 MHz, 10251 MHz, P2, 410.45 W
0, 2026/09/15 09:53:27.146, 4, 16, 2520 MHz, 10251 MHz, P2, 79.51 W
1, 2026/09/15 09:53:27.146, 4, 16, 2790 MHz, 10251 MHz, P2, 410.45 W
0, 2026/09/15 09:53:27.346, 4, 16, 2520 MHz, 10251 MHz, P2, 79.51 W
1, 2026/09/15 09:53:27.346, 4, 16, 2790 MHz, 10251 MHz, P2, 411.36 W
0, 2026/09/15 09:53:27.547, 4, 16, 2520 MHz, 10251 MHz, P2, 67.56 W
1, 2026/09/15 09:53:27.547, 4, 16, 2790 MHz, 10251 MHz, P2, 411.36 W
0, 2026/09/15 09:53:27.747, 4, 16, 2520 MHz, 10251 MHz, P2, 67.56 W
1, 2026/09/15 09:53:27.747, 4, 16, 2790 MHz, 10251 MHz, P2, 411.36 W
0, 2026/09/15 09:53:27.948, 4, 16, 2520 MHz, 10251 MHz, P2, 67.33 W
1, 2026/09/15 09:53:27.948, 4, 16, 2790 MHz, 10251 MHz, P2, 412.04 W
0, 2026/09/15 09:53:28.148, 4, 16, 2520 MHz, 10251 MHz, P2, 67.33 W
1, 2026/09/15 09:53:28.148, 4, 16, 2790 MHz, 10251 MHz, P2, 412.04 W
0, 2026/09/15 09:53:28.349, 4, 16, 2520 MHz, 10251 MHz, P2, 67.33 W
1, 2026/09/15 09:53:28.349, 4, 16, 2790 MHz, 10251 MHz, P2, 415.48 W
0, 2026/09/15 09:53:28.549, 4, 16, 2520 MHz, 10251 MHz, P2, 67.38 W
1, 2026/09/15 09:53:28.549, 4, 16, 2790 MHz, 10251 MHz, P2, 415.48 W
0, 2026/09/15 09:53:28.750, 4, 16, 2520 MHz, 10251 MHz, P2, 67.38 W
1, 2026/09/15 09:53:28.750, 4, 16, 2790 MHz, 10251 MHz, P2, 415.48 W
0, 2026/09/15 09:53:28.950, 4, 16, 2520 MHz, 10251 MHz, P2, 66.53 W
1, 2026/09/15 09:53:28.950, 4, 16, 2655 MHz, 10251 MHz, P2, 430.50 W
0, 2026/09/15 09:53:29.151, 4, 16, 2520 MHz, 10251 MHz, P2, 66.53 W
1, 2026/09/15 09:53:29.151, 4, 16, 2655 MHz, 10251 MHz, P2, 430.50 W
0, 2026/09/15 09:53:29.351, 4, 16, 2520 MHz, 10251 MHz, P2, 66.53 W
1, 2026/09/15 09:53:29.351, 4, 16, 2790 MHz, 10251 MHz, P2, 444.85 W
0, 2026/09/15 09:53:29.551, 4, 16, 2520 MHz, 10251 MHz, P2, 65.49 W
1, 2026/09/15 09:53:29.552, 4, 16, 2790 MHz, 10251 MHz, P2, 444.85 W
0, 2026/09/15 09:53:29.752, 4, 16, 2520 MHz, 10251 MHz, P2, 65.49 W
1, 2026/09/15 09:53:29.752, 4, 16, 2790 MHz, 10251 MHz, P2, 444.85 W
0, 2026/09/15 09:53:29.952, 4, 16, 2520 MHz, 10251 MHz, P2, 65.49 W
1, 2026/09/15 09:53:29.953, 4, 16, 2790 MHz, 10251 MHz, P2, 439.93 W
0, 2026/09/15 09:53:30.153, 4, 16, 2520 MHz, 10251 MHz, P2, 65.49 W
1, 2026/09/15 09:53:30.153, 4, 16, 2790 MHz, 10251 MHz, P2, 439.93 W
0, 2026/09/15 09:53:30.353, 4, 16, 2520 MHz, 10251 MHz, P2, 65.49 W
1, 2026/09/15 09:53:30.353, 4, 16, 2790 MHz, 10251 MHz, P2, 429.09 W
0, 2026/09/15 09:53:30.554, 4, 16, 2520 MHz, 10251 MHz, P2, 63.99 W
1, 2026/09/15 09:53:30.554, 4, 16, 2790 MHz, 10251 MHz, P2, 429.09 W
0, 2026/09/15 09:53:30.754, 4, 16, 2520 MHz, 10251 MHz, P2, 63.99 W
1, 2026/09/15 09:53:30.754, 4, 16, 2790 MHz, 10251 MHz, P2, 429.09 W
0, 2026/09/15 09:53:30.955, 4, 16, 2520 MHz, 10251 MHz, P2, 63.99 W
1, 2026/09/15 09:53:30.955, 4, 16, 2790 MHz, 10251 MHz, P2, 425.81 W
0, 2026/09/15 09:53:31.155, 4, 16, 2520 MHz, 10251 MHz, P2, 63.99 W
1, 2026/09/15 09:53:31.155, 4, 16, 2790 MHz, 10251 MHz, P2, 425.81 W
0, 2026/09/15 09:53:31.355, 4, 16, 2520 MHz, 10251 MHz, P2, 63.99 W
1, 2026/09/15 09:53:31.356, 4, 16, 2790 MHz, 10251 MHz, P2, 354.70 W
0, 2026/09/15 09:53:31.556, 4, 16, 2520 MHz, 10251 MHz, P2, 63.66 W
1, 2026/09/15 09:53:31.556, 4, 16, 2790 MHz, 10251 MHz, P2, 354.70 W
0, 2026/09/15 09:53:31.757, 4, 16, 2520 MHz, 10251 MHz, P2, 63.66 W
1, 2026/09/15 09:53:31.757, 4, 16, 2790 MHz, 10251 MHz, P2, 354.70 W
0, 2026/09/15 09:53:31.957, 4, 16, 2520 MHz, 10251 MHz, P2, 63.47 W
1, 2026/09/15 09:53:31.957, 4, 16, 2805 MHz, 10251 MHz, P2, 201.47 W
0, 2026/09/15 09:53:32.158, 4, 16, 2520 MHz, 10251 MHz, P2, 63.47 W
1, 2026/09/15 09:53:32.158, 4, 16, 2805 MHz, 10251 MHz, P2, 201.47 W
0, 2026/09/15 09:53:32.358, 4, 16, 2520 MHz, 10251 MHz, P2, 63.47 W
1, 2026/09/15 09:53:32.358, 4, 16, 2805 MHz, 10251 MHz, P2, 85.64 W
0, 2026/09/15 09:53:32.559, 4, 16, 2520 MHz, 10251 MHz, P2, 63.50 W
1, 2026/09/15 09:53:32.559, 4, 16, 2805 MHz, 10251 MHz, P2, 85.64 W
0, 2026/09/15 09:53:32.759, 4, 16, 2520 MHz, 10251 MHz, P2, 63.50 W
1, 2026/09/15 09:53:32.759, 4, 16, 2805 MHz, 10251 MHz, P2, 85.64 W
0, 2026/09/15 09:53:32.960, 4, 16, 2520 MHz, 10251 MHz, P2, 63.62 W
1, 2026/09/15 09:53:32.960, 4, 16, 2805 MHz, 10251 MHz, P2, 85.37 W
0, 2026/09/15 09:53:33.160, 4, 16, 2520 MHz, 10251 MHz, P2, 63.62 W
1, 2026/09/15 09:53:33.160, 4, 16, 2805 MHz, 10251 MHz, P2, 85.37 W
0, 2026/09/15 09:53:33.360, 4, 16, 2520 MHz, 10251 MHz, P2, 63.62 W
1, 2026/09/15 09:53:33.361, 4, 16, 2805 MHz, 10251 MHz, P2, 85.37 W
0, 2026/09/15 09:53:33.561, 4, 16, 2520 MHz, 10251 MHz, P2, 63.62 W
1, 2026/09/15 09:53:33.561, 4, 16, 2805 MHz, 10251 MHz, P2, 85.37 W
0, 2026/09/15 09:53:33.762, 4, 16, 2520 MHz, 10251 MHz, P2, 63.62 W
1, 2026/09/15 09:53:33.762, 4, 16, 2805 MHz, 10251 MHz, P2, 85.37 W
0, 2026/09/15 09:53:33.963, 4, 16, 2520 MHz, 10251 MHz, P2, 63.43 W
1, 2026/09/15 09:53:33.963, 4, 16, 2520 MHz, 10251 MHz, P2, 72.08 W
0, 2026/09/15 09:53:34.163, 4, 16, 2520 MHz, 10251 MHz, P2, 63.43 W
1, 2026/09/15 09:53:34.164, 4, 16, 2520 MHz, 10251 MHz, P2, 72.08 W
0, 2026/09/15 09:53:34.364, 4, 16, 2520 MHz, 10251 MHz, P2, 63.43 W
1, 2026/09/15 09:53:34.364, 4, 16, 2520 MHz, 10501 MHz, P0, 71.19 W
0, 2026/09/15 09:53:34.564, 4, 16, 2820 MHz, 10501 MHz, P0, 67.20 W
1, 2026/09/15 09:53:34.564, 4, 16, 2520 MHz, 10501 MHz, P0, 71.19 W
0, 2026/09/15 09:53:34.765, 4, 16, 2820 MHz, 10501 MHz, P0, 67.20 W
1, 2026/09/15 09:53:34.765, 4, 16, 2520 MHz, 10501 MHz, P0, 71.19 W
0, 2026/09/15 09:53:34.965, 4, 16, 2820 MHz, 10501 MHz, P0, 84.96 W
1, 2026/09/15 09:53:34.966, 4, 16, 2805 MHz, 10501 MHz, P0, 75.84 W
0, 2026/09/15 09:53:35.166, 4, 16, 2820 MHz, 10501 MHz, P0, 84.96 W
1, 2026/09/15 09:53:35.166, 4, 16, 2805 MHz, 10501 MHz, P0, 75.84 W
0, 2026/09/15 09:53:35.366, 4, 16, 2820 MHz, 10501 MHz, P0, 84.96 W
1, 2026/09/15 09:53:35.366, 4, 16, 2805 MHz, 10501 MHz, P0, 85.38 W
0, 2026/09/15 09:53:35.567, 4, 16, 2820 MHz, 10501 MHz, P0, 93.78 W
1, 2026/09/15 09:53:35.567, 4, 16, 2805 MHz, 10501 MHz, P0, 85.38 W
0, 2026/09/15 09:53:35.767, 4, 16, 2820 MHz, 10501 MHz, P0, 93.78 W
1, 2026/09/15 09:53:35.767, 4, 16, 2805 MHz, 10501 MHz, P0, 85.38 W
0, 2026/09/15 09:53:35.968, 4, 16, 2820 MHz, 10501 MHz, P0, 92.38 W
1, 2026/09/15 09:53:35.968, 4, 16, 2805 MHz, 10501 MHz, P0, 87.28 W
0, 2026/09/15 09:53:36.168, 4, 16, 2820 MHz, 10501 MHz, P0, 92.38 W
1, 2026/09/15 09:53:36.168, 4, 16, 2805 MHz, 10501 MHz, P0, 87.28 W
0, 2026/09/15 09:53:36.369, 4, 16, 2820 MHz, 10501 MHz, P3, 92.38 W
1, 2026/09/15 09:53:36.369, 4, 16, 2805 MHz, 10501 MHz, P0, 87.28 W
0, 2026/09/15 09:53:36.569, 4, 16, 2820 MHz, 10501 MHz, P3, 92.38 W
1, 2026/09/15 09:53:36.569, 4, 16, 2805 MHz, 10501 MHz, P0, 87.28 W
0, 2026/09/15 09:53:36.770, 4, 16, 2820 MHz, 10501 MHz, P3, 92.38 W
1, 2026/09/15 09:53:36.770, 4, 16, 2805 MHz, 10501 MHz, P0, 87.28 W
0, 2026/09/15 09:53:36.970, 2, 16, 660 MHz, 5001 MHz, P5, 81.17 W
1, 2026/09/15 09:53:36.970, 4, 16, 570 MHz, 5001 MHz, P3, 79.83 W
0, 2026/09/15 09:53:37.171, 2, 16, 660 MHz, 5001 MHz, P5, 81.17 W
1, 2026/09/15 09:53:37.171, 4, 16, 570 MHz, 5001 MHz, P3, 79.83 W
0, 2026/09/15 09:53:37.371, 2, 16, 660 MHz, 5001 MHz, P5, 81.17 W
1, 2026/09/15 09:53:37.371, 4, 16, 570 MHz, 5001 MHz, P3, 79.83 W
0, 2026/09/15 09:53:37.572, 2, 16, 660 MHz, 5001 MHz, P5, 81.17 W
1, 2026/09/15 09:53:37.572, 4, 16, 570 MHz, 5001 MHz, P3, 79.83 W
0, 2026/09/15 09:53:37.772, 2, 16, 660 MHz, 5001 MHz, P5, 81.17 W
1, 2026/09/15 09:53:37.772, 4, 16, 570 MHz, 5001 MHz, P3, 79.83 W
0, 2026/09/15 09:53:37.973, 2, 16, 420 MHz, 810 MHz, P5, 57.17 W
1, 2026/09/15 09:53:37.973, 2, 16, 360 MHz, 810 MHz, P5, 58.62 W
0, 2026/09/15 09:53:38.173, 2, 16, 420 MHz, 810 MHz, P5, 57.17 W
1, 2026/09/15 09:53:38.173, 2, 16, 360 MHz, 810 MHz, P5, 58.62 W
0, 2026/09/15 09:53:38.374, 2, 16, 420 MHz, 810 MHz, P5, 57.17 W
1, 2026/09/15 09:53:38.374, 2, 16, 360 MHz, 810 MHz, P5, 58.62 W
0, 2026/09/15 09:53:38.574, 2, 16, 420 MHz, 810 MHz, P5, 57.17 W
1, 2026/09/15 09:53:38.574, 2, 16, 360 MHz, 810 MHz, P5, 58.62 W
0, 2026/09/15 09:53:38.775, 2, 16, 420 MHz, 810 MHz, P5, 57.17 W
1, 2026/09/15 09:53:38.775, 2, 16, 360 MHz, 810 MHz, P5, 58.62 W
0, 2026/09/15 09:53:38.975, 1, 16, 270 MHz, 810 MHz, P8, 31.06 W
1, 2026/09/15 09:53:38.975, 2, 16, 225 MHz, 810 MHz, P5, 31.69 W
0, 2026/09/15 09:53:39.176, 1, 16, 270 MHz, 810 MHz, P8, 31.06 W
1, 2026/09/15 09:53:39.176, 2, 16, 225 MHz, 810 MHz, P5, 31.69 W
0, 2026/09/15 09:53:39.376, 1, 16, 270 MHz, 810 MHz, P8, 31.06 W
1, 2026/09/15 09:53:39.376, 1, 16, 225 MHz, 810 MHz, P8, 31.69 W
0, 2026/09/15 09:53:39.577, 1, 16, 270 MHz, 810 MHz, P8, 31.06 W
1, 2026/09/15 09:53:39.577, 1, 16, 225 MHz, 810 MHz, P8, 31.69 W
0, 2026/09/15 09:53:39.777, 1, 16, 270 MHz, 810 MHz, P8, 31.06 W
1, 2026/09/15 09:53:39.777, 1, 16, 225 MHz, 810 MHz, P8, 31.69 W
0, 2026/09/15 09:53:39.978, 1, 16, 210 MHz, 405 MHz, P8, 24.55 W
1, 2026/09/15 09:53:39.978, 1, 16, 210 MHz, 405 MHz, P8, 24.14 W
0, 2026/09/15 09:53:40.178, 1, 16, 210 MHz, 405 MHz, P8, 24.55 W
1, 2026/09/15 09:53:40.178, 1, 16, 210 MHz, 405 MHz, P8, 24.14 W
0, 2026/09/15 09:53:40.378, 1, 16, 210 MHz, 405 MHz, P8, 24.55 W
1, 2026/09/15 09:53:40.379, 1, 16, 210 MHz, 405 MHz, P8, 24.14 W
0, 2026/09/15 09:53:40.579, 1, 16, 210 MHz, 405 MHz, P8, 24.55 W
1, 2026/09/15 09:53:40.579, 1, 16, 210 MHz, 405 MHz, P8, 24.14 W
0, 2026/09/15 09:53:40.779, 1, 16, 210 MHz, 405 MHz, P8, 24.55 W
1, 2026/09/15 09:53:40.780, 1, 16, 210 MHz, 405 MHz, P8, 24.14 W
0, 2026/09/15 09:53:40.980, 1, 16, 210 MHz, 405 MHz, P8, 20.16 W
1, 2026/09/15 09:53:40.980, 1, 16, 210 MHz, 405 MHz, P8, 20.54 W
0, 2026/09/15 09:53:41.180, 1, 16, 210 MHz, 405 MHz, P8, 20.16 W
1, 2026/09/15 09:53:41.181, 1, 16, 210 MHz, 405 MHz, P8, 20.54 W
0, 2026/09/15 09:53:41.381, 1, 16, 210 MHz, 405 MHz, P8, 20.16 W
1, 2026/09/15 09:53:41.381, 1, 16, 210 MHz, 405 MHz, P8, 20.54 W
0, 2026/09/15 09:53:41.581, 1, 16, 210 MHz, 405 MHz, P8, 20.16 W
1, 2026/09/15 09:53:41.582, 1, 16, 210 MHz, 405 MHz, P8, 20.54 W
0, 2026/09/15 09:53:41.782, 1, 16, 210 MHz, 405 MHz, P8, 20.16 W
1, 2026/09/15 09:53:41.782, 1, 16, 210 MHz, 405 MHz, P8, 20.54 W
0, 2026/09/15 09:53:41.983, 1, 16, 210 MHz, 405 MHz, P8, 19.21 W
1, 2026/09/15 09:53:41.983, 1, 16, 210 MHz, 405 MHz, P8, 18.12 W
0, 2026/09/15 09:53:42.183, 1, 16, 210 MHz, 405 MHz, P8, 19.21 W
1, 2026/09/15 09:53:42.183, 1, 16, 210 MHz, 405 MHz, P8, 18.12 W
0, 2026/09/15 09:53:42.384, 1, 16, 210 MHz, 405 MHz, P8, 19.21 W
1, 2026/09/15 09:53:42.384, 1, 16, 210 MHz, 405 MHz, P8, 18.12 W
0, 2026/09/15 09:53:42.584, 1, 16, 210 MHz, 405 MHz, P8, 19.21 W
1, 2026/09/15 09:53:42.584, 1, 16, 210 MHz, 405 MHz, P8, 18.12 W
0, 2026/09/15 09:53:42.785, 1, 16, 210 MHz, 405 MHz, P8, 19.21 W
1, 2026/09/15 09:53:42.785, 1, 16, 210 MHz, 405 MHz, P8, 18.12 W
0, 2026/09/15 09:53:42.985, 1, 16, 210 MHz, 405 MHz, P8, 18.93 W
1, 2026/09/15 09:53:42.985, 1, 16, 210 MHz, 405 MHz, P8, 18.02 W
0, 2026/09/15 09:53:43.185, 1, 16, 210 MHz, 405 MHz, P8, 18.93 W
1, 2026/09/15 09:53:43.185, 1, 16, 210 MHz, 405 MHz, P8, 18.02 W
0, 2026/09/15 09:53:43.386, 1, 16, 210 MHz, 405 MHz, P8, 18.93 W
1, 2026/09/15 09:53:43.386, 1, 16, 210 MHz, 405 MHz, P8, 18.02 W
0, 2026/09/15 09:53:43.586, 1, 16, 210 MHz, 405 MHz, P8, 18.93 W
1, 2026/09/15 09:53:43.586, 1, 16, 210 MHz, 405 MHz, P8, 18.02 W
0, 2026/09/15 09:53:43.787, 1, 16, 210 MHz, 405 MHz, P8, 18.93 W
1, 2026/09/15 09:53:43.787, 1, 16, 210 MHz, 405 MHz, P8, 18.02 W
0, 2026/09/15 09:53:43.987, 1, 16, 210 MHz, 405 MHz, P8, 19.32 W
1, 2026/09/15 09:53:43.987, 1, 16, 210 MHz, 405 MHz, P8, 18.00 W
0, 2026/09/15 09:53:44.188, 1, 16, 210 MHz, 405 MHz, P8, 19.32 W
1, 2026/09/15 09:53:44.188, 1, 16, 210 MHz, 405 MHz, P8, 18.00 W
0, 2026/09/15 09:53:44.388, 1, 16, 210 MHz, 405 MHz, P8, 19.32 W
1, 2026/09/15 09:53:44.389, 1, 16, 210 MHz, 405 MHz, P8, 18.00 W
0, 2026/09/15 09:53:44.589, 1, 16, 210 MHz, 405 MHz, P8, 19.32 W
1, 2026/09/15 09:53:44.589, 1, 16, 210 MHz, 405 MHz, P8, 18.00 W
0, 2026/09/15 09:53:44.790, 1, 16, 210 MHz, 405 MHz, P8, 19.32 W
1, 2026/09/15 09:53:44.790, 1, 16, 210 MHz, 405 MHz, P8, 18.00 W
0, 2026/09/15 09:53:44.990, 1, 16, 210 MHz, 405 MHz, P8, 19.57 W
1, 2026/09/15 09:53:44.990, 1, 16, 210 MHz, 405 MHz, P8, 17.87 W
0, 2026/09/15 09:53:45.191, 1, 16, 210 MHz, 405 MHz, P8, 19.57 W
1, 2026/09/15 09:53:45.191, 1, 16, 210 MHz, 405 MHz, P8, 17.87 W
0, 2026/09/15 09:53:45.391, 1, 16, 210 MHz, 405 MHz, P8, 19.57 W
1, 2026/09/15 09:53:45.391, 1, 16, 210 MHz, 405 MHz, P8, 17.87 W
0, 2026/09/15 09:53:45.592, 1, 16, 210 MHz, 405 MHz, P8, 19.57 W
1, 2026/09/15 09:53:45.592, 1, 16, 210 MHz, 405 MHz, P8, 17.87 W
0, 2026/09/15 09:53:45.792, 1, 16, 210 MHz, 405 MHz, P8, 19.57 W
1, 2026/09/15 09:53:45.792, 1, 16, 210 MHz, 405 MHz, P8, 17.87 W
0, 2026/09/15 09:53:45.993, 1, 16, 210 MHz, 405 MHz, P8, 19.27 W
1, 2026/09/15 09:53:45.993, 1, 16, 210 MHz, 405 MHz, P8, 17.83 W
0, 2026/09/15 09:53:46.193, 1, 16, 210 MHz, 405 MHz, P8, 19.27 W
1, 2026/09/15 09:53:46.193, 1, 16, 210 MHz, 405 MHz, P8, 17.83 W
0, 2026/09/15 09:53:46.393, 1, 16, 210 MHz, 405 MHz, P8, 19.27 W
1, 2026/09/15 09:53:46.394, 1, 16, 210 MHz, 405 MHz, P8, 17.83 W
0, 2026/09/15 09:53:46.594, 1, 16, 210 MHz, 405 MHz, P8, 19.27 W
1, 2026/09/15 09:53:46.594, 1, 16, 210 MHz, 405 MHz, P8, 17.83 W
0, 2026/09/15 09:53:46.794, 1, 16, 210 MHz, 405 MHz, P8, 19.27 W
1, 2026/09/15 09:53:46.795, 1, 16, 210 MHz, 405 MHz, P8, 17.83 W
0, 2026/09/15 09:53:46.995, 1, 16, 210 MHz, 405 MHz, P8, 19.21 W
1, 2026/09/15 09:53:46.995, 1, 16, 210 MHz, 405 MHz, P8, 17.69 W
0, 2026/09/15 09:53:47.195, 1, 16, 210 MHz, 405 MHz, P8, 19.21 W
1, 2026/09/15 09:53:47.195, 1, 16, 210 MHz, 405 MHz, P8, 17.69 W
0, 2026/09/15 09:53:47.396, 1, 16, 210 MHz, 405 MHz, P8, 19.21 W
1, 2026/09/15 09:53:47.396, 1, 16, 210 MHz, 405 MHz, P8, 17.69 W
0, 2026/09/15 09:53:47.596, 1, 16, 210 MHz, 405 MHz, P8, 19.21 W
1, 2026/09/15 09:53:47.596, 1, 16, 210 MHz, 405 MHz, P8, 17.69 W
0, 2026/09/15 09:53:47.796, 1, 16, 210 MHz, 405 MHz, P8, 19.21 W
1, 2026/09/15 09:53:47.797, 1, 16, 210 MHz, 405 MHz, P8, 17.69 W
0, 2026/09/15 09:53:47.997, 1, 16, 210 MHz, 405 MHz, P8, 19.25 W
1, 2026/09/15 09:53:47.997, 1, 16, 210 MHz, 405 MHz, P8, 17.42 W
0, 2026/09/15 09:53:48.197, 1, 16, 210 MHz, 405 MHz, P8, 19.25 W
1, 2026/09/15 09:53:48.197, 1, 16, 210 MHz, 405 MHz, P8, 17.42 W
0, 2026/09/15 09:53:48.398, 1, 16, 210 MHz, 405 MHz, P8, 19.25 W
1, 2026/09/15 09:53:48.398, 1, 16, 210 MHz, 405 MHz, P8, 17.42 W
0, 2026/09/15 09:53:48.598, 1, 16, 210 MHz, 405 MHz, P8, 19.25 W
1, 2026/09/15 09:53:48.598, 1, 16, 210 MHz, 405 MHz, P8, 17.42 W
0, 2026/09/15 09:53:48.799, 1, 16, 210 MHz, 405 MHz, P8, 19.25 W
1, 2026/09/15 09:53:48.799, 1, 16, 210 MHz, 405 MHz, P8, 17.42 W
0, 2026/09/15 09:53:48.999, 1, 16, 210 MHz, 405 MHz, P8, 19.23 W
1, 2026/09/15 09:53:48.999, 1, 16, 210 MHz, 405 MHz, P8, 17.41 W
0, 2026/09/15 09:53:49.199, 1, 16, 210 MHz, 405 MHz, P8, 19.23 W
1, 2026/09/15 09:53:49.200, 1, 16, 210 MHz, 405 MHz, P8, 17.41 W
0, 2026/09/15 09:53:49.400, 1, 16, 210 MHz, 405 MHz, P8, 19.23 W
1, 2026/09/15 09:53:49.400, 1, 16, 210 MHz, 405 MHz, P8, 17.41 W
0, 2026/09/15 09:53:49.600, 1, 16, 210 MHz, 405 MHz, P8, 19.23 W
1, 2026/09/15 09:53:49.601, 1, 16, 210 MHz, 405 MHz, P8, 17.41 W
0, 2026/09/15 09:53:49.801, 1, 16, 210 MHz, 405 MHz, P8, 19.23 W
1, 2026/09/15 09:53:49.801, 1, 16, 210 MHz, 405 MHz, P8, 17.41 W
0, 2026/09/15 09:53:50.001, 1, 16, 210 MHz, 405 MHz, P8, 19.15 W
1, 2026/09/15 09:53:50.002, 1, 16, 210 MHz, 405 MHz, P8, 17.27 W
0, 2026/09/15 09:53:50.202, 1, 16, 210 MHz, 405 MHz, P8, 19.15 W
1, 2026/09/15 09:53:50.202, 1, 16, 210 MHz, 405 MHz, P8, 17.27 W
0, 2026/09/15 09:53:50.402, 1, 16, 210 MHz, 405 MHz, P8, 19.15 W
1, 2026/09/15 09:53:50.403, 1, 16, 210 MHz, 405 MHz, P8, 17.27 W
0, 2026/09/15 09:53:50.603, 1, 16, 210 MHz, 405 MHz, P8, 19.15 W
1, 2026/09/15 09:53:50.603, 1, 16, 210 MHz, 405 MHz, P8, 17.27 W
0, 2026/09/15 09:53:50.803, 1, 16, 210 MHz, 405 MHz, P8, 19.15 W
1, 2026/09/15 09:53:50.804, 1, 16, 210 MHz, 405 MHz, P8, 17.27 W
0, 2026/09/15 09:53:51.004, 1, 16, 210 MHz, 405 MHz, P8, 19.07 W
1, 2026/09/15 09:53:51.004, 1, 16, 210 MHz, 405 MHz, P8, 16.95 W
0, 2026/09/15 09:53:51.205, 1, 16, 210 MHz, 405 MHz, P8, 19.07 W
1, 2026/09/15 09:53:51.205, 1, 16, 210 MHz, 405 MHz, P8, 16.95 W
0, 2026/09/15 09:53:51.405, 1, 16, 210 MHz, 405 MHz, P8, 19.07 W
1, 2026/09/15 09:53:51.405, 1, 16, 210 MHz, 405 MHz, P8, 16.95 W
0, 2026/09/15 09:53:51.605, 1, 16, 210 MHz, 405 MHz, P8, 19.07 W
1, 2026/09/15 09:53:51.606, 1, 16, 210 MHz, 405 MHz, P8, 16.95 W
0, 2026/09/15 09:53:51.806, 1, 16, 210 MHz, 405 MHz, P8, 19.07 W
1, 2026/09/15 09:53:51.806, 1, 16, 210 MHz, 405 MHz, P8, 16.95 W
0, 2026/09/15 09:53:52.007, 1, 16, 210 MHz, 405 MHz, P8, 18.68 W
1, 2026/09/15 09:53:52.007, 1, 16, 210 MHz, 405 MHz, P8, 17.25 W
0, 2026/09/15 09:53:52.207, 1, 16, 210 MHz, 405 MHz, P8, 18.68 W
1, 2026/09/15 09:53:52.207, 1, 16, 210 MHz, 405 MHz, P8, 17.25 W
0, 2026/09/15 09:53:52.407, 1, 16, 210 MHz, 405 MHz, P8, 18.68 W
1, 2026/09/15 09:53:52.408, 1, 16, 210 MHz, 405 MHz, P8, 17.25 W
0, 2026/09/15 09:53:52.608, 1, 16, 210 MHz, 405 MHz, P8, 18.68 W
1, 2026/09/15 09:53:52.608, 1, 16, 210 MHz, 405 MHz, P8, 17.25 W
0, 2026/09/15 09:53:52.808, 1, 16, 210 MHz, 405 MHz, P8, 18.68 W
1, 2026/09/15 09:53:52.808, 1, 16, 210 MHz, 405 MHz, P8, 17.25 W
0, 2026/09/15 09:53:53.009, 1, 16, 210 MHz, 405 MHz, P8, 18.41 W
1, 2026/09/15 09:53:53.009, 1, 16, 210 MHz, 405 MHz, P8, 17.61 W
0, 2026/09/15 09:53:53.209, 1, 16, 210 MHz, 405 MHz, P8, 18.41 W
1, 2026/09/15 09:53:53.209, 1, 16, 210 MHz, 405 MHz, P8, 17.61 W
0, 2026/09/15 09:53:53.409, 1, 16, 210 MHz, 405 MHz, P8, 18.41 W
1, 2026/09/15 09:53:53.410, 1, 16, 210 MHz, 405 MHz, P8, 17.61 W
0, 2026/09/15 09:53:53.610, 1, 16, 210 MHz, 405 MHz, P8, 18.41 W
1, 2026/09/15 09:53:53.610, 1, 16, 210 MHz, 405 MHz, P8, 17.61 W
0, 2026/09/15 09:53:53.810, 1, 16, 210 MHz, 405 MHz, P8, 18.41 W
1, 2026/09/15 09:53:53.810, 1, 16, 210 MHz, 405 MHz, P8, 17.61 W
0, 2026/09/15 09:53:54.011, 1, 16, 210 MHz, 405 MHz, P8, 18.17 W
1, 2026/09/15 09:53:54.011, 1, 16, 210 MHz, 405 MHz, P8, 17.44 W
0, 2026/09/15 09:53:54.211, 1, 16, 210 MHz, 405 MHz, P8, 18.17 W
1, 2026/09/15 09:53:54.212, 1, 16, 210 MHz, 405 MHz, P8, 17.44 W
0, 2026/09/15 09:53:54.412, 1, 16, 210 MHz, 405 MHz, P8, 18.17 W
1, 2026/09/15 09:53:54.412, 1, 16, 210 MHz, 405 MHz, P8, 17.44 W
0, 2026/09/15 09:53:54.612, 1, 16, 210 MHz, 405 MHz, P8, 18.17 W
1, 2026/09/15 09:53:54.612, 1, 16, 210 MHz, 405 MHz, P8, 17.44 W
0, 2026/09/15 09:53:54.813, 1, 16, 210 MHz, 405 MHz, P8, 18.17 W
1, 2026/09/15 09:53:54.813, 1, 16, 210 MHz, 405 MHz, P8, 17.44 W
0, 2026/09/15 09:53:55.013, 1, 16, 210 MHz, 405 MHz, P8, 17.65 W
1, 2026/09/15 09:53:55.013, 1, 16, 210 MHz, 405 MHz, P8, 17.38 W
0, 2026/09/15 09:53:55.214, 1, 16, 210 MHz, 405 MHz, P8, 17.65 W
1, 2026/09/15 09:53:55.214, 1, 16, 210 MHz, 405 MHz, P8, 17.38 W
0, 2026/09/15 09:53:55.414, 1, 16, 210 MHz, 405 MHz, P8, 17.65 W
1, 2026/09/15 09:53:55.414, 1, 16, 210 MHz, 405 MHz, P8, 17.38 W
0, 2026/09/15 09:53:55.614, 1, 16, 210 MHz, 405 MHz, P8, 17.65 W
1, 2026/09/15 09:53:55.615, 1, 16, 210 MHz, 405 MHz, P8, 17.38 W
0, 2026/09/15 09:53:55.815, 1, 16, 210 MHz, 405 MHz, P8, 17.65 W
1, 2026/09/15 09:53:55.815, 1, 16, 210 MHz, 405 MHz, P8, 17.38 W
0, 2026/09/15 09:53:56.015, 1, 16, 210 MHz, 405 MHz, P8, 17.56 W
1, 2026/09/15 09:53:56.015, 1, 16, 210 MHz, 405 MHz, P8, 17.43 W
0, 2026/09/15 09:53:56.216, 1, 16, 210 MHz, 405 MHz, P8, 17.56 W
1, 2026/09/15 09:53:56.216, 1, 16, 210 MHz, 405 MHz, P8, 17.43 W
0, 2026/09/15 09:53:56.416, 1, 16, 210 MHz, 405 MHz, P8, 17.56 W
1, 2026/09/15 09:53:56.416, 1, 16, 210 MHz, 405 MHz, P8, 17.43 W
0, 2026/09/15 09:53:56.617, 1, 16, 210 MHz, 405 MHz, P8, 17.56 W
1, 2026/09/15 09:53:56.617, 1, 16, 210 MHz, 405 MHz, P8, 17.43 W
0, 2026/09/15 09:53:56.817, 1, 16, 210 MHz, 405 MHz, P8, 17.56 W
1, 2026/09/15 09:53:56.817, 1, 16, 210 MHz, 405 MHz, P8, 17.35 W
0, 2026/09/15 09:53:57.017, 1, 16, 210 MHz, 405 MHz, P8, 18.07 W
1, 2026/09/15 09:53:57.018, 1, 16, 210 MHz, 405 MHz, P8, 17.35 W
0, 2026/09/15 09:53:57.218, 1, 16, 210 MHz, 405 MHz, P8, 18.07 W
1, 2026/09/15 09:53:57.218, 1, 16, 210 MHz, 405 MHz, P8, 17.35 W
0, 2026/09/15 09:53:57.418, 1, 16, 210 MHz, 405 MHz, P8, 18.07 W
1, 2026/09/15 09:53:57.418, 1, 16, 210 MHz, 405 MHz, P8, 17.35 W
0, 2026/09/15 09:53:57.619, 1, 16, 210 MHz, 405 MHz, P8, 18.07 W
1, 2026/09/15 09:53:57.619, 1, 16, 210 MHz, 405 MHz, P8, 17.35 W
0, 2026/09/15 09:53:57.819, 1, 16, 210 MHz, 405 MHz, P8, 18.07 W
1, 2026/09/15 09:53:57.819, 1, 16, 210 MHz, 405 MHz, P8, 17.43 W
0, 2026/09/15 09:53:58.019, 1, 16, 210 MHz, 405 MHz, P8, 18.18 W
1, 2026/09/15 09:53:58.020, 1, 16, 210 MHz, 405 MHz, P8, 17.43 W
0, 2026/09/15 09:53:58.220, 1, 16, 210 MHz, 405 MHz, P8, 18.18 W
1, 2026/09/15 09:53:58.220, 1, 16, 210 MHz, 405 MHz, P8, 17.43 W
0, 2026/09/15 09:53:58.420, 1, 16, 210 MHz, 405 MHz, P8, 18.18 W
1, 2026/09/15 09:53:58.420, 1, 16, 210 MHz, 405 MHz, P8, 17.43 W
0, 2026/09/15 09:53:58.621, 1, 16, 210 MHz, 405 MHz, P8, 18.18 W
1, 2026/09/15 09:53:58.621, 1, 16, 210 MHz, 405 MHz, P8, 17.43 W
0, 2026/09/15 09:53:58.821, 1, 16, 210 MHz, 405 MHz, P8, 18.18 W
1, 2026/09/15 09:53:58.821, 1, 16, 210 MHz, 405 MHz, P8, 17.32 W
0, 2026/09/15 09:53:59.021, 1, 16, 210 MHz, 405 MHz, P8, 17.83 W
1, 2026/09/15 09:53:59.022, 1, 16, 210 MHz, 405 MHz, P8, 17.32 W
0, 2026/09/15 09:53:59.222, 1, 16, 210 MHz, 405 MHz, P8, 17.83 W
1, 2026/09/15 09:53:59.222, 1, 16, 210 MHz, 405 MHz, P8, 17.32 W
0, 2026/09/15 09:53:59.422, 1, 16, 210 MHz, 405 MHz, P8, 17.83 W
1, 2026/09/15 09:53:59.422, 1, 16, 210 MHz, 405 MHz, P8, 17.32 W
0, 2026/09/15 09:53:59.623, 1, 16, 210 MHz, 405 MHz, P8, 17.83 W
1, 2026/09/15 09:53:59.623, 1, 16, 210 MHz, 405 MHz, P8, 17.32 W
0, 2026/09/15 09:53:59.823, 1, 16, 210 MHz, 405 MHz, P8, 17.83 W
1, 2026/09/15 09:53:59.823, 1, 16, 210 MHz, 405 MHz, P8, 17.11 W
0, 2026/09/15 09:54:00.023, 1, 16, 210 MHz, 405 MHz, P8, 17.53 W
1, 2026/09/15 09:54:00.024, 1, 16, 210 MHz, 405 MHz, P8, 17.11 W
0, 2026/09/15 09:54:00.224, 1, 16, 210 MHz, 405 MHz, P8, 17.53 W
1, 2026/09/15 09:54:00.224, 1, 16, 210 MHz, 405 MHz, P8, 17.11 W
0, 2026/09/15 09:54:00.424, 1, 16, 210 MHz, 405 MHz, P8, 17.53 W
1, 2026/09/15 09:54:00.425, 1, 16, 210 MHz, 405 MHz, P8, 17.11 W
0, 2026/09/15 09:54:00.625, 1, 16, 210 MHz, 405 MHz, P8, 17.53 W
1, 2026/09/15 09:54:00.625, 1, 16, 210 MHz, 405 MHz, P8, 17.11 W
0, 2026/09/15 09:54:00.825, 1, 16, 210 MHz, 405 MHz, P8, 17.53 W
1, 2026/09/15 09:54:00.825, 1, 16, 210 MHz, 405 MHz, P8, 16.96 W
0, 2026/09/15 09:54:01.026, 1, 16, 210 MHz, 405 MHz, P8, 17.60 W
1, 2026/09/15 09:54:01.026, 1, 16, 210 MHz, 405 MHz, P8, 16.96 W
0, 2026/09/15 09:54:01.226, 1, 16, 210 MHz, 405 MHz, P8, 17.60 W
1, 2026/09/15 09:54:01.226, 1, 16, 210 MHz, 405 MHz, P8, 16.96 W
0, 2026/09/15 09:54:01.427, 1, 16, 210 MHz, 405 MHz, P8, 17.60 W
1, 2026/09/15 09:54:01.427, 1, 16, 210 MHz, 405 MHz, P8, 16.96 W
0, 2026/09/15 09:54:01.627, 1, 16, 210 MHz, 405 MHz, P8, 17.60 W
1, 2026/09/15 09:54:01.627, 1, 16, 210 MHz, 405 MHz, P8, 16.96 W
0, 2026/09/15 09:54:01.828, 1, 16, 210 MHz, 405 MHz, P8, 17.60 W
1, 2026/09/15 09:54:01.828, 1, 16, 210 MHz, 405 MHz, P8, 16.87 W
0, 2026/09/15 09:54:02.028, 1, 16, 210 MHz, 405 MHz, P8, 17.52 W
1, 2026/09/15 09:54:02.028, 1, 16, 210 MHz, 405 MHz, P8, 16.87 W
0, 2026/09/15 09:54:02.228, 1, 16, 210 MHz, 405 MHz, P8, 17.52 W
1, 2026/09/15 09:54:02.229, 1, 16, 210 MHz, 405 MHz, P8, 16.87 W
0, 2026/09/15 09:54:02.429, 1, 16, 210 MHz, 405 MHz, P8, 17.52 W
1, 2026/09/15 09:54:02.429, 1, 16, 210 MHz, 405 MHz, P8, 16.87 W
0, 2026/09/15 09:54:02.629, 1, 16, 210 MHz, 405 MHz, P8, 17.52 W
1, 2026/09/15 09:54:02.629, 1, 16, 210 MHz, 405 MHz, P8, 16.87 W
0, 2026/09/15 09:54:02.830, 1, 16, 210 MHz, 405 MHz, P8, 17.52 W
1, 2026/09/15 09:54:02.830, 1, 16, 210 MHz, 405 MHz, P8, 16.48 W
0, 2026/09/15 09:54:03.030, 1, 16, 210 MHz, 405 MHz, P8, 17.40 W
1, 2026/09/15 09:54:03.030, 1, 16, 210 MHz, 405 MHz, P8, 16.48 W
0, 2026/09/15 09:54:03.230, 1, 16, 210 MHz, 405 MHz, P8, 17.40 W
1, 2026/09/15 09:54:03.231, 1, 16, 210 MHz, 405 MHz, P8, 16.48 W
0, 2026/09/15 09:54:03.431, 1, 16, 210 MHz, 405 MHz, P8, 17.40 W
1, 2026/09/15 09:54:03.431, 1, 16, 210 MHz, 405 MHz, P8, 16.48 W
0, 2026/09/15 09:54:03.632, 1, 16, 210 MHz, 405 MHz, P8, 17.40 W
1, 2026/09/15 09:54:03.632, 1, 16, 210 MHz, 405 MHz, P8, 16.48 W
0, 2026/09/15 09:54:03.832, 1, 16, 210 MHz, 405 MHz, P8, 17.40 W
1, 2026/09/15 09:54:03.832, 1, 16, 210 MHz, 405 MHz, P8, 16.07 W
0, 2026/09/15 09:54:04.033, 1, 16, 210 MHz, 405 MHz, P8, 17.40 W
1, 2026/09/15 09:54:04.033, 1, 16, 210 MHz, 405 MHz, P8, 16.07 W
0, 2026/09/15 09:54:04.233, 1, 16, 210 MHz, 405 MHz, P8, 17.40 W
1, 2026/09/15 09:54:04.233, 1, 16, 210 MHz, 405 MHz, P8, 16.07 W
0, 2026/09/15 09:54:04.434, 1, 16, 210 MHz, 405 MHz, P8, 17.40 W
1, 2026/09/15 09:54:04.434, 1, 16, 210 MHz, 405 MHz, P8, 16.07 W
0, 2026/09/15 09:54:04.634, 1, 16, 210 MHz, 405 MHz, P8, 17.40 W
1, 2026/09/15 09:54:04.634, 1, 16, 210 MHz, 405 MHz, P8, 16.07 W
0, 2026/09/15 09:54:04.834, 1, 16, 210 MHz, 405 MHz, P8, 17.40 W
1, 2026/09/15 09:54:04.835, 1, 16, 210 MHz, 405 MHz, P8, 15.95 W
0, 2026/09/15 09:54:05.035, 1, 16, 210 MHz, 405 MHz, P8, 17.48 W
1, 2026/09/15 09:54:05.035, 1, 16, 210 MHz, 405 MHz, P8, 15.95 W
0, 2026/09/15 09:54:05.236, 1, 16, 210 MHz, 405 MHz, P8, 17.48 W
1, 2026/09/15 09:54:05.236, 1, 16, 210 MHz, 405 MHz, P8, 15.95 W
0, 2026/09/15 09:54:05.436, 1, 16, 210 MHz, 405 MHz, P8, 17.82 W
1, 2026/09/15 09:54:05.436, 1, 16, 210 MHz, 405 MHz, P8, 15.95 W
0, 2026/09/15 09:54:05.637, 1, 16, 210 MHz, 405 MHz, P8, 17.82 W
1, 2026/09/15 09:54:05.637, 1, 16, 210 MHz, 405 MHz, P8, 15.95 W
0, 2026/09/15 09:54:05.837, 1, 16, 210 MHz, 405 MHz, P8, 17.82 W
1, 2026/09/15 09:54:05.837, 1, 16, 210 MHz, 405 MHz, P8, 16.56 W
0, 2026/09/15 09:54:06.037, 1, 16, 210 MHz, 405 MHz, P8, 18.14 W
1, 2026/09/15 09:54:06.038, 1, 16, 210 MHz, 405 MHz, P8, 16.56 W
0, 2026/09/15 09:54:06.238, 1, 16, 210 MHz, 405 MHz, P8, 18.14 W
1, 2026/09/15 09:54:06.238, 1, 16, 210 MHz, 405 MHz, P8, 16.56 W
0, 2026/09/15 09:54:06.438, 1, 16, 210 MHz, 405 MHz, P8, 18.26 W
1, 2026/09/15 09:54:06.439, 1, 16, 210 MHz, 405 MHz, P8, 16.54 W
0, 2026/09/15 09:54:06.639, 1, 16, 210 MHz, 405 MHz, P8, 18.26 W
1, 2026/09/15 09:54:06.639, 1, 16, 210 MHz, 405 MHz, P8, 16.54 W
0, 2026/09/15 09:54:06.839, 1, 16, 210 MHz, 405 MHz, P8, 18.26 W
1, 2026/09/15 09:54:06.840, 1, 16, 210 MHz, 405 MHz, P8, 16.40 W
0, 2026/09/15 09:54:07.040, 1, 16, 210 MHz, 405 MHz, P8, 18.45 W
1, 2026/09/15 09:54:07.040, 1, 16, 210 MHz, 405 MHz, P8, 16.40 W
0, 2026/09/15 09:54:07.240, 1, 16, 210 MHz, 405 MHz, P8, 18.45 W
1, 2026/09/15 09:54:07.241, 1, 16, 210 MHz, 405 MHz, P8, 16.40 W
0, 2026/09/15 09:54:07.441, 1, 16, 210 MHz, 405 MHz, P8, 18.45 W
1, 2026/09/15 09:54:07.441, 1, 16, 210 MHz, 405 MHz, P8, 16.40 W
0, 2026/09/15 09:54:07.641, 1, 16, 210 MHz, 405 MHz, P8, 18.45 W
1, 2026/09/15 09:54:07.641, 1, 16, 210 MHz, 405 MHz, P8, 16.40 W
0, 2026/09/15 09:54:07.842, 1, 16, 210 MHz, 405 MHz, P8, 18.45 W
1, 2026/09/15 09:54:07.842, 1, 16, 210 MHz, 405 MHz, P8, 15.81 W
0, 2026/09/15 09:54:08.042, 1, 16, 210 MHz, 405 MHz, P8, 17.41 W
1, 2026/09/15 09:54:08.042, 1, 16, 210 MHz, 405 MHz, P8, 15.81 W
0, 2026/09/15 09:54:08.242, 1, 16, 210 MHz, 405 MHz, P8, 17.41 W
1, 2026/09/15 09:54:08.243, 1, 16, 210 MHz, 405 MHz, P8, 15.81 W
0, 2026/09/15 09:54:08.443, 1, 16, 210 MHz, 405 MHz, P8, 17.41 W
1, 2026/09/15 09:54:08.443, 1, 16, 210 MHz, 405 MHz, P8, 15.81 W
0, 2026/09/15 09:54:08.643, 1, 16, 210 MHz, 405 MHz, P8, 17.41 W
1, 2026/09/15 09:54:08.644, 1, 16, 210 MHz, 405 MHz, P8, 15.81 W
0, 2026/09/15 09:54:08.844, 1, 16, 210 MHz, 405 MHz, P8, 17.41 W
1, 2026/09/15 09:54:08.844, 1, 16, 210 MHz, 405 MHz, P8, 15.75 W
0, 2026/09/15 09:54:09.044, 1, 16, 210 MHz, 405 MHz, P8, 17.31 W
1, 2026/09/15 09:54:09.045, 1, 16, 210 MHz, 405 MHz, P8, 15.75 W
0, 2026/09/15 09:54:09.245, 1, 16, 210 MHz, 405 MHz, P8, 17.31 W
1, 2026/09/15 09:54:09.245, 1, 16, 210 MHz, 405 MHz, P8, 15.75 W
0, 2026/09/15 09:54:09.445, 1, 16, 210 MHz, 405 MHz, P8, 17.31 W
1, 2026/09/15 09:54:09.445, 1, 16, 210 MHz, 405 MHz, P8, 15.75 W
0, 2026/09/15 09:54:09.646, 1, 16, 210 MHz, 405 MHz, P8, 17.31 W
1, 2026/09/15 09:54:09.646, 1, 16, 210 MHz, 405 MHz, P8, 15.75 W
0, 2026/09/15 09:54:09.846, 1, 16, 210 MHz, 405 MHz, P8, 17.31 W
1, 2026/09/15 09:54:09.846, 1, 16, 210 MHz, 405 MHz, P8, 15.43 W
0, 2026/09/15 09:54:10.046, 1, 16, 210 MHz, 405 MHz, P8, 17.45 W
1, 2026/09/15 09:54:10.047, 1, 16, 210 MHz, 405 MHz, P8, 15.43 W
0, 2026/09/15 09:54:10.247, 1, 16, 210 MHz, 405 MHz, P8, 17.45 W
1, 2026/09/15 09:54:10.247, 1, 16, 210 MHz, 405 MHz, P8, 15.43 W
0, 2026/09/15 09:54:10.447, 1, 16, 210 MHz, 405 MHz, P8, 17.45 W
1, 2026/09/15 09:54:10.448, 1, 16, 210 MHz, 405 MHz, P8, 15.43 W
0, 2026/09/15 09:54:10.648, 1, 16, 210 MHz, 405 MHz, P8, 17.45 W
1, 2026/09/15 09:54:10.648, 1, 16, 210 MHz, 405 MHz, P8, 15.43 W
0, 2026/09/15 09:54:10.848, 1, 16, 210 MHz, 405 MHz, P8, 17.45 W
1, 2026/09/15 09:54:10.849, 1, 16, 210 MHz, 405 MHz, P8, 15.24 W
0, 2026/09/15 09:54:11.049, 1, 16, 210 MHz, 405 MHz, P8, 17.66 W
1, 2026/09/15 09:54:11.049, 1, 16, 210 MHz, 405 MHz, P8, 15.24 W
0, 2026/09/15 09:54:11.249, 1, 16, 210 MHz, 405 MHz, P8, 17.66 W
1, 2026/09/15 09:54:11.249, 1, 16, 210 MHz, 405 MHz, P8, 15.24 W
0, 2026/09/15 09:54:11.450, 1, 16, 210 MHz, 405 MHz, P8, 17.66 W
1, 2026/09/15 09:54:11.450, 1, 16, 210 MHz, 405 MHz, P8, 15.24 W
0, 2026/09/15 09:54:11.650, 1, 16, 210 MHz, 405 MHz, P8, 17.66 W
1, 2026/09/15 09:54:11.650, 1, 16, 210 MHz, 405 MHz, P8, 15.24 W
0, 2026/09/15 09:54:11.851, 1, 16, 210 MHz, 405 MHz, P8, 17.66 W
1, 2026/09/15 09:54:11.851, 1, 16, 210 MHz, 405 MHz, P8, 15.44 W
0, 2026/09/15 09:54:12.051, 1, 16, 210 MHz, 405 MHz, P8, 17.77 W
1, 2026/09/15 09:54:12.051, 1, 16, 210 MHz, 405 MHz, P8, 15.44 W
0, 2026/09/15 09:54:12.251, 1, 16, 210 MHz, 405 MHz, P8, 17.77 W
1, 2026/09/15 09:54:12.252, 1, 16, 210 MHz, 405 MHz, P8, 15.44 W
0, 2026/09/15 09:54:12.452, 1, 16, 210 MHz, 405 MHz, P8, 17.77 W
1, 2026/09/15 09:54:12.452, 1, 16, 210 MHz, 405 MHz, P8, 15.44 W
0, 2026/09/15 09:54:12.652, 1, 16, 210 MHz, 405 MHz, P8, 17.77 W
1, 2026/09/15 09:54:12.653, 1, 16, 210 MHz, 405 MHz, P8, 15.44 W
0, 2026/09/15 09:54:12.853, 1, 16, 210 MHz, 405 MHz, P8, 17.77 W
1, 2026/09/15 09:54:12.853, 1, 16, 210 MHz, 405 MHz, P8, 15.58 W
0, 2026/09/15 09:54:13.053, 1, 16, 210 MHz, 405 MHz, P8, 17.75 W
1, 2026/09/15 09:54:13.053, 1, 16, 210 MHz, 405 MHz, P8, 15.58 W
0, 2026/09/15 09:54:13.254, 1, 16, 210 MHz, 405 MHz, P8, 17.75 W
1, 2026/09/15 09:54:13.254, 1, 16, 210 MHz, 405 MHz, P8, 15.58 W
0, 2026/09/15 09:54:13.454, 1, 16, 210 MHz, 405 MHz, P8, 17.75 W
1, 2026/09/15 09:54:13.454, 1, 16, 210 MHz, 405 MHz, P8, 15.58 W
0, 2026/09/15 09:54:13.655, 1, 16, 210 MHz, 405 MHz, P8, 17.75 W
1, 2026/09/15 09:54:13.655, 1, 16, 210 MHz, 405 MHz, P8, 15.58 W
0, 2026/09/15 09:54:13.855, 1, 16, 210 MHz, 405 MHz, P8, 17.75 W
1, 2026/09/15 09:54:13.855, 1, 16, 210 MHz, 405 MHz, P8, 15.67 W
0, 2026/09/15 09:54:14.056, 1, 16, 210 MHz, 405 MHz, P8, 17.93 W
1, 2026/09/15 09:54:14.056, 1, 16, 210 MHz, 405 MHz, P8, 15.67 W
0, 2026/09/15 09:54:14.256, 1, 16, 210 MHz, 405 MHz, P8, 17.93 W
1, 2026/09/15 09:54:14.256, 1, 16, 210 MHz, 405 MHz, P8, 15.67 W
0, 2026/09/15 09:54:14.456, 1, 16, 210 MHz, 405 MHz, P8, 17.93 W
1, 2026/09/15 09:54:14.457, 1, 16, 210 MHz, 405 MHz, P8, 15.67 W
0, 2026/09/15 09:54:14.657, 1, 16, 210 MHz, 405 MHz, P8, 17.93 W
1, 2026/09/15 09:54:14.657, 1, 16, 210 MHz, 405 MHz, P8, 15.67 W
0, 2026/09/15 09:54:14.857, 1, 16, 210 MHz, 405 MHz, P8, 17.93 W
1, 2026/09/15 09:54:14.857, 1, 16, 210 MHz, 405 MHz, P8, 15.65 W
0, 2026/09/15 09:54:15.058, 1, 16, 210 MHz, 405 MHz, P8, 18.12 W
1, 2026/09/15 09:54:15.058, 1, 16, 210 MHz, 405 MHz, P8, 15.65 W
0, 2026/09/15 09:54:15.258, 1, 16, 210 MHz, 405 MHz, P8, 18.12 W
1, 2026/09/15 09:54:15.258, 1, 16, 210 MHz, 405 MHz, P8, 15.65 W
0, 2026/09/15 09:54:15.459, 1, 16, 210 MHz, 405 MHz, P8, 18.12 W
1, 2026/09/15 09:54:15.459, 1, 16, 210 MHz, 405 MHz, P8, 15.65 W
0, 2026/09/15 09:54:15.659, 1, 16, 210 MHz, 405 MHz, P8, 18.12 W
1, 2026/09/15 09:54:15.659, 1, 16, 210 MHz, 405 MHz, P8, 15.65 W
0, 2026/09/15 09:54:15.859, 1, 16, 210 MHz, 405 MHz, P8, 18.12 W
1, 2026/09/15 09:54:15.860, 1, 16, 210 MHz, 405 MHz, P8, 15.54 W
0, 2026/09/15 09:54:16.060, 1, 16, 210 MHz, 405 MHz, P8, 17.92 W
1, 2026/09/15 09:54:16.060, 1, 16, 210 MHz, 405 MHz, P8, 15.54 W
0, 2026/09/15 09:54:16.260, 1, 16, 210 MHz, 405 MHz, P8, 17.92 W
1, 2026/09/15 09:54:16.261, 1, 16, 210 MHz, 405 MHz, P8, 15.54 W
0, 2026/09/15 09:54:16.461, 1, 16, 210 MHz, 405 MHz, P8, 17.92 W
1, 2026/09/15 09:54:16.461, 1, 16, 210 MHz, 405 MHz, P8, 15.54 W
0, 2026/09/15 09:54:16.661, 1, 16, 210 MHz, 405 MHz, P8, 17.92 W
1, 2026/09/15 09:54:16.661, 1, 16, 210 MHz, 405 MHz, P8, 15.54 W
0, 2026/09/15 09:54:16.862, 1, 16, 210 MHz, 405 MHz, P8, 17.92 W
1, 2026/09/15 09:54:16.862, 1, 16, 210 MHz, 405 MHz, P8, 15.41 W
0, 2026/09/15 09:54:17.062, 1, 16, 210 MHz, 405 MHz, P8, 17.53 W
1, 2026/09/15 09:54:17.062, 1, 16, 210 MHz, 405 MHz, P8, 15.41 W
0, 2026/09/15 09:54:17.263, 1, 16, 210 MHz, 405 MHz, P8, 17.53 W
1, 2026/09/15 09:54:17.263, 1, 16, 210 MHz, 405 MHz, P8, 15.41 W
0, 2026/09/15 09:54:17.463, 1, 16, 210 MHz, 405 MHz, P8, 17.53 W
1, 2026/09/15 09:54:17.463, 1, 16, 210 MHz, 405 MHz, P8, 15.41 W
0, 2026/09/15 09:54:17.663, 1, 16, 210 MHz, 405 MHz, P8, 17.53 W
1, 2026/09/15 09:54:17.664, 1, 16, 210 MHz, 405 MHz, P8, 15.41 W
0, 2026/09/15 09:54:17.864, 1, 16, 210 MHz, 405 MHz, P8, 17.53 W
1, 2026/09/15 09:54:17.864, 1, 16, 210 MHz, 405 MHz, P8, 15.25 W
0, 2026/09/15 09:54:18.064, 1, 16, 210 MHz, 405 MHz, P8, 17.46 W
1, 2026/09/15 09:54:18.064, 1, 16, 210 MHz, 405 MHz, P8, 15.25 W
0, 2026/09/15 09:54:18.265, 1, 16, 210 MHz, 405 MHz, P8, 17.46 W
1, 2026/09/15 09:54:18.265, 1, 16, 210 MHz, 405 MHz, P8, 15.25 W
0, 2026/09/15 09:54:18.465, 1, 16, 210 MHz, 405 MHz, P8, 17.46 W
1, 2026/09/15 09:54:18.465, 1, 16, 210 MHz, 405 MHz, P8, 15.25 W
0, 2026/09/15 09:54:18.665, 1, 16, 210 MHz, 405 MHz, P8, 17.46 W
1, 2026/09/15 09:54:18.666, 1, 16, 210 MHz, 405 MHz, P8, 15.25 W
0, 2026/09/15 09:54:18.866, 1, 16, 210 MHz, 405 MHz, P8, 17.46 W
1, 2026/09/15 09:54:18.866, 1, 16, 210 MHz, 405 MHz, P8, 15.30 W
0, 2026/09/15 09:54:19.066, 1, 16, 210 MHz, 405 MHz, P8, 17.57 W
1, 2026/09/15 09:54:19.066, 1, 16, 210 MHz, 405 MHz, P8, 15.30 W
0, 2026/09/15 09:54:19.267, 1, 16, 210 MHz, 405 MHz, P8, 17.57 W
1, 2026/09/15 09:54:19.267, 1, 16, 210 MHz, 405 MHz, P8, 15.30 W
0, 2026/09/15 09:54:19.467, 1, 16, 210 MHz, 405 MHz, P8, 17.57 W
1, 2026/09/15 09:54:19.467, 1, 16, 210 MHz, 405 MHz, P8, 15.30 W
0, 2026/09/15 09:54:19.667, 1, 16, 210 MHz, 405 MHz, P8, 17.57 W
1, 2026/09/15 09:54:19.668, 1, 16, 210 MHz, 405 MHz, P8, 15.30 W
0, 2026/09/15 09:54:19.868, 1, 16, 210 MHz, 405 MHz, P8, 17.57 W
1, 2026/09/15 09:54:19.868, 1, 16, 210 MHz, 405 MHz, P8, 15.54 W
0, 2026/09/15 09:54:20.068, 1, 16, 210 MHz, 405 MHz, P8, 17.58 W
1, 2026/09/15 09:54:20.068, 1, 16, 210 MHz, 405 MHz, P8, 15.54 W
0, 2026/09/15 09:54:20.269, 1, 16, 210 MHz, 405 MHz, P8, 17.58 W
1, 2026/09/15 09:54:20.269, 1, 16, 210 MHz, 405 MHz, P8, 15.54 W
0, 2026/09/15 09:54:20.469, 1, 16, 210 MHz, 405 MHz, P8, 17.58 W
1, 2026/09/15 09:54:20.469, 1, 16, 210 MHz, 405 MHz, P8, 15.54 W
0, 2026/09/15 09:54:20.670, 1, 16, 210 MHz, 405 MHz, P8, 17.58 W
1, 2026/09/15 09:54:20.670, 1, 16, 210 MHz, 405 MHz, P8, 15.54 W
0, 2026/09/15 09:54:20.870, 1, 16, 210 MHz, 405 MHz, P8, 17.56 W
1, 2026/09/15 09:54:20.870, 1, 16, 210 MHz, 405 MHz, P8, 15.63 W
0, 2026/09/15 09:54:21.070, 1, 16, 210 MHz, 405 MHz, P8, 17.56 W
1, 2026/09/15 09:54:21.071, 1, 16, 210 MHz, 405 MHz, P8, 15.63 W
0, 2026/09/15 09:54:21.271, 1, 16, 210 MHz, 405 MHz, P8, 17.56 W
1, 2026/09/15 09:54:21.271, 1, 16, 210 MHz, 405 MHz, P8, 15.63 W
0, 2026/09/15 09:54:21.471, 1, 16, 210 MHz, 405 MHz, P8, 17.56 W
1, 2026/09/15 09:54:21.472, 1, 16, 210 MHz, 405 MHz, P8, 15.63 W
0, 2026/09/15 09:54:21.672, 1, 16, 210 MHz, 405 MHz, P8, 17.56 W
1, 2026/09/15 09:54:21.672, 1, 16, 210 MHz, 405 MHz, P8, 15.63 W
0, 2026/09/15 09:54:21.872, 1, 16, 210 MHz, 405 MHz, P8, 17.20 W
1, 2026/09/15 09:54:21.873, 1, 16, 210 MHz, 405 MHz, P8, 15.77 W
0, 2026/09/15 09:54:22.073, 1, 16, 210 MHz, 405 MHz, P8, 17.20 W
1, 2026/09/15 09:54:22.073, 1, 16, 210 MHz, 405 MHz, P8, 15.77 W
0, 2026/09/15 09:54:22.273, 1, 16, 210 MHz, 405 MHz, P8, 17.20 W
1, 2026/09/15 09:54:22.273, 1, 16, 210 MHz, 405 MHz, P8, 15.77 W
0, 2026/09/15 09:54:22.474, 1, 16, 210 MHz, 405 MHz, P8, 17.20 W
1, 2026/09/15 09:54:22.474, 1, 16, 210 MHz, 405 MHz, P8, 15.77 W
0, 2026/09/15 09:54:22.674, 1, 16, 210 MHz, 405 MHz, P8, 17.20 W
1, 2026/09/15 09:54:22.674, 1, 16, 210 MHz, 405 MHz, P8, 15.77 W
0, 2026/09/15 09:54:22.875, 1, 16, 210 MHz, 405 MHz, P8, 17.10 W
1, 2026/09/15 09:54:22.875, 1, 16, 210 MHz, 405 MHz, P8, 15.90 W
0, 2026/09/15 09:54:23.075, 1, 16, 210 MHz, 405 MHz, P8, 17.10 W
1, 2026/09/15 09:54:23.076, 1, 16, 210 MHz, 405 MHz, P8, 15.90 W
0, 2026/09/15 09:54:23.276, 1, 16, 210 MHz, 405 MHz, P8, 17.10 W
1, 2026/09/15 09:54:23.276, 1, 16, 210 MHz, 405 MHz, P8, 15.90 W
0, 2026/09/15 09:54:23.476, 1, 16, 210 MHz, 405 MHz, P8, 17.10 W
1, 2026/09/15 09:54:23.477, 1, 16, 210 MHz, 405 MHz, P8, 15.90 W
0, 2026/09/15 09:54:23.677, 1, 16, 210 MHz, 405 MHz, P8, 17.10 W
1, 2026/09/15 09:54:23.677, 1, 16, 210 MHz, 405 MHz, P8, 15.90 W
0, 2026/09/15 09:54:23.877, 1, 16, 210 MHz, 405 MHz, P8, 16.82 W
1, 2026/09/15 09:54:23.878, 1, 16, 210 MHz, 405 MHz, P8, 15.68 W
0, 2026/09/15 09:54:24.078, 1, 16, 210 MHz, 405 MHz, P8, 16.82 W
1, 2026/09/15 09:54:24.078, 1, 16, 210 MHz, 405 MHz, P8, 15.68 W
0, 2026/09/15 09:54:24.278, 1, 16, 210 MHz, 405 MHz, P8, 16.82 W
1, 2026/09/15 09:54:24.278, 1, 16, 210 MHz, 405 MHz, P8, 15.68 W
0, 2026/09/15 09:54:24.479, 1, 16, 210 MHz, 405 MHz, P8, 16.82 W
1, 2026/09/15 09:54:24.479, 1, 16, 210 MHz, 405 MHz, P8, 15.68 W
0, 2026/09/15 09:54:24.679, 1, 16, 210 MHz, 405 MHz, P8, 16.82 W
1, 2026/09/15 09:54:24.679, 1, 16, 210 MHz, 405 MHz, P8, 15.68 W
0, 2026/09/15 09:54:24.880, 1, 16, 210 MHz, 405 MHz, P8, 16.13 W
1, 2026/09/15 09:54:24.880, 1, 16, 210 MHz, 405 MHz, P8, 15.32 W
0, 2026/09/15 09:54:25.080, 1, 16, 210 MHz, 405 MHz, P8, 16.13 W
1, 2026/09/15 09:54:25.080, 1, 16, 210 MHz, 405 MHz, P8, 15.32 W
0, 2026/09/15 09:54:25.280, 1, 16, 210 MHz, 405 MHz, P8, 16.13 W
1, 2026/09/15 09:54:25.281, 1, 16, 210 MHz, 405 MHz, P8, 15.32 W
0, 2026/09/15 09:54:25.481, 1, 16, 210 MHz, 405 MHz, P8, 16.13 W
1, 2026/09/15 09:54:25.481, 1, 16, 210 MHz, 405 MHz, P8, 15.32 W
0, 2026/09/15 09:54:25.681, 1, 16, 210 MHz, 405 MHz, P8, 16.13 W
1, 2026/09/15 09:54:25.681, 1, 16, 210 MHz, 405 MHz, P8, 15.32 W
0, 2026/09/15 09:54:25.882, 1, 16, 210 MHz, 405 MHz, P8, 15.92 W
1, 2026/09/15 09:54:25.882, 1, 16, 210 MHz, 405 MHz, P8, 15.11 W
0, 2026/09/15 09:54:26.082, 1, 16, 210 MHz, 405 MHz, P8, 15.92 W
1, 2026/09/15 09:54:26.082, 1, 16, 210 MHz, 405 MHz, P8, 15.11 W
0, 2026/09/15 09:54:26.283, 1, 16, 210 MHz, 405 MHz, P8, 15.92 W
1, 2026/09/15 09:54:26.283, 1, 16, 210 MHz, 405 MHz, P8, 15.11 W
0, 2026/09/15 09:54:26.483, 1, 16, 210 MHz, 405 MHz, P8, 15.92 W
1, 2026/09/15 09:54:26.483, 1, 16, 210 MHz, 405 MHz, P8, 15.11 W
0, 2026/09/15 09:54:26.683, 1, 16, 210 MHz, 405 MHz, P8, 15.92 W
1, 2026/09/15 09:54:26.684, 1, 16, 210 MHz, 405 MHz, P8, 15.11 W
0, 2026/09/15 09:54:26.884, 1, 16, 210 MHz, 405 MHz, P8, 16.16 W
1, 2026/09/15 09:54:26.884, 1, 16, 210 MHz, 405 MHz, P8, 15.29 W
0, 2026/09/15 09:54:27.084, 1, 16, 210 MHz, 405 MHz, P8, 16.16 W
1, 2026/09/15 09:54:27.084, 1, 16, 210 MHz, 405 MHz, P8, 15.29 W
0, 2026/09/15 09:54:27.285, 1, 16, 210 MHz, 405 MHz, P8, 16.16 W
1, 2026/09/15 09:54:27.285, 1, 16, 210 MHz, 405 MHz, P8, 15.29 W
0, 2026/09/15 09:54:27.485, 1, 16, 210 MHz, 405 MHz, P8, 16.16 W
1, 2026/09/15 09:54:27.485, 1, 16, 210 MHz, 405 MHz, P8, 15.29 W
0, 2026/09/15 09:54:27.685, 1, 16, 210 MHz, 405 MHz, P8, 16.16 W
1, 2026/09/15 09:54:27.686, 1, 16, 210 MHz, 405 MHz, P8, 15.29 W
0, 2026/09/15 09:54:27.886, 1, 16, 210 MHz, 405 MHz, P8, 16.27 W
1, 2026/09/15 09:54:27.886, 1, 16, 210 MHz, 405 MHz, P8, 15.52 W
0, 2026/09/15 09:54:28.086, 1, 16, 210 MHz, 405 MHz, P8, 16.27 W
1, 2026/09/15 09:54:28.087, 1, 16, 210 MHz, 405 MHz, P8, 15.52 W
0, 2026/09/15 09:54:28.287, 1, 16, 210 MHz, 405 MHz, P8, 16.27 W
1, 2026/09/15 09:54:28.287, 1, 16, 210 MHz, 405 MHz, P8, 15.52 W
0, 2026/09/15 09:54:28.487, 1, 16, 210 MHz, 405 MHz, P8, 16.27 W
1, 2026/09/15 09:54:28.487, 1, 16, 210 MHz, 405 MHz, P8, 15.52 W
0, 2026/09/15 09:54:28.688, 1, 16, 210 MHz, 405 MHz, P8, 16.27 W
1, 2026/09/15 09:54:28.688, 1, 16, 210 MHz, 405 MHz, P8, 15.52 W
0, 2026/09/15 09:54:28.888, 1, 16, 210 MHz, 405 MHz, P8, 16.36 W
1, 2026/09/15 09:54:28.888, 1, 16, 210 MHz, 405 MHz, P8, 15.39 W
0, 2026/09/15 09:54:29.089, 1, 16, 210 MHz, 405 MHz, P8, 16.36 W
1, 2026/09/15 09:54:29.089, 1, 16, 210 MHz, 405 MHz, P8, 15.39 W
0, 2026/09/15 09:54:29.289, 1, 16, 210 MHz, 405 MHz, P8, 16.36 W
1, 2026/09/15 09:54:29.289, 1, 16, 210 MHz, 405 MHz, P8, 15.39 W
0, 2026/09/15 09:54:29.489, 1, 16, 210 MHz, 405 MHz, P8, 16.36 W
1, 2026/09/15 09:54:29.490, 1, 16, 210 MHz, 405 MHz, P8, 15.39 W
0, 2026/09/15 09:54:29.690, 1, 16, 210 MHz, 405 MHz, P8, 16.36 W
1, 2026/09/15 09:54:29.690, 1, 16, 210 MHz, 405 MHz, P8, 15.39 W
0, 2026/09/15 09:54:29.890, 1, 16, 210 MHz, 405 MHz, P8, 16.62 W
1, 2026/09/15 09:54:29.890, 1, 16, 210 MHz, 405 MHz, P8, 15.13 W
0, 2026/09/15 09:54:30.091, 1, 16, 210 MHz, 405 MHz, P8, 16.62 W
1, 2026/09/15 09:54:30.091, 1, 16, 210 MHz, 405 MHz, P8, 15.13 W
0, 2026/09/15 09:54:30.291, 1, 16, 210 MHz, 405 MHz, P8, 16.62 W
1, 2026/09/15 09:54:30.291, 1, 16, 210 MHz, 405 MHz, P8, 15.13 W
0, 2026/09/15 09:54:30.491, 1, 16, 210 MHz, 405 MHz, P8, 16.62 W
1, 2026/09/15 09:54:30.492, 1, 16, 210 MHz, 405 MHz, P8, 15.13 W
0, 2026/09/15 09:54:30.692, 1, 16, 210 MHz, 405 MHz, P8, 16.62 W
1, 2026/09/15 09:54:30.692, 1, 16, 210 MHz, 405 MHz, P8, 15.13 W
0, 2026/09/15 09:54:30.892, 1, 16, 210 MHz, 405 MHz, P8, 16.74 W
1, 2026/09/15 09:54:30.892, 1, 16, 210 MHz, 405 MHz, P8, 15.16 W
0, 2026/09/15 09:54:31.093, 1, 16, 210 MHz, 405 MHz, P8, 16.74 W
1, 2026/09/15 09:54:31.093, 1, 16, 210 MHz, 405 MHz, P8, 15.16 W
0, 2026/09/15 09:54:31.293, 1, 16, 210 MHz, 405 MHz, P8, 16.74 W
1, 2026/09/15 09:54:31.293, 1, 16, 210 MHz, 405 MHz, P8, 15.16 W
0, 2026/09/15 09:54:31.494, 1, 16, 210 MHz, 405 MHz, P8, 16.74 W
1, 2026/09/15 09:54:31.494, 1, 16, 210 MHz, 405 MHz, P8, 15.16 W
0, 2026/09/15 09:54:31.694, 1, 16, 210 MHz, 405 MHz, P8, 16.74 W
1, 2026/09/15 09:54:31.694, 1, 16, 210 MHz, 405 MHz, P8, 15.16 W
0, 2026/09/15 09:54:31.894, 1, 16, 210 MHz, 405 MHz, P8, 16.66 W
1, 2026/09/15 09:54:31.895, 1, 16, 210 MHz, 405 MHz, P8, 15.15 W
0, 2026/09/15 09:54:32.095, 1, 16, 210 MHz, 405 MHz, P8, 16.66 W
1, 2026/09/15 09:54:32.095, 1, 16, 210 MHz, 405 MHz, P8, 15.15 W
0, 2026/09/15 09:54:32.295, 1, 16, 210 MHz, 405 MHz, P8, 16.66 W
1, 2026/09/15 09:54:32.296, 1, 16, 210 MHz, 405 MHz, P8, 15.15 W
0, 2026/09/15 09:54:32.496, 1, 16, 210 MHz, 405 MHz, P8, 16.66 W
1, 2026/09/15 09:54:32.496, 1, 16, 210 MHz, 405 MHz, P8, 15.15 W
0, 2026/09/15 09:54:32.696, 1, 16, 210 MHz, 405 MHz, P8, 16.66 W
1, 2026/09/15 09:54:32.696, 1, 16, 210 MHz, 405 MHz, P8, 15.15 W
0, 2026/09/15 09:54:32.897, 1, 16, 210 MHz, 405 MHz, P8, 16.80 W
1, 2026/09/15 09:54:32.897, 1, 16, 210 MHz, 405 MHz, P8, 15.49 W
0, 2026/09/15 09:54:33.097, 1, 16, 210 MHz, 405 MHz, P8, 16.80 W
1, 2026/09/15 09:54:33.097, 1, 16, 210 MHz, 405 MHz, P8, 15.49 W
0, 2026/09/15 09:54:33.297, 1, 16, 210 MHz, 405 MHz, P8, 16.80 W
1, 2026/09/15 09:54:33.298, 1, 16, 210 MHz, 405 MHz, P8, 15.49 W
0, 2026/09/15 09:54:33.498, 1, 16, 210 MHz, 405 MHz, P8, 16.80 W
1, 2026/09/15 09:54:33.498, 1, 16, 210 MHz, 405 MHz, P8, 15.49 W
0, 2026/09/15 09:54:33.698, 1, 16, 210 MHz, 405 MHz, P8, 16.80 W
1, 2026/09/15 09:54:33.698, 1, 16, 210 MHz, 405 MHz, P8, 15.49 W
0, 2026/09/15 09:54:33.899, 1, 16, 210 MHz, 405 MHz, P8, 17.12 W
1, 2026/09/15 09:54:33.899, 1, 16, 210 MHz, 405 MHz, P8, 15.96 W
0, 2026/09/15 09:54:34.099, 1, 16, 210 MHz, 405 MHz, P8, 17.12 W
1, 2026/09/15 09:54:34.099, 1, 16, 210 MHz, 405 MHz, P8, 15.96 W
0, 2026/09/15 09:54:34.300, 1, 16, 210 MHz, 405 MHz, P8, 17.12 W
1, 2026/09/15 09:54:34.300, 1, 16, 210 MHz, 405 MHz, P8, 15.96 W
0, 2026/09/15 09:54:34.500, 1, 16, 210 MHz, 405 MHz, P8, 17.12 W
1, 2026/09/15 09:54:34.500, 1, 16, 210 MHz, 405 MHz, P8, 15.96 W
0, 2026/09/15 09:54:34.700, 1, 16, 210 MHz, 405 MHz, P8, 17.12 W
1, 2026/09/15 09:54:34.701, 1, 16, 210 MHz, 405 MHz, P8, 15.96 W
0, 2026/09/15 09:54:34.901, 1, 16, 210 MHz, 405 MHz, P8, 17.50 W
1, 2026/09/15 09:54:34.901, 1, 16, 210 MHz, 405 MHz, P8, 15.98 W
0, 2026/09/15 09:54:35.101, 1, 16, 210 MHz, 405 MHz, P8, 17.50 W
1, 2026/09/15 09:54:35.101, 1, 16, 210 MHz, 405 MHz, P8, 15.98 W
0, 2026/09/15 09:54:35.302, 1, 16, 210 MHz, 405 MHz, P8, 17.50 W
1, 2026/09/15 09:54:35.302, 1, 16, 210 MHz, 405 MHz, P8, 15.98 W
0, 2026/09/15 09:54:35.502, 1, 16, 210 MHz, 405 MHz, P8, 17.50 W
1, 2026/09/15 09:54:35.502, 1, 16, 210 MHz, 405 MHz, P8, 15.98 W
0, 2026/09/15 09:54:35.702, 1, 16, 210 MHz, 405 MHz, P8, 17.50 W
1, 2026/09/15 09:54:35.703, 1, 16, 210 MHz, 405 MHz, P8, 15.98 W
0, 2026/09/15 09:54:35.903, 1, 16, 210 MHz, 405 MHz, P8, 17.70 W
1, 2026/09/15 09:54:35.903, 1, 16, 210 MHz, 405 MHz, P8, 15.94 W
0, 2026/09/15 09:54:36.103, 1, 16, 210 MHz, 405 MHz, P8, 17.70 W
1, 2026/09/15 09:54:36.103, 1, 16, 210 MHz, 405 MHz, P8, 15.94 W
0, 2026/09/15 09:54:36.304, 1, 16, 210 MHz, 405 MHz, P8, 17.70 W
1, 2026/09/15 09:54:36.304, 1, 16, 210 MHz, 405 MHz, P8, 15.94 W
0, 2026/09/15 09:54:36.504, 1, 16, 210 MHz, 405 MHz, P8, 17.70 W
1, 2026/09/15 09:54:36.504, 1, 16, 210 MHz, 405 MHz, P8, 15.94 W
0, 2026/09/15 09:54:36.704, 1, 16, 210 MHz, 405 MHz, P8, 17.70 W
1, 2026/09/15 09:54:36.705, 1, 16, 210 MHz, 405 MHz, P8, 15.94 W
0, 2026/09/15 09:54:36.905, 1, 16, 210 MHz, 405 MHz, P8, 17.51 W
1, 2026/09/15 09:54:36.905, 1, 16, 210 MHz, 405 MHz, P8, 15.82 W
0, 2026/09/15 09:54:37.106, 1, 16, 210 MHz, 405 MHz, P8, 17.51 W
1, 2026/09/15 09:54:37.106, 1, 16, 210 MHz, 405 MHz, P8, 15.82 W
0, 2026/09/15 09:54:37.306, 1, 16, 210 MHz, 405 MHz, P8, 17.51 W
1, 2026/09/15 09:54:37.306, 1, 16, 210 MHz, 405 MHz, P8, 15.82 W
0, 2026/09/15 09:54:37.507, 1, 16, 210 MHz, 405 MHz, P8, 17.51 W
1, 2026/09/15 09:54:37.507, 1, 16, 210 MHz, 405 MHz, P8, 15.82 W
0, 2026/09/15 09:54:37.707, 1, 16, 210 MHz, 405 MHz, P8, 17.51 W
1, 2026/09/15 09:54:37.707, 1, 16, 210 MHz, 405 MHz, P8, 15.82 W
0, 2026/09/15 09:54:37.908, 1, 16, 210 MHz, 405 MHz, P8, 17.16 W
1, 2026/09/15 09:54:37.908, 1, 16, 210 MHz, 405 MHz, P8, 15.33 W
0, 2026/09/15 09:54:38.108, 1, 16, 210 MHz, 405 MHz, P8, 17.16 W
1, 2026/09/15 09:54:38.108, 1, 16, 210 MHz, 405 MHz, P8, 15.33 W
0, 2026/09/15 09:54:38.309, 1, 16, 210 MHz, 405 MHz, P8, 17.16 W
1, 2026/09/15 09:54:38.309, 1, 16, 210 MHz, 405 MHz, P8, 15.33 W
0, 2026/09/15 09:54:38.509, 1, 16, 210 MHz, 405 MHz, P8, 17.16 W
1, 2026/09/15 09:54:38.509, 1, 16, 210 MHz, 405 MHz, P8, 15.33 W
0, 2026/09/15 09:54:38.709, 1, 16, 210 MHz, 405 MHz, P8, 17.16 W
1, 2026/09/15 09:54:38.710, 1, 16, 210 MHz, 405 MHz, P8, 15.33 W
0, 2026/09/15 09:54:38.910, 1, 16, 210 MHz, 405 MHz, P8, 16.65 W
1, 2026/09/15 09:54:38.910, 1, 16, 210 MHz, 405 MHz, P8, 15.01 W
0, 2026/09/15 09:54:39.110, 1, 16, 210 MHz, 405 MHz, P8, 16.65 W
1, 2026/09/15 09:54:39.111, 1, 16, 210 MHz, 405 MHz, P8, 15.01 W
0, 2026/09/15 09:54:39.311, 1, 16, 210 MHz, 405 MHz, P8, 16.65 W
1, 2026/09/15 09:54:39.311, 1, 16, 210 MHz, 405 MHz, P8, 15.01 W
0, 2026/09/15 09:54:39.511, 1, 16, 210 MHz, 405 MHz, P8, 16.65 W
1, 2026/09/15 09:54:39.511, 1, 16, 210 MHz, 405 MHz, P8, 15.01 W
0, 2026/09/15 09:54:39.712, 1, 16, 210 MHz, 405 MHz, P8, 16.65 W
1, 2026/09/15 09:54:39.712, 1, 16, 210 MHz, 405 MHz, P8, 15.01 W
0, 2026/09/15 09:54:39.912, 1, 16, 210 MHz, 405 MHz, P8, 16.63 W
1, 2026/09/15 09:54:39.912, 1, 16, 210 MHz, 405 MHz, P8, 15.23 W
0, 2026/09/15 09:54:40.113, 1, 16, 210 MHz, 405 MHz, P8, 16.63 W
1, 2026/09/15 09:54:40.113, 1, 16, 210 MHz, 405 MHz, P8, 15.23 W
0, 2026/09/15 09:54:40.313, 1, 16, 210 MHz, 405 MHz, P8, 16.63 W
1, 2026/09/15 09:54:40.313, 1, 16, 210 MHz, 405 MHz, P8, 15.23 W
0, 2026/09/15 09:54:40.514, 1, 16, 210 MHz, 405 MHz, P8, 16.63 W
1, 2026/09/15 09:54:40.514, 1, 16, 210 MHz, 405 MHz, P8, 15.23 W
0, 2026/09/15 09:54:40.714, 1, 16, 210 MHz, 405 MHz, P8, 16.63 W
1, 2026/09/15 09:54:40.714, 1, 16, 210 MHz, 405 MHz, P8, 15.23 W
0, 2026/09/15 09:54:40.915, 1, 16, 210 MHz, 405 MHz, P8, 16.63 W
1, 2026/09/15 09:54:40.915, 1, 16, 210 MHz, 405 MHz, P8, 15.25 W
0, 2026/09/15 09:54:41.115, 1, 16, 210 MHz, 405 MHz, P8, 16.63 W
1, 2026/09/15 09:54:41.115, 1, 16, 210 MHz, 405 MHz, P8, 15.25 W
0, 2026/09/15 09:54:41.316, 1, 16, 210 MHz, 405 MHz, P8, 16.63 W
1, 2026/09/15 09:54:41.316, 1, 16, 210 MHz, 405 MHz, P8, 15.25 W
0, 2026/09/15 09:54:41.516, 1, 16, 210 MHz, 405 MHz, P8, 16.63 W
1, 2026/09/15 09:54:41.516, 1, 16, 210 MHz, 405 MHz, P8, 15.25 W
0, 2026/09/15 09:54:41.717, 1, 16, 210 MHz, 405 MHz, P8, 16.63 W
1, 2026/09/15 09:54:41.717, 1, 16, 210 MHz, 405 MHz, P8, 15.25 W
0, 2026/09/15 09:54:41.917, 1, 16, 210 MHz, 405 MHz, P8, 16.46 W
1, 2026/09/15 09:54:41.917, 1, 16, 210 MHz, 405 MHz, P8, 15.10 W
0, 2026/09/15 09:54:42.118, 1, 16, 210 MHz, 405 MHz, P8, 16.46 W
1, 2026/09/15 09:54:42.118, 1, 16, 210 MHz, 405 MHz, P8, 15.10 W
0, 2026/09/15 09:54:42.318, 1, 16, 210 MHz, 405 MHz, P8, 16.46 W
1, 2026/09/15 09:54:42.318, 1, 16, 210 MHz, 405 MHz, P8, 15.10 W
0, 2026/09/15 09:54:42.518, 1, 16, 210 MHz, 405 MHz, P8, 16.46 W
1, 2026/09/15 09:54:42.519, 1, 16, 210 MHz, 405 MHz, P8, 15.10 W
0, 2026/09/15 09:54:42.719, 1, 16, 210 MHz, 405 MHz, P8, 16.46 W
1, 2026/09/15 09:54:42.719, 1, 16, 210 MHz, 405 MHz, P8, 15.10 W
0, 2026/09/15 09:54:42.919, 1, 16, 210 MHz, 405 MHz, P8, 16.62 W
1, 2026/09/15 09:54:42.920, 1, 16, 210 MHz, 405 MHz, P8, 14.72 W
0, 2026/09/15 09:54:43.120, 1, 16, 210 MHz, 405 MHz, P8, 16.62 W
1, 2026/09/15 09:54:43.120, 1, 16, 210 MHz, 405 MHz, P8, 14.72 W
0, 2026/09/15 09:54:43.320, 1, 16, 210 MHz, 405 MHz, P8, 16.62 W
1, 2026/09/15 09:54:43.320, 1, 16, 210 MHz, 405 MHz, P8, 14.72 W
0, 2026/09/15 09:54:43.521, 1, 16, 210 MHz, 405 MHz, P8, 16.62 W
1, 2026/09/15 09:54:43.521, 1, 16, 210 MHz, 405 MHz, P8, 14.72 W
0, 2026/09/15 09:54:43.721, 1, 16, 210 MHz, 405 MHz, P8, 16.62 W
1, 2026/09/15 09:54:43.721, 1, 16, 210 MHz, 405 MHz, P8, 14.72 W
0, 2026/09/15 09:54:43.921, 1, 16, 210 MHz, 405 MHz, P8, 16.72 W
1, 2026/09/15 09:54:43.922, 1, 16, 210 MHz, 405 MHz, P8, 14.25 W
0, 2026/09/15 09:54:44.122, 1, 16, 210 MHz, 405 MHz, P8, 16.72 W
1, 2026/09/15 09:54:44.122, 1, 16, 210 MHz, 405 MHz, P8, 14.25 W
0, 2026/09/15 09:54:44.322, 1, 16, 210 MHz, 405 MHz, P8, 16.72 W
1, 2026/09/15 09:54:44.323, 1, 16, 210 MHz, 405 MHz, P8, 14.25 W
0, 2026/09/15 09:54:44.523, 1, 16, 210 MHz, 405 MHz, P8, 16.72 W
1, 2026/09/15 09:54:44.523, 1, 16, 210 MHz, 405 MHz, P8, 14.25 W
0, 2026/09/15 09:54:44.723, 1, 16, 210 MHz, 405 MHz, P8, 16.72 W
1, 2026/09/15 09:54:44.723, 1, 16, 210 MHz, 405 MHz, P8, 14.25 W
0, 2026/09/15 09:54:44.924, 1, 16, 210 MHz, 405 MHz, P8, 16.62 W
1, 2026/09/15 09:54:44.924, 1, 16, 210 MHz, 405 MHz, P8, 14.03 W
0, 2026/09/15 09:54:45.124, 1, 16, 210 MHz, 405 MHz, P8, 16.62 W
1, 2026/09/15 09:54:45.124, 1, 16, 210 MHz, 405 MHz, P8, 14.03 W
0, 2026/09/15 09:54:45.324, 1, 16, 210 MHz, 405 MHz, P8, 16.62 W
1, 2026/09/15 09:54:45.325, 1, 16, 210 MHz, 405 MHz, P8, 14.03 W
0, 2026/09/15 09:54:45.525, 1, 16, 210 MHz, 405 MHz, P8, 16.62 W
1, 2026/09/15 09:54:45.525, 1, 16, 210 MHz, 405 MHz, P8, 14.03 W
0, 2026/09/15 09:54:45.725, 1, 16, 210 MHz, 405 MHz, P8, 16.62 W
1, 2026/09/15 09:54:45.725, 1, 16, 210 MHz, 405 MHz, P8, 14.03 W
0, 2026/09/15 09:54:45.926, 1, 16, 210 MHz, 405 MHz, P8, 17.04 W
1, 2026/09/15 09:54:45.926, 1, 16, 210 MHz, 405 MHz, P8, 14.31 W
0, 2026/09/15 09:54:46.126, 1, 16, 210 MHz, 405 MHz, P8, 17.04 W
1, 2026/09/15 09:54:46.126, 1, 16, 210 MHz, 405 MHz, P8, 14.31 W
0, 2026/09/15 09:54:46.327, 1, 16, 210 MHz, 405 MHz, P8, 17.04 W
1, 2026/09/15 09:54:46.327, 1, 16, 210 MHz, 405 MHz, P8, 14.31 W
0, 2026/09/15 09:54:46.527, 1, 16, 210 MHz, 405 MHz, P8, 17.04 W
1, 2026/09/15 09:54:46.527, 1, 16, 210 MHz, 405 MHz, P8, 14.31 W
0, 2026/09/15 09:54:46.727, 1, 16, 210 MHz, 405 MHz, P8, 17.04 W
1, 2026/09/15 09:54:46.728, 1, 16, 210 MHz, 405 MHz, P8, 14.31 W
0, 2026/09/15 09:54:46.928, 1, 16, 210 MHz, 405 MHz, P8, 17.53 W
1, 2026/09/15 09:54:46.928, 1, 16, 210 MHz, 405 MHz, P8, 14.80 W
0, 2026/09/15 09:54:47.128, 1, 16, 210 MHz, 405 MHz, P8, 17.53 W
1, 2026/09/15 09:54:47.128, 1, 16, 210 MHz, 405 MHz, P8, 14.80 W
0, 2026/09/15 09:54:47.329, 1, 16, 210 MHz, 405 MHz, P8, 17.53 W
1, 2026/09/15 09:54:47.329, 1, 16, 210 MHz, 405 MHz, P8, 14.80 W
0, 2026/09/15 09:54:47.529, 1, 16, 210 MHz, 405 MHz, P8, 17.53 W
1, 2026/09/15 09:54:47.529, 1, 16, 210 MHz, 405 MHz, P8, 14.80 W
0, 2026/09/15 09:54:47.729, 1, 16, 210 MHz, 405 MHz, P8, 17.53 W
1, 2026/09/15 09:54:47.730, 1, 16, 210 MHz, 405 MHz, P8, 14.80 W
0, 2026/09/15 09:54:47.930, 1, 16, 210 MHz, 405 MHz, P8, 17.16 W
1, 2026/09/15 09:54:47.930, 1, 16, 210 MHz, 405 MHz, P8, 14.80 W
0, 2026/09/15 09:54:48.130, 1, 16, 210 MHz, 405 MHz, P8, 17.16 W
1, 2026/09/15 09:54:48.130, 1, 16, 210 MHz, 405 MHz, P8, 14.80 W
0, 2026/09/15 09:54:48.331, 1, 16, 210 MHz, 405 MHz, P8, 17.16 W
1, 2026/09/15 09:54:48.331, 1, 16, 210 MHz, 405 MHz, P8, 14.80 W
0, 2026/09/15 09:54:48.531, 1, 16, 210 MHz, 405 MHz, P8, 17.16 W
1, 2026/09/15 09:54:48.531, 1, 16, 210 MHz, 405 MHz, P8, 14.80 W
0, 2026/09/15 09:54:48.731, 1, 16, 210 MHz, 405 MHz, P8, 17.16 W
1, 2026/09/15 09:54:48.732, 1, 16, 210 MHz, 405 MHz, P8, 14.80 W
0, 2026/09/15 09:54:48.932, 1, 16, 210 MHz, 405 MHz, P8, 16.59 W
1, 2026/09/15 09:54:48.932, 1, 16, 210 MHz, 405 MHz, P8, 14.64 W
0, 2026/09/15 09:54:49.132, 1, 16, 210 MHz, 405 MHz, P8, 16.59 W
1, 2026/09/15 09:54:49.132, 1, 16, 210 MHz, 405 MHz, P8, 14.64 W
0, 2026/09/15 09:54:49.333, 1, 16, 210 MHz, 405 MHz, P8, 16.59 W
1, 2026/09/15 09:54:49.333, 1, 16, 210 MHz, 405 MHz, P8, 14.64 W
0, 2026/09/15 09:54:49.533, 1, 16, 210 MHz, 405 MHz, P8, 16.59 W
1, 2026/09/15 09:54:49.533, 1, 16, 210 MHz, 405 MHz, P8, 14.64 W
0, 2026/09/15 09:54:49.733, 1, 16, 210 MHz, 405 MHz, P8, 16.59 W
1, 2026/09/15 09:54:49.734, 1, 16, 210 MHz, 405 MHz, P8, 14.64 W
0, 2026/09/15 09:54:49.934, 1, 16, 210 MHz, 405 MHz, P8, 16.08 W
1, 2026/09/15 09:54:49.934, 1, 16, 210 MHz, 405 MHz, P8, 14.51 W
0, 2026/09/15 09:54:50.134, 1, 16, 210 MHz, 405 MHz, P8, 16.08 W
1, 2026/09/15 09:54:50.134, 1, 16, 210 MHz, 405 MHz, P8, 14.51 W
0, 2026/09/15 09:54:50.335, 1, 16, 210 MHz, 405 MHz, P8, 16.08 W
1, 2026/09/15 09:54:50.335, 1, 16, 210 MHz, 405 MHz, P8, 14.51 W
0, 2026/09/15 09:54:50.535, 1, 16, 210 MHz, 405 MHz, P8, 16.08 W
1, 2026/09/15 09:54:50.535, 1, 16, 210 MHz, 405 MHz, P8, 14.51 W
0, 2026/09/15 09:54:50.735, 1, 16, 210 MHz, 405 MHz, P8, 16.08 W
1, 2026/09/15 09:54:50.736, 1, 16, 210 MHz, 405 MHz, P8, 14.51 W
0, 2026/09/15 09:54:50.936, 1, 16, 210 MHz, 405 MHz, P8, 15.97 W
1, 2026/09/15 09:54:50.936, 1, 16, 210 MHz, 405 MHz, P8, 14.37 W
0, 2026/09/15 09:54:51.136, 1, 16, 210 MHz, 405 MHz, P8, 15.97 W
1, 2026/09/15 09:54:51.136, 1, 16, 210 MHz, 405 MHz, P8, 14.37 W
0, 2026/09/15 09:54:51.337, 1, 16, 210 MHz, 405 MHz, P8, 15.97 W
1, 2026/09/15 09:54:51.337, 1, 16, 210 MHz, 405 MHz, P8, 14.37 W
0, 2026/09/15 09:54:51.537, 1, 16, 210 MHz, 405 MHz, P8, 15.97 W
1, 2026/09/15 09:54:51.537, 1, 16, 210 MHz, 405 MHz, P8, 14.37 W
0, 2026/09/15 09:54:51.737, 1, 16, 210 MHz, 405 MHz, P8, 15.97 W
1, 2026/09/15 09:54:51.738, 1, 16, 210 MHz, 405 MHz, P8, 14.37 W
0, 2026/09/15 09:54:51.938, 1, 16, 210 MHz, 405 MHz, P8, 16.30 W
1, 2026/09/15 09:54:51.938, 1, 16, 210 MHz, 405 MHz, P8, 14.45 W
0, 2026/09/15 09:54:52.138, 1, 16, 210 MHz, 405 MHz, P8, 16.30 W
1, 2026/09/15 09:54:52.138, 1, 16, 210 MHz, 405 MHz, P8, 14.45 W
0, 2026/09/15 09:54:52.339, 1, 16, 210 MHz, 405 MHz, P8, 16.30 W
1, 2026/09/15 09:54:52.339, 1, 16, 210 MHz, 405 MHz, P8, 14.45 W
0, 2026/09/15 09:54:52.539, 1, 16, 210 MHz, 405 MHz, P8, 16.30 W
1, 2026/09/15 09:54:52.539, 1, 16, 210 MHz, 405 MHz, P8, 14.45 W
0, 2026/09/15 09:54:52.739, 1, 16, 210 MHz, 405 MHz, P8, 16.30 W
1, 2026/09/15 09:54:52.740, 1, 16, 210 MHz, 405 MHz, P8, 14.45 W
0, 2026/09/15 09:54:52.940, 1, 16, 210 MHz, 405 MHz, P8, 16.60 W
1, 2026/09/15 09:54:52.940, 1, 16, 210 MHz, 405 MHz, P8, 14.64 W
0, 2026/09/15 09:54:53.140, 1, 16, 210 MHz, 405 MHz, P8, 16.60 W
1, 2026/09/15 09:54:53.140, 1, 16, 210 MHz, 405 MHz, P8, 14.64 W
0, 2026/09/15 09:54:53.341, 1, 16, 210 MHz, 405 MHz, P8, 16.60 W
1, 2026/09/15 09:54:53.342, 1, 16, 210 MHz, 405 MHz, P8, 14.64 W
0, 2026/09/15 09:54:53.542, 1, 16, 210 MHz, 405 MHz, P8, 16.60 W
1, 2026/09/15 09:54:53.542, 1, 16, 210 MHz, 405 MHz, P8, 14.64 W
0, 2026/09/15 09:54:53.742, 1, 16, 210 MHz, 405 MHz, P8, 16.60 W
1, 2026/09/15 09:54:53.743, 1, 16, 210 MHz, 405 MHz, P8, 14.64 W
0, 2026/09/15 09:54:53.943, 1, 16, 210 MHz, 405 MHz, P8, 16.87 W
1, 2026/09/15 09:54:53.943, 1, 16, 210 MHz, 405 MHz, P8, 14.73 W
0, 2026/09/15 09:54:54.143, 1, 16, 210 MHz, 405 MHz, P8, 16.87 W
1, 2026/09/15 09:54:54.143, 1, 16, 210 MHz, 405 MHz, P8, 14.73 W
0, 2026/09/15 09:54:54.344, 1, 16, 210 MHz, 405 MHz, P8, 16.87 W
1, 2026/09/15 09:54:54.344, 1, 16, 210 MHz, 405 MHz, P8, 14.73 W
0, 2026/09/15 09:54:54.544, 1, 16, 210 MHz, 405 MHz, P8, 16.87 W
1, 2026/09/15 09:54:54.544, 1, 16, 210 MHz, 405 MHz, P8, 14.73 W
0, 2026/09/15 09:54:54.744, 1, 16, 210 MHz, 405 MHz, P8, 16.87 W
1, 2026/09/15 09:54:54.745, 1, 16, 210 MHz, 405 MHz, P8, 14.73 W
0, 2026/09/15 09:54:54.945, 1, 16, 210 MHz, 405 MHz, P8, 16.76 W
1, 2026/09/15 09:54:54.945, 1, 16, 210 MHz, 405 MHz, P8, 14.58 W
0, 2026/09/15 09:54:55.145, 1, 16, 210 MHz, 405 MHz, P8, 16.76 W
1, 2026/09/15 09:54:55.145, 1, 16, 210 MHz, 405 MHz, P8, 14.58 W
0, 2026/09/15 09:54:55.346, 1, 16, 210 MHz, 405 MHz, P8, 16.76 W
1, 2026/09/15 09:54:55.346, 1, 16, 210 MHz, 405 MHz, P8, 14.58 W
0, 2026/09/15 09:54:55.546, 1, 16, 210 MHz, 405 MHz, P8, 16.76 W
1, 2026/09/15 09:54:55.546, 1, 16, 210 MHz, 405 MHz, P8, 14.58 W
0, 2026/09/15 09:54:55.746, 1, 16, 210 MHz, 405 MHz, P8, 16.76 W
1, 2026/09/15 09:54:55.747, 1, 16, 210 MHz, 405 MHz, P8, 14.58 W
0, 2026/09/15 09:54:55.947, 1, 16, 210 MHz, 405 MHz, P8, 16.66 W
1, 2026/09/15 09:54:55.947, 1, 16, 210 MHz, 405 MHz, P8, 14.36 W
0, 2026/09/15 09:54:56.147, 1, 16, 210 MHz, 405 MHz, P8, 16.66 W
1, 2026/09/15 09:54:56.148, 1, 16, 210 MHz, 405 MHz, P8, 14.36 W
0, 2026/09/15 09:54:56.348, 1, 16, 210 MHz, 405 MHz, P8, 16.66 W
1, 2026/09/15 09:54:56.348, 1, 16, 210 MHz, 405 MHz, P8, 14.36 W
0, 2026/09/15 09:54:56.548, 1, 16, 210 MHz, 405 MHz, P8, 16.66 W
1, 2026/09/15 09:54:56.548, 1, 16, 210 MHz, 405 MHz, P8, 14.36 W
0, 2026/09/15 09:54:56.749, 1, 16, 210 MHz, 405 MHz, P8, 16.66 W
1, 2026/09/15 09:54:56.749, 1, 16, 210 MHz, 405 MHz, P8, 14.36 W
0, 2026/09/15 09:54:56.949, 1, 16, 210 MHz, 405 MHz, P8, 17.06 W
1, 2026/09/15 09:54:56.949, 1, 16, 210 MHz, 405 MHz, P8, 14.61 W
0, 2026/09/15 09:54:57.149, 1, 16, 210 MHz, 405 MHz, P8, 17.06 W
1, 2026/09/15 09:54:57.150, 1, 16, 210 MHz, 405 MHz, P8, 14.61 W
0, 2026/09/15 09:54:57.350, 1, 16, 210 MHz, 405 MHz, P8, 17.06 W
1, 2026/09/15 09:54:57.350, 1, 16, 210 MHz, 405 MHz, P8, 14.61 W
0, 2026/09/15 09:54:57.550, 1, 16, 210 MHz, 405 MHz, P8, 17.06 W
1, 2026/09/15 09:54:57.550, 1, 16, 210 MHz, 405 MHz, P8, 14.61 W
0, 2026/09/15 09:54:57.751, 1, 16, 210 MHz, 405 MHz, P8, 17.06 W
1, 2026/09/15 09:54:57.751, 1, 16, 210 MHz, 405 MHz, P8, 14.61 W
0, 2026/09/15 09:54:57.951, 1, 16, 210 MHz, 405 MHz, P8, 17.44 W
1, 2026/09/15 09:54:57.951, 1, 16, 210 MHz, 405 MHz, P8, 14.95 W
0, 2026/09/15 09:54:58.151, 1, 16, 210 MHz, 405 MHz, P8, 17.44 W
1, 2026/09/15 09:54:58.152, 1, 16, 210 MHz, 405 MHz, P8, 14.95 W
0, 2026/09/15 09:54:58.352, 1, 16, 210 MHz, 405 MHz, P8, 17.44 W
1, 2026/09/15 09:54:58.352, 1, 16, 210 MHz, 405 MHz, P8, 14.95 W
0, 2026/09/15 09:54:58.552, 1, 16, 210 MHz, 405 MHz, P8, 17.44 W
1, 2026/09/15 09:54:58.552, 1, 16, 210 MHz, 405 MHz, P8, 14.95 W
0, 2026/09/15 09:54:58.752, 1, 16, 210 MHz, 405 MHz, P8, 17.44 W
1, 2026/09/15 09:54:58.753, 1, 16, 210 MHz, 405 MHz, P8, 14.95 W
0, 2026/09/15 09:54:58.953, 1, 16, 210 MHz, 405 MHz, P8, 17.47 W
1, 2026/09/15 09:54:58.953, 1, 16, 210 MHz, 405 MHz, P8, 14.94 W
0, 2026/09/15 09:54:59.153, 1, 16, 210 MHz, 405 MHz, P8, 17.47 W
1, 2026/09/15 09:54:59.153, 1, 16, 210 MHz, 405 MHz, P8, 14.94 W
0, 2026/09/15 09:54:59.354, 1, 16, 210 MHz, 405 MHz, P8, 17.47 W
1, 2026/09/15 09:54:59.354, 1, 16, 210 MHz, 405 MHz, P8, 14.94 W
0, 2026/09/15 09:54:59.554, 1, 16, 210 MHz, 405 MHz, P8, 17.47 W
1, 2026/09/15 09:54:59.554, 1, 16, 210 MHz, 405 MHz, P8, 14.94 W
0, 2026/09/15 09:54:59.755, 1, 16, 210 MHz, 405 MHz, P8, 17.47 W
1, 2026/09/15 09:54:59.755, 1, 16, 210 MHz, 405 MHz, P8, 14.94 W
0, 2026/09/15 09:54:59.955, 1, 16, 210 MHz, 405 MHz, P8, 17.32 W
1, 2026/09/15 09:54:59.955, 1, 16, 210 MHz, 405 MHz, P8, 14.99 W
0, 2026/09/15 09:55:00.155, 1, 16, 210 MHz, 405 MHz, P8, 17.32 W
1, 2026/09/15 09:55:00.156, 1, 16, 210 MHz, 405 MHz, P8, 14.99 W
0, 2026/09/15 09:55:00.356, 1, 16, 210 MHz, 405 MHz, P8, 17.32 W
1, 2026/09/15 09:55:00.356, 1, 16, 210 MHz, 405 MHz, P8, 14.99 W
0, 2026/09/15 09:55:00.556, 1, 16, 210 MHz, 405 MHz, P8, 17.32 W
1, 2026/09/15 09:55:00.556, 1, 16, 210 MHz, 405 MHz, P8, 14.99 W
0, 2026/09/15 09:55:00.757, 1, 16, 210 MHz, 405 MHz, P8, 17.32 W
1, 2026/09/15 09:55:00.757, 1, 16, 210 MHz, 405 MHz, P8, 14.99 W
0, 2026/09/15 09:55:00.957, 1, 16, 210 MHz, 405 MHz, P8, 16.89 W
1, 2026/09/15 09:55:00.957, 1, 16, 210 MHz, 405 MHz, P8, 14.94 W
0, 2026/09/15 09:55:01.158, 1, 16, 210 MHz, 405 MHz, P8, 16.89 W
1, 2026/09/15 09:55:01.158, 1, 16, 210 MHz, 405 MHz, P8, 14.94 W
0, 2026/09/15 09:55:01.358, 1, 16, 210 MHz, 405 MHz, P8, 16.89 W
1, 2026/09/15 09:55:01.359, 1, 16, 210 MHz, 405 MHz, P8, 14.94 W
0, 2026/09/15 09:55:01.559, 1, 16, 210 MHz, 405 MHz, P8, 16.89 W
1, 2026/09/15 09:55:01.599, 1, 16, 210 MHz, 405 MHz, P8, 14.94 W
0, 2026/09/15 09:55:01.800, 1, 16, 210 MHz, 405 MHz, P8, 16.89 W
1, 2026/09/15 09:55:01.800, 1, 16, 210 MHz, 405 MHz, P8, 14.94 W
0, 2026/09/15 09:55:02.001, 1, 16, 210 MHz, 405 MHz, P8, 16.24 W
1, 2026/09/15 09:55:02.001, 1, 16, 210 MHz, 405 MHz, P8, 14.70 W
0, 2026/09/15 09:55:02.201, 1, 16, 210 MHz, 405 MHz, P8, 16.24 W
1, 2026/09/15 09:55:02.201, 1, 16, 210 MHz, 405 MHz, P8, 14.70 W
0, 2026/09/15 09:55:02.402, 1, 16, 210 MHz, 405 MHz, P8, 16.24 W
1, 2026/09/15 09:55:02.402, 1, 16, 210 MHz, 405 MHz, P8, 14.70 W
0, 2026/09/15 09:55:02.602, 1, 16, 210 MHz, 405 MHz, P8, 16.24 W
1, 2026/09/15 09:55:02.602, 1, 16, 210 MHz, 405 MHz, P8, 14.70 W
0, 2026/09/15 09:55:02.803, 1, 16, 210 MHz, 405 MHz, P8, 16.24 W
1, 2026/09/15 09:55:02.803, 1, 16, 210 MHz, 405 MHz, P8, 14.70 W
0, 2026/09/15 09:55:03.003, 1, 16, 210 MHz, 405 MHz, P8, 15.94 W
1, 2026/09/15 09:55:03.003, 1, 16, 210 MHz, 405 MHz, P8, 14.63 W
0, 2026/09/15 09:55:03.203, 1, 16, 210 MHz, 405 MHz, P8, 15.94 W
1, 2026/09/15 09:55:03.204, 1, 16, 210 MHz, 405 MHz, P8, 14.63 W
0, 2026/09/15 09:55:03.404, 1, 16, 210 MHz, 405 MHz, P8, 15.94 W
1, 2026/09/15 09:55:03.404, 1, 16, 210 MHz, 405 MHz, P8, 14.63 W
0, 2026/09/15 09:55:03.604, 1, 16, 210 MHz, 405 MHz, P8, 15.94 W
1, 2026/09/15 09:55:03.605, 1, 16, 210 MHz, 405 MHz, P8, 14.63 W
0, 2026/09/15 09:55:03.805, 1, 16, 210 MHz, 405 MHz, P8, 15.94 W
1, 2026/09/15 09:55:03.805, 1, 16, 210 MHz, 405 MHz, P8, 14.63 W
0, 2026/09/15 09:55:04.005, 1, 16, 210 MHz, 405 MHz, P8, 16.19 W
1, 2026/09/15 09:55:04.006, 1, 16, 210 MHz, 405 MHz, P8, 14.62 W
0, 2026/09/15 09:55:04.206, 1, 16, 210 MHz, 405 MHz, P8, 16.19 W
1, 2026/09/15 09:55:04.206, 1, 16, 210 MHz, 405 MHz, P8, 14.62 W
0, 2026/09/15 09:55:04.406, 1, 16, 210 MHz, 405 MHz, P8, 16.19 W
1, 2026/09/15 09:55:04.406, 1, 16, 210 MHz, 405 MHz, P8, 14.62 W
0, 2026/09/15 09:55:04.607, 1, 16, 210 MHz, 405 MHz, P8, 16.19 W
1, 2026/09/15 09:55:04.607, 1, 16, 210 MHz, 405 MHz, P8, 14.62 W
0, 2026/09/15 09:55:04.807, 1, 16, 210 MHz, 405 MHz, P8, 16.19 W
1, 2026/09/15 09:55:04.807, 1, 16, 210 MHz, 405 MHz, P8, 14.62 W
0, 2026/09/15 09:55:05.008, 1, 16, 210 MHz, 405 MHz, P8, 16.42 W
1, 2026/09/15 09:55:05.008, 1, 16, 210 MHz, 405 MHz, P8, 14.52 W
0, 2026/09/15 09:55:05.208, 1, 16, 210 MHz, 405 MHz, P8, 16.42 W
1, 2026/09/15 09:55:05.208, 1, 16, 210 MHz, 405 MHz, P8, 14.52 W
0, 2026/09/15 09:55:05.409, 1, 16, 210 MHz, 405 MHz, P8, 16.42 W
1, 2026/09/15 09:55:05.409, 1, 16, 210 MHz, 405 MHz, P8, 14.52 W
0, 2026/09/15 09:55:05.609, 1, 16, 210 MHz, 405 MHz, P8, 16.42 W
1, 2026/09/15 09:55:05.609, 1, 16, 210 MHz, 405 MHz, P8, 14.52 W
0, 2026/09/15 09:55:05.809, 1, 16, 210 MHz, 405 MHz, P8, 16.42 W
1, 2026/09/15 09:55:05.810, 1, 16, 210 MHz, 405 MHz, P8, 14.52 W
0, 2026/09/15 09:55:06.010, 1, 16, 210 MHz, 405 MHz, P8, 16.18 W
1, 2026/09/15 09:55:06.010, 1, 16, 210 MHz, 405 MHz, P8, 14.53 W
0, 2026/09/15 09:55:06.210, 1, 16, 210 MHz, 405 MHz, P8, 16.18 W
1, 2026/09/15 09:55:06.211, 1, 16, 210 MHz, 405 MHz, P8, 14.53 W
0, 2026/09/15 09:55:06.411, 1, 16, 210 MHz, 405 MHz, P8, 16.18 W
1, 2026/09/15 09:55:06.411, 1, 16, 210 MHz, 405 MHz, P8, 14.53 W
0, 2026/09/15 09:55:06.611, 1, 16, 210 MHz, 405 MHz, P8, 16.18 W
1, 2026/09/15 09:55:06.611, 1, 16, 210 MHz, 405 MHz, P8, 14.53 W
0, 2026/09/15 09:55:06.812, 1, 16, 210 MHz, 405 MHz, P8, 16.18 W
1, 2026/09/15 09:55:06.812, 1, 16, 210 MHz, 405 MHz, P8, 14.53 W
0, 2026/09/15 09:55:07.012, 1, 16, 210 MHz, 405 MHz, P8, 15.85 W
1, 2026/09/15 09:55:07.012, 1, 16, 210 MHz, 405 MHz, P8, 14.44 W
0, 2026/09/15 09:55:07.213, 1, 16, 210 MHz, 405 MHz, P8, 15.85 W
1, 2026/09/15 09:55:07.213, 1, 16, 210 MHz, 405 MHz, P8, 14.44 W
0, 2026/09/15 09:55:07.413, 1, 16, 210 MHz, 405 MHz, P8, 15.85 W
1, 2026/09/15 09:55:07.413, 1, 16, 210 MHz, 405 MHz, P8, 14.44 W
0, 2026/09/15 09:55:07.613, 1, 16, 210 MHz, 405 MHz, P8, 15.85 W
1, 2026/09/15 09:55:07.614, 1, 16, 210 MHz, 405 MHz, P8, 14.44 W
0, 2026/09/15 09:55:07.814, 1, 16, 210 MHz, 405 MHz, P8, 15.85 W
1, 2026/09/15 09:55:07.814, 1, 16, 210 MHz, 405 MHz, P8, 14.44 W
0, 2026/09/15 09:55:08.015, 1, 16, 210 MHz, 405 MHz, P8, 15.53 W
1, 2026/09/15 09:55:08.015, 1, 16, 210 MHz, 405 MHz, P8, 14.30 W
0, 2026/09/15 09:55:08.215, 1, 16, 210 MHz, 405 MHz, P8, 15.53 W
1, 2026/09/15 09:55:08.215, 1, 16, 210 MHz, 405 MHz, P8, 14.30 W
0, 2026/09/15 09:55:08.416, 1, 16, 210 MHz, 405 MHz, P8, 15.53 W
1, 2026/09/15 09:55:08.416, 1, 16, 210 MHz, 405 MHz, P8, 14.30 W
0, 2026/09/15 09:55:08.616, 1, 16, 210 MHz, 405 MHz, P8, 15.53 W
1, 2026/09/15 09:55:08.616, 1, 16, 210 MHz, 405 MHz, P8, 14.30 W
0, 2026/09/15 09:55:08.817, 1, 16, 210 MHz, 405 MHz, P8, 15.53 W
1, 2026/09/15 09:55:08.817, 1, 16, 210 MHz, 405 MHz, P8, 14.30 W
0, 2026/09/15 09:55:09.017, 1, 16, 210 MHz, 405 MHz, P8, 15.29 W
1, 2026/09/15 09:55:09.017, 1, 16, 210 MHz, 405 MHz, P8, 14.19 W
0, 2026/09/15 09:55:09.218, 1, 16, 210 MHz, 405 MHz, P8, 15.29 W
1, 2026/09/15 09:55:09.218, 1, 16, 210 MHz, 405 MHz, P8, 14.19 W
0, 2026/09/15 09:55:09.418, 1, 16, 210 MHz, 405 MHz, P8, 15.29 W
1, 2026/09/15 09:55:09.418, 1, 16, 210 MHz, 405 MHz, P8, 14.19 W
0, 2026/09/15 09:55:09.619, 1, 16, 210 MHz, 405 MHz, P8, 15.29 W
1, 2026/09/15 09:55:09.619, 1, 16, 210 MHz, 405 MHz, P8, 14.19 W
0, 2026/09/15 09:55:09.819, 1, 16, 210 MHz, 405 MHz, P8, 15.29 W
1, 2026/09/15 09:55:09.820, 1, 16, 210 MHz, 405 MHz, P8, 14.19 W
0, 2026/09/15 09:55:10.020, 1, 16, 210 MHz, 405 MHz, P8, 15.44 W
1, 2026/09/15 09:55:10.020, 1, 16, 210 MHz, 405 MHz, P8, 14.15 W
0, 2026/09/15 09:55:10.220, 1, 16, 210 MHz, 405 MHz, P8, 15.44 W
1, 2026/09/15 09:55:10.221, 1, 16, 210 MHz, 405 MHz, P8, 14.15 W
0, 2026/09/15 09:55:10.421, 1, 16, 210 MHz, 405 MHz, P8, 15.44 W
1, 2026/09/15 09:55:10.421, 1, 16, 210 MHz, 405 MHz, P8, 14.15 W
0, 2026/09/15 09:55:10.621, 1, 16, 210 MHz, 405 MHz, P8, 15.44 W
1, 2026/09/15 09:55:10.622, 1, 16, 210 MHz, 405 MHz, P8, 14.15 W
0, 2026/09/15 09:55:10.822, 1, 16, 210 MHz, 405 MHz, P8, 15.44 W
1, 2026/09/15 09:55:10.822, 1, 16, 210 MHz, 405 MHz, P8, 14.32 W
0, 2026/09/15 09:55:11.022, 1, 16, 210 MHz, 405 MHz, P8, 15.70 W
1, 2026/09/15 09:55:11.022, 1, 16, 210 MHz, 405 MHz, P8, 14.32 W
0, 2026/09/15 09:55:11.223, 1, 16, 210 MHz, 405 MHz, P8, 15.70 W
1, 2026/09/15 09:55:11.223, 1, 16, 210 MHz, 405 MHz, P8, 14.32 W
0, 2026/09/15 09:55:11.423, 1, 16, 210 MHz, 405 MHz, P8, 15.70 W
1, 2026/09/15 09:55:11.423, 1, 16, 210 MHz, 405 MHz, P8, 14.32 W
0, 2026/09/15 09:55:11.623, 1, 16, 210 MHz, 405 MHz, P8, 15.70 W
1, 2026/09/15 09:55:11.624, 1, 16, 210 MHz, 405 MHz, P8, 14.32 W
0, 2026/09/15 09:55:11.824, 1, 16, 210 MHz, 405 MHz, P8, 15.70 W
1, 2026/09/15 09:55:11.824, 1, 16, 210 MHz, 405 MHz, P8, 14.43 W
0, 2026/09/15 09:55:12.024, 1, 16, 210 MHz, 405 MHz, P8, 15.70 W
1, 2026/09/15 09:55:12.024, 1, 16, 210 MHz, 405 MHz, P8, 14.43 W
0, 2026/09/15 09:55:12.225, 1, 16, 210 MHz, 405 MHz, P8, 15.70 W
1, 2026/09/15 09:55:12.225, 1, 16, 210 MHz, 405 MHz, P8, 14.43 W
0, 2026/09/15 09:55:12.425, 1, 16, 210 MHz, 405 MHz, P8, 15.70 W
1, 2026/09/15 09:55:12.425, 1, 16, 210 MHz, 405 MHz, P8, 14.43 W
0, 2026/09/15 09:55:12.626, 1, 16, 210 MHz, 405 MHz, P8, 15.70 W
1, 2026/09/15 09:55:12.626, 1, 16, 210 MHz, 405 MHz, P8, 14.43 W
0, 2026/09/15 09:55:12.826, 1, 16, 210 MHz, 405 MHz, P8, 15.70 W
1, 2026/09/15 09:55:12.826, 1, 16, 210 MHz, 405 MHz, P8, 14.43 W
0, 2026/09/15 09:55:13.027, 1, 16, 210 MHz, 405 MHz, P8, 15.69 W
1, 2026/09/15 09:55:13.027, 1, 16, 210 MHz, 405 MHz, P8, 14.43 W
0, 2026/09/15 09:55:13.227, 1, 16, 210 MHz, 405 MHz, P8, 15.69 W
1, 2026/09/15 09:55:13.227, 1, 16, 210 MHz, 405 MHz, P8, 14.43 W
0, 2026/09/15 09:55:13.427, 1, 16, 210 MHz, 405 MHz, P8, 15.69 W
1, 2026/09/15 09:55:13.428, 1, 16, 210 MHz, 405 MHz, P8, 14.43 W
0, 2026/09/15 09:55:13.628, 1, 16, 210 MHz, 405 MHz, P8, 15.69 W
1, 2026/09/15 09:55:13.628, 1, 16, 210 MHz, 405 MHz, P8, 14.43 W
0, 2026/09/15 09:55:13.828, 1, 16, 210 MHz, 405 MHz, P8, 15.69 W
1, 2026/09/15 09:55:13.828, 1, 16, 210 MHz, 405 MHz, P8, 14.56 W
0, 2026/09/15 09:55:14.029, 1, 16, 210 MHz, 405 MHz, P8, 15.83 W
1, 2026/09/15 09:55:14.029, 1, 16, 210 MHz, 405 MHz, P8, 14.56 W
0, 2026/09/15 09:55:14.229, 1, 16, 210 MHz, 405 MHz, P8, 15.83 W
1, 2026/09/15 09:55:14.229, 1, 16, 210 MHz, 405 MHz, P8, 14.56 W
0, 2026/09/15 09:55:14.430, 1, 16, 210 MHz, 405 MHz, P8, 15.83 W
1, 2026/09/15 09:55:14.430, 1, 16, 210 MHz, 405 MHz, P8, 14.56 W
0, 2026/09/15 09:55:14.630, 1, 16, 210 MHz, 405 MHz, P8, 15.83 W
1, 2026/09/15 09:55:14.630, 1, 16, 210 MHz, 405 MHz, P8, 14.56 W
0, 2026/09/15 09:55:14.830, 1, 16, 210 MHz, 405 MHz, P8, 15.83 W
1, 2026/09/15 09:55:14.831, 1, 16, 210 MHz, 405 MHz, P8, 14.62 W
0, 2026/09/15 09:55:15.031, 1, 16, 210 MHz, 405 MHz, P8, 15.96 W
1, 2026/09/15 09:55:15.031, 1, 16, 210 MHz, 405 MHz, P8, 14.62 W
0, 2026/09/15 09:55:15.231, 1, 16, 210 MHz, 405 MHz, P8, 15.96 W
1, 2026/09/15 09:55:15.231, 1, 16, 210 MHz, 405 MHz, P8, 14.62 W
0, 2026/09/15 09:55:15.432, 1, 16, 210 MHz, 405 MHz, P8, 15.96 W
1, 2026/09/15 09:55:15.432, 1, 16, 210 MHz, 405 MHz, P8, 14.62 W
0, 2026/09/15 09:55:15.632, 1, 16, 210 MHz, 405 MHz, P8, 15.96 W
1, 2026/09/15 09:55:15.632, 1, 16, 210 MHz, 405 MHz, P8, 14.62 W
0, 2026/09/15 09:55:15.832, 1, 16, 210 MHz, 405 MHz, P8, 15.96 W
1, 2026/09/15 09:55:15.833, 1, 16, 210 MHz, 405 MHz, P8, 14.64 W
0, 2026/09/15 09:55:16.033, 1, 16, 210 MHz, 405 MHz, P8, 16.25 W
1, 2026/09/15 09:55:16.033, 1, 16, 210 MHz, 405 MHz, P8, 14.64 W
0, 2026/09/15 09:55:16.233, 1, 16, 210 MHz, 405 MHz, P8, 16.25 W
1, 2026/09/15 09:55:16.234, 1, 16, 210 MHz, 405 MHz, P8, 14.64 W
0, 2026/09/15 09:55:16.434, 1, 16, 210 MHz, 405 MHz, P8, 16.25 W
1, 2026/09/15 09:55:16.434, 1, 16, 210 MHz, 405 MHz, P8, 14.64 W
0, 2026/09/15 09:55:16.634, 1, 16, 210 MHz, 405 MHz, P8, 16.25 W
1, 2026/09/15 09:55:16.634, 1, 16, 210 MHz, 405 MHz, P8, 14.64 W
0, 2026/09/15 09:55:16.835, 1, 16, 210 MHz, 405 MHz, P8, 16.25 W
1, 2026/09/15 09:55:16.835, 1, 16, 210 MHz, 405 MHz, P8, 14.59 W
0, 2026/09/15 09:55:17.035, 1, 16, 210 MHz, 405 MHz, P8, 15.99 W
1, 2026/09/15 09:55:17.035, 1, 16, 210 MHz, 405 MHz, P8, 14.59 W
0, 2026/09/15 09:55:17.235, 1, 16, 210 MHz, 405 MHz, P8, 15.99 W
1, 2026/09/15 09:55:17.236, 1, 16, 210 MHz, 405 MHz, P8, 14.59 W
0, 2026/09/15 09:55:17.436, 1, 16, 210 MHz, 405 MHz, P8, 15.99 W
1, 2026/09/15 09:55:17.436, 1, 16, 210 MHz, 405 MHz, P8, 14.59 W
0, 2026/09/15 09:55:17.636, 1, 16, 210 MHz, 405 MHz, P8, 15.99 W
1, 2026/09/15 09:55:17.636, 1, 16, 210 MHz, 405 MHz, P8, 14.59 W
0, 2026/09/15 09:55:17.837, 1, 16, 210 MHz, 405 MHz, P8, 15.99 W
1, 2026/09/15 09:55:17.837, 1, 16, 210 MHz, 405 MHz, P8, 14.42 W
0, 2026/09/15 09:55:18.037, 1, 16, 210 MHz, 405 MHz, P8, 15.47 W
1, 2026/09/15 09:55:18.037, 1, 16, 210 MHz, 405 MHz, P8, 14.42 W
0, 2026/09/15 09:55:18.237, 1, 16, 210 MHz, 405 MHz, P8, 15.47 W
1, 2026/09/15 09:55:18.238, 1, 16, 210 MHz, 405 MHz, P8, 14.42 W
0, 2026/09/15 09:55:18.438, 1, 16, 210 MHz, 405 MHz, P8, 15.47 W
1, 2026/09/15 09:55:18.438, 1, 16, 210 MHz, 405 MHz, P8, 14.42 W
0, 2026/09/15 09:55:18.638, 1, 16, 210 MHz, 405 MHz, P8, 15.47 W
1, 2026/09/15 09:55:18.638, 1, 16, 210 MHz, 405 MHz, P8, 14.42 W
0, 2026/09/15 09:55:18.839, 1, 16, 210 MHz, 405 MHz, P8, 15.47 W
1, 2026/09/15 09:55:18.839, 1, 16, 210 MHz, 405 MHz, P8, 14.33 W
0, 2026/09/15 09:55:19.039, 1, 16, 210 MHz, 405 MHz, P8, 15.39 W
1, 2026/09/15 09:55:19.039, 1, 16, 210 MHz, 405 MHz, P8, 14.33 W
0, 2026/09/15 09:55:19.239, 1, 16, 210 MHz, 405 MHz, P8, 15.39 W
1, 2026/09/15 09:55:19.240, 1, 16, 210 MHz, 405 MHz, P8, 14.33 W
0, 2026/09/15 09:55:19.440, 1, 16, 210 MHz, 405 MHz, P8, 15.39 W
1, 2026/09/15 09:55:19.440, 1, 16, 210 MHz, 405 MHz, P8, 14.33 W
0, 2026/09/15 09:55:19.641, 1, 16, 210 MHz, 405 MHz, P8, 15.39 W
1, 2026/09/15 09:55:19.641, 1, 16, 210 MHz, 405 MHz, P8, 14.33 W
0, 2026/09/15 09:55:19.841, 1, 16, 210 MHz, 405 MHz, P8, 15.39 W
1, 2026/09/15 09:55:19.841, 1, 16, 210 MHz, 405 MHz, P8, 14.38 W
0, 2026/09/15 09:55:20.041, 1, 16, 210 MHz, 405 MHz, P8, 15.28 W
1, 2026/09/15 09:55:20.042, 1, 16, 210 MHz, 405 MHz, P8, 14.38 W
0, 2026/09/15 09:55:20.242, 1, 16, 210 MHz, 405 MHz, P8, 15.28 W
1, 2026/09/15 09:55:20.242, 1, 16, 210 MHz, 405 MHz, P8, 14.38 W
0, 2026/09/15 09:55:20.442, 1, 16, 210 MHz, 405 MHz, P8, 15.28 W
1, 2026/09/15 09:55:20.443, 1, 16, 210 MHz, 405 MHz, P8, 14.38 W
0, 2026/09/15 09:55:20.643, 1, 16, 210 MHz, 405 MHz, P8, 15.28 W
1, 2026/09/15 09:55:20.643, 1, 16, 210 MHz, 405 MHz, P8, 14.38 W
0, 2026/09/15 09:55:20.843, 1, 16, 210 MHz, 405 MHz, P8, 15.28 W
1, 2026/09/15 09:55:20.844, 1, 16, 210 MHz, 405 MHz, P8, 14.53 W
0, 2026/09/15 09:55:21.044, 1, 16, 210 MHz, 405 MHz, P8, 15.03 W
1, 2026/09/15 09:55:21.044, 1, 16, 210 MHz, 405 MHz, P8, 14.53 W
0, 2026/09/15 09:55:21.244, 1, 16, 210 MHz, 405 MHz, P8, 15.03 W
1, 2026/09/15 09:55:21.244, 1, 16, 210 MHz, 405 MHz, P8, 14.53 W
0, 2026/09/15 09:55:21.445, 1, 16, 210 MHz, 405 MHz, P8, 15.03 W
1, 2026/09/15 09:55:21.445, 1, 16, 210 MHz, 405 MHz, P8, 14.53 W
0, 2026/09/15 09:55:21.645, 1, 16, 210 MHz, 405 MHz, P8, 15.03 W
1, 2026/09/15 09:55:21.645, 1, 16, 210 MHz, 405 MHz, P8, 14.53 W
0, 2026/09/15 09:55:21.846, 1, 16, 210 MHz, 405 MHz, P8, 15.03 W
1, 2026/09/15 09:55:21.846, 1, 16, 210 MHz, 405 MHz, P8, 14.52 W
0, 2026/09/15 09:55:22.046, 1, 16, 210 MHz, 405 MHz, P8, 14.80 W
1, 2026/09/15 09:55:22.046, 1, 16, 210 MHz, 405 MHz, P8, 14.52 W
0, 2026/09/15 09:55:22.246, 1, 16, 210 MHz, 405 MHz, P8, 14.80 W
1, 2026/09/15 09:55:22.247, 1, 16, 210 MHz, 405 MHz, P8, 14.52 W
0, 2026/09/15 09:55:22.447, 1, 16, 210 MHz, 405 MHz, P8, 14.80 W
1, 2026/09/15 09:55:22.447, 1, 16, 210 MHz, 405 MHz, P8, 14.52 W
0, 2026/09/15 09:55:22.647, 1, 16, 210 MHz, 405 MHz, P8, 14.80 W
1, 2026/09/15 09:55:22.647, 1, 16, 210 MHz, 405 MHz, P8, 14.52 W
0, 2026/09/15 09:55:22.848, 1, 16, 210 MHz, 405 MHz, P8, 14.80 W
1, 2026/09/15 09:55:22.848, 1, 16, 210 MHz, 405 MHz, P8, 14.66 W
0, 2026/09/15 09:55:23.048, 1, 16, 210 MHz, 405 MHz, P8, 15.18 W
1, 2026/09/15 09:55:23.049, 1, 16, 210 MHz, 405 MHz, P8, 14.66 W
0, 2026/09/15 09:55:23.249, 1, 16, 210 MHz, 405 MHz, P8, 15.18 W
1, 2026/09/15 09:55:23.249, 1, 16, 210 MHz, 405 MHz, P8, 14.66 W
0, 2026/09/15 09:55:23.449, 1, 16, 210 MHz, 405 MHz, P8, 15.18 W
1, 2026/09/15 09:55:23.449, 1, 16, 210 MHz, 405 MHz, P8, 14.66 W
0, 2026/09/15 09:55:23.650, 1, 16, 210 MHz, 405 MHz, P8, 15.18 W
1, 2026/09/15 09:55:23.650, 1, 16, 210 MHz, 405 MHz, P8, 14.66 W
0, 2026/09/15 09:55:23.850, 1, 16, 210 MHz, 405 MHz, P8, 15.18 W
1, 2026/09/15 09:55:23.850, 1, 16, 210 MHz, 405 MHz, P8, 14.82 W
0, 2026/09/15 09:55:24.051, 1, 16, 210 MHz, 405 MHz, P8, 15.49 W
1, 2026/09/15 09:55:24.051, 1, 16, 210 MHz, 405 MHz, P8, 14.82 W
0, 2026/09/15 09:55:24.251, 1, 16, 210 MHz, 405 MHz, P8, 15.49 W
1, 2026/09/15 09:55:24.251, 1, 16, 210 MHz, 405 MHz, P8, 14.82 W
0, 2026/09/15 09:55:24.452, 1, 16, 210 MHz, 405 MHz, P8, 15.49 W
1, 2026/09/15 09:55:24.452, 1, 16, 210 MHz, 405 MHz, P8, 14.82 W
0, 2026/09/15 09:55:24.652, 1, 16, 210 MHz, 405 MHz, P8, 15.49 W
1, 2026/09/15 09:55:24.652, 1, 16, 210 MHz, 405 MHz, P8, 14.82 W
0, 2026/09/15 09:55:24.852, 1, 16, 210 MHz, 405 MHz, P8, 15.49 W
1, 2026/09/15 09:55:24.853, 1, 16, 210 MHz, 405 MHz, P8, 14.72 W
0, 2026/09/15 09:55:25.053, 1, 16, 210 MHz, 405 MHz, P8, 15.44 W
1, 2026/09/15 09:55:25.053, 1, 16, 210 MHz, 405 MHz, P8, 14.72 W
0, 2026/09/15 09:55:25.253, 1, 16, 210 MHz, 405 MHz, P8, 15.44 W
1, 2026/09/15 09:55:25.253, 1, 16, 210 MHz, 405 MHz, P8, 14.72 W
0, 2026/09/15 09:55:25.454, 1, 16, 210 MHz, 405 MHz, P8, 15.44 W
1, 2026/09/15 09:55:25.454, 1, 16, 210 MHz, 405 MHz, P8, 14.72 W
0, 2026/09/15 09:55:25.654, 1, 16, 210 MHz, 405 MHz, P8, 15.44 W
1, 2026/09/15 09:55:25.654, 1, 16, 210 MHz, 405 MHz, P8, 14.72 W
0, 2026/09/15 09:55:25.854, 1, 16, 210 MHz, 405 MHz, P8, 15.44 W
1, 2026/09/15 09:55:25.855, 1, 16, 210 MHz, 405 MHz, P8, 14.59 W
0, 2026/09/15 09:55:26.055, 1, 16, 210 MHz, 405 MHz, P8, 15.62 W
1, 2026/09/15 09:55:26.055, 1, 16, 210 MHz, 405 MHz, P8, 14.59 W
0, 2026/09/15 09:55:26.255, 1, 16, 210 MHz, 405 MHz, P8, 15.62 W
1, 2026/09/15 09:55:26.255, 1, 16, 210 MHz, 405 MHz, P8, 14.59 W
0, 2026/09/15 09:55:26.456, 1, 16, 210 MHz, 405 MHz, P8, 15.62 W
1, 2026/09/15 09:55:26.456, 1, 16, 210 MHz, 405 MHz, P8, 14.59 W
0, 2026/09/15 09:55:26.656, 1, 16, 210 MHz, 405 MHz, P8, 15.62 W
1, 2026/09/15 09:55:26.656, 1, 16, 210 MHz, 405 MHz, P8, 14.59 W
0, 2026/09/15 09:55:26.856, 1, 16, 210 MHz, 405 MHz, P8, 15.62 W
1, 2026/09/15 09:55:26.857, 1, 16, 210 MHz, 405 MHz, P8, 14.46 W
0, 2026/09/15 09:55:27.057, 1, 16, 210 MHz, 405 MHz, P8, 15.50 W
1, 2026/09/15 09:55:27.057, 1, 16, 210 MHz, 405 MHz, P8, 14.46 W
0, 2026/09/15 09:55:27.257, 1, 16, 210 MHz, 405 MHz, P8, 15.50 W
1, 2026/09/15 09:55:27.257, 1, 16, 210 MHz, 405 MHz, P8, 14.46 W
0, 2026/09/15 09:55:27.458, 1, 16, 210 MHz, 405 MHz, P8, 15.50 W
1, 2026/09/15 09:55:27.458, 1, 16, 210 MHz, 405 MHz, P8, 14.46 W
0, 2026/09/15 09:55:27.658, 1, 16, 210 MHz, 405 MHz, P8, 15.50 W
1, 2026/09/15 09:55:27.658, 1, 16, 210 MHz, 405 MHz, P8, 14.46 W
0, 2026/09/15 09:55:27.858, 1, 16, 210 MHz, 405 MHz, P8, 15.50 W
1, 2026/09/15 09:55:27.859, 1, 16, 210 MHz, 405 MHz, P8, 14.27 W
0, 2026/09/15 09:55:28.059, 1, 16, 210 MHz, 405 MHz, P8, 15.27 W
1, 2026/09/15 09:55:28.059, 1, 16, 210 MHz, 405 MHz, P8, 14.27 W
0, 2026/09/15 09:55:28.259, 1, 16, 210 MHz, 405 MHz, P8, 15.27 W
1, 2026/09/15 09:55:28.260, 1, 16, 210 MHz, 405 MHz, P8, 14.27 W
0, 2026/09/15 09:55:28.460, 1, 16, 210 MHz, 405 MHz, P8, 15.27 W
1, 2026/09/15 09:55:28.460, 1, 16, 210 MHz, 405 MHz, P8, 14.27 W
0, 2026/09/15 09:55:28.660, 1, 16, 210 MHz, 405 MHz, P8, 15.27 W
1, 2026/09/15 09:55:28.660, 1, 16, 210 MHz, 405 MHz, P8, 14.27 W
0, 2026/09/15 09:55:28.861, 1, 16, 210 MHz, 405 MHz, P8, 15.27 W
1, 2026/09/15 09:55:28.861, 1, 16, 210 MHz, 405 MHz, P8, 14.26 W
0, 2026/09/15 09:55:29.061, 1, 16, 210 MHz, 405 MHz, P8, 15.27 W
1, 2026/09/15 09:55:29.061, 1, 16, 210 MHz, 405 MHz, P8, 14.26 W
0, 2026/09/15 09:55:29.262, 1, 16, 210 MHz, 405 MHz, P8, 15.27 W
1, 2026/09/15 09:55:29.262, 1, 16, 210 MHz, 405 MHz, P8, 14.26 W
0, 2026/09/15 09:55:29.462, 1, 16, 210 MHz, 405 MHz, P8, 15.27 W
1, 2026/09/15 09:55:29.462, 1, 16, 210 MHz, 405 MHz, P8, 14.26 W
0, 2026/09/15 09:55:29.662, 1, 16, 210 MHz, 405 MHz, P8, 15.27 W
1, 2026/09/15 09:55:29.663, 1, 16, 210 MHz, 405 MHz, P8, 14.26 W
0, 2026/09/15 09:55:29.863, 1, 16, 210 MHz, 405 MHz, P8, 15.27 W
1, 2026/09/15 09:55:29.863, 1, 16, 210 MHz, 405 MHz, P8, 14.30 W
0, 2026/09/15 09:55:30.063, 1, 16, 210 MHz, 405 MHz, P8, 15.30 W
1, 2026/09/15 09:55:30.063, 1, 16, 210 MHz, 405 MHz, P8, 14.30 W
0, 2026/09/15 09:55:30.264, 1, 16, 210 MHz, 405 MHz, P8, 15.30 W
1, 2026/09/15 09:55:30.264, 1, 16, 210 MHz, 405 MHz, P8, 14.30 W
0, 2026/09/15 09:55:30.464, 1, 16, 210 MHz, 405 MHz, P8, 15.30 W
1, 2026/09/15 09:55:30.464, 1, 16, 210 MHz, 405 MHz, P8, 14.30 W
0, 2026/09/15 09:55:30.665, 1, 16, 210 MHz, 405 MHz, P8, 15.30 W
1, 2026/09/15 09:55:30.665, 1, 16, 210 MHz, 405 MHz, P8, 14.30 W
0, 2026/09/15 09:55:30.865, 1, 16, 210 MHz, 405 MHz, P8, 15.30 W
1, 2026/09/15 09:55:30.865, 1, 16, 210 MHz, 405 MHz, P8, 14.11 W
0, 2026/09/15 09:55:31.065, 1, 16, 210 MHz, 405 MHz, P8, 15.11 W
1, 2026/09/15 09:55:31.066, 1, 16, 210 MHz, 405 MHz, P8, 14.11 W
0, 2026/09/15 09:55:31.266, 1, 16, 210 MHz, 405 MHz, P8, 15.11 W
1, 2026/09/15 09:55:31.266, 1, 16, 210 MHz, 405 MHz, P8, 14.11 W
0, 2026/09/15 09:55:31.466, 1, 16, 210 MHz, 405 MHz, P8, 15.11 W
1, 2026/09/15 09:55:31.466, 1, 16, 210 MHz, 405 MHz, P8, 14.11 W
0, 2026/09/15 09:55:31.667, 1, 16, 210 MHz, 405 MHz, P8, 15.11 W
1, 2026/09/15 09:55:31.667, 1, 16, 210 MHz, 405 MHz, P8, 14.11 W
0, 2026/09/15 09:55:31.867, 1, 16, 210 MHz, 405 MHz, P8, 15.11 W
1, 2026/09/15 09:55:31.867, 1, 16, 210 MHz, 405 MHz, P8, 14.13 W
0, 2026/09/15 09:55:32.067, 1, 16, 210 MHz, 405 MHz, P8, 14.89 W
1, 2026/09/15 09:55:32.068, 1, 16, 210 MHz, 405 MHz, P8, 14.13 W
0, 2026/09/15 09:55:32.268, 1, 16, 210 MHz, 405 MHz, P8, 14.89 W
1, 2026/09/15 09:55:32.268, 1, 16, 210 MHz, 405 MHz, P8, 14.13 W
0, 2026/09/15 09:55:32.468, 1, 16, 210 MHz, 405 MHz, P8, 14.89 W
1, 2026/09/15 09:55:32.468, 1, 16, 210 MHz, 405 MHz, P8, 14.13 W
0, 2026/09/15 09:55:32.669, 1, 16, 210 MHz, 405 MHz, P8, 14.89 W
1, 2026/09/15 09:55:32.669, 1, 16, 210 MHz, 405 MHz, P8, 14.13 W
0, 2026/09/15 09:55:32.869, 1, 16, 210 MHz, 405 MHz, P8, 14.89 W
1, 2026/09/15 09:55:32.869, 1, 16, 210 MHz, 405 MHz, P8, 14.28 W
0, 2026/09/15 09:55:33.070, 1, 16, 210 MHz, 405 MHz, P8, 15.00 W
1, 2026/09/15 09:55:33.070, 1, 16, 210 MHz, 405 MHz, P8, 14.28 W
0, 2026/09/15 09:55:33.270, 1, 16, 210 MHz, 405 MHz, P8, 15.00 W
1, 2026/09/15 09:55:33.270, 1, 16, 210 MHz, 405 MHz, P8, 14.28 W
0, 2026/09/15 09:55:33.470, 1, 16, 210 MHz, 405 MHz, P8, 15.00 W
1, 2026/09/15 09:55:33.471, 1, 16, 210 MHz, 405 MHz, P8, 14.28 W
0, 2026/09/15 09:55:33.671, 1, 16, 210 MHz, 405 MHz, P8, 15.00 W
1, 2026/09/15 09:55:33.671, 1, 16, 210 MHz, 405 MHz, P8, 14.28 W
0, 2026/09/15 09:55:33.871, 1, 16, 210 MHz, 405 MHz, P8, 15.00 W
1, 2026/09/15 09:55:33.872, 1, 16, 210 MHz, 405 MHz, P8, 14.11 W
0, 2026/09/15 09:55:34.072, 1, 16, 210 MHz, 405 MHz, P8, 15.12 W
1, 2026/09/15 09:55:34.072, 1, 16, 210 MHz, 405 MHz, P8, 14.11 W
0, 2026/09/15 09:55:34.272, 1, 16, 210 MHz, 405 MHz, P8, 15.12 W
1, 2026/09/15 09:55:34.272, 1, 16, 210 MHz, 405 MHz, P8, 14.11 W
0, 2026/09/15 09:55:34.473, 1, 16, 210 MHz, 405 MHz, P8, 15.12 W
1, 2026/09/15 09:55:34.473, 1, 16, 210 MHz, 405 MHz, P8, 14.11 W
0, 2026/09/15 09:55:34.673, 1, 16, 210 MHz, 405 MHz, P8, 15.12 W
1, 2026/09/15 09:55:34.673, 1, 16, 210 MHz, 405 MHz, P8, 14.11 W
0, 2026/09/15 09:55:34.874, 1, 16, 210 MHz, 405 MHz, P8, 15.21 W
1, 2026/09/15 09:55:34.874, 1, 16, 210 MHz, 405 MHz, P8, 13.97 W
0, 2026/09/15 09:55:35.074, 1, 16, 210 MHz, 405 MHz, P8, 15.21 W
1, 2026/09/15 09:55:35.074, 1, 16, 210 MHz, 405 MHz, P8, 13.97 W
0, 2026/09/15 09:55:35.275, 1, 16, 210 MHz, 405 MHz, P8, 15.21 W
1, 2026/09/15 09:55:35.275, 1, 16, 210 MHz, 405 MHz, P8, 13.97 W
0, 2026/09/15 09:55:35.475, 1, 16, 210 MHz, 405 MHz, P8, 15.21 W
1, 2026/09/15 09:55:35.475, 1, 16, 210 MHz, 405 MHz, P8, 13.97 W
0, 2026/09/15 09:55:35.675, 1, 16, 210 MHz, 405 MHz, P8, 15.21 W
1, 2026/09/15 09:55:35.675, 1, 16, 210 MHz, 405 MHz, P8, 13.97 W
0, 2026/09/15 09:55:35.876, 1, 16, 210 MHz, 405 MHz, P8, 15.36 W
1, 2026/09/15 09:55:35.876, 1, 16, 210 MHz, 405 MHz, P8, 14.07 W
0, 2026/09/15 09:55:36.076, 1, 16, 210 MHz, 405 MHz, P8, 15.36 W
1, 2026/09/15 09:55:36.076, 1, 16, 210 MHz, 405 MHz, P8, 14.07 W
0, 2026/09/15 09:55:36.277, 1, 16, 210 MHz, 405 MHz, P8, 15.36 W
1, 2026/09/15 09:55:36.277, 1, 16, 210 MHz, 405 MHz, P8, 14.07 W
0, 2026/09/15 09:55:36.477, 1, 16, 210 MHz, 405 MHz, P8, 15.36 W
1, 2026/09/15 09:55:36.477, 1, 16, 210 MHz, 405 MHz, P8, 14.07 W
0, 2026/09/15 09:55:36.677, 1, 16, 210 MHz, 405 MHz, P8, 15.36 W
1, 2026/09/15 09:55:36.678, 1, 16, 210 MHz, 405 MHz, P8, 14.07 W
0, 2026/09/15 09:55:36.878, 1, 16, 210 MHz, 405 MHz, P8, 15.41 W
1, 2026/09/15 09:55:36.878, 1, 16, 210 MHz, 405 MHz, P8, 14.12 W
0, 2026/09/15 09:55:37.078, 1, 16, 210 MHz, 405 MHz, P8, 15.41 W
1, 2026/09/15 09:55:37.079, 1, 16, 210 MHz, 405 MHz, P8, 14.12 W
0, 2026/09/15 09:55:37.279, 1, 16, 210 MHz, 405 MHz, P8, 15.41 W
1, 2026/09/15 09:55:37.279, 1, 16, 210 MHz, 405 MHz, P8, 14.12 W
0, 2026/09/15 09:55:37.479, 1, 16, 210 MHz, 405 MHz, P8, 15.41 W
1, 2026/09/15 09:55:37.479, 1, 16, 210 MHz, 405 MHz, P8, 14.12 W
0, 2026/09/15 09:55:37.680, 1, 16, 210 MHz, 405 MHz, P8, 15.41 W
1, 2026/09/15 09:55:37.680, 1, 16, 210 MHz, 405 MHz, P8, 14.12 W
0, 2026/09/15 09:55:37.880, 1, 16, 210 MHz, 405 MHz, P8, 15.40 W
1, 2026/09/15 09:55:37.880, 1, 16, 210 MHz, 405 MHz, P8, 14.12 W
0, 2026/09/15 09:55:38.081, 1, 16, 210 MHz, 405 MHz, P8, 15.40 W
1, 2026/09/15 09:55:38.081, 1, 16, 210 MHz, 405 MHz, P8, 14.12 W
0, 2026/09/15 09:55:38.281, 1, 16, 210 MHz, 405 MHz, P8, 15.40 W
1, 2026/09/15 09:55:38.281, 1, 16, 210 MHz, 405 MHz, P8, 14.12 W
0, 2026/09/15 09:55:38.481, 1, 16, 210 MHz, 405 MHz, P8, 15.40 W
1, 2026/09/15 09:55:38.482, 1, 16, 210 MHz, 405 MHz, P8, 14.12 W
0, 2026/09/15 09:55:38.682, 1, 16, 210 MHz, 405 MHz, P8, 15.40 W
1, 2026/09/15 09:55:38.682, 1, 16, 210 MHz, 405 MHz, P8, 14.12 W
0, 2026/09/15 09:55:38.882, 1, 16, 210 MHz, 405 MHz, P8, 15.32 W
1, 2026/09/15 09:55:38.883, 1, 16, 210 MHz, 405 MHz, P8, 14.17 W
0, 2026/09/15 09:55:39.083, 1, 16, 210 MHz, 405 MHz, P8, 15.32 W
1, 2026/09/15 09:55:39.083, 1, 16, 210 MHz, 405 MHz, P8, 14.17 W
0, 2026/09/15 09:55:39.283, 1, 16, 210 MHz, 405 MHz, P8, 15.32 W
1, 2026/09/15 09:55:39.283, 1, 16, 210 MHz, 405 MHz, P8, 14.17 W
0, 2026/09/15 09:55:39.484, 1, 16, 210 MHz, 405 MHz, P8, 15.32 W
1, 2026/09/15 09:55:39.484, 1, 16, 210 MHz, 405 MHz, P8, 14.17 W
0, 2026/09/15 09:55:39.684, 1, 16, 210 MHz, 405 MHz, P8, 15.32 W
1, 2026/09/15 09:55:39.684, 1, 16, 210 MHz, 405 MHz, P8, 14.17 W
0, 2026/09/15 09:55:39.884, 1, 16, 210 MHz, 405 MHz, P8, 15.14 W
1, 2026/09/15 09:55:39.885, 1, 16, 210 MHz, 405 MHz, P8, 14.22 W
0, 2026/09/15 09:55:40.085, 1, 16, 210 MHz, 405 MHz, P8, 15.14 W
1, 2026/09/15 09:55:40.085, 1, 16, 210 MHz, 405 MHz, P8, 14.22 W
0, 2026/09/15 09:55:40.285, 1, 16, 210 MHz, 405 MHz, P8, 15.14 W
1, 2026/09/15 09:55:40.285, 1, 16, 210 MHz, 405 MHz, P8, 14.22 W
0, 2026/09/15 09:55:40.486, 1, 16, 210 MHz, 405 MHz, P8, 15.14 W
1, 2026/09/15 09:55:40.486, 1, 16, 210 MHz, 405 MHz, P8, 14.22 W
0, 2026/09/15 09:55:40.686, 1, 16, 210 MHz, 405 MHz, P8, 15.14 W
1, 2026/09/15 09:55:40.686, 1, 16, 210 MHz, 405 MHz, P8, 14.22 W
0, 2026/09/15 09:55:40.886, 1, 16, 210 MHz, 405 MHz, P8, 15.16 W
1, 2026/09/15 09:55:40.887, 1, 16, 210 MHz, 405 MHz, P8, 14.28 W
0, 2026/09/15 09:55:41.087, 1, 16, 210 MHz, 405 MHz, P8, 15.16 W
1, 2026/09/15 09:55:41.087, 1, 16, 210 MHz, 405 MHz, P8, 14.28 W
0, 2026/09/15 09:55:41.287, 1, 16, 210 MHz, 405 MHz, P8, 15.16 W
1, 2026/09/15 09:55:41.287, 1, 16, 210 MHz, 405 MHz, P8, 14.28 W
0, 2026/09/15 09:55:41.488, 1, 16, 210 MHz, 405 MHz, P8, 15.16 W
1, 2026/09/15 09:55:41.488, 1, 16, 210 MHz, 405 MHz, P8, 14.28 W
0, 2026/09/15 09:55:41.688, 1, 16, 210 MHz, 405 MHz, P8, 15.16 W
1, 2026/09/15 09:55:41.688, 1, 16, 210 MHz, 405 MHz, P8, 14.28 W
0, 2026/09/15 09:55:41.888, 1, 16, 210 MHz, 405 MHz, P8, 15.35 W
1, 2026/09/15 09:55:41.889, 1, 16, 210 MHz, 405 MHz, P8, 14.25 W
0, 2026/09/15 09:55:42.089, 1, 16, 210 MHz, 405 MHz, P8, 15.35 W
1, 2026/09/15 09:55:42.089, 1, 16, 210 MHz, 405 MHz, P8, 14.25 W
0, 2026/09/15 09:55:42.289, 1, 16, 210 MHz, 405 MHz, P8, 15.35 W
1, 2026/09/15 09:55:42.290, 1, 16, 210 MHz, 405 MHz, P8, 14.25 W
0, 2026/09/15 09:55:42.490, 1, 16, 210 MHz, 405 MHz, P8, 15.35 W
1, 2026/09/15 09:55:42.490, 1, 16, 210 MHz, 405 MHz, P8, 14.25 W
0, 2026/09/15 09:55:42.690, 1, 16, 210 MHz, 405 MHz, P8, 15.35 W
1, 2026/09/15 09:55:42.690, 1, 16, 210 MHz, 405 MHz, P8, 14.25 W
0, 2026/09/15 09:55:42.891, 1, 16, 210 MHz, 405 MHz, P8, 15.59 W
1, 2026/09/15 09:55:42.891, 1, 16, 210 MHz, 405 MHz, P8, 14.26 W
0, 2026/09/15 09:55:43.091, 1, 16, 210 MHz, 405 MHz, P8, 15.59 W
1, 2026/09/15 09:55:43.091, 1, 16, 210 MHz, 405 MHz, P8, 14.26 W
0, 2026/09/15 09:55:43.292, 1, 16, 210 MHz, 405 MHz, P8, 15.59 W
1, 2026/09/15 09:55:43.292, 1, 16, 210 MHz, 405 MHz, P8, 14.26 W
0, 2026/09/15 09:55:43.492, 1, 16, 210 MHz, 405 MHz, P8, 15.59 W
1, 2026/09/15 09:55:43.492, 1, 16, 210 MHz, 405 MHz, P8, 14.26 W
0, 2026/09/15 09:55:43.692, 1, 16, 210 MHz, 405 MHz, P8, 15.59 W
1, 2026/09/15 09:55:43.693, 1, 16, 210 MHz, 405 MHz, P8, 14.26 W
0, 2026/09/15 09:55:43.893, 1, 16, 210 MHz, 405 MHz, P8, 15.83 W
1, 2026/09/15 09:55:43.893, 1, 16, 210 MHz, 405 MHz, P8, 14.12 W
0, 2026/09/15 09:55:44.093, 1, 16, 210 MHz, 405 MHz, P8, 15.83 W
1, 2026/09/15 09:55:44.093, 1, 16, 210 MHz, 405 MHz, P8, 14.12 W
0, 2026/09/15 09:55:44.294, 1, 16, 210 MHz, 405 MHz, P8, 15.83 W
1, 2026/09/15 09:55:44.294, 1, 16, 210 MHz, 405 MHz, P8, 14.12 W
0, 2026/09/15 09:55:44.494, 1, 16, 210 MHz, 405 MHz, P8, 15.83 W
1, 2026/09/15 09:55:44.494, 1, 16, 210 MHz, 405 MHz, P8, 14.12 W
0, 2026/09/15 09:55:44.694, 1, 16, 210 MHz, 405 MHz, P8, 15.83 W
1, 2026/09/15 09:55:44.695, 1, 16, 210 MHz, 405 MHz, P8, 14.12 W
0, 2026/09/15 09:55:44.895, 1, 16, 210 MHz, 405 MHz, P8, 15.65 W
1, 2026/09/15 09:55:44.895, 1, 16, 210 MHz, 405 MHz, P8, 13.76 W
0, 2026/09/15 09:55:45.095, 1, 16, 210 MHz, 405 MHz, P8, 15.65 W
1, 2026/09/15 09:55:45.095, 1, 16, 210 MHz, 405 MHz, P8, 13.76 W
0, 2026/09/15 09:55:45.296, 1, 16, 210 MHz, 405 MHz, P8, 15.65 W
1, 2026/09/15 09:55:45.296, 1, 16, 210 MHz, 405 MHz, P8, 13.76 W
0, 2026/09/15 09:55:45.496, 1, 16, 210 MHz, 405 MHz, P8, 15.65 W
1, 2026/09/15 09:55:45.496, 1, 16, 210 MHz, 405 MHz, P8, 13.76 W
0, 2026/09/15 09:55:45.697, 1, 16, 210 MHz, 405 MHz, P8, 15.65 W
1, 2026/09/15 09:55:45.697, 1, 16, 210 MHz, 405 MHz, P8, 13.76 W
0, 2026/09/15 09:55:45.897, 1, 16, 210 MHz, 405 MHz, P8, 15.57 W
1, 2026/09/15 09:55:45.898, 1, 16, 210 MHz, 405 MHz, P8, 13.87 W
0, 2026/09/15 09:55:46.098, 1, 16, 210 MHz, 405 MHz, P8, 15.57 W
1, 2026/09/15 09:55:46.098, 1, 16, 210 MHz, 405 MHz, P8, 13.87 W
0, 2026/09/15 09:55:46.298, 1, 16, 210 MHz, 405 MHz, P8, 15.57 W
1, 2026/09/15 09:55:46.299, 1, 16, 210 MHz, 405 MHz, P8, 13.87 W
0, 2026/09/15 09:55:46.499, 1, 16, 210 MHz, 405 MHz, P8, 15.57 W
1, 2026/09/15 09:55:46.499, 1, 16, 210 MHz, 405 MHz, P8, 13.87 W
0, 2026/09/15 09:55:46.699, 1, 16, 210 MHz, 405 MHz, P8, 15.57 W
1, 2026/09/15 09:55:46.700, 1, 16, 210 MHz, 405 MHz, P8, 13.87 W
0, 2026/09/15 09:55:46.900, 1, 16, 210 MHz, 405 MHz, P8, 15.59 W
1, 2026/09/15 09:55:46.900, 1, 16, 210 MHz, 405 MHz, P8, 14.16 W
0, 2026/09/15 09:55:47.100, 1, 16, 210 MHz, 405 MHz, P8, 15.59 W
1, 2026/09/15 09:55:47.101, 1, 16, 210 MHz, 405 MHz, P8, 14.16 W
0, 2026/09/15 09:55:47.301, 1, 16, 210 MHz, 405 MHz, P8, 15.59 W
1, 2026/09/15 09:55:47.301, 1, 16, 210 MHz, 405 MHz, P8, 14.16 W
0, 2026/09/15 09:55:47.501, 1, 16, 210 MHz, 405 MHz, P8, 15.59 W
1, 2026/09/15 09:55:47.502, 1, 16, 210 MHz, 405 MHz, P8, 14.16 W
0, 2026/09/15 09:55:47.702, 1, 16, 210 MHz, 405 MHz, P8, 15.59 W
1, 2026/09/15 09:55:47.702, 1, 16, 210 MHz, 405 MHz, P8, 14.16 W
0, 2026/09/15 09:55:47.903, 1, 16, 210 MHz, 405 MHz, P8, 15.23 W
1, 2026/09/15 09:55:47.903, 1, 16, 210 MHz, 405 MHz, P8, 14.04 W
0, 2026/09/15 09:55:48.103, 1, 16, 210 MHz, 405 MHz, P8, 15.23 W
1, 2026/09/15 09:55:48.103, 1, 16, 210 MHz, 405 MHz, P8, 14.04 W
0, 2026/09/15 09:55:48.306, 1, 16, 210 MHz, 405 MHz, P8, 15.23 W
1, 2026/09/15 09:55:48.306, 1, 16, 210 MHz, 405 MHz, P8, 14.04 W
0, 2026/09/15 09:55:48.506, 1, 16, 210 MHz, 405 MHz, P8, 15.23 W
1, 2026/09/15 09:55:48.506, 1, 16, 210 MHz, 405 MHz, P8, 14.04 W
0, 2026/09/15 09:55:48.706, 1, 16, 210 MHz, 405 MHz, P8, 15.23 W
1, 2026/09/15 09:55:48.707, 1, 16, 210 MHz, 405 MHz, P8, 14.04 W
0, 2026/09/15 09:55:48.907, 1, 16, 210 MHz, 405 MHz, P8, 15.36 W
1, 2026/09/15 09:55:48.907, 1, 16, 210 MHz, 405 MHz, P8, 13.93 W
0, 2026/09/15 09:55:49.107, 1, 16, 210 MHz, 405 MHz, P8, 15.36 W
1, 2026/09/15 09:55:49.107, 1, 16, 210 MHz, 405 MHz, P8, 13.93 W
0, 2026/09/15 09:55:49.308, 1, 16, 210 MHz, 405 MHz, P8, 15.36 W
1, 2026/09/15 09:55:49.308, 1, 16, 210 MHz, 405 MHz, P8, 13.93 W
0, 2026/09/15 09:55:49.508, 1, 16, 210 MHz, 405 MHz, P8, 15.36 W
1, 2026/09/15 09:55:49.508, 1, 16, 210 MHz, 405 MHz, P8, 13.93 W
0, 2026/09/15 09:55:49.708, 1, 16, 210 MHz, 405 MHz, P8, 15.36 W
1, 2026/09/15 09:55:49.709, 1, 16, 210 MHz, 405 MHz, P8, 13.93 W
0, 2026/09/15 09:55:49.909, 1, 16, 210 MHz, 405 MHz, P8, 15.68 W
1, 2026/09/15 09:55:49.909, 1, 16, 210 MHz, 405 MHz, P8, 14.15 W
0, 2026/09/15 09:55:50.109, 1, 16, 210 MHz, 405 MHz, P8, 15.68 W
1, 2026/09/15 09:55:50.110, 1, 16, 210 MHz, 405 MHz, P8, 14.15 W
0, 2026/09/15 09:55:50.310, 1, 16, 210 MHz, 405 MHz, P8, 15.68 W
1, 2026/09/15 09:55:50.310, 1, 16, 210 MHz, 405 MHz, P8, 14.15 W
0, 2026/09/15 09:55:50.511, 1, 16, 210 MHz, 405 MHz, P8, 15.68 W
1, 2026/09/15 09:55:50.511, 1, 16, 210 MHz, 405 MHz, P8, 14.15 W
0, 2026/09/15 09:55:50.711, 1, 16, 210 MHz, 405 MHz, P8, 15.68 W
1, 2026/09/15 09:55:50.711, 1, 16, 210 MHz, 405 MHz, P8, 14.15 W
0, 2026/09/15 09:55:50.912, 1, 16, 210 MHz, 405 MHz, P8, 15.40 W
1, 2026/09/15 09:55:50.912, 1, 16, 210 MHz, 405 MHz, P8, 14.26 W
0, 2026/09/15 09:55:51.112, 1, 16, 210 MHz, 405 MHz, P8, 15.40 W
1, 2026/09/15 09:55:51.112, 1, 16, 210 MHz, 405 MHz, P8, 14.26 W
0, 2026/09/15 09:55:51.313, 1, 16, 210 MHz, 405 MHz, P8, 15.40 W
1, 2026/09/15 09:55:51.313, 1, 16, 210 MHz, 405 MHz, P8, 14.26 W
0, 2026/09/15 09:55:51.513, 1, 16, 210 MHz, 405 MHz, P8, 15.40 W
1, 2026/09/15 09:55:51.513, 1, 16, 210 MHz, 405 MHz, P8, 14.26 W
0, 2026/09/15 09:55:51.713, 1, 16, 210 MHz, 405 MHz, P8, 15.40 W
1, 2026/09/15 09:55:51.714, 1, 16, 210 MHz, 405 MHz, P8, 14.26 W
0, 2026/09/15 09:55:51.914, 1, 16, 210 MHz, 405 MHz, P8, 15.12 W
1, 2026/09/15 09:55:51.914, 1, 16, 210 MHz, 405 MHz, P8, 14.03 W
0, 2026/09/15 09:55:52.114, 1, 16, 210 MHz, 405 MHz, P8, 15.12 W
1, 2026/09/15 09:55:52.114, 1, 16, 210 MHz, 405 MHz, P8, 14.03 W
0, 2026/09/15 09:55:52.315, 1, 16, 210 MHz, 405 MHz, P8, 15.12 W
1, 2026/09/15 09:55:52.315, 1, 16, 210 MHz, 405 MHz, P8, 14.03 W
0, 2026/09/15 09:55:52.515, 1, 16, 210 MHz, 405 MHz, P8, 15.12 W
1, 2026/09/15 09:55:52.515, 1, 16, 210 MHz, 405 MHz, P8, 14.03 W
0, 2026/09/15 09:55:52.715, 1, 16, 210 MHz, 405 MHz, P8, 15.12 W
1, 2026/09/15 09:55:52.716, 1, 16, 210 MHz, 405 MHz, P8, 14.03 W
0, 2026/09/15 09:55:52.916, 1, 16, 210 MHz, 405 MHz, P8, 15.11 W
1, 2026/09/15 09:55:52.916, 1, 16, 210 MHz, 405 MHz, P8, 13.98 W
0, 2026/09/15 09:55:53.116, 1, 16, 210 MHz, 405 MHz, P8, 15.11 W
1, 2026/09/15 09:55:53.116, 1, 16, 210 MHz, 405 MHz, P8, 13.98 W
0, 2026/09/15 09:55:53.317, 1, 16, 210 MHz, 405 MHz, P8, 15.11 W
1, 2026/09/15 09:55:53.317, 1, 16, 210 MHz, 405 MHz, P8, 13.98 W
0, 2026/09/15 09:55:53.517, 1, 16, 210 MHz, 405 MHz, P8, 15.11 W
1, 2026/09/15 09:55:53.517, 1, 16, 210 MHz, 405 MHz, P8, 13.98 W
0, 2026/09/15 09:55:53.717, 1, 16, 210 MHz, 405 MHz, P8, 15.11 W
1, 2026/09/15 09:55:53.718, 1, 16, 210 MHz, 405 MHz, P8, 13.98 W
0, 2026/09/15 09:55:53.918, 1, 16, 210 MHz, 405 MHz, P8, 15.37 W
1, 2026/09/15 09:55:53.918, 1, 16, 210 MHz, 405 MHz, P8, 14.08 W
0, 2026/09/15 09:55:54.118, 1, 16, 210 MHz, 405 MHz, P8, 15.37 W
1, 2026/09/15 09:55:54.119, 1, 16, 210 MHz, 405 MHz, P8, 14.08 W
0, 2026/09/15 09:55:54.319, 1, 16, 210 MHz, 405 MHz, P8, 15.37 W
1, 2026/09/15 09:55:54.319, 1, 16, 210 MHz, 405 MHz, P8, 14.08 W
0, 2026/09/15 09:55:54.519, 1, 16, 210 MHz, 405 MHz, P8, 15.37 W
1, 2026/09/15 09:55:54.519, 1, 16, 210 MHz, 405 MHz, P8, 14.08 W
0, 2026/09/15 09:55:54.719, 1, 16, 210 MHz, 405 MHz, P8, 15.37 W
1, 2026/09/15 09:55:54.720, 1, 16, 210 MHz, 405 MHz, P8, 14.08 W
0, 2026/09/15 09:55:54.920, 1, 16, 210 MHz, 405 MHz, P8, 15.58 W
1, 2026/09/15 09:55:54.920, 1, 16, 210 MHz, 405 MHz, P8, 13.94 W
0, 2026/09/15 09:55:55.120, 1, 16, 210 MHz, 405 MHz, P8, 15.58 W
1, 2026/09/15 09:55:55.121, 1, 16, 210 MHz, 405 MHz, P8, 13.94 W
0, 2026/09/15 09:55:55.321, 1, 16, 210 MHz, 405 MHz, P8, 15.58 W
1, 2026/09/15 09:55:55.321, 1, 16, 210 MHz, 405 MHz, P8, 13.94 W
0, 2026/09/15 09:55:55.521, 1, 16, 210 MHz, 405 MHz, P8, 15.58 W
1, 2026/09/15 09:55:55.522, 1, 16, 210 MHz, 405 MHz, P8, 13.94 W
0, 2026/09/15 09:55:55.722, 1, 16, 210 MHz, 405 MHz, P8, 15.58 W
1, 2026/09/15 09:55:55.722, 1, 16, 210 MHz, 405 MHz, P8, 13.94 W
0, 2026/09/15 09:55:55.922, 1, 16, 210 MHz, 405 MHz, P8, 15.42 W
1, 2026/09/15 09:55:55.923, 1, 16, 210 MHz, 405 MHz, P8, 13.82 W
0, 2026/09/15 09:55:56.123, 1, 16, 210 MHz, 405 MHz, P8, 15.42 W
1, 2026/09/15 09:55:56.123, 1, 16, 210 MHz, 405 MHz, P8, 13.82 W
0, 2026/09/15 09:55:56.323, 1, 16, 210 MHz, 405 MHz, P8, 15.42 W
1, 2026/09/15 09:55:56.323, 1, 16, 210 MHz, 405 MHz, P8, 13.82 W
0, 2026/09/15 09:55:56.524, 1, 16, 210 MHz, 405 MHz, P8, 15.42 W
1, 2026/09/15 09:55:56.524, 1, 16, 210 MHz, 405 MHz, P8, 13.82 W
0, 2026/09/15 09:55:56.724, 1, 16, 210 MHz, 405 MHz, P8, 15.42 W
1, 2026/09/15 09:55:56.724, 1, 16, 210 MHz, 405 MHz, P8, 13.82 W
0, 2026/09/15 09:55:56.924, 1, 16, 210 MHz, 405 MHz, P8, 15.56 W
1, 2026/09/15 09:55:56.925, 1, 16, 210 MHz, 405 MHz, P8, 13.82 W
0, 2026/09/15 09:55:57.125, 1, 16, 210 MHz, 405 MHz, P8, 15.56 W
1, 2026/09/15 09:55:57.125, 1, 16, 210 MHz, 405 MHz, P8, 13.82 W
0, 2026/09/15 09:55:57.325, 1, 16, 210 MHz, 405 MHz, P8, 15.56 W
1, 2026/09/15 09:55:57.326, 1, 16, 210 MHz, 405 MHz, P8, 13.82 W
0, 2026/09/15 09:55:57.526, 1, 16, 210 MHz, 405 MHz, P8, 15.56 W
1, 2026/09/15 09:55:57.526, 1, 16, 210 MHz, 405 MHz, P8, 13.82 W
0, 2026/09/15 09:55:57.726, 1, 16, 210 MHz, 405 MHz, P8, 15.56 W
1, 2026/09/15 09:55:57.726, 1, 16, 210 MHz, 405 MHz, P8, 13.82 W
0, 2026/09/15 09:55:57.927, 1, 16, 210 MHz, 405 MHz, P8, 16.46 W
1, 2026/09/15 09:55:57.927, 1, 16, 210 MHz, 405 MHz, P8, 14.27 W
0, 2026/09/15 09:55:58.127, 1, 16, 210 MHz, 405 MHz, P8, 16.46 W
1, 2026/09/15 09:55:58.127, 1, 16, 210 MHz, 405 MHz, P8, 14.27 W
0, 2026/09/15 09:55:58.328, 1, 16, 210 MHz, 405 MHz, P8, 16.46 W
1, 2026/09/15 09:55:58.328, 1, 16, 210 MHz, 405 MHz, P8, 14.27 W
0, 2026/09/15 09:55:58.528, 1, 16, 210 MHz, 405 MHz, P8, 16.46 W
1, 2026/09/15 09:55:58.528, 1, 16, 210 MHz, 405 MHz, P8, 14.27 W
0, 2026/09/15 09:55:58.728, 1, 16, 210 MHz, 405 MHz, P8, 16.46 W
1, 2026/09/15 09:55:58.729, 1, 16, 210 MHz, 405 MHz, P8, 14.27 W
0, 2026/09/15 09:55:58.929, 1, 16, 210 MHz, 405 MHz, P8, 16.99 W
1, 2026/09/15 09:55:58.929, 1, 16, 210 MHz, 405 MHz, P8, 14.54 W
0, 2026/09/15 09:55:59.129, 1, 16, 210 MHz, 405 MHz, P8, 16.99 W
1, 2026/09/15 09:55:59.130, 1, 16, 210 MHz, 405 MHz, P8, 14.54 W
0, 2026/09/15 09:55:59.330, 1, 16, 210 MHz, 405 MHz, P8, 16.99 W
1, 2026/09/15 09:55:59.330, 1, 16, 210 MHz, 405 MHz, P8, 14.54 W
0, 2026/09/15 09:55:59.530, 1, 16, 210 MHz, 405 MHz, P8, 16.99 W
1, 2026/09/15 09:55:59.530, 1, 16, 210 MHz, 405 MHz, P8, 14.54 W
0, 2026/09/15 09:55:59.731, 1, 16, 210 MHz, 405 MHz, P8, 16.99 W
1, 2026/09/15 09:55:59.731, 1, 16, 210 MHz, 405 MHz, P8, 14.54 W
0, 2026/09/15 09:55:59.931, 1, 16, 210 MHz, 405 MHz, P8, 16.44 W
1, 2026/09/15 09:55:59.931, 1, 16, 210 MHz, 405 MHz, P8, 14.41 W
0, 2026/09/15 09:56:00.132, 1, 16, 210 MHz, 405 MHz, P8, 16.44 W
1, 2026/09/15 09:56:00.132, 1, 16, 210 MHz, 405 MHz, P8, 14.41 W
0, 2026/09/15 09:56:00.332, 1, 16, 210 MHz, 405 MHz, P8, 16.44 W
1, 2026/09/15 09:56:00.332, 1, 16, 210 MHz, 405 MHz, P8, 14.41 W
0, 2026/09/15 09:56:00.533, 1, 16, 210 MHz, 405 MHz, P8, 16.44 W
1, 2026/09/15 09:56:00.533, 1, 16, 210 MHz, 405 MHz, P8, 14.41 W
0, 2026/09/15 09:56:00.733, 1, 16, 210 MHz, 405 MHz, P8, 16.44 W
1, 2026/09/15 09:56:00.733, 1, 16, 210 MHz, 405 MHz, P8, 14.41 W
0, 2026/09/15 09:56:00.933, 1, 16, 210 MHz, 405 MHz, P8, 16.05 W
1, 2026/09/15 09:56:00.934, 1, 16, 210 MHz, 405 MHz, P8, 14.24 W
0, 2026/09/15 09:56:01.134, 1, 16, 210 MHz, 405 MHz, P8, 16.05 W
1, 2026/09/15 09:56:01.134, 1, 16, 210 MHz, 405 MHz, P8, 14.24 W
0, 2026/09/15 09:56:01.334, 1, 16, 210 MHz, 405 MHz, P8, 16.05 W
1, 2026/09/15 09:56:01.335, 1, 16, 210 MHz, 405 MHz, P8, 14.24 W
0, 2026/09/15 09:56:01.535, 1, 16, 210 MHz, 405 MHz, P8, 16.05 W
1, 2026/09/15 09:56:01.535, 1, 16, 210 MHz, 405 MHz, P8, 14.24 W
0, 2026/09/15 09:56:01.735, 1, 16, 210 MHz, 405 MHz, P8, 16.05 W
1, 2026/09/15 09:56:01.735, 1, 16, 210 MHz, 405 MHz, P8, 14.24 W
0, 2026/09/15 09:56:01.936, 1, 16, 210 MHz, 405 MHz, P8, 15.98 W
1, 2026/09/15 09:56:01.936, 1, 16, 210 MHz, 405 MHz, P8, 14.15 W
0, 2026/09/15 09:56:02.136, 1, 16, 210 MHz, 405 MHz, P8, 15.98 W
1, 2026/09/15 09:56:02.136, 1, 16, 210 MHz, 405 MHz, P8, 14.15 W
0, 2026/09/15 09:56:02.337, 1, 16, 210 MHz, 405 MHz, P8, 15.98 W
1, 2026/09/15 09:56:02.337, 1, 16, 210 MHz, 405 MHz, P8, 14.15 W
0, 2026/09/15 09:56:02.537, 1, 16, 210 MHz, 405 MHz, P8, 15.98 W
1, 2026/09/15 09:56:02.537, 1, 16, 210 MHz, 405 MHz, P8, 14.15 W
0, 2026/09/15 09:56:02.737, 1, 16, 210 MHz, 405 MHz, P8, 15.98 W
1, 2026/09/15 09:56:02.738, 1, 16, 210 MHz, 405 MHz, P8, 14.15 W
0, 2026/09/15 09:56:02.938, 1, 16, 210 MHz, 405 MHz, P8, 15.72 W
1, 2026/09/15 09:56:02.938, 1, 16, 210 MHz, 405 MHz, P8, 14.18 W
0, 2026/09/15 09:56:03.138, 1, 16, 210 MHz, 405 MHz, P8, 15.72 W
1, 2026/09/15 09:56:03.139, 1, 16, 210 MHz, 405 MHz, P8, 14.18 W
0, 2026/09/15 09:56:03.339, 1, 16, 210 MHz, 405 MHz, P8, 15.72 W
1, 2026/09/15 09:56:03.339, 1, 16, 210 MHz, 405 MHz, P8, 14.18 W
0, 2026/09/15 09:56:03.539, 1, 16, 210 MHz, 405 MHz, P8, 15.72 W
1, 2026/09/15 09:56:03.539, 1, 16, 210 MHz, 405 MHz, P8, 14.18 W
0, 2026/09/15 09:56:03.740, 1, 16, 210 MHz, 405 MHz, P8, 15.72 W
1, 2026/09/15 09:56:03.740, 1, 16, 210 MHz, 405 MHz, P8, 14.18 W
0, 2026/09/15 09:56:03.940, 1, 16, 210 MHz, 405 MHz, P8, 15.81 W
1, 2026/09/15 09:56:03.940, 1, 16, 210 MHz, 405 MHz, P8, 14.30 W
0, 2026/09/15 09:56:04.141, 1, 16, 210 MHz, 405 MHz, P8, 15.81 W
1, 2026/09/15 09:56:04.141, 1, 16, 210 MHz, 405 MHz, P8, 14.30 W
0, 2026/09/15 09:56:04.341, 1, 16, 210 MHz, 405 MHz, P8, 15.81 W
1, 2026/09/15 09:56:04.341, 1, 16, 210 MHz, 405 MHz, P8, 14.30 W
0, 2026/09/15 09:56:04.541, 1, 16, 210 MHz, 405 MHz, P8, 15.81 W
1, 2026/09/15 09:56:04.542, 1, 16, 210 MHz, 405 MHz, P8, 14.30 W
0, 2026/09/15 09:56:04.742, 1, 16, 210 MHz, 405 MHz, P8, 15.81 W
1, 2026/09/15 09:56:04.742, 1, 16, 210 MHz, 405 MHz, P8, 14.30 W
0, 2026/09/15 09:56:04.942, 1, 16, 210 MHz, 405 MHz, P8, 15.78 W
1, 2026/09/15 09:56:04.942, 1, 16, 210 MHz, 405 MHz, P8, 14.38 W
0, 2026/09/15 09:56:05.143, 1, 16, 210 MHz, 405 MHz, P8, 15.78 W
1, 2026/09/15 09:56:05.143, 1, 16, 210 MHz, 405 MHz, P8, 14.38 W
0, 2026/09/15 09:56:05.343, 1, 16, 210 MHz, 405 MHz, P8, 15.78 W
1, 2026/09/15 09:56:05.343, 1, 16, 210 MHz, 405 MHz, P8, 14.38 W
0, 2026/09/15 09:56:05.544, 1, 16, 210 MHz, 405 MHz, P8, 15.78 W
1, 2026/09/15 09:56:05.544, 1, 16, 210 MHz, 405 MHz, P8, 14.38 W
0, 2026/09/15 09:56:05.744, 1, 16, 210 MHz, 405 MHz, P8, 15.78 W
1, 2026/09/15 09:56:05.744, 1, 16, 210 MHz, 405 MHz, P8, 14.38 W
0, 2026/09/15 09:56:05.944, 1, 16, 210 MHz, 405 MHz, P8, 15.65 W
1, 2026/09/15 09:56:05.945, 1, 16, 210 MHz, 405 MHz, P8, 14.37 W
0, 2026/09/15 09:56:06.145, 1, 16, 210 MHz, 405 MHz, P8, 15.65 W
1, 2026/09/15 09:56:06.145, 1, 16, 210 MHz, 405 MHz, P8, 14.37 W
0, 2026/09/15 09:56:06.345, 1, 16, 210 MHz, 405 MHz, P8, 15.65 W
1, 2026/09/15 09:56:06.345, 1, 16, 210 MHz, 405 MHz, P8, 14.37 W
0, 2026/09/15 09:56:06.546, 1, 16, 210 MHz, 405 MHz, P8, 15.65 W
1, 2026/09/15 09:56:06.546, 1, 16, 210 MHz, 405 MHz, P8, 14.37 W
0, 2026/09/15 09:56:06.746, 1, 16, 210 MHz, 405 MHz, P8, 15.65 W
1, 2026/09/15 09:56:06.746, 1, 16, 210 MHz, 405 MHz, P8, 14.37 W
0, 2026/09/15 09:56:06.946, 1, 16, 210 MHz, 405 MHz, P8, 15.77 W
1, 2026/09/15 09:56:06.947, 1, 16, 210 MHz, 405 MHz, P8, 14.47 W
0, 2026/09/15 09:56:07.147, 1, 16, 210 MHz, 405 MHz, P8, 15.77 W
1, 2026/09/15 09:56:07.147, 1, 16, 210 MHz, 405 MHz, P8, 14.47 W
0, 2026/09/15 09:56:07.347, 1, 16, 210 MHz, 405 MHz, P8, 15.77 W
1, 2026/09/15 09:56:07.348, 1, 16, 210 MHz, 405 MHz, P8, 14.47 W
0, 2026/09/15 09:56:07.548, 1, 16, 210 MHz, 405 MHz, P8, 15.77 W
1, 2026/09/15 09:56:07.548, 1, 16, 210 MHz, 405 MHz, P8, 14.47 W
0, 2026/09/15 09:56:07.748, 1, 16, 210 MHz, 405 MHz, P8, 15.77 W
1, 2026/09/15 09:56:07.748, 1, 16, 210 MHz, 405 MHz, P8, 14.47 W
0, 2026/09/15 09:56:07.949, 1, 16, 210 MHz, 405 MHz, P8, 15.77 W
1, 2026/09/15 09:56:07.949, 1, 16, 210 MHz, 405 MHz, P8, 14.41 W
0, 2026/09/15 09:56:08.149, 1, 16, 210 MHz, 405 MHz, P8, 15.77 W
1, 2026/09/15 09:56:08.149, 1, 16, 210 MHz, 405 MHz, P8, 14.41 W
0, 2026/09/15 09:56:08.350, 1, 16, 210 MHz, 405 MHz, P8, 15.77 W
1, 2026/09/15 09:56:08.350, 1, 16, 210 MHz, 405 MHz, P8, 14.41 W
0, 2026/09/15 09:56:08.550, 1, 16, 210 MHz, 405 MHz, P8, 15.77 W
1, 2026/09/15 09:56:08.550, 1, 16, 210 MHz, 405 MHz, P8, 14.41 W
0, 2026/09/15 09:56:08.751, 1, 16, 210 MHz, 405 MHz, P8, 15.77 W
1, 2026/09/15 09:56:08.751, 1, 16, 210 MHz, 405 MHz, P8, 14.41 W
0, 2026/09/15 09:56:08.951, 1, 16, 210 MHz, 405 MHz, P8, 15.82 W
1, 2026/09/15 09:56:08.951, 1, 16, 210 MHz, 405 MHz, P8, 14.27 W
0, 2026/09/15 09:56:09.152, 1, 16, 210 MHz, 405 MHz, P8, 15.82 W
1, 2026/09/15 09:56:09.152, 1, 16, 210 MHz, 405 MHz, P8, 14.27 W
0, 2026/09/15 09:56:09.352, 1, 16, 210 MHz, 405 MHz, P8, 15.82 W
1, 2026/09/15 09:56:09.352, 1, 16, 210 MHz, 405 MHz, P8, 14.27 W
0, 2026/09/15 09:56:09.552, 1, 16, 210 MHz, 405 MHz, P8, 15.82 W
1, 2026/09/15 09:56:09.553, 1, 16, 210 MHz, 405 MHz, P8, 14.27 W
0, 2026/09/15 09:56:09.753, 1, 16, 210 MHz, 405 MHz, P8, 15.82 W
1, 2026/09/15 09:56:09.753, 1, 16, 210 MHz, 405 MHz, P8, 14.27 W
0, 2026/09/15 09:56:09.953, 1, 16, 210 MHz, 405 MHz, P8, 16.06 W
1, 2026/09/15 09:56:09.953, 1, 16, 210 MHz, 405 MHz, P8, 14.30 W
0, 2026/09/15 09:56:10.154, 1, 16, 210 MHz, 405 MHz, P8, 16.06 W
1, 2026/09/15 09:56:10.154, 1, 16, 210 MHz, 405 MHz, P8, 14.30 W
0, 2026/09/15 09:56:10.354, 1, 16, 210 MHz, 405 MHz, P8, 16.06 W
1, 2026/09/15 09:56:10.354, 1, 16, 210 MHz, 405 MHz, P8, 14.30 W
0, 2026/09/15 09:56:10.554, 1, 16, 210 MHz, 405 MHz, P8, 16.06 W
1, 2026/09/15 09:56:10.555, 1, 16, 210 MHz, 405 MHz, P8, 14.30 W
0, 2026/09/15 09:56:10.755, 1, 16, 210 MHz, 405 MHz, P8, 16.06 W
1, 2026/09/15 09:56:10.755, 1, 16, 210 MHz, 405 MHz, P8, 14.30 W
0, 2026/09/15 09:56:10.955, 1, 16, 210 MHz, 405 MHz, P8, 16.31 W
1, 2026/09/15 09:56:10.955, 1, 16, 210 MHz, 405 MHz, P8, 14.27 W
0, 2026/09/15 09:56:11.156, 1, 16, 210 MHz, 405 MHz, P8, 16.31 W
1, 2026/09/15 09:56:11.156, 1, 16, 210 MHz, 405 MHz, P8, 14.27 W
0, 2026/09/15 09:56:11.356, 1, 16, 210 MHz, 405 MHz, P8, 16.31 W
1, 2026/09/15 09:56:11.356, 1, 16, 210 MHz, 405 MHz, P8, 14.27 W
0, 2026/09/15 09:56:11.556, 1, 16, 210 MHz, 405 MHz, P8, 16.31 W
1, 2026/09/15 09:56:11.557, 1, 16, 210 MHz, 405 MHz, P8, 14.27 W
0, 2026/09/15 09:56:11.757, 1, 16, 210 MHz, 405 MHz, P8, 16.31 W
1, 2026/09/15 09:56:11.757, 1, 16, 210 MHz, 405 MHz, P8, 14.27 W
0, 2026/09/15 09:56:11.957, 1, 16, 210 MHz, 405 MHz, P8, 16.38 W
1, 2026/09/15 09:56:11.957, 1, 16, 210 MHz, 405 MHz, P8, 14.29 W
0, 2026/09/15 09:56:12.158, 1, 16, 210 MHz, 405 MHz, P8, 16.38 W
1, 2026/09/15 09:56:12.158, 1, 16, 210 MHz, 405 MHz, P8, 14.29 W
0, 2026/09/15 09:56:12.358, 1, 16, 210 MHz, 405 MHz, P8, 16.38 W
1, 2026/09/15 09:56:12.358, 1, 16, 210 MHz, 405 MHz, P8, 14.29 W
0, 2026/09/15 09:56:12.558, 1, 16, 210 MHz, 405 MHz, P8, 16.38 W
1, 2026/09/15 09:56:12.559, 1, 16, 210 MHz, 405 MHz, P8, 14.29 W
0, 2026/09/15 09:56:12.759, 1, 16, 210 MHz, 405 MHz, P8, 16.38 W
1, 2026/09/15 09:56:12.759, 1, 16, 210 MHz, 405 MHz, P8, 14.29 W
0, 2026/09/15 09:56:12.959, 1, 16, 210 MHz, 405 MHz, P8, 16.40 W
1, 2026/09/15 09:56:12.959, 1, 16, 210 MHz, 405 MHz, P8, 14.37 W
0, 2026/09/15 09:56:13.160, 1, 16, 210 MHz, 405 MHz, P8, 16.40 W
1, 2026/09/15 09:56:13.160, 1, 16, 210 MHz, 405 MHz, P8, 14.37 W
0, 2026/09/15 09:56:13.360, 1, 16, 210 MHz, 405 MHz, P8, 16.40 W
1, 2026/09/15 09:56:13.360, 1, 16, 210 MHz, 405 MHz, P8, 14.37 W
0, 2026/09/15 09:56:13.560, 1, 16, 210 MHz, 405 MHz, P8, 16.40 W
1, 2026/09/15 09:56:13.560, 1, 16, 210 MHz, 405 MHz, P8, 14.37 W
0, 2026/09/15 09:56:13.761, 1, 16, 210 MHz, 405 MHz, P8, 16.40 W
1, 2026/09/15 09:56:13.761, 1, 16, 210 MHz, 405 MHz, P8, 14.37 W
0, 2026/09/15 09:56:13.961, 1, 16, 210 MHz, 405 MHz, P8, 16.52 W
1, 2026/09/15 09:56:13.961, 1, 16, 210 MHz, 405 MHz, P8, 14.35 W
0, 2026/09/15 09:56:14.161, 1, 16, 210 MHz, 405 MHz, P8, 16.52 W
1, 2026/09/15 09:56:14.162, 1, 16, 210 MHz, 405 MHz, P8, 14.35 W
0, 2026/09/15 09:56:14.362, 1, 16, 210 MHz, 405 MHz, P8, 16.52 W
1, 2026/09/15 09:56:14.362, 1, 16, 210 MHz, 405 MHz, P8, 14.35 W
0, 2026/09/15 09:56:14.562, 1, 16, 210 MHz, 405 MHz, P8, 16.52 W
1, 2026/09/15 09:56:14.562, 1, 16, 210 MHz, 405 MHz, P8, 14.35 W
0, 2026/09/15 09:56:14.763, 1, 16, 210 MHz, 405 MHz, P8, 16.52 W
1, 2026/09/15 09:56:14.763, 1, 16, 210 MHz, 405 MHz, P8, 14.35 W
0, 2026/09/15 09:56:14.963, 1, 16, 210 MHz, 405 MHz, P8, 16.31 W
1, 2026/09/15 09:56:14.963, 1, 16, 210 MHz, 405 MHz, P8, 14.41 W
0, 2026/09/15 09:56:15.163, 1, 16, 210 MHz, 405 MHz, P8, 16.31 W
1, 2026/09/15 09:56:15.164, 1, 16, 210 MHz, 405 MHz, P8, 14.41 W
0, 2026/09/15 09:56:15.364, 1, 16, 210 MHz, 405 MHz, P8, 16.31 W
1, 2026/09/15 09:56:15.364, 1, 16, 210 MHz, 405 MHz, P8, 14.41 W
0, 2026/09/15 09:56:15.564, 1, 16, 210 MHz, 405 MHz, P8, 16.31 W
1, 2026/09/15 09:56:15.564, 1, 16, 210 MHz, 405 MHz, P8, 14.41 W
0, 2026/09/15 09:56:15.765, 1, 16, 210 MHz, 405 MHz, P8, 16.31 W
1, 2026/09/15 09:56:15.765, 1, 16, 210 MHz, 405 MHz, P8, 14.41 W
0, 2026/09/15 09:56:15.965, 1, 16, 210 MHz, 405 MHz, P8, 16.09 W
1, 2026/09/15 09:56:15.965, 1, 16, 210 MHz, 405 MHz, P8, 14.59 W
0, 2026/09/15 09:56:16.165, 1, 16, 210 MHz, 405 MHz, P8, 16.09 W
1, 2026/09/15 09:56:16.166, 1, 16, 210 MHz, 405 MHz, P8, 14.59 W
0, 2026/09/15 09:56:16.366, 1, 16, 210 MHz, 405 MHz, P8, 16.09 W
1, 2026/09/15 09:56:16.366, 1, 16, 210 MHz, 405 MHz, P8, 14.59 W
0, 2026/09/15 09:56:16.566, 1, 16, 210 MHz, 405 MHz, P8, 16.09 W
1, 2026/09/15 09:56:16.566, 1, 16, 210 MHz, 405 MHz, P8, 14.59 W
0, 2026/09/15 09:56:16.767, 1, 16, 210 MHz, 405 MHz, P8, 16.09 W
1, 2026/09/15 09:56:16.767, 1, 16, 210 MHz, 405 MHz, P8, 14.59 W
0, 2026/09/15 09:56:16.967, 1, 16, 210 MHz, 405 MHz, P8, 16.22 W
1, 2026/09/15 09:56:16.967, 1, 16, 210 MHz, 405 MHz, P8, 14.56 W
0, 2026/09/15 09:56:17.167, 1, 16, 210 MHz, 405 MHz, P8, 16.22 W
1, 2026/09/15 09:56:17.168, 1, 16, 210 MHz, 405 MHz, P8, 14.56 W
0, 2026/09/15 09:56:17.368, 1, 16, 210 MHz, 405 MHz, P8, 16.22 W
1, 2026/09/15 09:56:17.368, 1, 16, 210 MHz, 405 MHz, P8, 14.56 W
0, 2026/09/15 09:56:17.568, 1, 16, 210 MHz, 405 MHz, P8, 16.22 W
1, 2026/09/15 09:56:17.568, 1, 16, 210 MHz, 405 MHz, P8, 14.56 W
0, 2026/09/15 09:56:17.769, 1, 16, 210 MHz, 405 MHz, P8, 16.22 W
1, 2026/09/15 09:56:17.769, 1, 16, 210 MHz, 405 MHz, P8, 14.56 W
0, 2026/09/15 09:56:17.969, 1, 16, 210 MHz, 405 MHz, P8, 16.28 W
1, 2026/09/15 09:56:17.969, 1, 16, 210 MHz, 405 MHz, P8, 14.47 W
0, 2026/09/15 09:56:18.169, 1, 16, 210 MHz, 405 MHz, P8, 16.28 W
1, 2026/09/15 09:56:18.170, 1, 16, 210 MHz, 405 MHz, P8, 14.47 W
0, 2026/09/15 09:56:18.370, 1, 16, 210 MHz, 405 MHz, P8, 16.28 W
1, 2026/09/15 09:56:18.370, 1, 16, 210 MHz, 405 MHz, P8, 14.47 W
0, 2026/09/15 09:56:18.570, 1, 16, 210 MHz, 405 MHz, P8, 16.28 W
1, 2026/09/15 09:56:18.570, 1, 16, 210 MHz, 405 MHz, P8, 14.47 W
0, 2026/09/15 09:56:18.770, 1, 16, 210 MHz, 405 MHz, P8, 16.28 W
1, 2026/09/15 09:56:18.771, 1, 16, 210 MHz, 405 MHz, P8, 14.47 W
0, 2026/09/15 09:56:18.971, 1, 16, 210 MHz, 405 MHz, P8, 16.42 W
1, 2026/09/15 09:56:18.971, 1, 16, 210 MHz, 405 MHz, P8, 14.46 W
0, 2026/09/15 09:56:19.171, 1, 16, 210 MHz, 405 MHz, P8, 16.42 W
1, 2026/09/15 09:56:19.172, 1, 16, 210 MHz, 405 MHz, P8, 14.46 W
0, 2026/09/15 09:56:19.372, 1, 16, 210 MHz, 405 MHz, P8, 16.42 W
1, 2026/09/15 09:56:19.372, 1, 16, 210 MHz, 405 MHz, P8, 14.46 W
0, 2026/09/15 09:56:19.572, 1, 16, 210 MHz, 405 MHz, P8, 16.42 W
1, 2026/09/15 09:56:19.572, 1, 16, 210 MHz, 405 MHz, P8, 14.46 W
0, 2026/09/15 09:56:19.773, 1, 16, 210 MHz, 405 MHz, P8, 16.42 W
1, 2026/09/15 09:56:19.773, 1, 16, 210 MHz, 405 MHz, P8, 14.46 W
0, 2026/09/15 09:56:19.973, 1, 16, 210 MHz, 405 MHz, P8, 16.44 W
1, 2026/09/15 09:56:19.973, 1, 16, 210 MHz, 405 MHz, P8, 14.35 W
0, 2026/09/15 09:56:20.173, 1, 16, 210 MHz, 405 MHz, P8, 16.44 W
1, 2026/09/15 09:56:20.174, 1, 16, 210 MHz, 405 MHz, P8, 14.35 W
0, 2026/09/15 09:56:20.374, 1, 16, 210 MHz, 405 MHz, P8, 16.44 W
1, 2026/09/15 09:56:20.374, 1, 16, 210 MHz, 405 MHz, P8, 14.35 W
0, 2026/09/15 09:56:20.574, 1, 16, 210 MHz, 405 MHz, P8, 16.44 W
1, 2026/09/15 09:56:20.574, 1, 16, 210 MHz, 405 MHz, P8, 14.35 W
0, 2026/09/15 09:56:20.775, 1, 16, 210 MHz, 405 MHz, P8, 16.44 W
1, 2026/09/15 09:56:20.775, 1, 16, 210 MHz, 405 MHz, P8, 14.35 W
0, 2026/09/15 09:56:20.975, 1, 16, 210 MHz, 405 MHz, P8, 16.42 W
1, 2026/09/15 09:56:20.976, 1, 16, 210 MHz, 405 MHz, P8, 14.35 W
0, 2026/09/15 09:56:21.176, 1, 16, 210 MHz, 405 MHz, P8, 16.42 W
1, 2026/09/15 09:56:21.176, 1, 16, 210 MHz, 405 MHz, P8, 14.35 W
0, 2026/09/15 09:56:21.376, 1, 16, 210 MHz, 405 MHz, P8, 16.42 W
1, 2026/09/15 09:56:21.376, 1, 16, 210 MHz, 405 MHz, P8, 14.35 W
0, 2026/09/15 09:56:21.577, 1, 16, 210 MHz, 405 MHz, P8, 16.42 W
1, 2026/09/15 09:56:21.577, 1, 16, 210 MHz, 405 MHz, P8, 14.35 W
0, 2026/09/15 09:56:21.777, 1, 16, 210 MHz, 405 MHz, P8, 16.42 W
1, 2026/09/15 09:56:21.777, 1, 16, 210 MHz, 405 MHz, P8, 14.35 W
0, 2026/09/15 09:56:21.978, 1, 16, 210 MHz, 405 MHz, P8, 16.62 W
1, 2026/09/15 09:56:21.978, 1, 16, 210 MHz, 405 MHz, P8, 14.47 W
0, 2026/09/15 09:56:22.178, 1, 16, 210 MHz, 405 MHz, P8, 16.62 W
1, 2026/09/15 09:56:22.178, 1, 16, 210 MHz, 405 MHz, P8, 14.47 W
0, 2026/09/15 09:56:22.378, 1, 16, 210 MHz, 405 MHz, P8, 16.62 W
1, 2026/09/15 09:56:22.379, 1, 16, 210 MHz, 405 MHz, P8, 14.47 W
0, 2026/09/15 09:56:22.579, 1, 16, 210 MHz, 405 MHz, P8, 16.62 W
1, 2026/09/15 09:56:22.579, 1, 16, 210 MHz, 405 MHz, P8, 14.47 W
0, 2026/09/15 09:56:22.779, 1, 16, 210 MHz, 405 MHz, P8, 16.62 W
1, 2026/09/15 09:56:22.779, 1, 16, 210 MHz, 405 MHz, P8, 14.47 W
0, 2026/09/15 09:56:22.980, 1, 16, 210 MHz, 405 MHz, P8, 16.93 W
1, 2026/09/15 09:56:22.980, 1, 16, 210 MHz, 405 MHz, P8, 14.47 W
0, 2026/09/15 09:56:23.180, 1, 16, 210 MHz, 405 MHz, P8, 16.93 W
1, 2026/09/15 09:56:23.180, 1, 16, 210 MHz, 405 MHz, P8, 14.47 W
0, 2026/09/15 09:56:23.381, 1, 16, 210 MHz, 405 MHz, P8, 16.93 W
1, 2026/09/15 09:56:23.381, 1, 16, 210 MHz, 405 MHz, P8, 14.47 W
0, 2026/09/15 09:56:23.581, 1, 16, 210 MHz, 405 MHz, P8, 16.93 W
1, 2026/09/15 09:56:23.581, 1, 16, 210 MHz, 405 MHz, P8, 14.47 W
0, 2026/09/15 09:56:23.781, 1, 16, 210 MHz, 405 MHz, P8, 16.93 W
1, 2026/09/15 09:56:23.782, 1, 16, 210 MHz, 405 MHz, P8, 14.47 W
0, 2026/09/15 09:56:23.982, 1, 16, 210 MHz, 405 MHz, P8, 16.84 W
1, 2026/09/15 09:56:23.982, 1, 16, 210 MHz, 405 MHz, P8, 14.43 W
0, 2026/09/15 09:56:24.182, 1, 16, 210 MHz, 405 MHz, P8, 16.84 W
1, 2026/09/15 09:56:24.182, 1, 16, 210 MHz, 405 MHz, P8, 14.43 W
0, 2026/09/15 09:56:24.383, 1, 16, 210 MHz, 405 MHz, P8, 16.84 W
1, 2026/09/15 09:56:24.383, 1, 16, 210 MHz, 405 MHz, P8, 14.43 W
0, 2026/09/15 09:56:24.583, 1, 16, 210 MHz, 405 MHz, P8, 16.84 W
1, 2026/09/15 09:56:24.583, 1, 16, 210 MHz, 405 MHz, P8, 14.43 W
0, 2026/09/15 09:56:24.783, 1, 16, 210 MHz, 405 MHz, P8, 16.84 W
1, 2026/09/15 09:56:24.784, 1, 16, 210 MHz, 405 MHz, P8, 14.43 W
0, 2026/09/15 09:56:24.984, 1, 16, 210 MHz, 405 MHz, P8, 16.54 W
1, 2026/09/15 09:56:24.984, 1, 16, 210 MHz, 405 MHz, P8, 14.43 W
0, 2026/09/15 09:56:25.184, 1, 16, 210 MHz, 405 MHz, P8, 16.54 W
1, 2026/09/15 09:56:25.184, 1, 16, 210 MHz, 405 MHz, P8, 14.43 W
0, 2026/09/15 09:56:25.385, 1, 16, 210 MHz, 405 MHz, P8, 16.54 W
1, 2026/09/15 09:56:25.385, 1, 16, 210 MHz, 405 MHz, P8, 14.43 W
0, 2026/09/15 09:56:25.585, 1, 16, 210 MHz, 405 MHz, P8, 16.54 W
1, 2026/09/15 09:56:25.585, 1, 16, 210 MHz, 405 MHz, P8, 14.43 W
0, 2026/09/15 09:56:25.785, 1, 16, 210 MHz, 405 MHz, P8, 16.54 W
1, 2026/09/15 09:56:25.786, 1, 16, 210 MHz, 405 MHz, P8, 14.43 W
0, 2026/09/15 09:56:25.986, 1, 16, 210 MHz, 405 MHz, P8, 16.42 W
1, 2026/09/15 09:56:25.986, 1, 16, 210 MHz, 405 MHz, P8, 14.47 W
0, 2026/09/15 09:56:26.186, 1, 16, 210 MHz, 405 MHz, P8, 16.42 W
1, 2026/09/15 09:56:26.186, 1, 16, 210 MHz, 405 MHz, P8, 14.47 W
0, 2026/09/15 09:56:26.387, 1, 16, 210 MHz, 405 MHz, P8, 16.42 W
1, 2026/09/15 09:56:26.387, 1, 16, 210 MHz, 405 MHz, P8, 14.47 W
0, 2026/09/15 09:56:26.587, 1, 16, 210 MHz, 405 MHz, P8, 16.42 W
1, 2026/09/15 09:56:26.587, 1, 16, 210 MHz, 405 MHz, P8, 14.47 W
0, 2026/09/15 09:56:26.787, 1, 16, 210 MHz, 405 MHz, P8, 16.42 W
1, 2026/09/15 09:56:26.788, 1, 16, 210 MHz, 405 MHz, P8, 14.47 W
0, 2026/09/15 09:56:26.988, 1, 16, 210 MHz, 405 MHz, P8, 16.16 W
1, 2026/09/15 09:56:26.988, 1, 16, 210 MHz, 405 MHz, P8, 14.45 W
0, 2026/09/15 09:56:27.188, 1, 16, 210 MHz, 405 MHz, P8, 16.16 W
1, 2026/09/15 09:56:27.188, 1, 16, 210 MHz, 405 MHz, P8, 14.45 W
0, 2026/09/15 09:56:27.389, 1, 16, 210 MHz, 405 MHz, P8, 16.16 W
1, 2026/09/15 09:56:27.389, 1, 16, 210 MHz, 405 MHz, P8, 14.45 W
0, 2026/09/15 09:56:27.589, 1, 16, 210 MHz, 405 MHz, P8, 16.16 W
1, 2026/09/15 09:56:27.589, 1, 16, 210 MHz, 405 MHz, P8, 14.45 W
0, 2026/09/15 09:56:27.789, 1, 16, 210 MHz, 405 MHz, P8, 16.16 W
1, 2026/09/15 09:56:27.790, 1, 16, 210 MHz, 405 MHz, P8, 14.45 W
0, 2026/09/15 09:56:27.990, 1, 16, 210 MHz, 405 MHz, P8, 16.05 W
1, 2026/09/15 09:56:27.990, 1, 16, 210 MHz, 405 MHz, P8, 14.25 W
0, 2026/09/15 09:56:28.190, 1, 16, 210 MHz, 405 MHz, P8, 16.05 W
1, 2026/09/15 09:56:28.190, 1, 16, 210 MHz, 405 MHz, P8, 14.25 W
0, 2026/09/15 09:56:28.391, 1, 16, 210 MHz, 405 MHz, P8, 16.05 W
1, 2026/09/15 09:56:28.391, 1, 16, 210 MHz, 405 MHz, P8, 14.25 W
0, 2026/09/15 09:56:28.591, 1, 16, 210 MHz, 405 MHz, P8, 16.05 W
1, 2026/09/15 09:56:28.591, 1, 16, 210 MHz, 405 MHz, P8, 14.25 W
0, 2026/09/15 09:56:28.792, 1, 16, 210 MHz, 405 MHz, P8, 16.05 W
1, 2026/09/15 09:56:28.792, 1, 16, 210 MHz, 405 MHz, P8, 14.25 W
0, 2026/09/15 09:56:28.992, 1, 16, 210 MHz, 405 MHz, P8, 15.94 W
1, 2026/09/15 09:56:28.992, 1, 16, 210 MHz, 405 MHz, P8, 14.12 W
0, 2026/09/15 09:56:29.193, 1, 16, 210 MHz, 405 MHz, P8, 15.94 W
1, 2026/09/15 09:56:29.193, 1, 16, 210 MHz, 405 MHz, P8, 14.12 W
0, 2026/09/15 09:56:29.393, 1, 16, 210 MHz, 405 MHz, P8, 15.94 W
1, 2026/09/15 09:56:29.393, 1, 16, 210 MHz, 405 MHz, P8, 14.12 W
0, 2026/09/15 09:56:29.593, 1, 16, 210 MHz, 405 MHz, P8, 15.94 W
1, 2026/09/15 09:56:29.593, 1, 16, 210 MHz, 405 MHz, P8, 14.12 W
0, 2026/09/15 09:56:29.794, 1, 16, 210 MHz, 405 MHz, P8, 15.94 W
1, 2026/09/15 09:56:29.794, 1, 16, 210 MHz, 405 MHz, P8, 14.12 W
0, 2026/09/15 09:56:29.994, 1, 16, 210 MHz, 405 MHz, P8, 15.94 W
1, 2026/09/15 09:56:29.994, 1, 16, 210 MHz, 405 MHz, P8, 14.39 W
0, 2026/09/15 09:56:30.195, 1, 16, 210 MHz, 405 MHz, P8, 15.94 W
1, 2026/09/15 09:56:30.195, 1, 16, 210 MHz, 405 MHz, P8, 14.39 W
0, 2026/09/15 09:56:30.395, 1, 16, 210 MHz, 405 MHz, P8, 15.94 W
1, 2026/09/15 09:56:30.395, 1, 16, 210 MHz, 405 MHz, P8, 14.39 W
0, 2026/09/15 09:56:30.595, 1, 16, 210 MHz, 405 MHz, P8, 15.94 W
1, 2026/09/15 09:56:30.595, 1, 16, 210 MHz, 405 MHz, P8, 14.39 W
0, 2026/09/15 09:56:30.796, 1, 16, 210 MHz, 405 MHz, P8, 15.94 W
1, 2026/09/15 09:56:30.796, 1, 16, 210 MHz, 405 MHz, P8, 14.39 W
0, 2026/09/15 09:56:30.996, 1, 16, 210 MHz, 405 MHz, P8, 16.15 W
1, 2026/09/15 09:56:30.996, 1, 16, 210 MHz, 405 MHz, P8, 14.54 W
0, 2026/09/15 09:56:31.196, 1, 16, 210 MHz, 405 MHz, P8, 16.15 W
1, 2026/09/15 09:56:31.197, 1, 16, 210 MHz, 405 MHz, P8, 14.54 W
0, 2026/09/15 09:56:31.397, 1, 16, 210 MHz, 405 MHz, P8, 16.15 W
1, 2026/09/15 09:56:31.397, 1, 16, 210 MHz, 405 MHz, P8, 14.54 W
0, 2026/09/15 09:56:31.597, 1, 16, 210 MHz, 405 MHz, P8, 16.15 W
1, 2026/09/15 09:56:31.597, 1, 16, 210 MHz, 405 MHz, P8, 14.54 W
0, 2026/09/15 09:56:31.798, 1, 16, 210 MHz, 405 MHz, P8, 16.15 W
1, 2026/09/15 09:56:31.798, 1, 16, 210 MHz, 405 MHz, P8, 14.54 W
0, 2026/09/15 09:56:31.998, 1, 16, 210 MHz, 405 MHz, P8, 15.94 W
1, 2026/09/15 09:56:31.998, 1, 16, 210 MHz, 405 MHz, P8, 14.33 W
0, 2026/09/15 09:56:32.198, 1, 16, 210 MHz, 405 MHz, P8, 15.94 W
1, 2026/09/15 09:56:32.199, 1, 16, 210 MHz, 405 MHz, P8, 14.33 W
0, 2026/09/15 09:56:32.399, 1, 16, 210 MHz, 405 MHz, P8, 15.94 W
1, 2026/09/15 09:56:32.399, 1, 16, 210 MHz, 405 MHz, P8, 14.33 W
0, 2026/09/15 09:56:32.599, 1, 16, 210 MHz, 405 MHz, P8, 15.94 W
1, 2026/09/15 09:56:32.599, 1, 16, 210 MHz, 405 MHz, P8, 14.33 W
0, 2026/09/15 09:56:32.799, 1, 16, 210 MHz, 405 MHz, P8, 15.94 W
1, 2026/09/15 09:56:32.800, 1, 16, 210 MHz, 405 MHz, P8, 14.33 W
0, 2026/09/15 09:56:33.000, 1, 16, 210 MHz, 405 MHz, P8, 15.84 W
1, 2026/09/15 09:56:33.000, 1, 16, 210 MHz, 405 MHz, P8, 14.21 W
0, 2026/09/15 09:56:33.200, 1, 16, 210 MHz, 405 MHz, P8, 15.84 W
1, 2026/09/15 09:56:33.200, 1, 16, 210 MHz, 405 MHz, P8, 14.21 W
0, 2026/09/15 09:56:33.401, 1, 16, 210 MHz, 405 MHz, P8, 15.84 W
1, 2026/09/15 09:56:33.401, 1, 16, 210 MHz, 405 MHz, P8, 14.21 W
0, 2026/09/15 09:56:33.601, 1, 16, 210 MHz, 405 MHz, P8, 15.84 W
1, 2026/09/15 09:56:33.601, 1, 16, 210 MHz, 405 MHz, P8, 14.21 W
0, 2026/09/15 09:56:33.801, 1, 16, 210 MHz, 405 MHz, P8, 15.84 W
1, 2026/09/15 09:56:33.802, 1, 16, 210 MHz, 405 MHz, P8, 14.21 W
0, 2026/09/15 09:56:34.002, 1, 16, 210 MHz, 405 MHz, P8, 15.86 W
1, 2026/09/15 09:56:34.002, 1, 16, 210 MHz, 405 MHz, P8, 14.12 W
0, 2026/09/15 09:56:34.202, 1, 16, 210 MHz, 405 MHz, P8, 15.86 W
1, 2026/09/15 09:56:34.202, 1, 16, 210 MHz, 405 MHz, P8, 14.12 W
0, 2026/09/15 09:56:34.403, 1, 16, 210 MHz, 405 MHz, P8, 15.86 W
1, 2026/09/15 09:56:34.403, 1, 16, 210 MHz, 405 MHz, P8, 14.12 W
0, 2026/09/15 09:56:34.603, 1, 16, 210 MHz, 405 MHz, P8, 15.86 W
1, 2026/09/15 09:56:34.603, 1, 16, 210 MHz, 405 MHz, P8, 14.12 W
0, 2026/09/15 09:56:34.803, 1, 16, 210 MHz, 405 MHz, P8, 15.86 W
1, 2026/09/15 09:56:34.804, 1, 16, 210 MHz, 405 MHz, P8, 14.12 W
0, 2026/09/15 09:56:35.004, 1, 16, 210 MHz, 405 MHz, P8, 15.69 W
1, 2026/09/15 09:56:35.004, 1, 16, 210 MHz, 405 MHz, P8, 14.22 W
0, 2026/09/15 09:56:35.204, 1, 16, 210 MHz, 405 MHz, P8, 15.69 W
1, 2026/09/15 09:56:35.204, 1, 16, 210 MHz, 405 MHz, P8, 14.22 W
0, 2026/09/15 09:56:35.405, 1, 16, 210 MHz, 405 MHz, P8, 15.69 W
1, 2026/09/15 09:56:35.405, 1, 16, 210 MHz, 405 MHz, P8, 14.22 W
0, 2026/09/15 09:56:35.605, 1, 16, 210 MHz, 405 MHz, P8, 15.69 W
1, 2026/09/15 09:56:35.605, 1, 16, 210 MHz, 405 MHz, P8, 14.22 W
0, 2026/09/15 09:56:35.805, 1, 16, 210 MHz, 405 MHz, P8, 15.69 W
1, 2026/09/15 09:56:35.806, 1, 16, 210 MHz, 405 MHz, P8, 14.22 W
0, 2026/09/15 09:56:36.006, 1, 16, 210 MHz, 405 MHz, P8, 15.68 W
1, 2026/09/15 09:56:36.006, 1, 16, 210 MHz, 405 MHz, P8, 14.32 W
0, 2026/09/15 09:56:36.206, 1, 16, 210 MHz, 405 MHz, P8, 15.68 W
1, 2026/09/15 09:56:36.206, 1, 16, 210 MHz, 405 MHz, P8, 14.32 W
0, 2026/09/15 09:56:36.407, 1, 16, 210 MHz, 405 MHz, P8, 15.68 W
1, 2026/09/15 09:56:36.407, 1, 16, 210 MHz, 405 MHz, P8, 14.32 W
0, 2026/09/15 09:56:36.607, 1, 16, 210 MHz, 405 MHz, P8, 15.68 W
1, 2026/09/15 09:56:36.607, 1, 16, 210 MHz, 405 MHz, P8, 14.32 W
0, 2026/09/15 09:56:36.807, 1, 16, 210 MHz, 405 MHz, P8, 15.68 W
1, 2026/09/15 09:56:36.807, 1, 16, 210 MHz, 405 MHz, P8, 14.32 W
0, 2026/09/15 09:56:37.008, 1, 16, 210 MHz, 405 MHz, P8, 15.76 W
1, 2026/09/15 09:56:37.008, 1, 16, 210 MHz, 405 MHz, P8, 14.30 W
0, 2026/09/15 09:56:37.208, 1, 16, 210 MHz, 405 MHz, P8, 15.76 W
1, 2026/09/15 09:56:37.208, 1, 16, 210 MHz, 405 MHz, P8, 14.30 W
0, 2026/09/15 09:56:37.408, 1, 16, 210 MHz, 405 MHz, P8, 15.76 W
1, 2026/09/15 09:56:37.409, 1, 16, 210 MHz, 405 MHz, P8, 14.30 W
0, 2026/09/15 09:56:37.609, 1, 16, 210 MHz, 405 MHz, P8, 15.76 W
1, 2026/09/15 09:56:37.609, 1, 16, 210 MHz, 405 MHz, P8, 14.30 W
0, 2026/09/15 09:56:37.809, 1, 16, 210 MHz, 405 MHz, P8, 15.76 W
1, 2026/09/15 09:56:37.810, 1, 16, 210 MHz, 405 MHz, P8, 14.30 W
0, 2026/09/15 09:56:38.010, 1, 16, 210 MHz, 405 MHz, P8, 15.84 W
1, 2026/09/15 09:56:38.010, 1, 16, 210 MHz, 405 MHz, P8, 14.31 W
0, 2026/09/15 09:56:38.210, 1, 16, 210 MHz, 405 MHz, P8, 15.84 W
1, 2026/09/15 09:56:38.211, 1, 16, 210 MHz, 405 MHz, P8, 14.31 W
0, 2026/09/15 09:56:38.411, 1, 16, 210 MHz, 405 MHz, P8, 15.84 W
1, 2026/09/15 09:56:38.411, 1, 16, 210 MHz, 405 MHz, P8, 14.31 W
0, 2026/09/15 09:56:38.611, 1, 16, 210 MHz, 405 MHz, P8, 15.84 W
1, 2026/09/15 09:56:38.612, 1, 16, 210 MHz, 405 MHz, P8, 14.31 W
0, 2026/09/15 09:56:38.812, 1, 16, 210 MHz, 405 MHz, P8, 15.84 W
1, 2026/09/15 09:56:38.812, 1, 16, 210 MHz, 405 MHz, P8, 14.31 W
0, 2026/09/15 09:56:39.012, 1, 16, 210 MHz, 405 MHz, P8, 16.18 W
1, 2026/09/15 09:56:39.013, 1, 16, 210 MHz, 405 MHz, P8, 14.34 W
0, 2026/09/15 09:56:39.213, 1, 16, 210 MHz, 405 MHz, P8, 16.18 W
1, 2026/09/15 09:56:39.213, 1, 16, 210 MHz, 405 MHz, P8, 14.34 W
0, 2026/09/15 09:56:39.413, 1, 16, 210 MHz, 405 MHz, P8, 16.18 W
1, 2026/09/15 09:56:39.413, 1, 16, 210 MHz, 405 MHz, P8, 14.34 W
0, 2026/09/15 09:56:39.614, 1, 16, 210 MHz, 405 MHz, P8, 16.18 W
1, 2026/09/15 09:56:39.614, 1, 16, 210 MHz, 405 MHz, P8, 14.34 W
0, 2026/09/15 09:56:39.814, 1, 16, 210 MHz, 405 MHz, P8, 16.18 W
1, 2026/09/15 09:56:39.814, 1, 16, 210 MHz, 405 MHz, P8, 14.34 W
0, 2026/09/15 09:56:40.015, 1, 16, 210 MHz, 405 MHz, P8, 16.33 W
1, 2026/09/15 09:56:40.015, 1, 16, 210 MHz, 405 MHz, P8, 14.33 W
0, 2026/09/15 09:56:40.215, 1, 16, 210 MHz, 405 MHz, P8, 16.33 W
1, 2026/09/15 09:56:40.215, 1, 16, 210 MHz, 405 MHz, P8, 14.33 W
0, 2026/09/15 09:56:40.415, 1, 16, 210 MHz, 405 MHz, P8, 16.33 W
1, 2026/09/15 09:56:40.416, 1, 16, 210 MHz, 405 MHz, P8, 14.33 W
0, 2026/09/15 09:56:40.616, 1, 16, 210 MHz, 405 MHz, P8, 16.33 W
1, 2026/09/15 09:56:40.616, 1, 16, 210 MHz, 405 MHz, P8, 14.33 W
0, 2026/09/15 09:56:40.816, 1, 16, 210 MHz, 405 MHz, P8, 16.33 W
1, 2026/09/15 09:56:40.816, 1, 16, 210 MHz, 405 MHz, P8, 14.33 W
0, 2026/09/15 09:56:41.017, 1, 16, 210 MHz, 405 MHz, P8, 16.23 W
1, 2026/09/15 09:56:41.017, 1, 16, 210 MHz, 405 MHz, P8, 14.30 W
0, 2026/09/15 09:56:41.217, 1, 16, 210 MHz, 405 MHz, P8, 16.23 W
1, 2026/09/15 09:56:41.217, 1, 16, 210 MHz, 405 MHz, P8, 14.30 W
0, 2026/09/15 09:56:41.417, 1, 16, 210 MHz, 405 MHz, P8, 16.23 W
1, 2026/09/15 09:56:41.418, 1, 16, 210 MHz, 405 MHz, P8, 14.30 W
0, 2026/09/15 09:56:41.618, 1, 16, 210 MHz, 405 MHz, P8, 16.23 W
1, 2026/09/15 09:56:41.618, 1, 16, 210 MHz, 405 MHz, P8, 14.30 W
0, 2026/09/15 09:56:41.818, 1, 16, 210 MHz, 405 MHz, P8, 16.23 W
1, 2026/09/15 09:56:41.818, 1, 16, 210 MHz, 405 MHz, P8, 14.30 W
0, 2026/09/15 09:56:42.019, 1, 16, 210 MHz, 405 MHz, P8, 16.12 W
1, 2026/09/15 09:56:42.019, 1, 16, 210 MHz, 405 MHz, P8, 14.29 W
0, 2026/09/15 09:56:42.219, 1, 16, 210 MHz, 405 MHz, P8, 16.12 W
1, 2026/09/15 09:56:42.219, 1, 16, 210 MHz, 405 MHz, P8, 14.29 W
0, 2026/09/15 09:56:42.420, 1, 16, 210 MHz, 405 MHz, P8, 16.12 W
1, 2026/09/15 09:56:42.420, 1, 16, 210 MHz, 405 MHz, P8, 14.29 W
0, 2026/09/15 09:56:42.620, 1, 16, 210 MHz, 405 MHz, P8, 16.12 W
1, 2026/09/15 09:56:42.620, 1, 16, 210 MHz, 405 MHz, P8, 14.29 W
0, 2026/09/15 09:56:42.820, 1, 16, 210 MHz, 405 MHz, P8, 16.12 W
1, 2026/09/15 09:56:42.821, 1, 16, 210 MHz, 405 MHz, P8, 14.29 W
0, 2026/09/15 09:56:43.021, 1, 16, 210 MHz, 405 MHz, P8, 15.69 W
1, 2026/09/15 09:56:43.021, 1, 16, 210 MHz, 405 MHz, P8, 14.05 W
0, 2026/09/15 09:56:43.221, 1, 16, 210 MHz, 405 MHz, P8, 15.69 W
1, 2026/09/15 09:56:43.222, 1, 16, 210 MHz, 405 MHz, P8, 14.05 W
0, 2026/09/15 09:56:43.422, 1, 16, 210 MHz, 405 MHz, P8, 15.69 W
1, 2026/09/15 09:56:43.422, 1, 16, 210 MHz, 405 MHz, P8, 14.05 W
0, 2026/09/15 09:56:43.622, 1, 16, 210 MHz, 405 MHz, P8, 15.69 W
1, 2026/09/15 09:56:43.622, 1, 16, 210 MHz, 405 MHz, P8, 14.05 W
0, 2026/09/15 09:56:43.823, 1, 16, 210 MHz, 405 MHz, P8, 15.69 W
1, 2026/09/15 09:56:43.823, 1, 16, 210 MHz, 405 MHz, P8, 14.05 W
0, 2026/09/15 09:56:44.023, 1, 16, 210 MHz, 405 MHz, P8, 15.68 W
1, 2026/09/15 09:56:44.023, 1, 16, 210 MHz, 405 MHz, P8, 13.97 W
0, 2026/09/15 09:56:44.224, 1, 16, 210 MHz, 405 MHz, P8, 15.68 W
1, 2026/09/15 09:56:44.224, 1, 16, 210 MHz, 405 MHz, P8, 13.97 W
0, 2026/09/15 09:56:44.424, 1, 16, 210 MHz, 405 MHz, P8, 15.68 W
1, 2026/09/15 09:56:44.424, 1, 16, 210 MHz, 405 MHz, P8, 13.97 W
0, 2026/09/15 09:56:44.624, 1, 16, 210 MHz, 405 MHz, P8, 15.68 W
1, 2026/09/15 09:56:44.625, 1, 16, 210 MHz, 405 MHz, P8, 13.97 W
0, 2026/09/15 09:56:44.825, 1, 16, 210 MHz, 405 MHz, P8, 15.68 W
1, 2026/09/15 09:56:44.825, 1, 16, 210 MHz, 405 MHz, P8, 14.05 W
0, 2026/09/15 09:56:45.025, 1, 16, 210 MHz, 405 MHz, P8, 15.74 W
1, 2026/09/15 09:56:45.025, 1, 16, 210 MHz, 405 MHz, P8, 14.05 W
0, 2026/09/15 09:56:45.226, 1, 16, 210 MHz, 405 MHz, P8, 15.74 W
1, 2026/09/15 09:56:45.226, 1, 16, 210 MHz, 405 MHz, P8, 14.05 W
0, 2026/09/15 09:56:45.426, 1, 16, 210 MHz, 405 MHz, P8, 15.74 W
1, 2026/09/15 09:56:45.426, 1, 16, 210 MHz, 405 MHz, P8, 14.05 W
0, 2026/09/15 09:56:45.627, 1, 16, 210 MHz, 405 MHz, P8, 15.74 W
1, 2026/09/15 09:56:45.627, 1, 16, 210 MHz, 405 MHz, P8, 14.05 W
0, 2026/09/15 09:56:45.827, 1, 16, 210 MHz, 405 MHz, P8, 15.74 W
1, 2026/09/15 09:56:45.827, 1, 16, 210 MHz, 405 MHz, P8, 14.14 W
0, 2026/09/15 09:56:46.027, 1, 16, 210 MHz, 405 MHz, P8, 15.77 W
1, 2026/09/15 09:56:46.028, 1, 16, 210 MHz, 405 MHz, P8, 14.14 W
0, 2026/09/15 09:56:46.228, 1, 16, 210 MHz, 405 MHz, P8, 15.77 W
1, 2026/09/15 09:56:46.228, 1, 16, 210 MHz, 405 MHz, P8, 14.14 W
0, 2026/09/15 09:56:46.428, 1, 16, 210 MHz, 405 MHz, P8, 15.77 W
1, 2026/09/15 09:56:46.428, 1, 16, 210 MHz, 405 MHz, P8, 14.14 W
0, 2026/09/15 09:56:46.629, 1, 16, 210 MHz, 405 MHz, P8, 15.77 W
1, 2026/09/15 09:56:46.629, 1, 16, 210 MHz, 405 MHz, P8, 14.14 W
0, 2026/09/15 09:56:46.829, 1, 16, 210 MHz, 405 MHz, P8, 15.77 W
1, 2026/09/15 09:56:46.829, 1, 16, 210 MHz, 405 MHz, P8, 14.40 W
0, 2026/09/15 09:56:47.029, 1, 16, 210 MHz, 405 MHz, P8, 16.26 W
1, 2026/09/15 09:56:47.030, 1, 16, 210 MHz, 405 MHz, P8, 14.40 W
0, 2026/09/15 09:56:47.230, 1, 16, 210 MHz, 405 MHz, P8, 16.26 W
1, 2026/09/15 09:56:47.230, 1, 16, 210 MHz, 405 MHz, P8, 14.40 W
0, 2026/09/15 09:56:47.430, 1, 16, 210 MHz, 405 MHz, P8, 16.26 W
1, 2026/09/15 09:56:47.431, 1, 16, 210 MHz, 405 MHz, P8, 14.40 W
0, 2026/09/15 09:56:47.631, 1, 16, 210 MHz, 405 MHz, P8, 16.26 W
1, 2026/09/15 09:56:47.631, 1, 16, 210 MHz, 405 MHz, P8, 14.40 W
0, 2026/09/15 09:56:47.831, 1, 16, 210 MHz, 405 MHz, P8, 16.26 W
1, 2026/09/15 09:56:47.831, 1, 16, 210 MHz, 405 MHz, P8, 14.42 W
0, 2026/09/15 09:56:48.032, 1, 16, 210 MHz, 405 MHz, P8, 16.51 W
1, 2026/09/15 09:56:48.032, 1, 16, 210 MHz, 405 MHz, P8, 14.42 W
0, 2026/09/15 09:56:48.232, 1, 16, 210 MHz, 405 MHz, P8, 16.51 W
1, 2026/09/15 09:56:48.232, 1, 16, 210 MHz, 405 MHz, P8, 14.42 W
0, 2026/09/15 09:56:48.433, 1, 16, 210 MHz, 405 MHz, P8, 16.51 W
1, 2026/09/15 09:56:48.433, 1, 16, 210 MHz, 405 MHz, P8, 14.42 W
0, 2026/09/15 09:56:48.633, 1, 16, 210 MHz, 405 MHz, P8, 16.51 W
1, 2026/09/15 09:56:48.633, 1, 16, 210 MHz, 405 MHz, P8, 14.42 W
0, 2026/09/15 09:56:48.833, 1, 16, 210 MHz, 405 MHz, P8, 16.51 W
1, 2026/09/15 09:56:48.834, 1, 16, 210 MHz, 405 MHz, P8, 14.39 W
0, 2026/09/15 09:56:49.034, 1, 16, 210 MHz, 405 MHz, P8, 16.76 W
1, 2026/09/15 09:56:49.034, 1, 16, 210 MHz, 405 MHz, P8, 14.39 W
0, 2026/09/15 09:56:49.234, 1, 16, 210 MHz, 405 MHz, P8, 16.76 W
1, 2026/09/15 09:56:49.235, 1, 16, 210 MHz, 405 MHz, P8, 14.39 W
0, 2026/09/15 09:56:49.435, 1, 16, 210 MHz, 405 MHz, P8, 16.76 W
1, 2026/09/15 09:56:49.435, 1, 16, 210 MHz, 405 MHz, P8, 14.39 W
0, 2026/09/15 09:56:49.635, 1, 16, 210 MHz, 405 MHz, P8, 16.76 W
1, 2026/09/15 09:56:49.635, 1, 16, 210 MHz, 405 MHz, P8, 14.39 W
0, 2026/09/15 09:56:49.836, 1, 16, 210 MHz, 405 MHz, P8, 16.76 W
1, 2026/09/15 09:56:49.836, 1, 16, 210 MHz, 405 MHz, P8, 14.39 W
0, 2026/09/15 09:56:50.036, 1, 16, 210 MHz, 405 MHz, P8, 16.70 W
1, 2026/09/15 09:56:50.036, 1, 16, 210 MHz, 405 MHz, P8, 14.39 W
0, 2026/09/15 09:56:50.236, 1, 16, 210 MHz, 405 MHz, P8, 16.70 W
1, 2026/09/15 09:56:50.237, 1, 16, 210 MHz, 405 MHz, P8, 14.39 W
0, 2026/09/15 09:56:50.437, 1, 16, 210 MHz, 405 MHz, P8, 16.70 W
1, 2026/09/15 09:56:50.437, 1, 16, 210 MHz, 405 MHz, P8, 14.39 W
0, 2026/09/15 09:56:50.637, 1, 16, 210 MHz, 405 MHz, P8, 16.70 W
1, 2026/09/15 09:56:50.637, 1, 16, 210 MHz, 405 MHz, P8, 14.39 W
0, 2026/09/15 09:56:50.838, 1, 16, 210 MHz, 405 MHz, P8, 16.70 W
1, 2026/09/15 09:56:50.838, 1, 16, 210 MHz, 405 MHz, P8, 14.27 W
0, 2026/09/15 09:56:51.038, 1, 16, 210 MHz, 405 MHz, P8, 16.40 W
1, 2026/09/15 09:56:51.038, 1, 16, 210 MHz, 405 MHz, P8, 14.27 W
0, 2026/09/15 09:56:51.238, 1, 16, 210 MHz, 405 MHz, P8, 16.40 W
1, 2026/09/15 09:56:51.239, 1, 16, 210 MHz, 405 MHz, P8, 14.27 W
0, 2026/09/15 09:56:51.439, 1, 16, 210 MHz, 405 MHz, P8, 16.40 W
1, 2026/09/15 09:56:51.439, 1, 16, 210 MHz, 405 MHz, P8, 14.27 W
0, 2026/09/15 09:56:51.639, 1, 16, 210 MHz, 405 MHz, P8, 16.40 W
1, 2026/09/15 09:56:51.639, 1, 16, 210 MHz, 405 MHz, P8, 14.27 W
0, 2026/09/15 09:56:51.840, 1, 16, 210 MHz, 405 MHz, P8, 16.40 W
1, 2026/09/15 09:56:51.840, 1, 16, 210 MHz, 405 MHz, P8, 14.16 W
0, 2026/09/15 09:56:52.040, 1, 16, 210 MHz, 405 MHz, P8, 16.58 W
1, 2026/09/15 09:56:52.040, 1, 16, 210 MHz, 405 MHz, P8, 14.16 W
0, 2026/09/15 09:56:52.241, 1, 16, 210 MHz, 405 MHz, P8, 16.58 W
1, 2026/09/15 09:56:52.241, 1, 16, 210 MHz, 405 MHz, P8, 14.16 W
0, 2026/09/15 09:56:52.441, 1, 16, 210 MHz, 405 MHz, P8, 16.58 W
1, 2026/09/15 09:56:52.441, 1, 16, 210 MHz, 405 MHz, P8, 14.16 W
0, 2026/09/15 09:56:52.641, 1, 16, 210 MHz, 405 MHz, P8, 16.58 W
1, 2026/09/15 09:56:52.641, 1, 16, 210 MHz, 405 MHz, P8, 14.16 W
0, 2026/09/15 09:56:52.842, 1, 16, 210 MHz, 405 MHz, P8, 16.58 W
1, 2026/09/15 09:56:52.842, 1, 16, 210 MHz, 405 MHz, P8, 14.18 W
0, 2026/09/15 09:56:53.042, 1, 16, 210 MHz, 405 MHz, P8, 16.71 W
1, 2026/09/15 09:56:53.042, 1, 16, 210 MHz, 405 MHz, P8, 14.18 W
0, 2026/09/15 09:56:53.242, 1, 16, 210 MHz, 405 MHz, P8, 16.71 W
1, 2026/09/15 09:56:53.243, 1, 16, 210 MHz, 405 MHz, P8, 14.18 W
0, 2026/09/15 09:56:53.443, 1, 16, 210 MHz, 405 MHz, P8, 16.71 W
1, 2026/09/15 09:56:53.443, 1, 16, 210 MHz, 405 MHz, P8, 14.18 W
0, 2026/09/15 09:56:53.643, 1, 16, 210 MHz, 405 MHz, P8, 16.71 W
1, 2026/09/15 09:56:53.643, 1, 16, 210 MHz, 405 MHz, P8, 14.18 W
0, 2026/09/15 09:56:53.844, 1, 16, 210 MHz, 405 MHz, P8, 16.71 W
1, 2026/09/15 09:56:53.844, 1, 16, 210 MHz, 405 MHz, P8, 14.00 W
0, 2026/09/15 09:56:54.044, 1, 16, 210 MHz, 405 MHz, P8, 16.14 W
1, 2026/09/15 09:56:54.044, 1, 16, 210 MHz, 405 MHz, P8, 14.00 W
0, 2026/09/15 09:56:54.244, 1, 16, 210 MHz, 405 MHz, P8, 16.14 W
1, 2026/09/15 09:56:54.245, 1, 16, 210 MHz, 405 MHz, P8, 14.00 W
0, 2026/09/15 09:56:54.445, 1, 16, 210 MHz, 405 MHz, P8, 16.14 W
1, 2026/09/15 09:56:54.445, 1, 16, 210 MHz, 405 MHz, P8, 14.00 W
0, 2026/09/15 09:56:54.645, 1, 16, 210 MHz, 405 MHz, P8, 16.14 W
1, 2026/09/15 09:56:54.645, 1, 16, 210 MHz, 405 MHz, P8, 14.00 W
0, 2026/09/15 09:56:54.846, 1, 16, 210 MHz, 405 MHz, P8, 16.14 W
1, 2026/09/15 09:56:54.846, 1, 16, 210 MHz, 405 MHz, P8, 13.83 W
0, 2026/09/15 09:56:55.046, 1, 16, 210 MHz, 405 MHz, P8, 15.49 W
1, 2026/09/15 09:56:55.046, 1, 16, 210 MHz, 405 MHz, P8, 13.83 W
0, 2026/09/15 09:56:55.246, 1, 16, 210 MHz, 405 MHz, P8, 15.49 W
1, 2026/09/15 09:56:55.247, 1, 16, 210 MHz, 405 MHz, P8, 13.83 W
0, 2026/09/15 09:56:55.447, 1, 16, 210 MHz, 405 MHz, P8, 15.49 W
1, 2026/09/15 09:56:55.447, 1, 16, 210 MHz, 405 MHz, P8, 13.83 W
0, 2026/09/15 09:56:55.647, 1, 16, 210 MHz, 405 MHz, P8, 15.49 W
1, 2026/09/15 09:56:55.647, 1, 16, 210 MHz, 405 MHz, P8, 13.83 W
0, 2026/09/15 09:56:55.848, 1, 16, 210 MHz, 405 MHz, P8, 15.49 W
1, 2026/09/15 09:56:55.848, 1, 16, 210 MHz, 405 MHz, P8, 13.92 W
0, 2026/09/15 09:56:56.048, 1, 16, 210 MHz, 405 MHz, P8, 15.26 W
1, 2026/09/15 09:56:56.048, 1, 16, 210 MHz, 405 MHz, P8, 13.92 W
0, 2026/09/15 09:56:56.248, 1, 16, 210 MHz, 405 MHz, P8, 15.26 W
1, 2026/09/15 09:56:56.249, 1, 16, 210 MHz, 405 MHz, P8, 13.92 W
0, 2026/09/15 09:56:56.449, 1, 16, 210 MHz, 405 MHz, P8, 15.26 W
1, 2026/09/15 09:56:56.449, 1, 16, 210 MHz, 405 MHz, P8, 13.92 W
0, 2026/09/15 09:56:56.649, 1, 16, 210 MHz, 405 MHz, P8, 15.26 W
1, 2026/09/15 09:56:56.666, 1, 16, 210 MHz, 405 MHz, P8, 13.92 W
0, 2026/09/15 09:56:56.866, 1, 16, 210 MHz, 405 MHz, P8, 15.26 W
1, 2026/09/15 09:56:56.867, 1, 16, 210 MHz, 405 MHz, P8, 13.95 W
0, 2026/09/15 09:56:57.067, 1, 16, 210 MHz, 405 MHz, P8, 15.31 W
1, 2026/09/15 09:56:57.067, 1, 16, 210 MHz, 405 MHz, P8, 13.95 W
0, 2026/09/15 09:56:57.267, 1, 16, 210 MHz, 405 MHz, P8, 15.31 W
1, 2026/09/15 09:56:57.267, 1, 16, 210 MHz, 405 MHz, P8, 13.95 W
0, 2026/09/15 09:56:57.468, 1, 16, 210 MHz, 405 MHz, P8, 15.31 W
1, 2026/09/15 09:56:57.468, 1, 16, 210 MHz, 405 MHz, P8, 13.95 W
0, 2026/09/15 09:56:57.668, 1, 16, 210 MHz, 405 MHz, P8, 15.31 W
1, 2026/09/15 09:56:57.668, 1, 16, 210 MHz, 405 MHz, P8, 13.95 W
0, 2026/09/15 09:56:57.868, 1, 16, 210 MHz, 405 MHz, P8, 15.31 W
1, 2026/09/15 09:56:57.869, 1, 16, 210 MHz, 405 MHz, P8, 13.73 W
0, 2026/09/15 09:56:58.069, 1, 16, 210 MHz, 405 MHz, P8, 15.38 W
1, 2026/09/15 09:56:58.069, 1, 16, 210 MHz, 405 MHz, P8, 13.73 W
0, 2026/09/15 09:56:58.269, 1, 16, 210 MHz, 405 MHz, P8, 15.38 W
1, 2026/09/15 09:56:58.270, 1, 16, 210 MHz, 405 MHz, P8, 13.73 W
0, 2026/09/15 09:56:58.470, 1, 16, 210 MHz, 405 MHz, P8, 15.38 W
1, 2026/09/15 09:56:58.470, 1, 16, 210 MHz, 405 MHz, P8, 13.73 W
0, 2026/09/15 09:56:58.670, 1, 16, 210 MHz, 405 MHz, P8, 15.38 W
1, 2026/09/15 09:56:58.671, 1, 16, 210 MHz, 405 MHz, P8, 13.73 W
0, 2026/09/15 09:56:58.871, 1, 16, 210 MHz, 405 MHz, P8, 15.38 W
1, 2026/09/15 09:56:58.871, 1, 16, 210 MHz, 405 MHz, P8, 13.62 W
0, 2026/09/15 09:56:59.072, 1, 16, 210 MHz, 405 MHz, P8, 15.32 W
1, 2026/09/15 09:56:59.072, 1, 16, 210 MHz, 405 MHz, P8, 13.62 W
0, 2026/09/15 09:56:59.272, 1, 16, 210 MHz, 405 MHz, P8, 15.32 W
1, 2026/09/15 09:56:59.273, 1, 16, 210 MHz, 405 MHz, P8, 13.62 W
0, 2026/09/15 09:56:59.473, 1, 16, 210 MHz, 405 MHz, P8, 15.32 W
1, 2026/09/15 09:56:59.473, 1, 16, 210 MHz, 405 MHz, P8, 13.62 W
0, 2026/09/15 09:56:59.673, 1, 16, 210 MHz, 405 MHz, P8, 15.32 W
1, 2026/09/15 09:56:59.673, 1, 16, 210 MHz, 405 MHz, P8, 13.62 W
0, 2026/09/15 09:56:59.874, 1, 16, 210 MHz, 405 MHz, P8, 15.32 W
1, 2026/09/15 09:56:59.874, 1, 16, 210 MHz, 405 MHz, P8, 13.73 W
0, 2026/09/15 09:57:00.074, 1, 16, 210 MHz, 405 MHz, P8, 15.03 W
1, 2026/09/15 09:57:00.074, 1, 16, 210 MHz, 405 MHz, P8, 13.73 W
0, 2026/09/15 09:57:00.274, 1, 16, 210 MHz, 405 MHz, P8, 15.03 W
1, 2026/09/15 09:57:00.275, 1, 16, 210 MHz, 405 MHz, P8, 13.73 W
0, 2026/09/15 09:57:00.475, 1, 16, 210 MHz, 405 MHz, P8, 15.03 W
1, 2026/09/15 09:57:00.475, 1, 16, 210 MHz, 405 MHz, P8, 13.73 W
0, 2026/09/15 09:57:00.675, 1, 16, 210 MHz, 405 MHz, P8, 15.03 W
1, 2026/09/15 09:57:00.675, 1, 16, 210 MHz, 405 MHz, P8, 13.73 W
0, 2026/09/15 09:57:00.876, 1, 16, 210 MHz, 405 MHz, P8, 15.03 W
1, 2026/09/15 09:57:00.876, 1, 16, 210 MHz, 405 MHz, P8, 13.82 W
0, 2026/09/15 09:57:01.076, 1, 16, 210 MHz, 405 MHz, P8, 14.64 W
1, 2026/09/15 09:57:01.076, 1, 16, 210 MHz, 405 MHz, P8, 13.82 W
0, 2026/09/15 09:57:01.277, 1, 16, 210 MHz, 405 MHz, P8, 14.64 W
1, 2026/09/15 09:57:01.277, 1, 16, 210 MHz, 405 MHz, P8, 13.82 W
0, 2026/09/15 09:57:01.477, 1, 16, 210 MHz, 405 MHz, P8, 14.64 W
1, 2026/09/15 09:57:01.477, 1, 16, 210 MHz, 405 MHz, P8, 13.82 W
0, 2026/09/15 09:57:01.677, 1, 16, 210 MHz, 405 MHz, P8, 14.64 W
1, 2026/09/15 09:57:01.678, 1, 16, 210 MHz, 405 MHz, P8, 13.82 W
0, 2026/09/15 09:57:01.878, 1, 16, 210 MHz, 405 MHz, P8, 14.56 W
1, 2026/09/15 09:57:01.878, 1, 16, 210 MHz, 405 MHz, P8, 13.80 W
0, 2026/09/15 09:57:02.078, 1, 16, 210 MHz, 405 MHz, P8, 14.56 W
1, 2026/09/15 09:57:02.078, 1, 16, 210 MHz, 405 MHz, P8, 13.80 W
0, 2026/09/15 09:57:02.279, 1, 16, 210 MHz, 405 MHz, P8, 14.56 W
1, 2026/09/15 09:57:02.279, 1, 16, 210 MHz, 405 MHz, P8, 13.80 W
0, 2026/09/15 09:57:02.479, 1, 16, 210 MHz, 405 MHz, P8, 14.56 W
1, 2026/09/15 09:57:02.479, 1, 16, 210 MHz, 405 MHz, P8, 13.80 W
0, 2026/09/15 09:57:02.679, 1, 16, 210 MHz, 405 MHz, P8, 14.56 W
1, 2026/09/15 09:57:02.680, 1, 16, 210 MHz, 405 MHz, P8, 13.80 W
0, 2026/09/15 09:57:02.880, 1, 16, 210 MHz, 405 MHz, P8, 14.44 W
1, 2026/09/15 09:57:02.880, 1, 16, 210 MHz, 405 MHz, P8, 13.64 W
0, 2026/09/15 09:57:03.080, 1, 16, 210 MHz, 405 MHz, P8, 14.44 W
1, 2026/09/15 09:57:03.080, 1, 16, 210 MHz, 405 MHz, P8, 13.64 W
0, 2026/09/15 09:57:03.281, 1, 16, 210 MHz, 405 MHz, P8, 14.44 W
1, 2026/09/15 09:57:03.281, 1, 16, 210 MHz, 405 MHz, P8, 13.64 W
0, 2026/09/15 09:57:03.481, 1, 16, 210 MHz, 405 MHz, P8, 14.44 W
1, 2026/09/15 09:57:03.482, 1, 16, 210 MHz, 405 MHz, P8, 13.64 W
0, 2026/09/15 09:57:03.682, 1, 16, 210 MHz, 405 MHz, P8, 14.44 W
1, 2026/09/15 09:57:03.682, 1, 16, 210 MHz, 405 MHz, P8, 13.64 W
0, 2026/09/15 09:57:03.882, 1, 16, 210 MHz, 405 MHz, P8, 14.68 W
1, 2026/09/15 09:57:03.883, 1, 16, 210 MHz, 405 MHz, P8, 13.77 W
0, 2026/09/15 09:57:04.083, 1, 16, 210 MHz, 405 MHz, P8, 14.68 W
1, 2026/09/15 09:57:04.083, 1, 16, 210 MHz, 405 MHz, P8, 13.77 W
0, 2026/09/15 09:57:04.284, 1, 16, 210 MHz, 405 MHz, P8, 14.68 W
1, 2026/09/15 09:57:04.284, 1, 16, 210 MHz, 405 MHz, P8, 13.77 W
0, 2026/09/15 09:57:04.484, 1, 16, 210 MHz, 405 MHz, P8, 14.68 W
1, 2026/09/15 09:57:04.484, 1, 16, 210 MHz, 405 MHz, P8, 13.77 W
0, 2026/09/15 09:57:04.684, 1, 16, 210 MHz, 405 MHz, P8, 14.68 W
1, 2026/09/15 09:57:04.685, 1, 16, 210 MHz, 405 MHz, P8, 13.77 W
0, 2026/09/15 09:57:04.885, 1, 16, 210 MHz, 405 MHz, P8, 15.23 W
1, 2026/09/15 09:57:04.885, 1, 16, 210 MHz, 405 MHz, P8, 14.07 W
0, 2026/09/15 09:57:05.085, 1, 16, 210 MHz, 405 MHz, P8, 15.23 W
1, 2026/09/15 09:57:05.085, 1, 16, 210 MHz, 405 MHz, P8, 14.07 W
0, 2026/09/15 09:57:05.286, 1, 16, 210 MHz, 405 MHz, P8, 15.23 W
1, 2026/09/15 09:57:05.286, 1, 16, 210 MHz, 405 MHz, P8, 14.07 W
0, 2026/09/15 09:57:05.486, 1, 16, 210 MHz, 405 MHz, P8, 15.23 W
1, 2026/09/15 09:57:05.486, 1, 16, 210 MHz, 405 MHz, P8, 14.07 W
0, 2026/09/15 09:57:05.686, 1, 16, 210 MHz, 405 MHz, P8, 15.23 W
1, 2026/09/15 09:57:05.687, 1, 16, 210 MHz, 405 MHz, P8, 14.07 W
0, 2026/09/15 09:57:05.887, 1, 16, 210 MHz, 405 MHz, P8, 15.57 W
1, 2026/09/15 09:57:05.887, 1, 16, 210 MHz, 405 MHz, P8, 14.15 W
0, 2026/09/15 09:57:06.087, 1, 16, 210 MHz, 405 MHz, P8, 15.57 W
1, 2026/09/15 09:57:06.087, 1, 16, 210 MHz, 405 MHz, P8, 14.15 W
0, 2026/09/15 09:57:06.288, 1, 16, 210 MHz, 405 MHz, P8, 15.57 W
1, 2026/09/15 09:57:06.288, 1, 16, 210 MHz, 405 MHz, P8, 14.15 W
0, 2026/09/15 09:57:06.488, 1, 16, 210 MHz, 405 MHz, P8, 15.57 W
1, 2026/09/15 09:57:06.489, 1, 16, 210 MHz, 405 MHz, P8, 14.15 W
0, 2026/09/15 09:57:06.689, 1, 16, 210 MHz, 405 MHz, P8, 15.57 W
1, 2026/09/15 09:57:06.689, 1, 16, 210 MHz, 405 MHz, P8, 14.15 W
0, 2026/09/15 09:57:06.889, 1, 16, 210 MHz, 405 MHz, P8, 15.61 W
1, 2026/09/15 09:57:06.889, 1, 16, 210 MHz, 405 MHz, P8, 14.10 W
0, 2026/09/15 09:57:07.089, 1, 16, 210 MHz, 405 MHz, P8, 15.61 W
1, 2026/09/15 09:57:07.090, 1, 16, 210 MHz, 405 MHz, P8, 14.10 W
0, 2026/09/15 09:57:07.290, 1, 16, 210 MHz, 405 MHz, P8, 15.61 W
1, 2026/09/15 09:57:07.290, 1, 16, 210 MHz, 405 MHz, P8, 14.10 W
0, 2026/09/15 09:57:07.490, 1, 16, 210 MHz, 405 MHz, P8, 15.61 W
1, 2026/09/15 09:57:07.490, 1, 16, 210 MHz, 405 MHz, P8, 14.10 W
0, 2026/09/15 09:57:07.691, 1, 16, 210 MHz, 405 MHz, P8, 15.61 W
1, 2026/09/15 09:57:07.691, 1, 16, 210 MHz, 405 MHz, P8, 14.10 W
0, 2026/09/15 09:57:07.891, 1, 16, 210 MHz, 405 MHz, P8, 15.64 W
1, 2026/09/15 09:57:07.891, 1, 16, 210 MHz, 405 MHz, P8, 14.10 W
0, 2026/09/15 09:57:08.092, 1, 16, 210 MHz, 405 MHz, P8, 15.64 W
1, 2026/09/15 09:57:08.092, 1, 16, 210 MHz, 405 MHz, P8, 14.10 W
0, 2026/09/15 09:57:08.292, 1, 16, 210 MHz, 405 MHz, P8, 15.64 W
1, 2026/09/15 09:57:08.292, 1, 16, 210 MHz, 405 MHz, P8, 14.10 W
0, 2026/09/15 09:57:08.493, 1, 16, 210 MHz, 405 MHz, P8, 15.64 W
1, 2026/09/15 09:57:08.493, 1, 16, 210 MHz, 405 MHz, P8, 14.10 W
0, 2026/09/15 09:57:08.693, 1, 16, 210 MHz, 405 MHz, P8, 15.64 W
1, 2026/09/15 09:57:08.694, 1, 16, 210 MHz, 405 MHz, P8, 14.10 W
0, 2026/09/15 09:57:08.894, 1, 16, 210 MHz, 405 MHz, P8, 15.78 W
1, 2026/09/15 09:57:08.894, 1, 16, 210 MHz, 405 MHz, P8, 14.21 W
0, 2026/09/15 09:57:09.094, 1, 16, 210 MHz, 405 MHz, P8, 15.78 W
1, 2026/09/15 09:57:09.095, 1, 16, 210 MHz, 405 MHz, P8, 14.21 W
0, 2026/09/15 09:57:09.295, 1, 16, 210 MHz, 405 MHz, P8, 15.78 W
1, 2026/09/15 09:57:09.295, 1, 16, 210 MHz, 405 MHz, P8, 14.21 W
0, 2026/09/15 09:57:09.495, 1, 16, 210 MHz, 405 MHz, P8, 15.78 W
1, 2026/09/15 09:57:09.495, 1, 16, 210 MHz, 405 MHz, P8, 14.21 W
0, 2026/09/15 09:57:09.696, 1, 16, 210 MHz, 405 MHz, P8, 15.78 W
1, 2026/09/15 09:57:09.696, 1, 16, 210 MHz, 405 MHz, P8, 14.21 W
0, 2026/09/15 09:57:09.896, 1, 16, 210 MHz, 405 MHz, P8, 16.09 W
1, 2026/09/15 09:57:09.896, 1, 16, 210 MHz, 405 MHz, P8, 14.39 W
0, 2026/09/15 09:57:10.097, 1, 16, 210 MHz, 405 MHz, P8, 16.09 W
1, 2026/09/15 09:57:10.097, 1, 16, 210 MHz, 405 MHz, P8, 14.39 W
0, 2026/09/15 09:57:10.297, 1, 16, 210 MHz, 405 MHz, P8, 16.09 W
1, 2026/09/15 09:57:10.297, 1, 16, 210 MHz, 405 MHz, P8, 14.39 W
0, 2026/09/15 09:57:10.498, 1, 16, 210 MHz, 405 MHz, P8, 16.09 W
1, 2026/09/15 09:57:10.498, 1, 16, 210 MHz, 405 MHz, P8, 14.39 W
0, 2026/09/15 09:57:10.698, 1, 16, 210 MHz, 405 MHz, P8, 16.09 W
1, 2026/09/15 09:57:10.699, 1, 16, 210 MHz, 405 MHz, P8, 14.39 W
0, 2026/09/15 09:57:10.899, 1, 16, 210 MHz, 405 MHz, P8, 16.25 W
1, 2026/09/15 09:57:10.899, 1, 16, 210 MHz, 405 MHz, P8, 14.40 W
0, 2026/09/15 09:57:11.100, 1, 16, 210 MHz, 405 MHz, P8, 16.25 W
1, 2026/09/15 09:57:11.100, 1, 16, 210 MHz, 405 MHz, P8, 14.40 W
0, 2026/09/15 09:57:11.300, 1, 16, 210 MHz, 405 MHz, P8, 16.25 W
1, 2026/09/15 09:57:11.301, 1, 16, 210 MHz, 405 MHz, P8, 14.40 W
0, 2026/09/15 09:57:11.501, 1, 16, 210 MHz, 405 MHz, P8, 16.25 W
1, 2026/09/15 09:57:11.501, 1, 16, 210 MHz, 405 MHz, P8, 14.40 W
0, 2026/09/15 09:57:11.701, 1, 16, 210 MHz, 405 MHz, P8, 16.25 W
1, 2026/09/15 09:57:11.701, 1, 16, 210 MHz, 405 MHz, P8, 14.40 W
0, 2026/09/15 09:57:11.902, 1, 16, 210 MHz, 405 MHz, P8, 16.08 W
1, 2026/09/15 09:57:11.902, 1, 16, 210 MHz, 405 MHz, P8, 14.31 W
0, 2026/09/15 09:57:12.102, 1, 16, 210 MHz, 405 MHz, P8, 16.08 W
1, 2026/09/15 09:57:12.103, 1, 16, 210 MHz, 405 MHz, P8, 14.31 W
0, 2026/09/15 09:57:12.303, 1, 16, 210 MHz, 405 MHz, P8, 16.08 W
1, 2026/09/15 09:57:12.303, 1, 16, 210 MHz, 405 MHz, P8, 14.31 W
0, 2026/09/15 09:57:12.503, 1, 16, 210 MHz, 405 MHz, P8, 16.08 W
1, 2026/09/15 09:57:12.504, 1, 16, 210 MHz, 405 MHz, P8, 14.31 W
0, 2026/09/15 09:57:12.704, 1, 16, 210 MHz, 405 MHz, P8, 16.08 W
1, 2026/09/15 09:57:12.704, 1, 16, 210 MHz, 405 MHz, P8, 14.31 W
0, 2026/09/15 09:57:12.904, 1, 16, 210 MHz, 405 MHz, P8, 15.91 W
1, 2026/09/15 09:57:12.904, 1, 16, 210 MHz, 405 MHz, P8, 14.31 W
0, 2026/09/15 09:57:13.105, 1, 16, 210 MHz, 405 MHz, P8, 15.91 W
1, 2026/09/15 09:57:13.105, 1, 16, 210 MHz, 405 MHz, P8, 14.31 W
0, 2026/09/15 09:57:13.305, 1, 16, 210 MHz, 405 MHz, P8, 15.91 W
1, 2026/09/15 09:57:13.306, 1, 16, 210 MHz, 405 MHz, P8, 14.31 W
0, 2026/09/15 09:57:13.506, 1, 16, 210 MHz, 405 MHz, P8, 15.91 W
1, 2026/09/15 09:57:13.506, 1, 16, 210 MHz, 405 MHz, P8, 14.31 W
0, 2026/09/15 09:57:13.706, 1, 16, 210 MHz, 405 MHz, P8, 15.91 W
1, 2026/09/15 09:57:13.706, 1, 16, 210 MHz, 405 MHz, P8, 14.31 W
0, 2026/09/15 09:57:13.907, 1, 16, 210 MHz, 405 MHz, P8, 15.65 W
1, 2026/09/15 09:57:13.907, 1, 16, 210 MHz, 405 MHz, P8, 14.35 W
0, 2026/09/15 09:57:14.107, 1, 16, 210 MHz, 405 MHz, P8, 15.65 W
1, 2026/09/15 09:57:14.107, 1, 16, 210 MHz, 405 MHz, P8, 14.35 W
0, 2026/09/15 09:57:14.307, 1, 16, 210 MHz, 405 MHz, P8, 15.65 W
1, 2026/09/15 09:57:14.308, 1, 16, 210 MHz, 405 MHz, P8, 14.35 W
0, 2026/09/15 09:57:14.508, 1, 16, 210 MHz, 405 MHz, P8, 15.65 W
1, 2026/09/15 09:57:14.508, 1, 16, 210 MHz, 405 MHz, P8, 14.35 W
0, 2026/09/15 09:57:14.708, 1, 16, 210 MHz, 405 MHz, P8, 15.65 W
1, 2026/09/15 09:57:14.709, 1, 16, 210 MHz, 405 MHz, P8, 14.35 W
0, 2026/09/15 09:57:14.909, 1, 16, 210 MHz, 405 MHz, P8, 15.33 W
1, 2026/09/15 09:57:14.909, 1, 16, 210 MHz, 405 MHz, P8, 14.38 W
0, 2026/09/15 09:57:15.109, 1, 16, 210 MHz, 405 MHz, P8, 15.33 W
1, 2026/09/15 09:57:15.110, 1, 16, 210 MHz, 405 MHz, P8, 14.38 W
0, 2026/09/15 09:57:15.310, 1, 16, 210 MHz, 405 MHz, P8, 15.33 W
1, 2026/09/15 09:57:15.310, 1, 16, 210 MHz, 405 MHz, P8, 14.38 W
0, 2026/09/15 09:57:15.510, 1, 16, 210 MHz, 405 MHz, P8, 15.33 W
1, 2026/09/15 09:57:15.510, 1, 16, 210 MHz, 405 MHz, P8, 14.38 W
0, 2026/09/15 09:57:15.711, 1, 16, 210 MHz, 405 MHz, P8, 15.33 W
1, 2026/09/15 09:57:15.711, 1, 16, 210 MHz, 405 MHz, P8, 14.38 W
0, 2026/09/15 09:57:15.911, 1, 16, 210 MHz, 405 MHz, P8, 15.23 W
1, 2026/09/15 09:57:15.911, 1, 16, 210 MHz, 405 MHz, P8, 14.26 W
0, 2026/09/15 09:57:16.112, 1, 16, 210 MHz, 405 MHz, P8, 15.23 W
1, 2026/09/15 09:57:16.112, 1, 16, 210 MHz, 405 MHz, P8, 14.26 W
0, 2026/09/15 09:57:16.312, 1, 16, 210 MHz, 405 MHz, P8, 15.23 W
1, 2026/09/15 09:57:16.312, 1, 16, 210 MHz, 405 MHz, P8, 14.26 W
0, 2026/09/15 09:57:16.513, 1, 16, 210 MHz, 405 MHz, P8, 15.23 W
1, 2026/09/15 09:57:16.513, 1, 16, 210 MHz, 405 MHz, P8, 14.26 W
0, 2026/09/15 09:57:16.713, 1, 16, 210 MHz, 405 MHz, P8, 15.23 W
1, 2026/09/15 09:57:16.713, 1, 16, 210 MHz, 405 MHz, P8, 14.26 W
0, 2026/09/15 09:57:16.913, 1, 16, 210 MHz, 405 MHz, P8, 14.81 W
1, 2026/09/15 09:57:16.914, 1, 16, 210 MHz, 405 MHz, P8, 13.91 W
0, 2026/09/15 09:57:17.114, 1, 16, 210 MHz, 405 MHz, P8, 14.81 W
1, 2026/09/15 09:57:17.114, 1, 16, 210 MHz, 405 MHz, P8, 13.91 W
0, 2026/09/15 09:57:17.315, 1, 16, 210 MHz, 405 MHz, P8, 14.81 W
1, 2026/09/15 09:57:17.315, 1, 16, 210 MHz, 405 MHz, P8, 13.91 W
0, 2026/09/15 09:57:17.515, 1, 16, 210 MHz, 405 MHz, P8, 14.81 W
1, 2026/09/15 09:57:17.515, 1, 16, 210 MHz, 405 MHz, P8, 13.91 W
0, 2026/09/15 09:57:17.715, 1, 16, 210 MHz, 405 MHz, P8, 14.81 W
1, 2026/09/15 09:57:17.716, 1, 16, 210 MHz, 405 MHz, P8, 13.91 W
0, 2026/09/15 09:57:17.916, 1, 16, 210 MHz, 405 MHz, P8, 14.25 W
1, 2026/09/15 09:57:17.916, 1, 16, 210 MHz, 405 MHz, P8, 13.67 W
0, 2026/09/15 09:57:18.116, 1, 16, 210 MHz, 405 MHz, P8, 14.25 W
1, 2026/09/15 09:57:18.117, 1, 16, 210 MHz, 405 MHz, P8, 13.67 W
0, 2026/09/15 09:57:18.317, 1, 16, 210 MHz, 405 MHz, P8, 14.25 W
1, 2026/09/15 09:57:18.317, 1, 16, 210 MHz, 405 MHz, P8, 13.67 W
0, 2026/09/15 09:57:18.517, 1, 16, 210 MHz, 405 MHz, P8, 14.25 W
1, 2026/09/15 09:57:18.518, 1, 16, 210 MHz, 405 MHz, P8, 13.67 W
0, 2026/09/15 09:57:18.718, 1, 16, 210 MHz, 405 MHz, P8, 14.25 W
1, 2026/09/15 09:57:18.718, 1, 16, 210 MHz, 405 MHz, P8, 13.67 W
0, 2026/09/15 09:57:18.918, 1, 16, 210 MHz, 405 MHz, P8, 14.25 W
1, 2026/09/15 09:57:18.918, 1, 16, 210 MHz, 405 MHz, P8, 13.68 W
0, 2026/09/15 09:57:19.119, 1, 16, 210 MHz, 405 MHz, P8, 14.25 W
1, 2026/09/15 09:57:19.119, 1, 16, 210 MHz, 405 MHz, P8, 13.68 W
0, 2026/09/15 09:57:19.319, 1, 16, 210 MHz, 405 MHz, P8, 14.25 W
1, 2026/09/15 09:57:19.339, 1, 16, 210 MHz, 405 MHz, P8, 13.68 W
0, 2026/09/15 09:57:19.540, 1, 16, 210 MHz, 405 MHz, P8, 14.25 W
1, 2026/09/15 09:57:19.540, 1, 16, 210 MHz, 405 MHz, P8, 13.68 W
0, 2026/09/15 09:57:19.740, 1, 16, 210 MHz, 405 MHz, P8, 14.25 W
1, 2026/09/15 09:57:19.741, 1, 16, 210 MHz, 405 MHz, P8, 13.68 W
0, 2026/09/15 09:57:19.941, 1, 16, 210 MHz, 405 MHz, P8, 14.33 W
1, 2026/09/15 09:57:19.941, 1, 16, 210 MHz, 405 MHz, P8, 13.62 W
0, 2026/09/15 09:57:20.142, 1, 16, 210 MHz, 405 MHz, P8, 14.33 W
1, 2026/09/15 09:57:20.142, 1, 16, 210 MHz, 405 MHz, P8, 13.62 W
0, 2026/09/15 09:57:20.342, 1, 16, 210 MHz, 405 MHz, P8, 14.33 W
1, 2026/09/15 09:57:20.342, 1, 16, 210 MHz, 405 MHz, P8, 13.62 W
0, 2026/09/15 09:57:20.542, 1, 16, 210 MHz, 405 MHz, P8, 14.33 W
1, 2026/09/15 09:57:20.543, 1, 16, 210 MHz, 405 MHz, P8, 13.62 W
0, 2026/09/15 09:57:20.743, 1, 16, 210 MHz, 405 MHz, P8, 14.33 W
1, 2026/09/15 09:57:20.743, 1, 16, 210 MHz, 405 MHz, P8, 13.62 W
0, 2026/09/15 09:57:20.943, 1, 16, 210 MHz, 405 MHz, P8, 14.40 W
1, 2026/09/15 09:57:20.944, 1, 16, 210 MHz, 405 MHz, P8, 13.73 W
0, 2026/09/15 09:57:21.144, 1, 16, 210 MHz, 405 MHz, P8, 14.40 W
1, 2026/09/15 09:57:21.144, 1, 16, 210 MHz, 405 MHz, P8, 13.73 W
0, 2026/09/15 09:57:21.344, 1, 16, 210 MHz, 405 MHz, P8, 14.40 W
1, 2026/09/15 09:57:21.344, 1, 16, 210 MHz, 405 MHz, P8, 13.73 W
0, 2026/09/15 09:57:21.545, 1, 16, 210 MHz, 405 MHz, P8, 14.40 W
1, 2026/09/15 09:57:21.545, 1, 16, 210 MHz, 405 MHz, P8, 13.73 W
0, 2026/09/15 09:57:21.745, 1, 16, 210 MHz, 405 MHz, P8, 14.40 W
1, 2026/09/15 09:57:21.745, 1, 16, 210 MHz, 405 MHz, P8, 13.73 W
0, 2026/09/15 09:57:21.946, 1, 16, 210 MHz, 405 MHz, P8, 14.71 W
1, 2026/09/15 09:57:21.946, 1, 16, 210 MHz, 405 MHz, P8, 14.03 W
0, 2026/09/15 09:57:22.146, 1, 16, 210 MHz, 405 MHz, P8, 14.71 W
1, 2026/09/15 09:57:22.146, 1, 16, 210 MHz, 405 MHz, P8, 14.03 W
0, 2026/09/15 09:57:22.347, 1, 16, 210 MHz, 405 MHz, P8, 14.71 W
1, 2026/09/15 09:57:22.347, 1, 16, 210 MHz, 405 MHz, P8, 14.03 W
0, 2026/09/15 09:57:22.547, 1, 16, 210 MHz, 405 MHz, P8, 14.71 W
1, 2026/09/15 09:57:22.547, 1, 16, 210 MHz, 405 MHz, P8, 14.03 W
0, 2026/09/15 09:57:22.748, 1, 16, 210 MHz, 405 MHz, P8, 14.71 W
1, 2026/09/15 09:57:22.760, 1, 16, 210 MHz, 405 MHz, P8, 14.03 W
0, 2026/09/15 09:57:22.961, 1, 16, 210 MHz, 405 MHz, P8, 14.81 W
1, 2026/09/15 09:57:22.961, 1, 16, 210 MHz, 405 MHz, P8, 14.03 W
0, 2026/09/15 09:57:23.161, 1, 16, 210 MHz, 405 MHz, P8, 14.81 W
1, 2026/09/15 09:57:23.161, 1, 16, 210 MHz, 405 MHz, P8, 14.03 W
0, 2026/09/15 09:57:23.362, 1, 16, 210 MHz, 405 MHz, P8, 14.81 W
1, 2026/09/15 09:57:23.362, 1, 16, 210 MHz, 405 MHz, P8, 14.03 W
0, 2026/09/15 09:57:23.562, 1, 16, 210 MHz, 405 MHz, P8, 14.81 W
1, 2026/09/15 09:57:23.562, 1, 16, 210 MHz, 405 MHz, P8, 14.03 W
0, 2026/09/15 09:57:23.763, 1, 16, 210 MHz, 405 MHz, P8, 14.81 W
1, 2026/09/15 09:57:23.763, 1, 16, 210 MHz, 405 MHz, P8, 14.03 W
0, 2026/09/15 09:57:23.963, 1, 16, 210 MHz, 405 MHz, P8, 14.51 W
1, 2026/09/15 09:57:23.964, 1, 16, 210 MHz, 405 MHz, P8, 13.90 W
0, 2026/09/15 09:57:24.164, 1, 16, 210 MHz, 405 MHz, P8, 14.51 W
1, 2026/09/15 09:57:24.164, 1, 16, 210 MHz, 405 MHz, P8, 13.90 W
0, 2026/09/15 09:57:24.365, 1, 16, 210 MHz, 405 MHz, P8, 14.51 W
1, 2026/09/15 09:57:24.365, 1, 16, 210 MHz, 405 MHz, P8, 13.90 W
0, 2026/09/15 09:57:24.565, 1, 16, 210 MHz, 405 MHz, P8, 14.51 W
1, 2026/09/15 09:57:24.565, 1, 16, 210 MHz, 405 MHz, P8, 13.90 W
0, 2026/09/15 09:57:24.766, 1, 16, 210 MHz, 405 MHz, P8, 14.51 W
1, 2026/09/15 09:57:24.766, 1, 16, 210 MHz, 405 MHz, P8, 13.90 W
0, 2026/09/15 09:57:24.966, 1, 16, 210 MHz, 405 MHz, P8, 13.89 W
1, 2026/09/15 09:57:24.966, 1, 16, 210 MHz, 405 MHz, P8, 13.65 W
0, 2026/09/15 09:57:25.167, 1, 16, 210 MHz, 405 MHz, P8, 13.89 W
1, 2026/09/15 09:57:25.167, 1, 16, 210 MHz, 405 MHz, P8, 13.65 W
0, 2026/09/15 09:57:25.367, 1, 16, 210 MHz, 405 MHz, P8, 13.89 W
1, 2026/09/15 09:57:25.367, 1, 16, 210 MHz, 405 MHz, P8, 13.65 W
0, 2026/09/15 09:57:25.567, 1, 16, 210 MHz, 405 MHz, P8, 13.89 W
1, 2026/09/15 09:57:25.568, 1, 16, 210 MHz, 405 MHz, P8, 13.65 W
0, 2026/09/15 09:57:25.768, 1, 16, 210 MHz, 405 MHz, P8, 13.89 W
1, 2026/09/15 09:57:25.768, 1, 16, 210 MHz, 405 MHz, P8, 13.65 W
0, 2026/09/15 09:57:25.968, 1, 16, 210 MHz, 405 MHz, P8, 13.44 W
1, 2026/09/15 09:57:25.968, 1, 16, 210 MHz, 405 MHz, P8, 13.44 W
0, 2026/09/15 09:57:26.169, 1, 16, 210 MHz, 405 MHz, P8, 13.44 W
1, 2026/09/15 09:57:26.169, 1, 16, 210 MHz, 405 MHz, P8, 13.44 W
0, 2026/09/15 09:57:26.369, 1, 16, 210 MHz, 405 MHz, P8, 13.44 W
1, 2026/09/15 09:57:26.369, 1, 16, 210 MHz, 405 MHz, P8, 13.44 W
0, 2026/09/15 09:57:26.569, 1, 16, 210 MHz, 405 MHz, P8, 13.44 W
1, 2026/09/15 09:57:26.569, 1, 16, 210 MHz, 405 MHz, P8, 13.44 W
0, 2026/09/15 09:57:26.770, 1, 16, 210 MHz, 405 MHz, P8, 13.44 W
1, 2026/09/15 09:57:26.770, 1, 16, 210 MHz, 405 MHz, P8, 13.44 W
0, 2026/09/15 09:57:26.970, 1, 16, 210 MHz, 405 MHz, P8, 13.68 W
1, 2026/09/15 09:57:26.970, 1, 16, 210 MHz, 405 MHz, P8, 13.54 W
0, 2026/09/15 09:57:27.170, 1, 16, 210 MHz, 405 MHz, P8, 13.68 W
1, 2026/09/15 09:57:27.171, 1, 16, 210 MHz, 405 MHz, P8, 13.54 W
0, 2026/09/15 09:57:27.371, 1, 16, 210 MHz, 405 MHz, P8, 13.68 W
1, 2026/09/15 09:57:27.371, 1, 16, 210 MHz, 405 MHz, P8, 13.54 W
0, 2026/09/15 09:57:27.571, 1, 16, 210 MHz, 405 MHz, P8, 13.68 W
1, 2026/09/15 09:57:27.571, 1, 16, 210 MHz, 405 MHz, P8, 13.54 W
0, 2026/09/15 09:57:27.771, 1, 16, 210 MHz, 405 MHz, P8, 13.68 W
1, 2026/09/15 09:57:27.772, 1, 16, 210 MHz, 405 MHz, P8, 13.54 W
0, 2026/09/15 09:57:27.972, 1, 16, 210 MHz, 405 MHz, P8, 14.17 W
1, 2026/09/15 09:57:27.972, 1, 16, 210 MHz, 405 MHz, P8, 13.67 W
0, 2026/09/15 09:57:28.172, 1, 16, 210 MHz, 405 MHz, P8, 14.17 W
1, 2026/09/15 09:57:28.173, 1, 16, 210 MHz, 405 MHz, P8, 13.67 W
0, 2026/09/15 09:57:28.373, 1, 16, 210 MHz, 405 MHz, P8, 14.17 W
1, 2026/09/15 09:57:28.373, 1, 16, 210 MHz, 405 MHz, P8, 13.67 W
0, 2026/09/15 09:57:28.573, 1, 16, 210 MHz, 405 MHz, P8, 14.17 W
1, 2026/09/15 09:57:28.603, 1, 16, 210 MHz, 405 MHz, P8, 13.67 W
0, 2026/09/15 09:57:28.804, 1, 16, 210 MHz, 405 MHz, P8, 14.17 W
1, 2026/09/15 09:57:28.805, 1, 16, 210 MHz, 405 MHz, P8, 13.67 W
0, 2026/09/15 09:57:29.005, 1, 16, 210 MHz, 405 MHz, P8, 14.58 W
1, 2026/09/15 09:57:29.005, 1, 16, 210 MHz, 405 MHz, P8, 13.78 W
0, 2026/09/15 09:57:29.205, 1, 16, 210 MHz, 405 MHz, P8, 14.58 W
1, 2026/09/15 09:57:29.205, 1, 16, 210 MHz, 405 MHz, P8, 13.78 W
0, 2026/09/15 09:57:29.406, 1, 16, 210 MHz, 405 MHz, P8, 14.58 W
1, 2026/09/15 09:57:29.406, 1, 16, 210 MHz, 405 MHz, P8, 13.78 W
0, 2026/09/15 09:57:29.606, 1, 16, 210 MHz, 405 MHz, P8, 14.58 W
1, 2026/09/15 09:57:29.606, 1, 16, 210 MHz, 405 MHz, P8, 13.78 W
0, 2026/09/15 09:57:29.806, 1, 16, 210 MHz, 405 MHz, P8, 14.58 W
1, 2026/09/15 09:57:29.807, 1, 16, 210 MHz, 405 MHz, P8, 13.78 W
0, 2026/09/15 09:57:30.007, 1, 16, 210 MHz, 405 MHz, P8, 14.97 W
1, 2026/09/15 09:57:30.007, 1, 16, 210 MHz, 405 MHz, P8, 14.12 W
0, 2026/09/15 09:57:30.207, 1, 16, 210 MHz, 405 MHz, P8, 14.97 W
1, 2026/09/15 09:57:30.207, 1, 16, 210 MHz, 405 MHz, P8, 14.12 W
0, 2026/09/15 09:57:30.408, 1, 16, 210 MHz, 405 MHz, P8, 14.97 W
1, 2026/09/15 09:57:30.408, 1, 16, 210 MHz, 405 MHz, P8, 14.12 W
0, 2026/09/15 09:57:30.608, 1, 16, 210 MHz, 405 MHz, P8, 14.97 W
1, 2026/09/15 09:57:30.608, 1, 16, 210 MHz, 405 MHz, P8, 14.12 W
0, 2026/09/15 09:57:30.808, 1, 16, 210 MHz, 405 MHz, P8, 14.97 W
1, 2026/09/15 09:57:30.808, 1, 16, 210 MHz, 405 MHz, P8, 14.12 W
0, 2026/09/15 09:57:31.009, 1, 16, 210 MHz, 405 MHz, P8, 15.30 W
1, 2026/09/15 09:57:31.009, 1, 16, 210 MHz, 405 MHz, P8, 14.28 W
0, 2026/09/15 09:57:31.209, 1, 16, 210 MHz, 405 MHz, P8, 15.30 W
1, 2026/09/15 09:57:31.209, 1, 16, 210 MHz, 405 MHz, P8, 14.28 W
0, 2026/09/15 09:57:31.410, 1, 16, 210 MHz, 405 MHz, P8, 15.30 W
1, 2026/09/15 09:57:31.410, 1, 16, 210 MHz, 405 MHz, P8, 14.28 W
0, 2026/09/15 09:57:31.610, 1, 16, 210 MHz, 405 MHz, P8, 15.30 W
1, 2026/09/15 09:57:31.610, 1, 16, 210 MHz, 405 MHz, P8, 14.28 W
0, 2026/09/15 09:57:31.810, 1, 16, 210 MHz, 405 MHz, P8, 15.30 W
1, 2026/09/15 09:57:31.811, 1, 16, 210 MHz, 405 MHz, P8, 14.28 W
0, 2026/09/15 09:57:32.011, 1, 16, 210 MHz, 405 MHz, P8, 15.02 W
1, 2026/09/15 09:57:32.011, 1, 16, 210 MHz, 405 MHz, P8, 14.05 W
0, 2026/09/15 09:57:32.212, 1, 16, 210 MHz, 405 MHz, P8, 15.02 W
1, 2026/09/15 09:57:32.212, 1, 16, 210 MHz, 405 MHz, P8, 14.05 W
0, 2026/09/15 09:57:32.412, 1, 16, 210 MHz, 405 MHz, P8, 15.02 W
1, 2026/09/15 09:57:32.412, 1, 16, 210 MHz, 405 MHz, P8, 14.05 W
0, 2026/09/15 09:57:32.613, 1, 16, 210 MHz, 405 MHz, P8, 15.02 W
1, 2026/09/15 09:57:32.613, 1, 16, 210 MHz, 405 MHz, P8, 14.05 W
0, 2026/09/15 09:57:32.813, 1, 16, 210 MHz, 405 MHz, P8, 15.02 W
1, 2026/09/15 09:57:32.813, 1, 16, 210 MHz, 405 MHz, P8, 14.05 W
0, 2026/09/15 09:57:33.013, 1, 16, 210 MHz, 405 MHz, P8, 14.18 W
1, 2026/09/15 09:57:33.014, 1, 16, 210 MHz, 405 MHz, P8, 13.78 W
0, 2026/09/15 09:57:33.214, 1, 16, 210 MHz, 405 MHz, P8, 14.18 W
1, 2026/09/15 09:57:33.214, 1, 16, 210 MHz, 405 MHz, P8, 13.78 W
0, 2026/09/15 09:57:33.414, 1, 16, 210 MHz, 405 MHz, P8, 14.18 W
1, 2026/09/15 09:57:33.414, 1, 16, 210 MHz, 405 MHz, P8, 13.78 W
0, 2026/09/15 09:57:33.615, 1, 16, 210 MHz, 405 MHz, P8, 14.18 W
1, 2026/09/15 09:57:33.615, 1, 16, 210 MHz, 405 MHz, P8, 13.78 W
0, 2026/09/15 09:57:33.815, 1, 16, 210 MHz, 405 MHz, P8, 14.18 W
1, 2026/09/15 09:57:33.815, 1, 16, 210 MHz, 405 MHz, P8, 13.78 W
0, 2026/09/15 09:57:34.016, 1, 16, 210 MHz, 405 MHz, P8, 13.90 W
1, 2026/09/15 09:57:34.016, 1, 16, 210 MHz, 405 MHz, P8, 13.63 W
0, 2026/09/15 09:57:34.216, 1, 16, 210 MHz, 405 MHz, P8, 13.90 W
1, 2026/09/15 09:57:34.216, 1, 16, 210 MHz, 405 MHz, P8, 13.63 W
0, 2026/09/15 09:57:34.416, 1, 16, 210 MHz, 405 MHz, P8, 13.90 W
1, 2026/09/15 09:57:34.417, 1, 16, 210 MHz, 405 MHz, P8, 13.63 W
0, 2026/09/15 09:57:34.617, 1, 16, 210 MHz, 405 MHz, P8, 13.90 W
1, 2026/09/15 09:57:34.617, 1, 16, 210 MHz, 405 MHz, P8, 13.63 W
0, 2026/09/15 09:57:34.817, 1, 16, 210 MHz, 405 MHz, P8, 13.90 W
1, 2026/09/15 09:57:34.818, 1, 16, 210 MHz, 405 MHz, P8, 13.63 W
0, 2026/09/15 09:57:35.018, 1, 16, 210 MHz, 405 MHz, P8, 14.31 W
1, 2026/09/15 09:57:35.018, 1, 16, 210 MHz, 405 MHz, P8, 13.66 W
0, 2026/09/15 09:57:35.218, 1, 16, 210 MHz, 405 MHz, P8, 14.31 W
1, 2026/09/15 09:57:35.219, 1, 16, 210 MHz, 405 MHz, P8, 13.66 W
0, 2026/09/15 09:57:35.419, 1, 16, 210 MHz, 405 MHz, P8, 14.31 W
1, 2026/09/15 09:57:35.419, 1, 16, 210 MHz, 405 MHz, P8, 13.66 W
0, 2026/09/15 09:57:35.619, 1, 16, 210 MHz, 405 MHz, P8, 14.31 W
1, 2026/09/15 09:57:35.619, 1, 16, 210 MHz, 405 MHz, P8, 13.66 W
0, 2026/09/15 09:57:35.820, 1, 16, 210 MHz, 405 MHz, P8, 14.31 W
1, 2026/09/15 09:57:35.820, 1, 16, 210 MHz, 405 MHz, P8, 13.66 W
0, 2026/09/15 09:57:36.020, 1, 16, 210 MHz, 405 MHz, P8, 14.89 W
1, 2026/09/15 09:57:36.020, 1, 16, 210 MHz, 405 MHz, P8, 13.96 W
0, 2026/09/15 09:57:36.220, 1, 16, 210 MHz, 405 MHz, P8, 14.89 W
1, 2026/09/15 09:57:36.221, 1, 16, 210 MHz, 405 MHz, P8, 13.96 W
0, 2026/09/15 09:57:36.421, 1, 16, 210 MHz, 405 MHz, P8, 14.89 W
1, 2026/09/15 09:57:36.421, 1, 16, 210 MHz, 405 MHz, P8, 13.96 W
0, 2026/09/15 09:57:36.621, 1, 16, 210 MHz, 405 MHz, P8, 14.89 W
1, 2026/09/15 09:57:36.621, 1, 16, 210 MHz, 405 MHz, P8, 13.96 W
0, 2026/09/15 09:57:36.822, 1, 16, 210 MHz, 405 MHz, P8, 14.89 W
1, 2026/09/15 09:57:36.822, 1, 16, 210 MHz, 405 MHz, P8, 13.96 W
0, 2026/09/15 09:57:37.022, 1, 16, 210 MHz, 405 MHz, P8, 15.37 W
1, 2026/09/15 09:57:37.022, 1, 16, 210 MHz, 405 MHz, P8, 14.31 W
0, 2026/09/15 09:57:37.222, 1, 16, 210 MHz, 405 MHz, P8, 15.37 W
1, 2026/09/15 09:57:37.223, 1, 16, 210 MHz, 405 MHz, P8, 14.31 W
0, 2026/09/15 09:57:37.423, 1, 16, 210 MHz, 405 MHz, P8, 15.37 W
1, 2026/09/15 09:57:37.423, 1, 16, 210 MHz, 405 MHz, P8, 14.31 W
0, 2026/09/15 09:57:37.623, 1, 16, 210 MHz, 405 MHz, P8, 15.37 W
1, 2026/09/15 09:57:37.623, 1, 16, 210 MHz, 405 MHz, P8, 14.31 W
0, 2026/09/15 09:57:37.824, 1, 16, 210 MHz, 405 MHz, P8, 15.37 W
1, 2026/09/15 09:57:37.824, 1, 16, 210 MHz, 405 MHz, P8, 14.31 W
0, 2026/09/15 09:57:38.024, 1, 16, 210 MHz, 405 MHz, P8, 15.63 W
1, 2026/09/15 09:57:38.024, 1, 16, 210 MHz, 405 MHz, P8, 14.54 W
0, 2026/09/15 09:57:38.224, 1, 16, 210 MHz, 405 MHz, P8, 15.63 W
1, 2026/09/15 09:57:38.225, 1, 16, 210 MHz, 405 MHz, P8, 14.54 W
0, 2026/09/15 09:57:38.425, 1, 16, 210 MHz, 405 MHz, P8, 15.63 W
1, 2026/09/15 09:57:38.425, 1, 16, 210 MHz, 405 MHz, P8, 14.54 W
0, 2026/09/15 09:57:38.625, 1, 16, 210 MHz, 405 MHz, P8, 15.63 W
1, 2026/09/15 09:57:38.626, 1, 16, 210 MHz, 405 MHz, P8, 14.54 W
0, 2026/09/15 09:57:38.826, 1, 16, 210 MHz, 405 MHz, P8, 15.63 W
1, 2026/09/15 09:57:38.826, 1, 16, 210 MHz, 405 MHz, P8, 14.54 W
0, 2026/09/15 09:57:39.026, 1, 16, 210 MHz, 405 MHz, P8, 15.90 W
1, 2026/09/15 09:57:39.026, 1, 16, 210 MHz, 405 MHz, P8, 14.65 W
0, 2026/09/15 09:57:39.227, 1, 16, 210 MHz, 405 MHz, P8, 15.90 W
1, 2026/09/15 09:57:39.227, 1, 16, 210 MHz, 405 MHz, P8, 14.65 W
0, 2026/09/15 09:57:39.427, 1, 16, 210 MHz, 405 MHz, P8, 15.90 W
1, 2026/09/15 09:57:39.427, 1, 16, 210 MHz, 405 MHz, P8, 14.65 W
0, 2026/09/15 09:57:39.628, 1, 16, 210 MHz, 405 MHz, P8, 15.90 W
1, 2026/09/15 09:57:39.628, 1, 16, 210 MHz, 405 MHz, P8, 14.65 W
0, 2026/09/15 09:57:39.828, 1, 16, 210 MHz, 405 MHz, P8, 15.90 W
1, 2026/09/15 09:57:39.828, 1, 16, 210 MHz, 405 MHz, P8, 14.52 W
0, 2026/09/15 09:57:40.029, 1, 16, 210 MHz, 405 MHz, P8, 15.72 W
1, 2026/09/15 09:57:40.029, 1, 16, 210 MHz, 405 MHz, P8, 14.52 W
0, 2026/09/15 09:57:40.229, 1, 16, 210 MHz, 405 MHz, P8, 15.72 W
1, 2026/09/15 09:57:40.229, 1, 16, 210 MHz, 405 MHz, P8, 14.52 W
0, 2026/09/15 09:57:40.429, 1, 16, 210 MHz, 405 MHz, P8, 15.72 W
1, 2026/09/15 09:57:40.430, 1, 16, 210 MHz, 405 MHz, P8, 14.52 W
0, 2026/09/15 09:57:40.630, 1, 16, 210 MHz, 405 MHz, P8, 15.72 W
1, 2026/09/15 09:57:40.630, 1, 16, 210 MHz, 405 MHz, P8, 14.52 W
0, 2026/09/15 09:57:40.831, 1, 16, 210 MHz, 405 MHz, P8, 15.72 W
1, 2026/09/15 09:57:40.831, 1, 16, 210 MHz, 405 MHz, P8, 14.32 W
0, 2026/09/15 09:57:41.031, 1, 16, 210 MHz, 405 MHz, P8, 15.30 W
1, 2026/09/15 09:57:41.032, 1, 16, 210 MHz, 405 MHz, P8, 14.32 W
0, 2026/09/15 09:57:41.232, 1, 16, 210 MHz, 405 MHz, P8, 15.30 W
1, 2026/09/15 09:57:41.232, 1, 16, 210 MHz, 405 MHz, P8, 14.32 W
0, 2026/09/15 09:57:41.433, 1, 16, 210 MHz, 405 MHz, P8, 15.30 W
1, 2026/09/15 09:57:41.433, 1, 16, 210 MHz, 405 MHz, P8, 14.32 W
0, 2026/09/15 09:57:41.633, 1, 16, 210 MHz, 405 MHz, P8, 15.30 W
1, 2026/09/15 09:57:41.633, 1, 16, 210 MHz, 405 MHz, P8, 14.32 W
0, 2026/09/15 09:57:41.834, 1, 16, 210 MHz, 405 MHz, P8, 15.30 W
1, 2026/09/15 09:57:41.834, 1, 16, 210 MHz, 405 MHz, P8, 13.96 W
0, 2026/09/15 09:57:42.034, 1, 16, 210 MHz, 405 MHz, P8, 14.69 W
1, 2026/09/15 09:57:42.034, 1, 16, 210 MHz, 405 MHz, P8, 13.96 W
0, 2026/09/15 09:57:42.235, 1, 16, 210 MHz, 405 MHz, P8, 14.69 W
1, 2026/09/15 09:57:42.235, 1, 16, 210 MHz, 405 MHz, P8, 13.96 W
0, 2026/09/15 09:57:42.435, 1, 16, 210 MHz, 405 MHz, P8, 14.69 W
1, 2026/09/15 09:57:42.435, 1, 16, 210 MHz, 405 MHz, P8, 13.96 W
0, 2026/09/15 09:57:42.635, 1, 16, 210 MHz, 405 MHz, P8, 14.69 W
1, 2026/09/15 09:57:42.636, 1, 16, 210 MHz, 405 MHz, P8, 13.96 W
0, 2026/09/15 09:57:42.836, 1, 16, 210 MHz, 405 MHz, P8, 14.69 W
1, 2026/09/15 09:57:42.836, 1, 16, 210 MHz, 405 MHz, P8, 13.78 W
0, 2026/09/15 09:57:43.036, 1, 16, 210 MHz, 405 MHz, P8, 14.42 W
1, 2026/09/15 09:57:43.036, 1, 16, 210 MHz, 405 MHz, P8, 13.78 W
0, 2026/09/15 09:57:43.237, 1, 16, 210 MHz, 405 MHz, P8, 14.42 W
1, 2026/09/15 09:57:43.237, 1, 16, 210 MHz, 405 MHz, P8, 13.78 W
0, 2026/09/15 09:57:43.437, 1, 16, 210 MHz, 405 MHz, P8, 14.42 W
1, 2026/09/15 09:57:43.437, 1, 16, 210 MHz, 405 MHz, P8, 13.78 W
0, 2026/09/15 09:57:43.638, 1, 16, 210 MHz, 405 MHz, P8, 14.42 W
1, 2026/09/15 09:57:43.638, 1, 16, 210 MHz, 405 MHz, P8, 13.78 W
0, 2026/09/15 09:57:43.838, 1, 16, 210 MHz, 405 MHz, P8, 14.42 W
1, 2026/09/15 09:57:43.838, 1, 16, 210 MHz, 405 MHz, P8, 14.00 W
0, 2026/09/15 09:57:44.038, 1, 16, 210 MHz, 405 MHz, P8, 14.66 W
1, 2026/09/15 09:57:44.039, 1, 16, 210 MHz, 405 MHz, P8, 14.00 W
0, 2026/09/15 09:57:44.239, 1, 16, 210 MHz, 405 MHz, P8, 14.66 W
1, 2026/09/15 09:57:44.239, 1, 16, 210 MHz, 405 MHz, P8, 14.00 W
0, 2026/09/15 09:57:44.439, 1, 16, 210 MHz, 405 MHz, P8, 14.66 W
1, 2026/09/15 09:57:44.440, 1, 16, 210 MHz, 405 MHz, P8, 14.00 W
0, 2026/09/15 09:57:44.640, 1, 16, 210 MHz, 405 MHz, P8, 14.66 W
1, 2026/09/15 09:57:44.640, 1, 16, 210 MHz, 405 MHz, P8, 14.00 W
0, 2026/09/15 09:57:44.840, 1, 16, 210 MHz, 405 MHz, P8, 14.66 W
1, 2026/09/15 09:57:44.840, 1, 16, 210 MHz, 405 MHz, P8, 14.25 W
0, 2026/09/15 09:57:45.041, 1, 16, 210 MHz, 405 MHz, P8, 14.74 W
1, 2026/09/15 09:57:45.041, 1, 16, 210 MHz, 405 MHz, P8, 14.25 W
0, 2026/09/15 09:57:45.241, 1, 16, 210 MHz, 405 MHz, P8, 14.74 W
1, 2026/09/15 09:57:45.241, 1, 16, 210 MHz, 405 MHz, P8, 14.25 W
0, 2026/09/15 09:57:45.442, 1, 16, 210 MHz, 405 MHz, P8, 14.74 W
1, 2026/09/15 09:57:45.442, 1, 16, 210 MHz, 405 MHz, P8, 14.25 W
0, 2026/09/15 09:57:45.642, 1, 16, 210 MHz, 405 MHz, P8, 14.74 W
1, 2026/09/15 09:57:45.642, 1, 16, 210 MHz, 405 MHz, P8, 14.25 W
0, 2026/09/15 09:57:45.843, 1, 16, 210 MHz, 405 MHz, P8, 14.74 W
1, 2026/09/15 09:57:45.843, 1, 16, 210 MHz, 405 MHz, P8, 14.19 W
0, 2026/09/15 09:57:46.043, 1, 16, 210 MHz, 405 MHz, P8, 14.69 W
1, 2026/09/15 09:57:46.043, 1, 16, 210 MHz, 405 MHz, P8, 14.19 W
0, 2026/09/15 09:57:46.243, 1, 16, 210 MHz, 405 MHz, P8, 14.69 W
1, 2026/09/15 09:57:46.244, 1, 16, 210 MHz, 405 MHz, P8, 14.19 W
0, 2026/09/15 09:57:46.444, 1, 16, 210 MHz, 405 MHz, P8, 14.69 W
1, 2026/09/15 09:57:46.444, 1, 16, 210 MHz, 405 MHz, P8, 14.19 W
0, 2026/09/15 09:57:46.644, 1, 16, 210 MHz, 405 MHz, P8, 14.69 W
1, 2026/09/15 09:57:46.645, 1, 16, 210 MHz, 405 MHz, P8, 14.19 W
0, 2026/09/15 09:57:46.845, 1, 16, 210 MHz, 405 MHz, P8, 14.69 W
1, 2026/09/15 09:57:46.845, 1, 16, 210 MHz, 405 MHz, P8, 13.90 W
0, 2026/09/15 09:57:47.045, 1, 16, 210 MHz, 405 MHz, P8, 14.45 W
1, 2026/09/15 09:57:47.045, 1, 16, 210 MHz, 405 MHz, P8, 13.90 W
0, 2026/09/15 09:57:47.246, 1, 16, 210 MHz, 405 MHz, P8, 14.45 W
1, 2026/09/15 09:57:47.246, 1, 16, 210 MHz, 405 MHz, P8, 13.90 W
0, 2026/09/15 09:57:47.446, 1, 16, 210 MHz, 405 MHz, P8, 14.45 W
1, 2026/09/15 09:57:47.446, 1, 16, 210 MHz, 405 MHz, P8, 13.90 W
0, 2026/09/15 09:57:47.646, 1, 16, 210 MHz, 405 MHz, P8, 14.45 W
1, 2026/09/15 09:57:47.647, 1, 16, 210 MHz, 405 MHz, P8, 13.90 W
0, 2026/09/15 09:57:47.847, 1, 16, 210 MHz, 405 MHz, P8, 14.45 W
1, 2026/09/15 09:57:47.847, 1, 16, 210 MHz, 405 MHz, P8, 13.57 W
0, 2026/09/15 09:57:48.047, 1, 16, 210 MHz, 405 MHz, P8, 14.29 W
1, 2026/09/15 09:57:48.047, 1, 16, 210 MHz, 405 MHz, P8, 13.57 W
0, 2026/09/15 09:57:48.248, 1, 16, 210 MHz, 405 MHz, P8, 14.29 W
1, 2026/09/15 09:57:48.248, 1, 16, 210 MHz, 405 MHz, P8, 13.57 W
0, 2026/09/15 09:57:48.448, 1, 16, 210 MHz, 405 MHz, P8, 14.29 W
1, 2026/09/15 09:57:48.448, 1, 16, 210 MHz, 405 MHz, P8, 13.57 W
0, 2026/09/15 09:57:48.648, 1, 16, 210 MHz, 405 MHz, P8, 14.29 W
1, 2026/09/15 09:57:48.649, 1, 16, 210 MHz, 405 MHz, P8, 13.57 W
0, 2026/09/15 09:57:48.849, 1, 16, 210 MHz, 405 MHz, P8, 14.29 W
1, 2026/09/15 09:57:48.849, 1, 16, 210 MHz, 405 MHz, P8, 13.43 W
0, 2026/09/15 09:57:49.049, 1, 16, 210 MHz, 405 MHz, P8, 14.45 W
1, 2026/09/15 09:57:49.050, 1, 16, 210 MHz, 405 MHz, P8, 13.43 W
0, 2026/09/15 09:57:49.250, 1, 16, 210 MHz, 405 MHz, P8, 14.45 W
1, 2026/09/15 09:57:49.250, 1, 16, 210 MHz, 405 MHz, P8, 13.43 W
0, 2026/09/15 09:57:49.450, 1, 16, 210 MHz, 405 MHz, P8, 14.45 W
1, 2026/09/15 09:57:49.450, 1, 16, 210 MHz, 405 MHz, P8, 13.43 W
0, 2026/09/15 09:57:49.651, 1, 16, 210 MHz, 405 MHz, P8, 14.45 W
1, 2026/09/15 09:57:49.651, 1, 16, 210 MHz, 405 MHz, P8, 13.43 W
0, 2026/09/15 09:57:49.851, 1, 16, 210 MHz, 405 MHz, P8, 14.45 W
1, 2026/09/15 09:57:49.851, 1, 16, 210 MHz, 405 MHz, P8, 13.44 W
0, 2026/09/15 09:57:50.051, 1, 16, 210 MHz, 405 MHz, P8, 14.65 W
1, 2026/09/15 09:57:50.052, 1, 16, 210 MHz, 405 MHz, P8, 13.44 W
0, 2026/09/15 09:57:50.252, 1, 16, 210 MHz, 405 MHz, P8, 14.65 W
1, 2026/09/15 09:57:50.252, 1, 16, 210 MHz, 405 MHz, P8, 13.44 W
0, 2026/09/15 09:57:50.452, 1, 16, 210 MHz, 405 MHz, P8, 14.65 W
1, 2026/09/15 09:57:50.452, 1, 16, 210 MHz, 405 MHz, P8, 13.44 W
0, 2026/09/15 09:57:50.653, 1, 16, 210 MHz, 405 MHz, P8, 14.65 W
1, 2026/09/15 09:57:50.653, 1, 16, 210 MHz, 405 MHz, P8, 13.44 W
0, 2026/09/15 09:57:50.853, 1, 16, 210 MHz, 405 MHz, P8, 14.65 W
1, 2026/09/15 09:57:50.853, 1, 16, 210 MHz, 405 MHz, P8, 13.48 W
0, 2026/09/15 09:57:51.053, 1, 16, 210 MHz, 405 MHz, P8, 14.63 W
1, 2026/09/15 09:57:51.054, 1, 16, 210 MHz, 405 MHz, P8, 13.48 W
0, 2026/09/15 09:57:51.254, 1, 16, 210 MHz, 405 MHz, P8, 14.63 W
1, 2026/09/15 09:57:51.254, 1, 16, 210 MHz, 405 MHz, P8, 13.48 W
0, 2026/09/15 09:57:51.454, 1, 16, 210 MHz, 405 MHz, P8, 14.63 W
1, 2026/09/15 09:57:51.454, 1, 16, 210 MHz, 405 MHz, P8, 13.48 W
0, 2026/09/15 09:57:51.655, 1, 16, 210 MHz, 405 MHz, P8, 14.63 W
1, 2026/09/15 09:57:51.655, 1, 16, 210 MHz, 405 MHz, P8, 13.48 W
0, 2026/09/15 09:57:51.855, 1, 16, 210 MHz, 405 MHz, P8, 14.63 W
1, 2026/09/15 09:57:51.855, 1, 16, 210 MHz, 405 MHz, P8, 13.51 W
0, 2026/09/15 09:57:52.055, 1, 16, 210 MHz, 405 MHz, P8, 14.61 W
1, 2026/09/15 09:57:52.056, 1, 16, 210 MHz, 405 MHz, P8, 13.51 W
0, 2026/09/15 09:57:52.256, 1, 16, 210 MHz, 405 MHz, P8, 14.61 W
1, 2026/09/15 09:57:52.256, 1, 16, 210 MHz, 405 MHz, P8, 13.51 W
0, 2026/09/15 09:57:52.456, 1, 16, 210 MHz, 405 MHz, P8, 14.61 W
1, 2026/09/15 09:57:52.456, 1, 16, 210 MHz, 405 MHz, P8, 13.51 W
0, 2026/09/15 09:57:52.657, 1, 16, 210 MHz, 405 MHz, P8, 14.61 W
1, 2026/09/15 09:57:52.657, 1, 16, 210 MHz, 405 MHz, P8, 13.51 W
0, 2026/09/15 09:57:52.857, 1, 16, 210 MHz, 405 MHz, P8, 14.61 W
1, 2026/09/15 09:57:52.857, 1, 16, 210 MHz, 405 MHz, P8, 13.51 W
0, 2026/09/15 09:57:53.057, 1, 16, 210 MHz, 405 MHz, P8, 14.55 W
1, 2026/09/15 09:57:53.058, 1, 16, 210 MHz, 405 MHz, P8, 13.51 W
0, 2026/09/15 09:57:53.258, 1, 16, 210 MHz, 405 MHz, P8, 14.55 W
1, 2026/09/15 09:57:53.258, 1, 16, 210 MHz, 405 MHz, P8, 13.51 W
0, 2026/09/15 09:57:53.458, 1, 16, 210 MHz, 405 MHz, P8, 14.55 W
1, 2026/09/15 09:57:53.458, 1, 16, 210 MHz, 405 MHz, P8, 13.51 W
0, 2026/09/15 09:57:53.659, 1, 16, 210 MHz, 405 MHz, P8, 14.55 W
1, 2026/09/15 09:57:53.659, 1, 16, 210 MHz, 405 MHz, P8, 13.51 W
0, 2026/09/15 09:57:53.859, 1, 16, 210 MHz, 405 MHz, P8, 14.55 W
1, 2026/09/15 09:57:53.859, 1, 16, 210 MHz, 405 MHz, P8, 13.56 W
0, 2026/09/15 09:57:54.059, 1, 16, 210 MHz, 405 MHz, P8, 14.62 W
1, 2026/09/15 09:57:54.060, 1, 16, 210 MHz, 405 MHz, P8, 13.56 W
0, 2026/09/15 09:57:54.260, 1, 16, 210 MHz, 405 MHz, P8, 14.62 W
1, 2026/09/15 09:57:54.260, 1, 16, 210 MHz, 405 MHz, P8, 13.56 W
0, 2026/09/15 09:57:54.460, 1, 16, 210 MHz, 405 MHz, P8, 14.62 W
1, 2026/09/15 09:57:54.460, 1, 16, 210 MHz, 405 MHz, P8, 13.56 W
0, 2026/09/15 09:57:54.661, 1, 16, 210 MHz, 405 MHz, P8, 14.62 W
1, 2026/09/15 09:57:54.661, 1, 16, 210 MHz, 405 MHz, P8, 13.56 W
0, 2026/09/15 09:57:54.861, 1, 16, 210 MHz, 405 MHz, P8, 14.62 W
1, 2026/09/15 09:57:54.861, 1, 16, 210 MHz, 405 MHz, P8, 13.57 W
0, 2026/09/15 09:57:55.061, 1, 16, 210 MHz, 405 MHz, P8, 14.77 W
1, 2026/09/15 09:57:55.062, 1, 16, 210 MHz, 405 MHz, P8, 13.57 W
0, 2026/09/15 09:57:55.262, 1, 16, 210 MHz, 405 MHz, P8, 14.77 W
1, 2026/09/15 09:57:55.262, 1, 16, 210 MHz, 405 MHz, P8, 13.57 W
0, 2026/09/15 09:57:55.462, 1, 16, 210 MHz, 405 MHz, P8, 14.77 W
1, 2026/09/15 09:57:55.462, 1, 16, 210 MHz, 405 MHz, P8, 13.57 W
0, 2026/09/15 09:57:55.663, 1, 16, 210 MHz, 405 MHz, P8, 14.77 W
1, 2026/09/15 09:57:55.663, 1, 16, 210 MHz, 405 MHz, P8, 13.57 W
0, 2026/09/15 09:57:55.863, 1, 16, 210 MHz, 405 MHz, P8, 14.77 W
1, 2026/09/15 09:57:55.863, 1, 16, 210 MHz, 405 MHz, P8, 13.70 W
0, 2026/09/15 09:57:56.063, 1, 16, 210 MHz, 405 MHz, P8, 14.85 W
1, 2026/09/15 09:57:56.064, 1, 16, 210 MHz, 405 MHz, P8, 13.70 W
0, 2026/09/15 09:57:56.264, 1, 16, 210 MHz, 405 MHz, P8, 14.85 W
1, 2026/09/15 09:57:56.264, 1, 16, 210 MHz, 405 MHz, P8, 13.70 W
0, 2026/09/15 09:57:56.464, 1, 16, 210 MHz, 405 MHz, P8, 14.85 W
1, 2026/09/15 09:57:56.464, 1, 16, 210 MHz, 405 MHz, P8, 13.70 W
0, 2026/09/15 09:57:56.665, 1, 16, 210 MHz, 405 MHz, P8, 14.85 W
1, 2026/09/15 09:57:56.665, 1, 16, 210 MHz, 405 MHz, P8, 13.70 W
0, 2026/09/15 09:57:56.865, 1, 16, 210 MHz, 405 MHz, P8, 14.85 W
1, 2026/09/15 09:57:56.865, 1, 16, 210 MHz, 405 MHz, P8, 13.72 W
0, 2026/09/15 09:57:57.066, 1, 16, 210 MHz, 405 MHz, P8, 14.77 W
1, 2026/09/15 09:57:57.066, 1, 16, 210 MHz, 405 MHz, P8, 13.72 W
0, 2026/09/15 09:57:57.266, 1, 16, 210 MHz, 405 MHz, P8, 14.77 W
1, 2026/09/15 09:57:57.266, 1, 16, 210 MHz, 405 MHz, P8, 13.72 W
0, 2026/09/15 09:57:57.466, 1, 16, 210 MHz, 405 MHz, P8, 14.77 W
1, 2026/09/15 09:57:57.467, 1, 16, 210 MHz, 405 MHz, P8, 13.72 W
0, 2026/09/15 09:57:57.667, 1, 16, 210 MHz, 405 MHz, P8, 14.77 W
1, 2026/09/15 09:57:57.667, 1, 16, 210 MHz, 405 MHz, P8, 13.72 W
0, 2026/09/15 09:57:57.867, 1, 16, 210 MHz, 405 MHz, P8, 14.77 W
1, 2026/09/15 09:57:57.867, 1, 16, 210 MHz, 405 MHz, P8, 13.66 W
0, 2026/09/15 09:57:58.068, 1, 16, 210 MHz, 405 MHz, P8, 14.60 W
1, 2026/09/15 09:57:58.068, 1, 16, 210 MHz, 405 MHz, P8, 13.66 W
0, 2026/09/15 09:57:58.268, 1, 16, 210 MHz, 405 MHz, P8, 14.60 W
1, 2026/09/15 09:57:58.269, 1, 16, 210 MHz, 405 MHz, P8, 13.66 W
0, 2026/09/15 09:57:58.469, 1, 16, 210 MHz, 405 MHz, P8, 14.60 W
1, 2026/09/15 09:57:58.469, 1, 16, 210 MHz, 405 MHz, P8, 13.66 W
0, 2026/09/15 09:57:58.669, 1, 16, 210 MHz, 405 MHz, P8, 14.60 W
1, 2026/09/15 09:57:58.669, 1, 16, 210 MHz, 405 MHz, P8, 13.66 W
0, 2026/09/15 09:57:58.870, 1, 16, 210 MHz, 405 MHz, P8, 14.60 W
1, 2026/09/15 09:57:58.870, 1, 16, 210 MHz, 405 MHz, P8, 13.70 W
0, 2026/09/15 09:57:59.070, 1, 16, 210 MHz, 405 MHz, P8, 14.72 W
1, 2026/09/15 09:57:59.070, 1, 16, 210 MHz, 405 MHz, P8, 13.70 W
0, 2026/09/15 09:57:59.270, 1, 16, 210 MHz, 405 MHz, P8, 14.72 W
1, 2026/09/15 09:57:59.271, 1, 16, 210 MHz, 405 MHz, P8, 13.70 W
0, 2026/09/15 09:57:59.471, 1, 16, 210 MHz, 405 MHz, P8, 14.72 W
1, 2026/09/15 09:57:59.492, 1, 16, 210 MHz, 405 MHz, P8, 13.70 W
0, 2026/09/15 09:57:59.693, 1, 16, 210 MHz, 405 MHz, P8, 14.72 W
1, 2026/09/15 09:57:59.693, 1, 16, 210 MHz, 405 MHz, P8, 13.70 W
0, 2026/09/15 09:57:59.893, 1, 16, 210 MHz, 405 MHz, P8, 14.70 W
1, 2026/09/15 09:57:59.894, 1, 16, 210 MHz, 405 MHz, P8, 13.66 W
0, 2026/09/15 09:58:00.094, 1, 16, 210 MHz, 405 MHz, P8, 14.70 W
1, 2026/09/15 09:58:00.094, 1, 16, 210 MHz, 405 MHz, P8, 13.66 W
0, 2026/09/15 09:58:00.294, 1, 16, 210 MHz, 405 MHz, P8, 14.70 W
1, 2026/09/15 09:58:00.294, 1, 16, 210 MHz, 405 MHz, P8, 13.66 W
0, 2026/09/15 09:58:00.495, 1, 16, 210 MHz, 405 MHz, P8, 14.70 W
1, 2026/09/15 09:58:00.495, 1, 16, 210 MHz, 405 MHz, P8, 13.66 W
0, 2026/09/15 09:58:00.695, 1, 16, 210 MHz, 405 MHz, P8, 14.70 W
1, 2026/09/15 09:58:00.695, 1, 16, 210 MHz, 405 MHz, P8, 13.66 W
0, 2026/09/15 09:58:00.896, 1, 16, 210 MHz, 405 MHz, P8, 14.61 W
1, 2026/09/15 09:58:00.896, 1, 16, 210 MHz, 405 MHz, P8, 13.59 W
0, 2026/09/15 09:58:01.096, 1, 16, 210 MHz, 405 MHz, P8, 14.61 W
1, 2026/09/15 09:58:01.096, 1, 16, 210 MHz, 405 MHz, P8, 13.59 W
0, 2026/09/15 09:58:01.296, 1, 16, 210 MHz, 405 MHz, P8, 14.61 W
1, 2026/09/15 09:58:01.297, 1, 16, 210 MHz, 405 MHz, P8, 13.59 W
0, 2026/09/15 09:58:01.497, 1, 16, 210 MHz, 405 MHz, P8, 14.61 W
1, 2026/09/15 09:58:01.497, 1, 16, 210 MHz, 405 MHz, P8, 13.59 W
0, 2026/09/15 09:58:01.697, 1, 16, 210 MHz, 405 MHz, P8, 14.61 W
1, 2026/09/15 09:58:01.697, 1, 16, 210 MHz, 405 MHz, P8, 13.59 W
0, 2026/09/15 09:58:01.898, 1, 16, 210 MHz, 405 MHz, P8, 14.61 W
1, 2026/09/15 09:58:01.898, 1, 16, 210 MHz, 405 MHz, P8, 13.62 W
0, 2026/09/15 09:58:02.098, 1, 16, 210 MHz, 405 MHz, P8, 14.61 W
1, 2026/09/15 09:58:02.098, 1, 16, 210 MHz, 405 MHz, P8, 13.62 W
0, 2026/09/15 09:58:02.298, 1, 16, 210 MHz, 405 MHz, P8, 14.61 W
1, 2026/09/15 09:58:02.299, 1, 16, 210 MHz, 405 MHz, P8, 13.62 W
0, 2026/09/15 09:58:02.499, 1, 16, 210 MHz, 405 MHz, P8, 14.61 W
1, 2026/09/15 09:58:02.499, 1, 16, 210 MHz, 405 MHz, P8, 13.62 W
0, 2026/09/15 09:58:02.699, 1, 16, 210 MHz, 405 MHz, P8, 14.61 W
1, 2026/09/15 09:58:02.699, 1, 16, 210 MHz, 405 MHz, P8, 13.62 W
0, 2026/09/15 09:58:02.900, 1, 16, 210 MHz, 405 MHz, P8, 14.76 W
1, 2026/09/15 09:58:02.900, 1, 16, 210 MHz, 405 MHz, P8, 13.77 W
0, 2026/09/15 09:58:03.100, 1, 16, 210 MHz, 405 MHz, P8, 14.76 W
1, 2026/09/15 09:58:03.100, 1, 16, 210 MHz, 405 MHz, P8, 13.77 W
0, 2026/09/15 09:58:03.300, 1, 16, 210 MHz, 405 MHz, P8, 14.76 W
1, 2026/09/15 09:58:03.301, 1, 16, 210 MHz, 405 MHz, P8, 13.77 W
0, 2026/09/15 09:58:03.501, 1, 16, 210 MHz, 405 MHz, P8, 14.76 W
1, 2026/09/15 09:58:03.501, 1, 16, 210 MHz, 405 MHz, P8, 13.77 W
0, 2026/09/15 09:58:03.701, 1, 16, 210 MHz, 405 MHz, P8, 14.76 W
1, 2026/09/15 09:58:03.701, 1, 16, 210 MHz, 405 MHz, P8, 13.77 W
0, 2026/09/15 09:58:03.902, 1, 16, 210 MHz, 405 MHz, P8, 14.88 W
1, 2026/09/15 09:58:03.902, 1, 16, 210 MHz, 405 MHz, P8, 13.79 W
0, 2026/09/15 09:58:04.102, 1, 16, 210 MHz, 405 MHz, P8, 14.88 W
1, 2026/09/15 09:58:04.102, 1, 16, 210 MHz, 405 MHz, P8, 13.79 W
0, 2026/09/15 09:58:04.302, 1, 16, 210 MHz, 405 MHz, P8, 14.88 W
1, 2026/09/15 09:58:04.303, 1, 16, 210 MHz, 405 MHz, P8, 13.79 W
0, 2026/09/15 09:58:04.503, 1, 16, 210 MHz, 405 MHz, P8, 14.88 W
1, 2026/09/15 09:58:04.503, 1, 16, 210 MHz, 405 MHz, P8, 13.79 W
0, 2026/09/15 09:58:04.703, 1, 16, 210 MHz, 405 MHz, P8, 14.88 W
1, 2026/09/15 09:58:04.703, 1, 16, 210 MHz, 405 MHz, P8, 13.79 W
0, 2026/09/15 09:58:04.904, 1, 16, 210 MHz, 405 MHz, P8, 14.81 W
1, 2026/09/15 09:58:04.904, 1, 16, 210 MHz, 405 MHz, P8, 13.83 W
0, 2026/09/15 09:58:05.104, 1, 16, 210 MHz, 405 MHz, P8, 14.81 W
1, 2026/09/15 09:58:05.104, 1, 16, 210 MHz, 405 MHz, P8, 13.83 W
0, 2026/09/15 09:58:05.304, 1, 16, 210 MHz, 405 MHz, P8, 14.81 W
1, 2026/09/15 09:58:05.305, 1, 16, 210 MHz, 405 MHz, P8, 13.83 W
0, 2026/09/15 09:58:05.505, 1, 16, 210 MHz, 405 MHz, P8, 14.81 W
1, 2026/09/15 09:58:05.505, 1, 16, 210 MHz, 405 MHz, P8, 13.83 W
0, 2026/09/15 09:58:05.705, 1, 16, 210 MHz, 405 MHz, P8, 14.81 W
1, 2026/09/15 09:58:05.705, 1, 16, 210 MHz, 405 MHz, P8, 13.83 W
0, 2026/09/15 09:58:05.906, 1, 16, 210 MHz, 405 MHz, P8, 14.74 W
1, 2026/09/15 09:58:05.906, 1, 16, 210 MHz, 405 MHz, P8, 13.94 W
0, 2026/09/15 09:58:06.106, 1, 16, 210 MHz, 405 MHz, P8, 14.74 W
1, 2026/09/15 09:58:06.106, 1, 16, 210 MHz, 405 MHz, P8, 13.94 W
0, 2026/09/15 09:58:06.307, 1, 16, 210 MHz, 405 MHz, P8, 14.74 W
1, 2026/09/15 09:58:06.307, 1, 16, 210 MHz, 405 MHz, P8, 13.94 W
0, 2026/09/15 09:58:06.507, 1, 16, 210 MHz, 405 MHz, P8, 14.74 W
1, 2026/09/15 09:58:06.507, 1, 16, 210 MHz, 405 MHz, P8, 13.94 W
0, 2026/09/15 09:58:06.707, 1, 16, 210 MHz, 405 MHz, P8, 14.74 W
1, 2026/09/15 09:58:06.708, 1, 16, 210 MHz, 405 MHz, P8, 13.94 W
0, 2026/09/15 09:58:06.908, 1, 16, 210 MHz, 405 MHz, P8, 15.20 W
1, 2026/09/15 09:58:06.908, 1, 16, 210 MHz, 405 MHz, P8, 14.21 W
0, 2026/09/15 09:58:07.108, 1, 16, 210 MHz, 405 MHz, P8, 15.20 W
1, 2026/09/15 09:58:07.108, 1, 16, 210 MHz, 405 MHz, P8, 14.21 W
0, 2026/09/15 09:58:07.309, 1, 16, 210 MHz, 405 MHz, P8, 15.20 W
1, 2026/09/15 09:58:07.309, 1, 16, 210 MHz, 405 MHz, P8, 14.21 W
0, 2026/09/15 09:58:07.509, 1, 16, 210 MHz, 405 MHz, P8, 15.20 W
1, 2026/09/15 09:58:07.509, 1, 16, 210 MHz, 405 MHz, P8, 14.21 W
0, 2026/09/15 09:58:07.710, 1, 16, 210 MHz, 405 MHz, P8, 15.20 W
1, 2026/09/15 09:58:07.710, 1, 16, 210 MHz, 405 MHz, P8, 14.21 W
0, 2026/09/15 09:58:07.910, 1, 16, 210 MHz, 405 MHz, P8, 15.89 W
1, 2026/09/15 09:58:07.910, 1, 16, 210 MHz, 405 MHz, P8, 14.51 W
0, 2026/09/15 09:58:08.110, 1, 16, 210 MHz, 405 MHz, P8, 15.89 W
1, 2026/09/15 09:58:08.111, 1, 16, 210 MHz, 405 MHz, P8, 14.51 W
0, 2026/09/15 09:58:08.311, 1, 16, 210 MHz, 405 MHz, P8, 15.89 W
1, 2026/09/15 09:58:08.311, 1, 16, 210 MHz, 405 MHz, P8, 14.51 W
0, 2026/09/15 09:58:08.511, 1, 16, 210 MHz, 405 MHz, P8, 15.89 W
1, 2026/09/15 09:58:08.511, 1, 16, 210 MHz, 405 MHz, P8, 14.51 W
0, 2026/09/15 09:58:08.712, 1, 16, 210 MHz, 405 MHz, P8, 15.89 W
1, 2026/09/15 09:58:08.712, 1, 16, 210 MHz, 405 MHz, P8, 14.51 W
0, 2026/09/15 09:58:08.912, 1, 16, 210 MHz, 405 MHz, P8, 16.12 W
1, 2026/09/15 09:58:08.912, 1, 16, 210 MHz, 405 MHz, P8, 14.48 W
0, 2026/09/15 09:58:09.112, 1, 16, 210 MHz, 405 MHz, P8, 16.12 W
1, 2026/09/15 09:58:09.113, 1, 16, 210 MHz, 405 MHz, P8, 14.48 W
0, 2026/09/15 09:58:09.313, 1, 16, 210 MHz, 405 MHz, P8, 16.12 W
1, 2026/09/15 09:58:09.313, 1, 16, 210 MHz, 405 MHz, P8, 14.48 W
0, 2026/09/15 09:58:09.513, 1, 16, 210 MHz, 405 MHz, P8, 16.12 W
1, 2026/09/15 09:58:09.514, 1, 16, 210 MHz, 405 MHz, P8, 14.48 W
0, 2026/09/15 09:58:09.714, 1, 16, 210 MHz, 405 MHz, P8, 16.12 W
1, 2026/09/15 09:58:09.714, 1, 16, 210 MHz, 405 MHz, P8, 14.48 W
0, 2026/09/15 09:58:09.914, 1, 16, 210 MHz, 405 MHz, P8, 16.08 W
1, 2026/09/15 09:58:09.914, 1, 16, 210 MHz, 405 MHz, P8, 14.33 W
0, 2026/09/15 09:58:10.115, 1, 16, 210 MHz, 405 MHz, P8, 16.08 W
1, 2026/09/15 09:58:10.115, 1, 16, 210 MHz, 405 MHz, P8, 14.33 W
0, 2026/09/15 09:58:10.315, 1, 16, 210 MHz, 405 MHz, P8, 16.08 W
1, 2026/09/15 09:58:10.315, 1, 16, 210 MHz, 405 MHz, P8, 14.33 W
0, 2026/09/15 09:58:10.515, 1, 16, 210 MHz, 405 MHz, P8, 16.08 W
1, 2026/09/15 09:58:10.516, 1, 16, 210 MHz, 405 MHz, P8, 14.33 W
0, 2026/09/15 09:58:10.716, 1, 16, 210 MHz, 405 MHz, P8, 16.08 W
1, 2026/09/15 09:58:10.716, 1, 16, 210 MHz, 405 MHz, P8, 14.33 W
0, 2026/09/15 09:58:10.916, 1, 16, 210 MHz, 405 MHz, P8, 15.94 W
1, 2026/09/15 09:58:10.916, 1, 16, 210 MHz, 405 MHz, P8, 14.34 W
0, 2026/09/15 09:58:11.117, 1, 16, 210 MHz, 405 MHz, P8, 15.94 W
1, 2026/09/15 09:58:11.117, 1, 16, 210 MHz, 405 MHz, P8, 14.34 W
0, 2026/09/15 09:58:11.317, 1, 16, 210 MHz, 405 MHz, P8, 15.94 W
1, 2026/09/15 09:58:11.317, 1, 16, 210 MHz, 405 MHz, P8, 14.34 W
0, 2026/09/15 09:58:11.517, 1, 16, 210 MHz, 405 MHz, P8, 15.94 W
1, 2026/09/15 09:58:11.518, 1, 16, 210 MHz, 405 MHz, P8, 14.34 W
0, 2026/09/15 09:58:11.718, 1, 16, 210 MHz, 405 MHz, P8, 15.94 W
1, 2026/09/15 09:58:11.718, 1, 16, 210 MHz, 405 MHz, P8, 14.34 W
0, 2026/09/15 09:58:11.918, 1, 16, 210 MHz, 405 MHz, P8, 15.45 W
1, 2026/09/15 09:58:11.918, 1, 16, 210 MHz, 405 MHz, P8, 14.10 W
0, 2026/09/15 09:58:12.119, 1, 16, 210 MHz, 405 MHz, P8, 15.45 W
1, 2026/09/15 09:58:12.119, 1, 16, 210 MHz, 405 MHz, P8, 14.10 W
0, 2026/09/15 09:58:12.319, 1, 16, 210 MHz, 405 MHz, P8, 15.45 W
1, 2026/09/15 09:58:12.319, 1, 16, 210 MHz, 405 MHz, P8, 14.10 W
0, 2026/09/15 09:58:12.519, 1, 16, 210 MHz, 405 MHz, P8, 15.45 W
1, 2026/09/15 09:58:12.520, 1, 16, 210 MHz, 405 MHz, P8, 14.10 W
0, 2026/09/15 09:58:12.720, 1, 16, 210 MHz, 405 MHz, P8, 15.45 W
1, 2026/09/15 09:58:12.720, 1, 16, 210 MHz, 405 MHz, P8, 14.10 W
0, 2026/09/15 09:58:12.920, 1, 16, 210 MHz, 405 MHz, P8, 14.96 W
1, 2026/09/15 09:58:12.920, 1, 16, 210 MHz, 405 MHz, P8, 13.67 W
0, 2026/09/15 09:58:13.121, 1, 16, 210 MHz, 405 MHz, P8, 14.96 W
1, 2026/09/15 09:58:13.121, 1, 16, 210 MHz, 405 MHz, P8, 13.67 W
0, 2026/09/15 09:58:13.322, 1, 16, 210 MHz, 405 MHz, P8, 14.96 W
1, 2026/09/15 09:58:13.368, 1, 16, 210 MHz, 405 MHz, P8, 13.67 W
0, 2026/09/15 09:58:13.568, 1, 16, 210 MHz, 405 MHz, P8, 14.96 W
1, 2026/09/15 09:58:13.569, 1, 16, 210 MHz, 405 MHz, P8, 13.67 W
0, 2026/09/15 09:58:13.769, 1, 16, 210 MHz, 405 MHz, P8, 14.96 W
1, 2026/09/15 09:58:13.769, 1, 16, 210 MHz, 405 MHz, P8, 13.67 W
0, 2026/09/15 09:58:13.969, 1, 16, 210 MHz, 405 MHz, P8, 14.99 W
1, 2026/09/15 09:58:13.969, 1, 16, 210 MHz, 405 MHz, P8, 13.59 W
0, 2026/09/15 09:58:14.170, 1, 16, 210 MHz, 405 MHz, P8, 14.99 W
1, 2026/09/15 09:58:14.170, 1, 16, 210 MHz, 405 MHz, P8, 13.59 W
0, 2026/09/15 09:58:14.370, 1, 16, 210 MHz, 405 MHz, P8, 14.99 W
1, 2026/09/15 09:58:14.370, 1, 16, 210 MHz, 405 MHz, P8, 13.59 W
0, 2026/09/15 09:58:14.570, 1, 16, 210 MHz, 405 MHz, P8, 14.99 W
1, 2026/09/15 09:58:14.571, 1, 16, 210 MHz, 405 MHz, P8, 13.59 W
0, 2026/09/15 09:58:14.771, 1, 16, 210 MHz, 405 MHz, P8, 14.99 W
1, 2026/09/15 09:58:14.771, 1, 16, 210 MHz, 405 MHz, P8, 13.59 W
0, 2026/09/15 09:58:14.971, 1, 16, 210 MHz, 405 MHz, P8, 14.98 W
1, 2026/09/15 09:58:14.971, 1, 16, 210 MHz, 405 MHz, P8, 13.70 W
0, 2026/09/15 09:58:15.172, 1, 16, 210 MHz, 405 MHz, P8, 14.98 W
1, 2026/09/15 09:58:15.172, 1, 16, 210 MHz, 405 MHz, P8, 13.70 W
0, 2026/09/15 09:58:15.372, 1, 16, 210 MHz, 405 MHz, P8, 14.98 W
1, 2026/09/15 09:58:15.372, 1, 16, 210 MHz, 405 MHz, P8, 13.70 W
0, 2026/09/15 09:58:15.573, 1, 16, 210 MHz, 405 MHz, P8, 14.98 W
1, 2026/09/15 09:58:15.573, 1, 16, 210 MHz, 405 MHz, P8, 13.70 W
0, 2026/09/15 09:58:15.773, 1, 16, 210 MHz, 405 MHz, P8, 14.98 W
1, 2026/09/15 09:58:15.773, 1, 16, 210 MHz, 405 MHz, P8, 13.70 W
0, 2026/09/15 09:58:15.974, 1, 16, 210 MHz, 405 MHz, P8, 14.89 W
1, 2026/09/15 09:58:15.974, 1, 16, 210 MHz, 405 MHz, P8, 13.72 W
0, 2026/09/15 09:58:16.174, 1, 16, 210 MHz, 405 MHz, P8, 14.89 W
1, 2026/09/15 09:58:16.174, 1, 16, 210 MHz, 405 MHz, P8, 13.72 W
0, 2026/09/15 09:58:16.374, 1, 16, 210 MHz, 405 MHz, P8, 14.89 W
1, 2026/09/15 09:58:16.375, 1, 16, 210 MHz, 405 MHz, P8, 13.72 W
0, 2026/09/15 09:58:16.575, 1, 16, 210 MHz, 405 MHz, P8, 14.89 W
1, 2026/09/15 09:58:16.575, 1, 16, 210 MHz, 405 MHz, P8, 13.72 W
0, 2026/09/15 09:58:16.775, 1, 16, 210 MHz, 405 MHz, P8, 14.89 W
1, 2026/09/15 09:58:16.775, 1, 16, 210 MHz, 405 MHz, P8, 13.72 W
0, 2026/09/15 09:58:16.976, 1, 16, 210 MHz, 405 MHz, P8, 14.86 W
1, 2026/09/15 09:58:16.976, 1, 16, 210 MHz, 405 MHz, P8, 13.65 W
0, 2026/09/15 09:58:17.176, 1, 16, 210 MHz, 405 MHz, P8, 14.86 W
1, 2026/09/15 09:58:17.176, 1, 16, 210 MHz, 405 MHz, P8, 13.65 W
0, 2026/09/15 09:58:17.376, 1, 16, 210 MHz, 405 MHz, P8, 14.86 W
1, 2026/09/15 09:58:17.377, 1, 16, 210 MHz, 405 MHz, P8, 13.65 W
0, 2026/09/15 09:58:17.577, 1, 16, 210 MHz, 405 MHz, P8, 14.86 W
1, 2026/09/15 09:58:17.577, 1, 16, 210 MHz, 405 MHz, P8, 13.65 W
0, 2026/09/15 09:58:17.777, 1, 16, 210 MHz, 405 MHz, P8, 14.86 W
1, 2026/09/15 09:58:17.777, 1, 16, 210 MHz, 405 MHz, P8, 13.65 W
0, 2026/09/15 09:58:17.978, 1, 16, 210 MHz, 405 MHz, P8, 15.14 W
1, 2026/09/15 09:58:17.978, 1, 16, 210 MHz, 405 MHz, P8, 13.68 W
0, 2026/09/15 09:58:18.178, 1, 16, 210 MHz, 405 MHz, P8, 15.14 W
1, 2026/09/15 09:58:18.178, 1, 16, 210 MHz, 405 MHz, P8, 13.68 W
0, 2026/09/15 09:58:18.378, 1, 16, 210 MHz, 405 MHz, P8, 15.14 W
1, 2026/09/15 09:58:18.379, 1, 16, 210 MHz, 405 MHz, P8, 13.68 W
0, 2026/09/15 09:58:18.579, 1, 16, 210 MHz, 405 MHz, P8, 15.14 W
1, 2026/09/15 09:58:18.580, 1, 16, 210 MHz, 405 MHz, P8, 13.68 W
0, 2026/09/15 09:58:18.780, 1, 16, 210 MHz, 405 MHz, P8, 15.14 W
1, 2026/09/15 09:58:18.780, 1, 16, 210 MHz, 405 MHz, P8, 13.68 W
0, 2026/09/15 09:58:18.980, 1, 16, 210 MHz, 405 MHz, P8, 15.23 W
1, 2026/09/15 09:58:18.980, 1, 16, 210 MHz, 405 MHz, P8, 13.76 W
0, 2026/09/15 09:58:19.181, 1, 16, 210 MHz, 405 MHz, P8, 15.23 W
1, 2026/09/15 09:58:19.181, 1, 16, 210 MHz, 405 MHz, P8, 13.76 W
0, 2026/09/15 09:58:19.381, 1, 16, 210 MHz, 405 MHz, P8, 15.23 W
1, 2026/09/15 09:58:19.381, 1, 16, 210 MHz, 405 MHz, P8, 13.76 W
0, 2026/09/15 09:58:19.582, 1, 16, 210 MHz, 405 MHz, P8, 15.23 W
1, 2026/09/15 09:58:19.582, 1, 16, 210 MHz, 405 MHz, P8, 13.76 W
0, 2026/09/15 09:58:19.782, 1, 16, 210 MHz, 405 MHz, P8, 15.23 W
1, 2026/09/15 09:58:19.782, 1, 16, 210 MHz, 405 MHz, P8, 13.76 W
0, 2026/09/15 09:58:19.983, 1, 16, 210 MHz, 405 MHz, P8, 14.87 W
1, 2026/09/15 09:58:19.983, 1, 16, 210 MHz, 405 MHz, P8, 13.61 W
0, 2026/09/15 09:58:20.183, 1, 16, 210 MHz, 405 MHz, P8, 14.87 W
1, 2026/09/15 09:58:20.183, 1, 16, 210 MHz, 405 MHz, P8, 13.61 W
0, 2026/09/15 09:58:20.383, 1, 16, 210 MHz, 405 MHz, P8, 14.87 W
1, 2026/09/15 09:58:20.384, 1, 16, 210 MHz, 405 MHz, P8, 13.61 W
0, 2026/09/15 09:58:20.584, 1, 16, 210 MHz, 405 MHz, P8, 14.87 W
1, 2026/09/15 09:58:20.584, 1, 16, 210 MHz, 405 MHz, P8, 13.61 W
0, 2026/09/15 09:58:20.784, 1, 16, 210 MHz, 405 MHz, P8, 14.87 W
1, 2026/09/15 09:58:20.784, 1, 16, 210 MHz, 405 MHz, P8, 13.61 W
0, 2026/09/15 09:58:20.985, 1, 16, 210 MHz, 405 MHz, P8, 14.66 W
1, 2026/09/15 09:58:20.985, 1, 16, 210 MHz, 405 MHz, P8, 13.64 W
0, 2026/09/15 09:58:21.185, 1, 16, 210 MHz, 405 MHz, P8, 14.66 W
1, 2026/09/15 09:58:21.185, 1, 16, 210 MHz, 405 MHz, P8, 13.64 W
0, 2026/09/15 09:58:21.385, 1, 16, 210 MHz, 405 MHz, P8, 14.66 W
1, 2026/09/15 09:58:21.386, 1, 16, 210 MHz, 405 MHz, P8, 13.64 W
0, 2026/09/15 09:58:21.586, 1, 16, 210 MHz, 405 MHz, P8, 14.66 W
1, 2026/09/15 09:58:21.586, 1, 16, 210 MHz, 405 MHz, P8, 13.64 W
0, 2026/09/15 09:58:21.786, 1, 16, 210 MHz, 405 MHz, P8, 14.66 W
1, 2026/09/15 09:58:21.787, 1, 16, 210 MHz, 405 MHz, P8, 13.64 W
0, 2026/09/15 09:58:21.987, 1, 16, 210 MHz, 405 MHz, P8, 14.75 W
1, 2026/09/15 09:58:21.987, 1, 16, 210 MHz, 405 MHz, P8, 13.78 W
0, 2026/09/15 09:58:22.187, 1, 16, 210 MHz, 405 MHz, P8, 14.75 W
1, 2026/09/15 09:58:22.187, 1, 16, 210 MHz, 405 MHz, P8, 13.78 W
0, 2026/09/15 09:58:22.388, 1, 16, 210 MHz, 405 MHz, P8, 14.75 W
1, 2026/09/15 09:58:22.388, 1, 16, 210 MHz, 405 MHz, P8, 13.78 W
0, 2026/09/15 09:58:22.588, 1, 16, 210 MHz, 405 MHz, P8, 14.75 W
1, 2026/09/15 09:58:22.588, 1, 16, 210 MHz, 405 MHz, P8, 13.78 W
0, 2026/09/15 09:58:22.789, 1, 16, 210 MHz, 405 MHz, P8, 14.75 W
1, 2026/09/15 09:58:22.789, 1, 16, 210 MHz, 405 MHz, P8, 13.78 W
0, 2026/09/15 09:58:22.989, 1, 16, 210 MHz, 405 MHz, P8, 14.91 W
1, 2026/09/15 09:58:22.989, 1, 16, 210 MHz, 405 MHz, P8, 13.92 W
0, 2026/09/15 09:58:23.189, 1, 16, 210 MHz, 405 MHz, P8, 14.91 W
1, 2026/09/15 09:58:23.190, 1, 16, 210 MHz, 405 MHz, P8, 13.92 W
0, 2026/09/15 09:58:23.390, 1, 16, 210 MHz, 405 MHz, P8, 14.91 W
1, 2026/09/15 09:58:23.390, 1, 16, 210 MHz, 405 MHz, P8, 13.92 W
0, 2026/09/15 09:58:23.590, 1, 16, 210 MHz, 405 MHz, P8, 14.91 W
1, 2026/09/15 09:58:23.590, 1, 16, 210 MHz, 405 MHz, P8, 13.92 W
0, 2026/09/15 09:58:23.791, 1, 16, 210 MHz, 405 MHz, P8, 14.91 W
1, 2026/09/15 09:58:23.791, 1, 16, 210 MHz, 405 MHz, P8, 13.92 W
0, 2026/09/15 09:58:23.991, 1, 16, 210 MHz, 405 MHz, P8, 14.86 W
1, 2026/09/15 09:58:23.991, 1, 16, 210 MHz, 405 MHz, P8, 13.99 W
0, 2026/09/15 09:58:24.191, 1, 16, 210 MHz, 405 MHz, P8, 14.86 W
1, 2026/09/15 09:58:24.192, 1, 16, 210 MHz, 405 MHz, P8, 13.99 W
0, 2026/09/15 09:58:24.392, 1, 16, 210 MHz, 405 MHz, P8, 14.86 W
1, 2026/09/15 09:58:24.392, 1, 16, 210 MHz, 405 MHz, P8, 13.99 W
0, 2026/09/15 09:58:24.592, 1, 16, 210 MHz, 405 MHz, P8, 14.86 W
1, 2026/09/15 09:58:24.592, 1, 16, 210 MHz, 405 MHz, P8, 13.99 W
0, 2026/09/15 09:58:24.793, 1, 16, 210 MHz, 405 MHz, P8, 14.86 W
1, 2026/09/15 09:58:24.793, 1, 16, 210 MHz, 405 MHz, P8, 13.99 W
0, 2026/09/15 09:58:24.993, 1, 16, 210 MHz, 405 MHz, P8, 14.96 W
1, 2026/09/15 09:58:24.993, 1, 16, 210 MHz, 405 MHz, P8, 13.88 W
0, 2026/09/15 09:58:25.193, 1, 16, 210 MHz, 405 MHz, P8, 14.96 W
1, 2026/09/15 09:58:25.194, 1, 16, 210 MHz, 405 MHz, P8, 13.88 W
0, 2026/09/15 09:58:25.394, 1, 16, 210 MHz, 405 MHz, P8, 14.96 W
1, 2026/09/15 09:58:25.394, 1, 16, 210 MHz, 405 MHz, P8, 13.88 W
0, 2026/09/15 09:58:25.594, 1, 16, 210 MHz, 405 MHz, P8, 14.96 W
1, 2026/09/15 09:58:25.594, 1, 16, 210 MHz, 405 MHz, P8, 13.88 W
0, 2026/09/15 09:58:25.795, 1, 16, 210 MHz, 405 MHz, P8, 14.96 W
1, 2026/09/15 09:58:25.795, 1, 16, 210 MHz, 405 MHz, P8, 13.88 W
0, 2026/09/15 09:58:25.995, 1, 16, 210 MHz, 405 MHz, P8, 15.14 W
1, 2026/09/15 09:58:25.995, 1, 16, 210 MHz, 405 MHz, P8, 13.86 W
0, 2026/09/15 09:58:26.195, 1, 16, 210 MHz, 405 MHz, P8, 15.14 W
1, 2026/09/15 09:58:26.196, 1, 16, 210 MHz, 405 MHz, P8, 13.86 W
0, 2026/09/15 09:58:26.396, 1, 16, 210 MHz, 405 MHz, P8, 15.14 W
1, 2026/09/15 09:58:26.396, 1, 16, 210 MHz, 405 MHz, P8, 13.86 W
0, 2026/09/15 09:58:26.596, 1, 16, 210 MHz, 405 MHz, P8, 15.14 W
1, 2026/09/15 09:58:26.596, 1, 16, 210 MHz, 405 MHz, P8, 13.86 W
0, 2026/09/15 09:58:26.797, 1, 16, 210 MHz, 405 MHz, P8, 15.14 W
1, 2026/09/15 09:58:26.797, 1, 16, 210 MHz, 405 MHz, P8, 13.86 W
0, 2026/09/15 09:58:26.997, 1, 16, 210 MHz, 405 MHz, P8, 15.08 W
1, 2026/09/15 09:58:26.997, 1, 16, 210 MHz, 405 MHz, P8, 13.85 W
0, 2026/09/15 09:58:27.198, 1, 16, 210 MHz, 405 MHz, P8, 15.08 W
1, 2026/09/15 09:58:27.198, 1, 16, 210 MHz, 405 MHz, P8, 13.85 W
0, 2026/09/15 09:58:27.398, 1, 16, 210 MHz, 405 MHz, P8, 15.08 W
1, 2026/09/15 09:58:27.398, 1, 16, 210 MHz, 405 MHz, P8, 13.85 W
0, 2026/09/15 09:58:27.598, 1, 16, 210 MHz, 405 MHz, P8, 15.08 W
1, 2026/09/15 09:58:27.599, 1, 16, 210 MHz, 405 MHz, P8, 13.85 W
0, 2026/09/15 09:58:27.799, 1, 16, 210 MHz, 405 MHz, P8, 15.08 W
1, 2026/09/15 09:58:27.799, 1, 16, 210 MHz, 405 MHz, P8, 13.85 W
0, 2026/09/15 09:58:28.000, 1, 16, 210 MHz, 405 MHz, P8, 15.07 W
1, 2026/09/15 09:58:28.000, 1, 16, 210 MHz, 405 MHz, P8, 13.79 W
0, 2026/09/15 09:58:28.200, 1, 16, 210 MHz, 405 MHz, P8, 15.07 W
1, 2026/09/15 09:58:28.200, 1, 16, 210 MHz, 405 MHz, P8, 13.79 W
0, 2026/09/15 09:58:28.401, 1, 16, 210 MHz, 405 MHz, P8, 15.07 W
1, 2026/09/15 09:58:28.401, 1, 16, 210 MHz, 405 MHz, P8, 13.79 W
0, 2026/09/15 09:58:28.601, 1, 16, 210 MHz, 405 MHz, P8, 15.07 W
1, 2026/09/15 09:58:28.601, 1, 16, 210 MHz, 405 MHz, P8, 13.79 W
0, 2026/09/15 09:58:28.802, 1, 16, 210 MHz, 405 MHz, P8, 15.07 W
1, 2026/09/15 09:58:28.802, 1, 16, 210 MHz, 405 MHz, P8, 13.79 W
0, 2026/09/15 09:58:29.002, 1, 16, 210 MHz, 405 MHz, P8, 15.03 W
1, 2026/09/15 09:58:29.002, 1, 16, 210 MHz, 405 MHz, P8, 13.71 W
0, 2026/09/15 09:58:29.203, 1, 16, 210 MHz, 405 MHz, P8, 15.03 W
1, 2026/09/15 09:58:29.203, 1, 16, 210 MHz, 405 MHz, P8, 13.71 W
0, 2026/09/15 09:58:29.403, 1, 16, 210 MHz, 405 MHz, P8, 15.03 W
1, 2026/09/15 09:58:29.404, 1, 16, 210 MHz, 405 MHz, P8, 13.71 W
0, 2026/09/15 09:58:29.604, 1, 16, 210 MHz, 405 MHz, P8, 15.03 W
1, 2026/09/15 09:58:29.604, 1, 16, 210 MHz, 405 MHz, P8, 13.71 W
0, 2026/09/15 09:58:29.804, 1, 16, 210 MHz, 405 MHz, P8, 15.03 W
1, 2026/09/15 09:58:29.804, 1, 16, 210 MHz, 405 MHz, P8, 13.71 W
0, 2026/09/15 09:58:30.005, 1, 16, 210 MHz, 405 MHz, P8, 15.01 W
1, 2026/09/15 09:58:30.005, 1, 16, 210 MHz, 405 MHz, P8, 13.80 W
0, 2026/09/15 09:58:30.205, 1, 16, 210 MHz, 405 MHz, P8, 15.01 W
1, 2026/09/15 09:58:30.205, 1, 16, 210 MHz, 405 MHz, P8, 13.80 W
0, 2026/09/15 09:58:30.406, 1, 16, 210 MHz, 405 MHz, P8, 15.01 W
1, 2026/09/15 09:58:30.406, 1, 16, 210 MHz, 405 MHz, P8, 13.80 W
0, 2026/09/15 09:58:30.606, 1, 16, 210 MHz, 405 MHz, P8, 15.01 W
1, 2026/09/15 09:58:30.607, 1, 16, 210 MHz, 405 MHz, P8, 13.80 W
0, 2026/09/15 09:58:30.807, 1, 16, 210 MHz, 405 MHz, P8, 15.01 W
1, 2026/09/15 09:58:30.807, 1, 16, 210 MHz, 405 MHz, P8, 13.80 W
0, 2026/09/15 09:58:31.007, 1, 16, 210 MHz, 405 MHz, P8, 15.35 W
1, 2026/09/15 09:58:31.007, 1, 16, 210 MHz, 405 MHz, P8, 13.86 W
0, 2026/09/15 09:58:31.208, 1, 16, 210 MHz, 405 MHz, P8, 15.35 W
1, 2026/09/15 09:58:31.208, 1, 16, 210 MHz, 405 MHz, P8, 13.86 W
0, 2026/09/15 09:58:31.408, 1, 16, 210 MHz, 405 MHz, P8, 15.35 W
1, 2026/09/15 09:58:31.408, 1, 16, 210 MHz, 405 MHz, P8, 13.86 W
0, 2026/09/15 09:58:31.609, 1, 16, 210 MHz, 405 MHz, P8, 15.35 W
1, 2026/09/15 09:58:31.609, 1, 16, 210 MHz, 405 MHz, P8, 13.86 W
0, 2026/09/15 09:58:31.809, 1, 16, 210 MHz, 405 MHz, P8, 15.35 W
1, 2026/09/15 09:58:31.809, 1, 16, 210 MHz, 405 MHz, P8, 13.86 W
0, 2026/09/15 09:58:32.009, 1, 16, 210 MHz, 405 MHz, P8, 15.50 W
1, 2026/09/15 09:58:32.010, 1, 16, 210 MHz, 405 MHz, P8, 13.81 W
0, 2026/09/15 09:58:32.210, 1, 16, 210 MHz, 405 MHz, P8, 15.50 W
1, 2026/09/15 09:58:32.210, 1, 16, 210 MHz, 405 MHz, P8, 13.81 W
0, 2026/09/15 09:58:32.410, 1, 16, 210 MHz, 405 MHz, P8, 15.50 W
1, 2026/09/15 09:58:32.411, 1, 16, 210 MHz, 405 MHz, P8, 13.81 W
0, 2026/09/15 09:58:32.611, 1, 16, 210 MHz, 405 MHz, P8, 15.50 W
1, 2026/09/15 09:58:32.611, 1, 16, 210 MHz, 405 MHz, P8, 13.81 W
0, 2026/09/15 09:58:32.811, 1, 16, 210 MHz, 405 MHz, P8, 15.50 W
1, 2026/09/15 09:58:32.811, 1, 16, 210 MHz, 405 MHz, P8, 13.81 W
0, 2026/09/15 09:58:33.012, 1, 16, 210 MHz, 405 MHz, P8, 15.30 W
1, 2026/09/15 09:58:33.012, 1, 16, 210 MHz, 405 MHz, P8, 13.80 W
0, 2026/09/15 09:58:33.212, 1, 16, 210 MHz, 405 MHz, P8, 15.30 W
1, 2026/09/15 09:58:33.213, 1, 16, 210 MHz, 405 MHz, P8, 13.80 W
0, 2026/09/15 09:58:33.413, 1, 16, 210 MHz, 405 MHz, P8, 15.30 W
1, 2026/09/15 09:58:33.413, 1, 16, 210 MHz, 405 MHz, P8, 13.80 W
0, 2026/09/15 09:58:33.613, 1, 16, 210 MHz, 405 MHz, P8, 15.30 W
1, 2026/09/15 09:58:33.613, 1, 16, 210 MHz, 405 MHz, P8, 13.80 W
0, 2026/09/15 09:58:33.814, 1, 16, 210 MHz, 405 MHz, P8, 15.30 W
1, 2026/09/15 09:58:33.814, 1, 16, 210 MHz, 405 MHz, P8, 13.80 W
0, 2026/09/15 09:58:34.014, 1, 16, 210 MHz, 405 MHz, P8, 15.56 W
1, 2026/09/15 09:58:34.014, 1, 16, 210 MHz, 405 MHz, P8, 13.88 W
0, 2026/09/15 09:58:34.215, 1, 16, 210 MHz, 405 MHz, P8, 15.56 W
1, 2026/09/15 09:58:34.215, 1, 16, 210 MHz, 405 MHz, P8, 13.88 W
0, 2026/09/15 09:58:34.415, 1, 16, 210 MHz, 405 MHz, P8, 15.56 W
1, 2026/09/15 09:58:34.415, 1, 16, 210 MHz, 405 MHz, P8, 13.88 W
0, 2026/09/15 09:58:34.616, 1, 16, 210 MHz, 405 MHz, P8, 15.56 W
1, 2026/09/15 09:58:34.616, 1, 16, 210 MHz, 405 MHz, P8, 13.88 W
0, 2026/09/15 09:58:34.816, 1, 16, 210 MHz, 405 MHz, P8, 15.56 W
1, 2026/09/15 09:58:34.816, 1, 16, 210 MHz, 405 MHz, P8, 13.88 W
0, 2026/09/15 09:58:35.016, 1, 16, 210 MHz, 405 MHz, P8, 15.61 W
1, 2026/09/15 09:58:35.017, 1, 16, 210 MHz, 405 MHz, P8, 13.82 W
0, 2026/09/15 09:58:35.217, 1, 16, 210 MHz, 405 MHz, P8, 15.61 W
1, 2026/09/15 09:58:35.217, 1, 16, 210 MHz, 405 MHz, P8, 13.82 W
0, 2026/09/15 09:58:35.418, 1, 16, 210 MHz, 405 MHz, P8, 15.61 W
1, 2026/09/15 09:58:35.418, 1, 16, 210 MHz, 405 MHz, P8, 13.82 W
0, 2026/09/15 09:58:35.618, 1, 16, 210 MHz, 405 MHz, P8, 15.61 W
1, 2026/09/15 09:58:35.618, 1, 16, 210 MHz, 405 MHz, P8, 13.82 W
0, 2026/09/15 09:58:35.818, 1, 16, 210 MHz, 405 MHz, P8, 15.61 W
1, 2026/09/15 09:58:35.819, 1, 16, 210 MHz, 405 MHz, P8, 13.82 W
0, 2026/09/15 09:58:36.019, 1, 16, 210 MHz, 405 MHz, P8, 15.34 W
1, 2026/09/15 09:58:36.019, 1, 16, 210 MHz, 405 MHz, P8, 13.62 W
0, 2026/09/15 09:58:36.219, 1, 16, 210 MHz, 405 MHz, P8, 15.34 W
1, 2026/09/15 09:58:36.219, 1, 16, 210 MHz, 405 MHz, P8, 13.62 W
0, 2026/09/15 09:58:36.420, 1, 16, 210 MHz, 405 MHz, P8, 15.34 W
1, 2026/09/15 09:58:36.420, 1, 16, 210 MHz, 405 MHz, P8, 13.62 W
0, 2026/09/15 09:58:36.620, 1, 16, 210 MHz, 405 MHz, P8, 15.34 W
1, 2026/09/15 09:58:36.620, 1, 16, 210 MHz, 405 MHz, P8, 13.62 W
0, 2026/09/15 09:58:36.820, 1, 16, 210 MHz, 405 MHz, P8, 15.34 W
1, 2026/09/15 09:58:36.821, 1, 16, 210 MHz, 405 MHz, P8, 13.62 W
0, 2026/09/15 09:58:37.021, 1, 16, 210 MHz, 405 MHz, P8, 15.39 W
1, 2026/09/15 09:58:37.021, 1, 16, 210 MHz, 405 MHz, P8, 13.59 W
0, 2026/09/15 09:58:37.221, 1, 16, 210 MHz, 405 MHz, P8, 15.39 W
1, 2026/09/15 09:58:37.221, 1, 16, 210 MHz, 405 MHz, P8, 13.59 W
0, 2026/09/15 09:58:37.422, 1, 16, 210 MHz, 405 MHz, P8, 15.39 W
1, 2026/09/15 09:58:37.422, 1, 16, 210 MHz, 405 MHz, P8, 13.59 W
0, 2026/09/15 09:58:37.622, 1, 16, 210 MHz, 405 MHz, P8, 15.39 W
1, 2026/09/15 09:58:37.622, 1, 16, 210 MHz, 405 MHz, P8, 13.59 W
0, 2026/09/15 09:58:37.822, 1, 16, 210 MHz, 405 MHz, P8, 15.39 W
1, 2026/09/15 09:58:37.823, 1, 16, 210 MHz, 405 MHz, P8, 13.59 W
0, 2026/09/15 09:58:38.023, 1, 16, 210 MHz, 405 MHz, P8, 15.15 W
1, 2026/09/15 09:58:38.023, 1, 16, 210 MHz, 405 MHz, P8, 13.52 W
0, 2026/09/15 09:58:38.223, 1, 16, 210 MHz, 405 MHz, P8, 15.15 W
1, 2026/09/15 09:58:38.223, 1, 16, 210 MHz, 405 MHz, P8, 13.52 W
0, 2026/09/15 09:58:38.424, 1, 16, 210 MHz, 405 MHz, P8, 15.15 W
1, 2026/09/15 09:58:38.424, 1, 16, 210 MHz, 405 MHz, P8, 13.52 W
0, 2026/09/15 09:58:38.624, 1, 16, 210 MHz, 405 MHz, P8, 15.15 W
1, 2026/09/15 09:58:38.624, 1, 16, 210 MHz, 405 MHz, P8, 13.52 W
0, 2026/09/15 09:58:38.824, 1, 16, 210 MHz, 405 MHz, P8, 15.15 W
1, 2026/09/15 09:58:38.824, 1, 16, 210 MHz, 405 MHz, P8, 13.52 W
0, 2026/09/15 09:58:39.025, 1, 16, 210 MHz, 405 MHz, P8, 14.82 W
1, 2026/09/15 09:58:39.025, 1, 16, 210 MHz, 405 MHz, P8, 13.32 W
0, 2026/09/15 09:58:39.225, 1, 16, 210 MHz, 405 MHz, P8, 14.82 W
1, 2026/09/15 09:58:39.225, 1, 16, 210 MHz, 405 MHz, P8, 13.32 W
0, 2026/09/15 09:58:39.425, 1, 16, 210 MHz, 405 MHz, P8, 14.82 W
1, 2026/09/15 09:58:39.426, 1, 16, 210 MHz, 405 MHz, P8, 13.32 W
0, 2026/09/15 09:58:39.626, 1, 16, 210 MHz, 405 MHz, P8, 14.82 W
1, 2026/09/15 09:58:39.626, 1, 16, 210 MHz, 405 MHz, P8, 13.32 W
0, 2026/09/15 09:58:39.826, 1, 16, 210 MHz, 405 MHz, P8, 14.82 W
1, 2026/09/15 09:58:39.826, 1, 16, 210 MHz, 405 MHz, P8, 13.32 W
0, 2026/09/15 09:58:40.027, 1, 16, 210 MHz, 405 MHz, P8, 14.77 W
1, 2026/09/15 09:58:40.027, 1, 16, 210 MHz, 405 MHz, P8, 13.26 W
0, 2026/09/15 09:58:40.227, 1, 16, 210 MHz, 405 MHz, P8, 14.77 W
1, 2026/09/15 09:58:40.227, 1, 16, 210 MHz, 405 MHz, P8, 13.26 W
0, 2026/09/15 09:58:40.427, 1, 16, 210 MHz, 405 MHz, P8, 14.77 W
1, 2026/09/15 09:58:40.428, 1, 16, 210 MHz, 405 MHz, P8, 13.26 W
0, 2026/09/15 09:58:40.628, 1, 16, 210 MHz, 405 MHz, P8, 14.77 W
1, 2026/09/15 09:58:40.628, 1, 16, 210 MHz, 405 MHz, P8, 13.26 W
0, 2026/09/15 09:58:40.828, 1, 16, 210 MHz, 405 MHz, P8, 14.77 W
1, 2026/09/15 09:58:40.828, 1, 16, 210 MHz, 405 MHz, P8, 13.26 W
0, 2026/09/15 09:58:41.029, 1, 16, 210 MHz, 405 MHz, P8, 14.78 W
1, 2026/09/15 09:58:41.029, 1, 16, 210 MHz, 405 MHz, P8, 13.31 W
0, 2026/09/15 09:58:41.229, 1, 16, 210 MHz, 405 MHz, P8, 14.78 W
1, 2026/09/15 09:58:41.229, 1, 16, 210 MHz, 405 MHz, P8, 13.31 W
0, 2026/09/15 09:58:41.429, 1, 16, 210 MHz, 405 MHz, P8, 14.78 W
1, 2026/09/15 09:58:41.429, 1, 16, 210 MHz, 405 MHz, P8, 13.31 W
0, 2026/09/15 09:58:41.630, 1, 16, 210 MHz, 405 MHz, P8, 14.78 W
1, 2026/09/15 09:58:41.630, 1, 16, 210 MHz, 405 MHz, P8, 13.31 W
0, 2026/09/15 09:58:41.830, 1, 16, 210 MHz, 405 MHz, P8, 14.78 W
1, 2026/09/15 09:58:41.830, 1, 16, 210 MHz, 405 MHz, P8, 13.46 W
0, 2026/09/15 09:58:42.030, 1, 16, 210 MHz, 405 MHz, P8, 15.11 W
1, 2026/09/15 09:58:42.031, 1, 16, 210 MHz, 405 MHz, P8, 13.46 W
0, 2026/09/15 09:58:42.231, 1, 16, 210 MHz, 405 MHz, P8, 15.11 W
1, 2026/09/15 09:58:42.231, 1, 16, 210 MHz, 405 MHz, P8, 13.46 W
0, 2026/09/15 09:58:42.431, 1, 16, 210 MHz, 405 MHz, P8, 15.11 W
1, 2026/09/15 09:58:42.431, 1, 16, 210 MHz, 405 MHz, P8, 13.46 W
0, 2026/09/15 09:58:42.632, 1, 16, 210 MHz, 405 MHz, P8, 15.11 W
1, 2026/09/15 09:58:42.632, 1, 16, 210 MHz, 405 MHz, P8, 13.46 W
0, 2026/09/15 09:58:42.832, 1, 16, 210 MHz, 405 MHz, P8, 15.11 W
1, 2026/09/15 09:58:42.832, 1, 16, 210 MHz, 405 MHz, P8, 13.70 W
0, 2026/09/15 09:58:43.032, 1, 16, 210 MHz, 405 MHz, P8, 15.37 W
1, 2026/09/15 09:58:43.033, 1, 16, 210 MHz, 405 MHz, P8, 13.70 W
0, 2026/09/15 09:58:43.233, 1, 16, 210 MHz, 405 MHz, P8, 15.37 W
1, 2026/09/15 09:58:43.233, 1, 16, 210 MHz, 405 MHz, P8, 13.70 W
0, 2026/09/15 09:58:43.433, 1, 16, 210 MHz, 405 MHz, P8, 15.37 W
1, 2026/09/15 09:58:43.433, 1, 16, 210 MHz, 405 MHz, P8, 13.70 W
0, 2026/09/15 09:58:43.634, 1, 16, 210 MHz, 405 MHz, P8, 15.37 W
1, 2026/09/15 09:58:43.634, 1, 16, 210 MHz, 405 MHz, P8, 13.70 W
0, 2026/09/15 09:58:43.834, 1, 16, 210 MHz, 405 MHz, P8, 15.37 W
1, 2026/09/15 09:58:43.834, 1, 16, 210 MHz, 405 MHz, P8, 13.65 W
0, 2026/09/15 09:58:44.034, 1, 16, 210 MHz, 405 MHz, P8, 15.50 W
1, 2026/09/15 09:58:44.035, 1, 16, 210 MHz, 405 MHz, P8, 13.65 W
0, 2026/09/15 09:58:44.235, 1, 16, 210 MHz, 405 MHz, P8, 15.50 W
1, 2026/09/15 09:58:44.235, 1, 16, 210 MHz, 405 MHz, P8, 13.65 W
0, 2026/09/15 09:58:44.435, 1, 16, 210 MHz, 405 MHz, P8, 15.50 W
1, 2026/09/15 09:58:44.435, 1, 16, 210 MHz, 405 MHz, P8, 13.65 W
0, 2026/09/15 09:58:44.636, 1, 16, 210 MHz, 405 MHz, P8, 15.50 W
1, 2026/09/15 09:58:44.636, 1, 16, 210 MHz, 405 MHz, P8, 13.65 W
0, 2026/09/15 09:58:44.836, 1, 16, 210 MHz, 405 MHz, P8, 15.50 W
1, 2026/09/15 09:58:44.836, 1, 16, 210 MHz, 405 MHz, P8, 13.43 W
0, 2026/09/15 09:58:45.036, 1, 16, 210 MHz, 405 MHz, P8, 15.35 W
1, 2026/09/15 09:58:45.037, 1, 16, 210 MHz, 405 MHz, P8, 13.43 W
0, 2026/09/15 09:58:45.237, 1, 16, 210 MHz, 405 MHz, P8, 15.35 W
1, 2026/09/15 09:58:45.237, 1, 16, 210 MHz, 405 MHz, P8, 13.43 W
0, 2026/09/15 09:58:45.437, 1, 16, 210 MHz, 405 MHz, P8, 15.35 W
1, 2026/09/15 09:58:45.437, 1, 16, 210 MHz, 405 MHz, P8, 13.43 W
0, 2026/09/15 09:58:45.638, 1, 16, 210 MHz, 405 MHz, P8, 15.35 W
1, 2026/09/15 09:58:45.638, 1, 16, 210 MHz, 405 MHz, P8, 13.43 W
0, 2026/09/15 09:58:45.838, 1, 16, 210 MHz, 405 MHz, P8, 15.35 W
1, 2026/09/15 09:58:45.838, 1, 16, 210 MHz, 405 MHz, P8, 13.33 W
0, 2026/09/15 09:58:46.038, 1, 16, 210 MHz, 405 MHz, P8, 15.18 W
1, 2026/09/15 09:58:46.039, 1, 16, 210 MHz, 405 MHz, P8, 13.33 W
0, 2026/09/15 09:58:46.239, 1, 16, 210 MHz, 405 MHz, P8, 15.18 W
1, 2026/09/15 09:58:46.239, 1, 16, 210 MHz, 405 MHz, P8, 13.33 W
0, 2026/09/15 09:58:46.439, 1, 16, 210 MHz, 405 MHz, P8, 15.18 W
1, 2026/09/15 09:58:46.439, 1, 16, 210 MHz, 405 MHz, P8, 13.33 W
0, 2026/09/15 09:58:46.640, 1, 16, 210 MHz, 405 MHz, P8, 15.18 W
1, 2026/09/15 09:58:46.640, 1, 16, 210 MHz, 405 MHz, P8, 13.33 W
0, 2026/09/15 09:58:46.840, 1, 16, 210 MHz, 405 MHz, P8, 15.18 W
1, 2026/09/15 09:58:46.840, 1, 16, 210 MHz, 405 MHz, P8, 13.39 W
0, 2026/09/15 09:58:47.040, 1, 16, 210 MHz, 405 MHz, P8, 15.51 W
1, 2026/09/15 09:58:47.041, 1, 16, 210 MHz, 405 MHz, P8, 13.39 W
0, 2026/09/15 09:58:47.241, 1, 16, 210 MHz, 405 MHz, P8, 15.51 W
1, 2026/09/15 09:58:47.241, 1, 16, 210 MHz, 405 MHz, P8, 13.39 W
0, 2026/09/15 09:58:47.441, 1, 16, 210 MHz, 405 MHz, P8, 15.51 W
1, 2026/09/15 09:58:47.441, 1, 16, 210 MHz, 405 MHz, P8, 13.39 W
0, 2026/09/15 09:58:47.642, 1, 16, 210 MHz, 405 MHz, P8, 15.51 W
1, 2026/09/15 09:58:47.642, 1, 16, 210 MHz, 405 MHz, P8, 13.39 W
0, 2026/09/15 09:58:47.842, 1, 16, 210 MHz, 405 MHz, P8, 15.51 W
1, 2026/09/15 09:58:47.842, 1, 16, 210 MHz, 405 MHz, P8, 13.41 W
0, 2026/09/15 09:58:48.043, 1, 16, 210 MHz, 405 MHz, P8, 15.63 W
1, 2026/09/15 09:58:48.043, 1, 16, 210 MHz, 405 MHz, P8, 13.41 W
0, 2026/09/15 09:58:48.243, 1, 16, 210 MHz, 405 MHz, P8, 15.63 W
1, 2026/09/15 09:58:48.243, 1, 16, 210 MHz, 405 MHz, P8, 13.41 W
0, 2026/09/15 09:58:48.443, 1, 16, 210 MHz, 405 MHz, P8, 15.63 W
1, 2026/09/15 09:58:48.444, 1, 16, 210 MHz, 405 MHz, P8, 13.41 W
0, 2026/09/15 09:58:48.644, 1, 16, 210 MHz, 405 MHz, P8, 15.63 W
1, 2026/09/15 09:58:48.644, 1, 16, 210 MHz, 405 MHz, P8, 13.41 W
0, 2026/09/15 09:58:48.844, 1, 16, 210 MHz, 405 MHz, P8, 15.63 W
1, 2026/09/15 09:58:48.845, 1, 16, 210 MHz, 405 MHz, P8, 13.49 W
0, 2026/09/15 09:58:49.045, 1, 16, 210 MHz, 405 MHz, P8, 15.24 W
1, 2026/09/15 09:58:49.045, 1, 16, 210 MHz, 405 MHz, P8, 13.49 W
0, 2026/09/15 09:58:49.245, 1, 16, 210 MHz, 405 MHz, P8, 15.24 W
1, 2026/09/15 09:58:49.245, 1, 16, 210 MHz, 405 MHz, P8, 13.49 W
0, 2026/09/15 09:58:49.446, 1, 16, 210 MHz, 405 MHz, P8, 15.24 W
1, 2026/09/15 09:58:49.446, 1, 16, 210 MHz, 405 MHz, P8, 13.49 W
0, 2026/09/15 09:58:49.646, 1, 16, 210 MHz, 405 MHz, P8, 15.24 W
1, 2026/09/15 09:58:49.646, 1, 16, 210 MHz, 405 MHz, P8, 13.49 W
0, 2026/09/15 09:58:49.847, 1, 16, 210 MHz, 405 MHz, P8, 15.24 W
1, 2026/09/15 09:58:49.847, 1, 16, 210 MHz, 405 MHz, P8, 13.62 W
0, 2026/09/15 09:58:50.047, 1, 16, 210 MHz, 405 MHz, P8, 15.07 W
1, 2026/09/15 09:58:50.047, 1, 16, 210 MHz, 405 MHz, P8, 13.62 W
0, 2026/09/15 09:58:50.247, 1, 16, 210 MHz, 405 MHz, P8, 15.07 W
1, 2026/09/15 09:58:50.248, 1, 16, 210 MHz, 405 MHz, P8, 13.62 W
0, 2026/09/15 09:58:50.448, 1, 16, 210 MHz, 405 MHz, P8, 15.07 W
1, 2026/09/15 09:58:50.448, 1, 16, 210 MHz, 405 MHz, P8, 13.62 W
0, 2026/09/15 09:58:50.648, 1, 16, 210 MHz, 405 MHz, P8, 15.07 W
1, 2026/09/15 09:58:50.648, 1, 16, 210 MHz, 405 MHz, P8, 13.62 W
0, 2026/09/15 09:58:50.849, 1, 16, 210 MHz, 405 MHz, P8, 15.07 W
1, 2026/09/15 09:58:50.849, 1, 16, 210 MHz, 405 MHz, P8, 13.78 W
0, 2026/09/15 09:58:51.049, 1, 16, 210 MHz, 405 MHz, P8, 15.11 W
1, 2026/09/15 09:58:51.049, 1, 16, 210 MHz, 405 MHz, P8, 13.78 W
0, 2026/09/15 09:58:51.249, 1, 16, 210 MHz, 405 MHz, P8, 15.11 W
1, 2026/09/15 09:58:51.249, 1, 16, 210 MHz, 405 MHz, P8, 13.78 W
0, 2026/09/15 09:58:51.450, 1, 16, 210 MHz, 405 MHz, P8, 15.11 W
1, 2026/09/15 09:58:51.450, 1, 16, 210 MHz, 405 MHz, P8, 13.78 W
0, 2026/09/15 09:58:51.650, 1, 16, 210 MHz, 405 MHz, P8, 15.11 W
1, 2026/09/15 09:58:51.650, 1, 16, 210 MHz, 405 MHz, P8, 13.78 W
0, 2026/09/15 09:58:51.850, 1, 16, 210 MHz, 405 MHz, P8, 15.11 W
1, 2026/09/15 09:58:51.851, 1, 16, 210 MHz, 405 MHz, P8, 13.81 W
0, 2026/09/15 09:58:52.051, 1, 16, 210 MHz, 405 MHz, P8, 15.20 W
1, 2026/09/15 09:58:52.051, 1, 16, 210 MHz, 405 MHz, P8, 13.81 W
0, 2026/09/15 09:58:52.251, 1, 16, 210 MHz, 405 MHz, P8, 15.20 W
1, 2026/09/15 09:58:52.251, 1, 16, 210 MHz, 405 MHz, P8, 13.81 W
0, 2026/09/15 09:58:52.452, 1, 16, 210 MHz, 405 MHz, P8, 15.20 W
1, 2026/09/15 09:58:52.452, 1, 16, 210 MHz, 405 MHz, P8, 13.81 W
0, 2026/09/15 09:58:52.652, 1, 16, 210 MHz, 405 MHz, P8, 15.20 W
1, 2026/09/15 09:58:52.652, 1, 16, 210 MHz, 405 MHz, P8, 13.81 W
0, 2026/09/15 09:58:52.852, 1, 16, 210 MHz, 405 MHz, P8, 15.20 W
1, 2026/09/15 09:58:52.853, 1, 16, 210 MHz, 405 MHz, P8, 13.62 W
0, 2026/09/15 09:58:53.053, 1, 16, 210 MHz, 405 MHz, P8, 15.20 W
1, 2026/09/15 09:58:53.053, 1, 16, 210 MHz, 405 MHz, P8, 13.62 W
0, 2026/09/15 09:58:53.253, 1, 16, 210 MHz, 405 MHz, P8, 15.20 W
1, 2026/09/15 09:58:53.253, 1, 16, 210 MHz, 405 MHz, P8, 13.62 W
0, 2026/09/15 09:58:53.454, 1, 16, 210 MHz, 405 MHz, P8, 15.20 W
1, 2026/09/15 09:58:53.454, 1, 16, 210 MHz, 405 MHz, P8, 13.62 W
0, 2026/09/15 09:58:53.654, 1, 16, 210 MHz, 405 MHz, P8, 15.20 W
1, 2026/09/15 09:58:53.654, 1, 16, 210 MHz, 405 MHz, P8, 13.62 W
0, 2026/09/15 09:58:53.854, 1, 16, 210 MHz, 405 MHz, P8, 15.20 W
1, 2026/09/15 09:58:53.855, 1, 16, 210 MHz, 405 MHz, P8, 13.51 W
0, 2026/09/15 09:58:54.055, 1, 16, 210 MHz, 405 MHz, P8, 15.03 W
1, 2026/09/15 09:58:54.055, 1, 16, 210 MHz, 405 MHz, P8, 13.51 W
0, 2026/09/15 09:58:54.255, 1, 16, 210 MHz, 405 MHz, P8, 15.03 W
1, 2026/09/15 09:58:54.255, 1, 16, 210 MHz, 405 MHz, P8, 13.51 W
0, 2026/09/15 09:58:54.456, 1, 16, 210 MHz, 405 MHz, P8, 15.03 W
1, 2026/09/15 09:58:54.456, 1, 16, 210 MHz, 405 MHz, P8, 13.51 W
0, 2026/09/15 09:58:54.656, 1, 16, 210 MHz, 405 MHz, P8, 15.03 W
1, 2026/09/15 09:58:54.656, 1, 16, 210 MHz, 405 MHz, P8, 13.51 W
0, 2026/09/15 09:58:54.856, 1, 16, 210 MHz, 405 MHz, P8, 15.03 W
1, 2026/09/15 09:58:54.857, 1, 16, 210 MHz, 405 MHz, P8, 13.54 W
0, 2026/09/15 09:58:55.057, 1, 16, 210 MHz, 405 MHz, P8, 15.19 W
1, 2026/09/15 09:58:55.057, 1, 16, 210 MHz, 405 MHz, P8, 13.54 W
0, 2026/09/15 09:58:55.257, 1, 16, 210 MHz, 405 MHz, P8, 15.19 W
1, 2026/09/15 09:58:55.257, 1, 16, 210 MHz, 405 MHz, P8, 13.54 W
0, 2026/09/15 09:58:55.458, 1, 16, 210 MHz, 405 MHz, P8, 15.19 W
1, 2026/09/15 09:58:55.458, 1, 16, 210 MHz, 405 MHz, P8, 13.54 W
0, 2026/09/15 09:58:55.658, 1, 16, 210 MHz, 405 MHz, P8, 15.19 W
1, 2026/09/15 09:58:55.658, 1, 16, 210 MHz, 405 MHz, P8, 13.54 W
0, 2026/09/15 09:58:55.858, 1, 16, 210 MHz, 405 MHz, P8, 15.19 W
1, 2026/09/15 09:58:55.859, 1, 16, 210 MHz, 405 MHz, P8, 13.56 W
0, 2026/09/15 09:58:56.059, 1, 16, 210 MHz, 405 MHz, P8, 15.51 W
1, 2026/09/15 09:58:56.059, 1, 16, 210 MHz, 405 MHz, P8, 13.56 W
0, 2026/09/15 09:58:56.259, 1, 16, 210 MHz, 405 MHz, P8, 15.51 W
1, 2026/09/15 09:58:56.259, 1, 16, 210 MHz, 405 MHz, P8, 13.56 W
0, 2026/09/15 09:58:56.460, 1, 16, 210 MHz, 405 MHz, P8, 15.51 W
1, 2026/09/15 09:58:56.460, 1, 16, 210 MHz, 405 MHz, P8, 13.56 W
0, 2026/09/15 09:58:56.660, 1, 16, 210 MHz, 405 MHz, P8, 15.51 W
1, 2026/09/15 09:58:56.660, 1, 16, 210 MHz, 405 MHz, P8, 13.56 W
0, 2026/09/15 09:58:56.860, 1, 16, 210 MHz, 405 MHz, P8, 15.51 W
1, 2026/09/15 09:58:56.861, 1, 16, 210 MHz, 405 MHz, P8, 13.51 W
0, 2026/09/15 09:58:57.061, 1, 16, 210 MHz, 405 MHz, P8, 15.42 W
1, 2026/09/15 09:58:57.061, 1, 16, 210 MHz, 405 MHz, P8, 13.51 W
0, 2026/09/15 09:58:57.261, 1, 16, 210 MHz, 405 MHz, P8, 15.42 W
1, 2026/09/15 09:58:57.261, 1, 16, 210 MHz, 405 MHz, P8, 13.51 W
0, 2026/09/15 09:58:57.462, 1, 16, 210 MHz, 405 MHz, P8, 15.42 W
1, 2026/09/15 09:58:57.462, 1, 16, 210 MHz, 405 MHz, P8, 13.51 W
0, 2026/09/15 09:58:57.662, 1, 16, 210 MHz, 405 MHz, P8, 15.42 W
1, 2026/09/15 09:58:57.662, 1, 16, 210 MHz, 405 MHz, P8, 13.51 W
0, 2026/09/15 09:58:57.862, 1, 16, 210 MHz, 405 MHz, P8, 15.42 W
1, 2026/09/15 09:58:57.863, 1, 16, 210 MHz, 405 MHz, P8, 13.44 W
0, 2026/09/15 09:58:58.063, 1, 16, 210 MHz, 405 MHz, P8, 14.97 W
1, 2026/09/15 09:58:58.063, 1, 16, 210 MHz, 405 MHz, P8, 13.44 W
0, 2026/09/15 09:58:58.263, 1, 16, 210 MHz, 405 MHz, P8, 14.97 W
1, 2026/09/15 09:58:58.263, 1, 16, 210 MHz, 405 MHz, P8, 13.44 W
0, 2026/09/15 09:58:58.464, 1, 16, 210 MHz, 405 MHz, P8, 14.97 W
1, 2026/09/15 09:58:58.464, 1, 16, 210 MHz, 405 MHz, P8, 13.44 W
0, 2026/09/15 09:58:58.664, 1, 16, 210 MHz, 405 MHz, P8, 14.97 W
1, 2026/09/15 09:58:58.664, 1, 16, 210 MHz, 405 MHz, P8, 13.44 W
0, 2026/09/15 09:58:58.864, 1, 16, 210 MHz, 405 MHz, P8, 14.97 W
1, 2026/09/15 09:58:58.865, 1, 16, 210 MHz, 405 MHz, P8, 13.57 W
0, 2026/09/15 09:58:59.065, 1, 16, 210 MHz, 405 MHz, P8, 14.80 W
1, 2026/09/15 09:58:59.065, 1, 16, 210 MHz, 405 MHz, P8, 13.57 W
0, 2026/09/15 09:58:59.265, 1, 16, 210 MHz, 405 MHz, P8, 14.80 W
1, 2026/09/15 09:58:59.265, 1, 16, 210 MHz, 405 MHz, P8, 13.57 W
0, 2026/09/15 09:58:59.466, 1, 16, 210 MHz, 405 MHz, P8, 14.80 W
1, 2026/09/15 09:58:59.466, 1, 16, 210 MHz, 405 MHz, P8, 13.57 W
0, 2026/09/15 09:58:59.666, 1, 16, 210 MHz, 405 MHz, P8, 14.80 W
1, 2026/09/15 09:58:59.666, 1, 16, 210 MHz, 405 MHz, P8, 13.57 W
0, 2026/09/15 09:58:59.866, 1, 16, 210 MHz, 405 MHz, P8, 14.80 W
1, 2026/09/15 09:58:59.867, 1, 16, 210 MHz, 405 MHz, P8, 14.00 W
0, 2026/09/15 09:59:00.067, 1, 16, 210 MHz, 405 MHz, P8, 14.90 W
1, 2026/09/15 09:59:00.067, 1, 16, 210 MHz, 405 MHz, P8, 14.00 W
0, 2026/09/15 09:59:00.267, 1, 16, 210 MHz, 405 MHz, P8, 14.90 W
1, 2026/09/15 09:59:00.268, 1, 16, 210 MHz, 405 MHz, P8, 14.00 W
0, 2026/09/15 09:59:00.468, 1, 16, 210 MHz, 405 MHz, P8, 14.90 W
1, 2026/09/15 09:59:00.468, 1, 16, 210 MHz, 405 MHz, P8, 14.00 W
0, 2026/09/15 09:59:00.668, 1, 16, 210 MHz, 405 MHz, P8, 14.90 W
1, 2026/09/15 09:59:00.669, 1, 16, 210 MHz, 405 MHz, P8, 14.00 W
0, 2026/09/15 09:59:00.869, 1, 16, 210 MHz, 405 MHz, P8, 14.90 W
1, 2026/09/15 09:59:00.869, 1, 16, 210 MHz, 405 MHz, P8, 14.26 W
0, 2026/09/15 09:59:01.069, 1, 16, 210 MHz, 405 MHz, P8, 14.85 W
1, 2026/09/15 09:59:01.069, 1, 16, 210 MHz, 405 MHz, P8, 14.26 W
0, 2026/09/15 09:59:01.270, 1, 16, 210 MHz, 405 MHz, P8, 14.85 W
1, 2026/09/15 09:59:01.270, 1, 16, 210 MHz, 405 MHz, P8, 14.26 W
0, 2026/09/15 09:59:01.470, 1, 16, 210 MHz, 405 MHz, P8, 14.85 W
1, 2026/09/15 09:59:01.470, 1, 16, 210 MHz, 405 MHz, P8, 14.26 W
0, 2026/09/15 09:59:01.671, 1, 16, 210 MHz, 405 MHz, P8, 14.85 W
1, 2026/09/15 09:59:01.671, 1, 16, 210 MHz, 405 MHz, P8, 14.26 W
0, 2026/09/15 09:59:01.871, 1, 16, 210 MHz, 405 MHz, P8, 14.85 W
1, 2026/09/15 09:59:01.871, 1, 16, 210 MHz, 405 MHz, P8, 14.16 W
0, 2026/09/15 09:59:02.071, 1, 16, 210 MHz, 405 MHz, P8, 14.78 W
1, 2026/09/15 09:59:02.072, 1, 16, 210 MHz, 405 MHz, P8, 14.16 W
0, 2026/09/15 09:59:02.272, 1, 16, 210 MHz, 405 MHz, P8, 14.78 W
1, 2026/09/15 09:59:02.272, 1, 16, 210 MHz, 405 MHz, P8, 14.16 W
0, 2026/09/15 09:59:02.473, 1, 16, 210 MHz, 405 MHz, P8, 14.78 W
1, 2026/09/15 09:59:02.473, 1, 16, 210 MHz, 405 MHz, P8, 14.16 W
0, 2026/09/15 09:59:02.673, 1, 16, 210 MHz, 405 MHz, P8, 14.78 W
1, 2026/09/15 09:59:02.673, 1, 16, 210 MHz, 405 MHz, P8, 14.16 W
0, 2026/09/15 09:59:02.873, 1, 16, 210 MHz, 405 MHz, P8, 14.78 W
1, 2026/09/15 09:59:02.874, 1, 16, 210 MHz, 405 MHz, P8, 14.08 W
0, 2026/09/15 09:59:03.074, 1, 16, 210 MHz, 405 MHz, P8, 14.90 W
1, 2026/09/15 09:59:03.074, 1, 16, 210 MHz, 405 MHz, P8, 14.08 W
0, 2026/09/15 09:59:03.274, 1, 16, 210 MHz, 405 MHz, P8, 14.90 W
1, 2026/09/15 09:59:03.274, 1, 16, 210 MHz, 405 MHz, P8, 14.08 W
0, 2026/09/15 09:59:03.475, 1, 16, 210 MHz, 405 MHz, P8, 14.90 W
1, 2026/09/15 09:59:03.475, 1, 16, 210 MHz, 405 MHz, P8, 14.08 W
0, 2026/09/15 09:59:03.675, 1, 16, 210 MHz, 405 MHz, P8, 14.90 W
1, 2026/09/15 09:59:03.675, 1, 16, 210 MHz, 405 MHz, P8, 14.08 W
0, 2026/09/15 09:59:03.875, 1, 16, 210 MHz, 405 MHz, P8, 14.90 W
1, 2026/09/15 09:59:03.876, 1, 16, 210 MHz, 405 MHz, P8, 14.01 W
0, 2026/09/15 09:59:04.076, 1, 16, 210 MHz, 405 MHz, P8, 14.76 W
1, 2026/09/15 09:59:04.076, 1, 16, 210 MHz, 405 MHz, P8, 14.01 W
0, 2026/09/15 09:59:04.276, 1, 16, 210 MHz, 405 MHz, P8, 14.76 W
1, 2026/09/15 09:59:04.277, 1, 16, 210 MHz, 405 MHz, P8, 14.01 W
0, 2026/09/15 09:59:04.477, 1, 16, 210 MHz, 405 MHz, P8, 14.76 W
1, 2026/09/15 09:59:04.477, 1, 16, 210 MHz, 405 MHz, P8, 14.01 W
0, 2026/09/15 09:59:04.677, 1, 16, 210 MHz, 405 MHz, P8, 14.76 W
1, 2026/09/15 09:59:04.678, 1, 16, 210 MHz, 405 MHz, P8, 14.01 W
0, 2026/09/15 09:59:04.878, 1, 16, 210 MHz, 405 MHz, P8, 14.76 W
1, 2026/09/15 09:59:04.878, 1, 16, 210 MHz, 405 MHz, P8, 13.95 W
0, 2026/09/15 09:59:05.078, 1, 16, 210 MHz, 405 MHz, P8, 14.58 W
1, 2026/09/15 09:59:05.078, 1, 16, 210 MHz, 405 MHz, P8, 13.95 W
0, 2026/09/15 09:59:05.279, 1, 16, 210 MHz, 405 MHz, P8, 14.58 W
1, 2026/09/15 09:59:05.279, 1, 16, 210 MHz, 405 MHz, P8, 13.95 W
0, 2026/09/15 09:59:05.479, 1, 16, 210 MHz, 405 MHz, P8, 14.58 W
1, 2026/09/15 09:59:05.479, 1, 16, 210 MHz, 405 MHz, P8, 13.95 W
0, 2026/09/15 09:59:05.680, 1, 16, 210 MHz, 405 MHz, P8, 14.58 W
1, 2026/09/15 09:59:05.680, 1, 16, 210 MHz, 405 MHz, P8, 13.95 W
0, 2026/09/15 09:59:05.880, 1, 16, 210 MHz, 405 MHz, P8, 14.58 W
1, 2026/09/15 09:59:05.880, 1, 16, 210 MHz, 405 MHz, P8, 14.04 W
0, 2026/09/15 09:59:06.081, 1, 16, 210 MHz, 405 MHz, P8, 14.52 W
1, 2026/09/15 09:59:06.081, 1, 16, 210 MHz, 405 MHz, P8, 14.04 W
0, 2026/09/15 09:59:06.281, 1, 16, 210 MHz, 405 MHz, P8, 14.52 W
1, 2026/09/15 09:59:06.281, 1, 16, 210 MHz, 405 MHz, P8, 14.04 W
0, 2026/09/15 09:59:06.482, 1, 16, 210 MHz, 405 MHz, P8, 14.52 W
1, 2026/09/15 09:59:06.482, 1, 16, 210 MHz, 405 MHz, P8, 14.04 W
0, 2026/09/15 09:59:06.682, 1, 16, 210 MHz, 405 MHz, P8, 14.52 W
1, 2026/09/15 09:59:06.682, 1, 16, 210 MHz, 405 MHz, P8, 14.04 W
0, 2026/09/15 09:59:06.883, 1, 16, 210 MHz, 405 MHz, P8, 14.47 W
1, 2026/09/15 09:59:06.883, 1, 16, 210 MHz, 405 MHz, P8, 13.98 W
0, 2026/09/15 09:59:07.083, 1, 16, 210 MHz, 405 MHz, P8, 14.47 W
1, 2026/09/15 09:59:07.083, 1, 16, 210 MHz, 405 MHz, P8, 13.98 W
0, 2026/09/15 09:59:07.283, 1, 16, 210 MHz, 405 MHz, P8, 14.47 W
1, 2026/09/15 09:59:07.284, 1, 16, 210 MHz, 405 MHz, P8, 13.98 W
0, 2026/09/15 09:59:07.484, 1, 16, 210 MHz, 405 MHz, P8, 14.47 W
1, 2026/09/15 09:59:07.484, 1, 16, 210 MHz, 405 MHz, P8, 13.98 W
0, 2026/09/15 09:59:07.684, 1, 16, 210 MHz, 405 MHz, P8, 14.47 W
1, 2026/09/15 09:59:07.684, 1, 16, 210 MHz, 405 MHz, P8, 13.98 W
0, 2026/09/15 09:59:07.885, 1, 16, 210 MHz, 405 MHz, P8, 14.43 W
1, 2026/09/15 09:59:07.885, 1, 16, 210 MHz, 405 MHz, P8, 13.79 W
0, 2026/09/15 09:59:08.085, 1, 16, 210 MHz, 405 MHz, P8, 14.43 W
1, 2026/09/15 09:59:08.085, 1, 16, 210 MHz, 405 MHz, P8, 13.79 W
0, 2026/09/15 09:59:08.286, 1, 16, 210 MHz, 405 MHz, P8, 14.43 W
1, 2026/09/15 09:59:08.286, 1, 16, 210 MHz, 405 MHz, P8, 13.79 W
0, 2026/09/15 09:59:08.486, 1, 16, 210 MHz, 405 MHz, P8, 14.43 W
1, 2026/09/15 09:59:08.486, 1, 16, 210 MHz, 405 MHz, P8, 13.79 W
0, 2026/09/15 09:59:08.687, 1, 16, 210 MHz, 405 MHz, P8, 14.43 W
1, 2026/09/15 09:59:08.687, 1, 16, 210 MHz, 405 MHz, P8, 13.79 W
0, 2026/09/15 09:59:08.887, 1, 16, 210 MHz, 405 MHz, P8, 14.22 W
1, 2026/09/15 09:59:08.887, 1, 16, 210 MHz, 405 MHz, P8, 13.65 W
0, 2026/09/15 09:59:09.087, 1, 16, 210 MHz, 405 MHz, P8, 14.22 W
1, 2026/09/15 09:59:09.088, 1, 16, 210 MHz, 405 MHz, P8, 13.65 W
0, 2026/09/15 09:59:09.288, 1, 16, 210 MHz, 405 MHz, P8, 14.22 W
1, 2026/09/15 09:59:09.288, 1, 16, 210 MHz, 405 MHz, P8, 13.65 W
0, 2026/09/15 09:59:09.488, 1, 16, 210 MHz, 405 MHz, P8, 14.22 W
1, 2026/09/15 09:59:09.488, 1, 16, 210 MHz, 405 MHz, P8, 13.65 W
0, 2026/09/15 09:59:09.689, 1, 16, 210 MHz, 405 MHz, P8, 14.22 W
1, 2026/09/15 09:59:09.689, 1, 16, 210 MHz, 405 MHz, P8, 13.65 W
0, 2026/09/15 09:59:09.889, 1, 16, 210 MHz, 405 MHz, P8, 14.10 W
1, 2026/09/15 09:59:09.889, 1, 16, 210 MHz, 405 MHz, P8, 13.58 W
0, 2026/09/15 09:59:10.090, 1, 16, 210 MHz, 405 MHz, P8, 14.10 W
1, 2026/09/15 09:59:10.090, 1, 16, 210 MHz, 405 MHz, P8, 13.58 W
0, 2026/09/15 09:59:10.290, 1, 16, 210 MHz, 405 MHz, P8, 14.10 W
1, 2026/09/15 09:59:10.290, 1, 16, 210 MHz, 405 MHz, P8, 13.58 W
0, 2026/09/15 09:59:10.491, 1, 16, 210 MHz, 405 MHz, P8, 14.10 W
1, 2026/09/15 09:59:10.491, 1, 16, 210 MHz, 405 MHz, P8, 13.58 W
0, 2026/09/15 09:59:10.691, 1, 16, 210 MHz, 405 MHz, P8, 14.10 W
1, 2026/09/15 09:59:10.691, 1, 16, 210 MHz, 405 MHz, P8, 13.58 W
0, 2026/09/15 09:59:10.891, 1, 16, 210 MHz, 405 MHz, P8, 14.33 W
1, 2026/09/15 09:59:10.892, 1, 16, 210 MHz, 405 MHz, P8, 13.56 W
0, 2026/09/15 09:59:11.092, 1, 16, 210 MHz, 405 MHz, P8, 14.33 W
1, 2026/09/15 09:59:11.092, 1, 16, 210 MHz, 405 MHz, P8, 13.56 W
0, 2026/09/15 09:59:11.292, 1, 16, 210 MHz, 405 MHz, P8, 14.33 W
1, 2026/09/15 09:59:11.293, 1, 16, 210 MHz, 405 MHz, P8, 13.56 W
0, 2026/09/15 09:59:11.493, 1, 16, 210 MHz, 405 MHz, P8, 14.33 W
1, 2026/09/15 09:59:11.493, 1, 16, 210 MHz, 405 MHz, P8, 13.56 W
0, 2026/09/15 09:59:11.693, 1, 16, 210 MHz, 405 MHz, P8, 14.33 W
1, 2026/09/15 09:59:11.693, 1, 16, 210 MHz, 405 MHz, P8, 13.56 W
0, 2026/09/15 09:59:11.894, 1, 16, 210 MHz, 405 MHz, P8, 14.52 W
1, 2026/09/15 09:59:11.894, 1, 16, 210 MHz, 405 MHz, P8, 13.66 W
0, 2026/09/15 09:59:12.094, 1, 16, 210 MHz, 405 MHz, P8, 14.52 W
1, 2026/09/15 09:59:12.094, 1, 16, 210 MHz, 405 MHz, P8, 13.66 W
0, 2026/09/15 09:59:12.295, 1, 16, 210 MHz, 405 MHz, P8, 14.52 W
1, 2026/09/15 09:59:12.295, 1, 16, 210 MHz, 405 MHz, P8, 13.66 W
0, 2026/09/15 09:59:12.495, 1, 16, 210 MHz, 405 MHz, P8, 14.52 W
1, 2026/09/15 09:59:12.495, 1, 16, 210 MHz, 405 MHz, P8, 13.66 W
0, 2026/09/15 09:59:12.696, 1, 16, 210 MHz, 405 MHz, P8, 14.52 W
1, 2026/09/15 09:59:12.696, 1, 16, 210 MHz, 405 MHz, P8, 13.66 W
0, 2026/09/15 09:59:12.896, 1, 16, 210 MHz, 405 MHz, P8, 14.65 W
1, 2026/09/15 09:59:12.896, 1, 16, 210 MHz, 405 MHz, P8, 13.85 W
0, 2026/09/15 09:59:13.097, 1, 16, 210 MHz, 405 MHz, P8, 14.65 W
1, 2026/09/15 09:59:13.097, 1, 16, 210 MHz, 405 MHz, P8, 13.85 W
0, 2026/09/15 09:59:13.297, 1, 16, 210 MHz, 405 MHz, P8, 14.65 W
1, 2026/09/15 09:59:13.297, 1, 16, 210 MHz, 405 MHz, P8, 13.85 W
0, 2026/09/15 09:59:13.498, 1, 16, 210 MHz, 405 MHz, P8, 14.65 W
1, 2026/09/15 09:59:13.498, 1, 16, 210 MHz, 405 MHz, P8, 13.85 W
0, 2026/09/15 09:59:13.698, 1, 16, 210 MHz, 405 MHz, P8, 14.65 W
1, 2026/09/15 09:59:13.698, 1, 16, 210 MHz, 405 MHz, P8, 13.85 W
0, 2026/09/15 09:59:13.899, 1, 16, 210 MHz, 405 MHz, P8, 14.58 W
1, 2026/09/15 09:59:13.899, 1, 16, 210 MHz, 405 MHz, P8, 13.75 W
0, 2026/09/15 09:59:14.099, 1, 16, 210 MHz, 405 MHz, P8, 14.58 W
1, 2026/09/15 09:59:14.099, 1, 16, 210 MHz, 405 MHz, P8, 13.75 W
0, 2026/09/15 09:59:14.300, 1, 16, 210 MHz, 405 MHz, P8, 14.58 W
1, 2026/09/15 09:59:14.300, 1, 16, 210 MHz, 405 MHz, P8, 13.75 W
0, 2026/09/15 09:59:14.500, 1, 16, 210 MHz, 405 MHz, P8, 14.58 W
1, 2026/09/15 09:59:14.500, 1, 16, 210 MHz, 405 MHz, P8, 13.75 W
0, 2026/09/15 09:59:14.701, 1, 16, 210 MHz, 405 MHz, P8, 14.58 W
1, 2026/09/15 09:59:14.701, 1, 16, 210 MHz, 405 MHz, P8, 13.75 W
0, 2026/09/15 09:59:14.901, 1, 16, 210 MHz, 405 MHz, P8, 14.36 W
1, 2026/09/15 09:59:14.901, 1, 16, 210 MHz, 405 MHz, P8, 13.55 W
0, 2026/09/15 09:59:15.102, 1, 16, 210 MHz, 405 MHz, P8, 14.36 W
1, 2026/09/15 09:59:15.102, 1, 16, 210 MHz, 405 MHz, P8, 13.55 W
0, 2026/09/15 09:59:15.302, 1, 16, 210 MHz, 405 MHz, P8, 14.36 W
1, 2026/09/15 09:59:15.302, 1, 16, 210 MHz, 405 MHz, P8, 13.55 W
0, 2026/09/15 09:59:15.503, 1, 16, 210 MHz, 405 MHz, P8, 14.36 W
1, 2026/09/15 09:59:15.503, 1, 16, 210 MHz, 405 MHz, P8, 13.55 W
0, 2026/09/15 09:59:15.703, 1, 16, 210 MHz, 405 MHz, P8, 14.36 W
1, 2026/09/15 09:59:15.703, 1, 16, 210 MHz, 405 MHz, P8, 13.55 W
0, 2026/09/15 09:59:15.904, 1, 16, 210 MHz, 405 MHz, P8, 14.42 W
1, 2026/09/15 09:59:15.904, 1, 16, 210 MHz, 405 MHz, P8, 13.56 W
0, 2026/09/15 09:59:16.104, 1, 16, 210 MHz, 405 MHz, P8, 14.42 W
1, 2026/09/15 09:59:16.104, 1, 16, 210 MHz, 405 MHz, P8, 13.56 W
0, 2026/09/15 09:59:16.305, 1, 16, 210 MHz, 405 MHz, P8, 14.42 W
1, 2026/09/15 09:59:16.305, 1, 16, 210 MHz, 405 MHz, P8, 13.56 W
0, 2026/09/15 09:59:16.505, 1, 16, 210 MHz, 405 MHz, P8, 14.42 W
1, 2026/09/15 09:59:16.505, 1, 16, 210 MHz, 405 MHz, P8, 13.56 W
0, 2026/09/15 09:59:16.706, 1, 16, 210 MHz, 405 MHz, P8, 14.42 W
1, 2026/09/15 09:59:16.706, 1, 16, 210 MHz, 405 MHz, P8, 13.56 W
0, 2026/09/15 09:59:16.906, 1, 16, 210 MHz, 405 MHz, P8, 14.46 W
1, 2026/09/15 09:59:16.906, 1, 16, 210 MHz, 405 MHz, P8, 13.62 W
0, 2026/09/15 09:59:17.107, 1, 16, 210 MHz, 405 MHz, P8, 14.46 W
1, 2026/09/15 09:59:17.107, 1, 16, 210 MHz, 405 MHz, P8, 13.62 W
0, 2026/09/15 09:59:17.307, 1, 16, 210 MHz, 405 MHz, P8, 14.46 W
1, 2026/09/15 09:59:17.307, 1, 16, 210 MHz, 405 MHz, P8, 13.62 W
0, 2026/09/15 09:59:17.507, 1, 16, 210 MHz, 405 MHz, P8, 14.46 W
1, 2026/09/15 09:59:17.508, 1, 16, 210 MHz, 405 MHz, P8, 13.62 W
0, 2026/09/15 09:59:17.708, 1, 16, 210 MHz, 405 MHz, P8, 14.46 W
1, 2026/09/15 09:59:17.708, 1, 16, 210 MHz, 405 MHz, P8, 13.62 W
0, 2026/09/15 09:59:17.908, 1, 16, 210 MHz, 405 MHz, P8, 14.41 W
1, 2026/09/15 09:59:17.909, 1, 16, 210 MHz, 405 MHz, P8, 13.66 W
0, 2026/09/15 09:59:18.109, 1, 16, 210 MHz, 405 MHz, P8, 14.41 W
1, 2026/09/15 09:59:18.110, 1, 16, 210 MHz, 405 MHz, P8, 13.66 W
0, 2026/09/15 09:59:18.311, 1, 16, 210 MHz, 405 MHz, P8, 14.41 W
1, 2026/09/15 09:59:18.311, 1, 16, 210 MHz, 405 MHz, P8, 13.66 W
0, 2026/09/15 09:59:18.511, 1, 16, 210 MHz, 405 MHz, P8, 14.41 W
1, 2026/09/15 09:59:18.511, 1, 16, 210 MHz, 405 MHz, P8, 13.66 W
0, 2026/09/15 09:59:18.712, 1, 16, 210 MHz, 405 MHz, P8, 14.41 W
1, 2026/09/15 09:59:18.712, 1, 16, 210 MHz, 405 MHz, P8, 13.66 W
0, 2026/09/15 09:59:18.912, 1, 16, 210 MHz, 405 MHz, P8, 14.34 W
1, 2026/09/15 09:59:18.912, 1, 16, 210 MHz, 405 MHz, P8, 13.77 W
0, 2026/09/15 09:59:19.112, 1, 16, 210 MHz, 405 MHz, P8, 14.34 W
1, 2026/09/15 09:59:19.113, 1, 16, 210 MHz, 405 MHz, P8, 13.77 W
0, 2026/09/15 09:59:19.313, 1, 16, 210 MHz, 405 MHz, P8, 14.34 W
1, 2026/09/15 09:59:19.313, 1, 16, 210 MHz, 405 MHz, P8, 13.77 W
0, 2026/09/15 09:59:19.513, 1, 16, 210 MHz, 405 MHz, P8, 14.34 W
1, 2026/09/15 09:59:19.513, 1, 16, 210 MHz, 405 MHz, P8, 13.77 W
0, 2026/09/15 09:59:19.714, 1, 16, 210 MHz, 405 MHz, P8, 14.34 W
1, 2026/09/15 09:59:19.714, 1, 16, 210 MHz, 405 MHz, P8, 13.77 W
0, 2026/09/15 09:59:19.914, 1, 16, 210 MHz, 405 MHz, P8, 14.10 W
1, 2026/09/15 09:59:19.914, 1, 16, 210 MHz, 405 MHz, P8, 13.76 W
0, 2026/09/15 09:59:20.114, 1, 16, 210 MHz, 405 MHz, P8, 14.10 W
1, 2026/09/15 09:59:20.115, 1, 16, 210 MHz, 405 MHz, P8, 13.76 W
0, 2026/09/15 09:59:20.315, 1, 16, 210 MHz, 405 MHz, P8, 14.10 W
1, 2026/09/15 09:59:20.315, 1, 16, 210 MHz, 405 MHz, P8, 13.76 W
0, 2026/09/15 09:59:20.515, 1, 16, 210 MHz, 405 MHz, P8, 14.10 W
1, 2026/09/15 09:59:20.515, 1, 16, 210 MHz, 405 MHz, P8, 13.76 W
0, 2026/09/15 09:59:20.716, 1, 16, 210 MHz, 405 MHz, P8, 14.10 W
1, 2026/09/15 09:59:20.716, 1, 16, 210 MHz, 405 MHz, P8, 13.76 W
0, 2026/09/15 09:59:20.916, 1, 16, 210 MHz, 405 MHz, P8, 14.06 W
1, 2026/09/15 09:59:20.916, 1, 16, 210 MHz, 405 MHz, P8, 13.72 W
0, 2026/09/15 09:59:21.116, 1, 16, 210 MHz, 405 MHz, P8, 14.06 W
1, 2026/09/15 09:59:21.117, 1, 16, 210 MHz, 405 MHz, P8, 13.72 W
0, 2026/09/15 09:59:21.317, 1, 16, 210 MHz, 405 MHz, P8, 14.06 W
1, 2026/09/15 09:59:21.317, 1, 16, 210 MHz, 405 MHz, P8, 13.72 W
0, 2026/09/15 09:59:21.517, 1, 16, 210 MHz, 405 MHz, P8, 14.06 W
1, 2026/09/15 09:59:21.517, 1, 16, 210 MHz, 405 MHz, P8, 13.72 W
0, 2026/09/15 09:59:21.718, 1, 16, 210 MHz, 405 MHz, P8, 14.06 W
1, 2026/09/15 09:59:21.718, 1, 16, 210 MHz, 405 MHz, P8, 13.72 W
0, 2026/09/15 09:59:21.918, 1, 16, 210 MHz, 405 MHz, P8, 14.30 W
1, 2026/09/15 09:59:21.918, 1, 16, 210 MHz, 405 MHz, P8, 13.63 W
0, 2026/09/15 09:59:22.119, 1, 16, 210 MHz, 405 MHz, P8, 14.30 W
1, 2026/09/15 09:59:22.119, 1, 16, 210 MHz, 405 MHz, P8, 13.63 W
0, 2026/09/15 09:59:22.319, 1, 16, 210 MHz, 405 MHz, P8, 14.30 W
1, 2026/09/15 09:59:22.319, 1, 16, 210 MHz, 405 MHz, P8, 13.63 W
0, 2026/09/15 09:59:22.519, 1, 16, 210 MHz, 405 MHz, P8, 14.30 W
1, 2026/09/15 09:59:22.520, 1, 16, 210 MHz, 405 MHz, P8, 13.63 W
0, 2026/09/15 09:59:22.720, 1, 16, 210 MHz, 405 MHz, P8, 14.30 W
1, 2026/09/15 09:59:22.720, 1, 16, 210 MHz, 405 MHz, P8, 13.63 W
0, 2026/09/15 09:59:22.920, 1, 16, 210 MHz, 405 MHz, P8, 14.42 W
1, 2026/09/15 09:59:22.920, 1, 16, 210 MHz, 405 MHz, P8, 13.49 W
0, 2026/09/15 09:59:23.121, 1, 16, 210 MHz, 405 MHz, P8, 14.42 W
1, 2026/09/15 09:59:23.121, 1, 16, 210 MHz, 405 MHz, P8, 13.49 W
0, 2026/09/15 09:59:23.321, 1, 16, 210 MHz, 405 MHz, P8, 14.42 W
1, 2026/09/15 09:59:23.321, 1, 16, 210 MHz, 405 MHz, P8, 13.49 W
0, 2026/09/15 09:59:23.522, 1, 16, 210 MHz, 405 MHz, P8, 14.42 W
1, 2026/09/15 09:59:23.522, 1, 16, 210 MHz, 405 MHz, P8, 13.49 W
0, 2026/09/15 09:59:23.722, 1, 16, 210 MHz, 405 MHz, P8, 14.42 W
1, 2026/09/15 09:59:23.722, 1, 16, 210 MHz, 405 MHz, P8, 13.49 W
0, 2026/09/15 09:59:23.922, 1, 16, 210 MHz, 405 MHz, P8, 14.64 W
1, 2026/09/15 09:59:23.923, 1, 16, 210 MHz, 405 MHz, P8, 13.46 W
0, 2026/09/15 09:59:24.123, 1, 16, 210 MHz, 405 MHz, P8, 14.64 W
1, 2026/09/15 09:59:24.123, 1, 16, 210 MHz, 405 MHz, P8, 13.46 W
0, 2026/09/15 09:59:24.323, 1, 16, 210 MHz, 405 MHz, P8, 14.64 W
1, 2026/09/15 09:59:24.323, 1, 16, 210 MHz, 405 MHz, P8, 13.46 W
0, 2026/09/15 09:59:24.524, 1, 16, 210 MHz, 405 MHz, P8, 14.64 W
1, 2026/09/15 09:59:24.524, 1, 16, 210 MHz, 405 MHz, P8, 13.46 W
0, 2026/09/15 09:59:24.724, 1, 16, 210 MHz, 405 MHz, P8, 14.64 W
1, 2026/09/15 09:59:24.724, 1, 16, 210 MHz, 405 MHz, P8, 13.46 W
0, 2026/09/15 09:59:24.925, 1, 16, 210 MHz, 405 MHz, P8, 14.51 W
1, 2026/09/15 09:59:24.925, 1, 16, 210 MHz, 405 MHz, P8, 13.50 W
0, 2026/09/15 09:59:25.125, 1, 16, 210 MHz, 405 MHz, P8, 14.51 W
1, 2026/09/15 09:59:25.125, 1, 16, 210 MHz, 405 MHz, P8, 13.50 W
0, 2026/09/15 09:59:25.326, 1, 16, 210 MHz, 405 MHz, P8, 14.51 W
1, 2026/09/15 09:59:25.326, 1, 16, 210 MHz, 405 MHz, P8, 13.50 W
0, 2026/09/15 09:59:25.526, 1, 16, 210 MHz, 405 MHz, P8, 14.51 W
1, 2026/09/15 09:59:25.526, 1, 16, 210 MHz, 405 MHz, P8, 13.50 W
0, 2026/09/15 09:59:25.726, 1, 16, 210 MHz, 405 MHz, P8, 14.51 W
1, 2026/09/15 09:59:25.727, 1, 16, 210 MHz, 405 MHz, P8, 13.50 W
0, 2026/09/15 09:59:25.927, 1, 16, 210 MHz, 405 MHz, P8, 14.35 W
1, 2026/09/15 09:59:25.927, 1, 16, 210 MHz, 405 MHz, P8, 13.71 W
0, 2026/09/15 09:59:26.127, 1, 16, 210 MHz, 405 MHz, P8, 14.35 W
1, 2026/09/15 09:59:26.127, 1, 16, 210 MHz, 405 MHz, P8, 13.71 W
0, 2026/09/15 09:59:26.328, 1, 16, 210 MHz, 405 MHz, P8, 14.35 W
1, 2026/09/15 09:59:26.328, 1, 16, 210 MHz, 405 MHz, P8, 13.71 W
0, 2026/09/15 09:59:26.528, 1, 16, 210 MHz, 405 MHz, P8, 14.35 W
1, 2026/09/15 09:59:26.528, 1, 16, 210 MHz, 405 MHz, P8, 13.71 W
0, 2026/09/15 09:59:26.728, 1, 16, 210 MHz, 405 MHz, P8, 14.35 W
1, 2026/09/15 09:59:26.728, 1, 16, 210 MHz, 405 MHz, P8, 13.71 W
0, 2026/09/15 09:59:26.929, 1, 16, 210 MHz, 405 MHz, P8, 14.60 W
1, 2026/09/15 09:59:26.929, 1, 16, 210 MHz, 405 MHz, P8, 13.82 W
0, 2026/09/15 09:59:27.129, 1, 16, 210 MHz, 405 MHz, P8, 14.60 W
1, 2026/09/15 09:59:27.129, 1, 16, 210 MHz, 405 MHz, P8, 13.82 W
0, 2026/09/15 09:59:27.329, 1, 16, 210 MHz, 405 MHz, P8, 14.60 W
1, 2026/09/15 09:59:27.329, 1, 16, 210 MHz, 405 MHz, P8, 13.82 W
0, 2026/09/15 09:59:27.530, 1, 16, 210 MHz, 405 MHz, P8, 14.60 W
1, 2026/09/15 09:59:27.530, 1, 16, 210 MHz, 405 MHz, P8, 13.82 W
0, 2026/09/15 09:59:27.730, 1, 16, 210 MHz, 405 MHz, P8, 14.60 W
1, 2026/09/15 09:59:27.730, 1, 16, 210 MHz, 405 MHz, P8, 13.82 W
0, 2026/09/15 09:59:27.930, 1, 16, 210 MHz, 405 MHz, P8, 14.82 W
1, 2026/09/15 09:59:27.931, 1, 16, 210 MHz, 405 MHz, P8, 13.91 W
0, 2026/09/15 09:59:28.131, 1, 16, 210 MHz, 405 MHz, P8, 14.82 W
1, 2026/09/15 09:59:28.131, 1, 16, 210 MHz, 405 MHz, P8, 13.91 W
0, 2026/09/15 09:59:28.331, 1, 16, 210 MHz, 405 MHz, P8, 14.82 W
1, 2026/09/15 09:59:28.331, 1, 16, 210 MHz, 405 MHz, P8, 13.91 W
0, 2026/09/15 09:59:28.531, 1, 16, 210 MHz, 405 MHz, P8, 14.82 W
1, 2026/09/15 09:59:28.532, 1, 16, 210 MHz, 405 MHz, P8, 13.91 W
0, 2026/09/15 09:59:28.732, 1, 16, 210 MHz, 405 MHz, P8, 14.82 W
1, 2026/09/15 09:59:28.732, 1, 16, 210 MHz, 405 MHz, P8, 13.91 W
0, 2026/09/15 09:59:28.932, 1, 16, 210 MHz, 405 MHz, P8, 14.95 W
1, 2026/09/15 09:59:28.932, 1, 16, 210 MHz, 405 MHz, P8, 14.11 W
0, 2026/09/15 09:59:29.133, 1, 16, 210 MHz, 405 MHz, P8, 14.95 W
1, 2026/09/15 09:59:29.133, 1, 16, 210 MHz, 405 MHz, P8, 14.11 W
0, 2026/09/15 09:59:29.333, 1, 16, 210 MHz, 405 MHz, P8, 14.95 W
1, 2026/09/15 09:59:29.333, 1, 16, 210 MHz, 405 MHz, P8, 14.11 W
0, 2026/09/15 09:59:29.533, 1, 16, 210 MHz, 405 MHz, P8, 14.95 W
1, 2026/09/15 09:59:29.533, 1, 16, 210 MHz, 405 MHz, P8, 14.11 W
0, 2026/09/15 09:59:29.734, 1, 16, 210 MHz, 405 MHz, P8, 14.95 W
1, 2026/09/15 09:59:29.734, 1, 16, 210 MHz, 405 MHz, P8, 14.11 W
0, 2026/09/15 09:59:29.934, 1, 16, 210 MHz, 405 MHz, P8, 15.20 W
1, 2026/09/15 09:59:29.934, 1, 16, 210 MHz, 405 MHz, P8, 14.24 W
0, 2026/09/15 09:59:30.134, 1, 16, 210 MHz, 405 MHz, P8, 15.20 W
1, 2026/09/15 09:59:30.135, 1, 16, 210 MHz, 405 MHz, P8, 14.24 W
0, 2026/09/15 09:59:30.335, 1, 16, 210 MHz, 405 MHz, P8, 15.20 W
1, 2026/09/15 09:59:30.335, 1, 16, 210 MHz, 405 MHz, P8, 14.24 W
0, 2026/09/15 09:59:30.535, 1, 16, 210 MHz, 405 MHz, P8, 15.20 W
1, 2026/09/15 09:59:30.536, 1, 16, 210 MHz, 405 MHz, P8, 14.24 W
0, 2026/09/15 09:59:30.736, 1, 16, 210 MHz, 405 MHz, P8, 15.20 W
1, 2026/09/15 09:59:30.736, 1, 16, 210 MHz, 405 MHz, P8, 14.24 W
0, 2026/09/15 09:59:30.936, 1, 16, 210 MHz, 405 MHz, P8, 15.26 W
1, 2026/09/15 09:59:30.937, 1, 16, 210 MHz, 405 MHz, P8, 14.34 W
0, 2026/09/15 09:59:31.137, 1, 16, 210 MHz, 405 MHz, P8, 15.26 W
1, 2026/09/15 09:59:31.137, 1, 16, 210 MHz, 405 MHz, P8, 14.34 W
0, 2026/09/15 09:59:31.337, 1, 16, 210 MHz, 405 MHz, P8, 15.26 W
1, 2026/09/15 09:59:31.337, 1, 16, 210 MHz, 405 MHz, P8, 14.34 W
0, 2026/09/15 09:59:31.537, 1, 16, 210 MHz, 405 MHz, P8, 15.26 W
1, 2026/09/15 09:59:31.538, 1, 16, 210 MHz, 405 MHz, P8, 14.34 W
0, 2026/09/15 09:59:31.738, 1, 16, 210 MHz, 405 MHz, P8, 15.26 W
1, 2026/09/15 09:59:31.738, 1, 16, 210 MHz, 405 MHz, P8, 14.34 W
0, 2026/09/15 09:59:31.938, 1, 16, 210 MHz, 405 MHz, P8, 15.24 W
1, 2026/09/15 09:59:31.938, 1, 16, 210 MHz, 405 MHz, P8, 14.35 W
0, 2026/09/15 09:59:32.139, 1, 16, 210 MHz, 405 MHz, P8, 15.24 W
1, 2026/09/15 09:59:32.139, 1, 16, 210 MHz, 405 MHz, P8, 14.35 W
0, 2026/09/15 09:59:32.339, 1, 16, 210 MHz, 405 MHz, P8, 15.24 W
1, 2026/09/15 09:59:32.339, 1, 16, 210 MHz, 405 MHz, P8, 14.35 W
0, 2026/09/15 09:59:32.539, 1, 16, 210 MHz, 405 MHz, P8, 15.24 W
1, 2026/09/15 09:59:32.539, 1, 16, 210 MHz, 405 MHz, P8, 14.35 W
0, 2026/09/15 09:59:32.740, 1, 16, 210 MHz, 405 MHz, P8, 15.24 W
1, 2026/09/15 09:59:32.740, 1, 16, 210 MHz, 405 MHz, P8, 14.35 W
0, 2026/09/15 09:59:32.940, 1, 16, 210 MHz, 405 MHz, P8, 15.38 W
1, 2026/09/15 09:59:32.940, 1, 16, 210 MHz, 405 MHz, P8, 14.18 W
0, 2026/09/15 09:59:33.140, 1, 16, 210 MHz, 405 MHz, P8, 15.38 W
1, 2026/09/15 09:59:33.140, 1, 16, 210 MHz, 405 MHz, P8, 14.18 W
0, 2026/09/15 09:59:33.341, 1, 16, 210 MHz, 405 MHz, P8, 15.38 W
1, 2026/09/15 09:59:33.341, 1, 16, 210 MHz, 405 MHz, P8, 14.18 W
0, 2026/09/15 09:59:33.541, 1, 16, 210 MHz, 405 MHz, P8, 15.38 W
1, 2026/09/15 09:59:33.541, 1, 16, 210 MHz, 405 MHz, P8, 14.18 W
0, 2026/09/15 09:59:33.741, 1, 16, 210 MHz, 405 MHz, P8, 15.38 W
1, 2026/09/15 09:59:33.742, 1, 16, 210 MHz, 405 MHz, P8, 14.18 W
0, 2026/09/15 09:59:33.942, 1, 16, 210 MHz, 405 MHz, P8, 15.34 W
1, 2026/09/15 09:59:33.942, 1, 16, 210 MHz, 405 MHz, P8, 14.05 W
0, 2026/09/15 09:59:34.142, 1, 16, 210 MHz, 405 MHz, P8, 15.34 W
1, 2026/09/15 09:59:34.142, 1, 16, 210 MHz, 405 MHz, P8, 14.05 W
0, 2026/09/15 09:59:34.343, 1, 16, 210 MHz, 405 MHz, P8, 15.34 W
1, 2026/09/15 09:59:34.343, 1, 16, 210 MHz, 405 MHz, P8, 14.05 W
0, 2026/09/15 09:59:34.543, 1, 16, 210 MHz, 405 MHz, P8, 15.34 W
1, 2026/09/15 09:59:34.543, 1, 16, 210 MHz, 405 MHz, P8, 14.05 W
0, 2026/09/15 09:59:34.743, 1, 16, 210 MHz, 405 MHz, P8, 15.34 W
1, 2026/09/15 09:59:34.744, 1, 16, 210 MHz, 405 MHz, P8, 14.05 W
0, 2026/09/15 09:59:34.944, 1, 16, 210 MHz, 405 MHz, P8, 15.14 W
1, 2026/09/15 09:59:34.944, 1, 16, 210 MHz, 405 MHz, P8, 13.95 W
0, 2026/09/15 09:59:35.144, 1, 16, 210 MHz, 405 MHz, P8, 15.14 W
1, 2026/09/15 09:59:35.144, 1, 16, 210 MHz, 405 MHz, P8, 13.95 W
0, 2026/09/15 09:59:35.345, 1, 16, 210 MHz, 405 MHz, P8, 15.14 W
1, 2026/09/15 09:59:35.345, 1, 16, 210 MHz, 405 MHz, P8, 13.95 W
0, 2026/09/15 09:59:35.545, 1, 16, 210 MHz, 405 MHz, P8, 15.14 W
1, 2026/09/15 09:59:35.545, 1, 16, 210 MHz, 405 MHz, P8, 13.95 W
0, 2026/09/15 09:59:35.745, 1, 16, 210 MHz, 405 MHz, P8, 15.14 W
1, 2026/09/15 09:59:35.746, 1, 16, 210 MHz, 405 MHz, P8, 13.95 W
0, 2026/09/15 09:59:35.946, 1, 16, 210 MHz, 405 MHz, P8, 15.04 W
1, 2026/09/15 09:59:35.946, 1, 16, 210 MHz, 405 MHz, P8, 13.91 W
0, 2026/09/15 09:59:36.146, 1, 16, 210 MHz, 405 MHz, P8, 15.04 W
1, 2026/09/15 09:59:36.146, 1, 16, 210 MHz, 405 MHz, P8, 13.91 W
0, 2026/09/15 09:59:36.347, 1, 16, 210 MHz, 405 MHz, P8, 15.04 W
1, 2026/09/15 09:59:36.347, 1, 16, 210 MHz, 405 MHz, P8, 13.91 W
0, 2026/09/15 09:59:36.547, 1, 16, 210 MHz, 405 MHz, P8, 15.04 W
1, 2026/09/15 09:59:36.547, 1, 16, 210 MHz, 405 MHz, P8, 13.91 W
0, 2026/09/15 09:59:36.747, 1, 16, 210 MHz, 405 MHz, P8, 15.04 W
1, 2026/09/15 09:59:36.748, 1, 16, 210 MHz, 405 MHz, P8, 13.91 W
0, 2026/09/15 09:59:36.948, 1, 16, 210 MHz, 405 MHz, P8, 14.97 W
1, 2026/09/15 09:59:36.948, 1, 16, 210 MHz, 405 MHz, P8, 13.91 W
0, 2026/09/15 09:59:37.148, 1, 16, 210 MHz, 405 MHz, P8, 14.97 W
1, 2026/09/15 09:59:37.148, 1, 16, 210 MHz, 405 MHz, P8, 13.91 W
0, 2026/09/15 09:59:37.349, 1, 16, 210 MHz, 405 MHz, P8, 14.97 W
1, 2026/09/15 09:59:37.349, 1, 16, 210 MHz, 405 MHz, P8, 13.91 W
0, 2026/09/15 09:59:37.549, 1, 16, 210 MHz, 405 MHz, P8, 14.97 W
1, 2026/09/15 09:59:37.549, 1, 16, 210 MHz, 405 MHz, P8, 13.91 W
0, 2026/09/15 09:59:37.749, 1, 16, 210 MHz, 405 MHz, P8, 14.97 W
1, 2026/09/15 09:59:37.749, 1, 16, 210 MHz, 405 MHz, P8, 13.91 W
0, 2026/09/15 09:59:37.950, 1, 16, 210 MHz, 405 MHz, P8, 14.90 W
1, 2026/09/15 09:59:37.950, 1, 16, 210 MHz, 405 MHz, P8, 13.96 W
0, 2026/09/15 09:59:38.150, 1, 16, 210 MHz, 405 MHz, P8, 14.90 W
1, 2026/09/15 09:59:38.150, 1, 16, 210 MHz, 405 MHz, P8, 13.96 W
0, 2026/09/15 09:59:38.351, 1, 16, 210 MHz, 405 MHz, P8, 14.90 W
1, 2026/09/15 09:59:38.351, 1, 16, 210 MHz, 405 MHz, P8, 13.96 W
0, 2026/09/15 09:59:38.551, 1, 16, 210 MHz, 405 MHz, P8, 14.90 W
1, 2026/09/15 09:59:38.551, 1, 16, 210 MHz, 405 MHz, P8, 13.96 W
0, 2026/09/15 09:59:38.751, 1, 16, 210 MHz, 405 MHz, P8, 14.90 W
1, 2026/09/15 09:59:38.751, 1, 16, 210 MHz, 405 MHz, P8, 13.96 W
0, 2026/09/15 09:59:38.952, 1, 16, 210 MHz, 405 MHz, P8, 14.76 W
1, 2026/09/15 09:59:38.952, 1, 16, 210 MHz, 405 MHz, P8, 13.93 W
0, 2026/09/15 09:59:39.152, 1, 16, 210 MHz, 405 MHz, P8, 14.76 W
1, 2026/09/15 09:59:39.152, 1, 16, 210 MHz, 405 MHz, P8, 13.93 W
0, 2026/09/15 09:59:39.352, 1, 16, 210 MHz, 405 MHz, P8, 14.76 W
1, 2026/09/15 09:59:39.353, 1, 16, 210 MHz, 405 MHz, P8, 13.93 W
0, 2026/09/15 09:59:39.553, 1, 16, 210 MHz, 405 MHz, P8, 14.76 W
1, 2026/09/15 09:59:39.553, 1, 16, 210 MHz, 405 MHz, P8, 13.93 W
0, 2026/09/15 09:59:39.753, 1, 16, 210 MHz, 405 MHz, P8, 14.76 W
1, 2026/09/15 09:59:39.753, 1, 16, 210 MHz, 405 MHz, P8, 13.93 W
0, 2026/09/15 09:59:39.954, 1, 16, 210 MHz, 405 MHz, P8, 14.69 W
1, 2026/09/15 09:59:39.954, 1, 16, 210 MHz, 405 MHz, P8, 13.81 W
0, 2026/09/15 09:59:40.154, 1, 16, 210 MHz, 405 MHz, P8, 14.69 W
1, 2026/09/15 09:59:40.154, 1, 16, 210 MHz, 405 MHz, P8, 13.81 W
0, 2026/09/15 09:59:40.355, 1, 16, 210 MHz, 405 MHz, P8, 14.69 W
1, 2026/09/15 09:59:40.355, 1, 16, 210 MHz, 405 MHz, P8, 13.81 W
0, 2026/09/15 09:59:40.555, 1, 16, 210 MHz, 405 MHz, P8, 14.69 W
1, 2026/09/15 09:59:40.556, 1, 16, 210 MHz, 405 MHz, P8, 13.81 W
0, 2026/09/15 09:59:40.756, 1, 16, 210 MHz, 405 MHz, P8, 14.69 W
1, 2026/09/15 09:59:40.756, 1, 16, 210 MHz, 405 MHz, P8, 13.81 W
0, 2026/09/15 09:59:40.956, 1, 16, 210 MHz, 405 MHz, P8, 14.24 W
1, 2026/09/15 09:59:40.956, 1, 16, 210 MHz, 405 MHz, P8, 13.66 W
0, 2026/09/15 09:59:41.157, 1, 16, 210 MHz, 405 MHz, P8, 14.24 W
1, 2026/09/15 09:59:41.157, 1, 16, 210 MHz, 405 MHz, P8, 13.66 W
0, 2026/09/15 09:59:41.357, 1, 16, 210 MHz, 405 MHz, P8, 14.24 W
1, 2026/09/15 09:59:41.357, 1, 16, 210 MHz, 405 MHz, P8, 13.66 W
0, 2026/09/15 09:59:41.558, 1, 16, 210 MHz, 405 MHz, P8, 14.24 W
1, 2026/09/15 09:59:41.558, 1, 16, 210 MHz, 405 MHz, P8, 13.66 W
0, 2026/09/15 09:59:41.758, 1, 16, 210 MHz, 405 MHz, P8, 14.24 W
1, 2026/09/15 09:59:41.758, 1, 16, 210 MHz, 405 MHz, P8, 13.66 W
0, 2026/09/15 09:59:41.959, 1, 16, 210 MHz, 405 MHz, P8, 13.72 W
1, 2026/09/15 09:59:41.959, 1, 16, 210 MHz, 405 MHz, P8, 13.56 W
0, 2026/09/15 09:59:42.159, 1, 16, 210 MHz, 405 MHz, P8, 13.72 W
1, 2026/09/15 09:59:42.159, 1, 16, 210 MHz, 405 MHz, P8, 13.56 W
0, 2026/09/15 09:59:42.360, 1, 16, 210 MHz, 405 MHz, P8, 13.72 W
1, 2026/09/15 09:59:42.360, 1, 16, 210 MHz, 405 MHz, P8, 13.56 W
0, 2026/09/15 09:59:42.560, 1, 16, 210 MHz, 405 MHz, P8, 13.72 W
1, 2026/09/15 09:59:42.560, 1, 16, 210 MHz, 405 MHz, P8, 13.56 W
0, 2026/09/15 09:59:42.761, 1, 16, 210 MHz, 405 MHz, P8, 13.72 W
1, 2026/09/15 09:59:42.761, 1, 16, 210 MHz, 405 MHz, P8, 13.56 W
0, 2026/09/15 09:59:42.961, 1, 16, 210 MHz, 405 MHz, P8, 13.88 W
1, 2026/09/15 09:59:42.962, 1, 16, 210 MHz, 405 MHz, P8, 13.53 W
0, 2026/09/15 09:59:43.162, 1, 16, 210 MHz, 405 MHz, P8, 13.88 W
1, 2026/09/15 09:59:43.162, 1, 16, 210 MHz, 405 MHz, P8, 13.53 W
0, 2026/09/15 09:59:43.362, 1, 16, 210 MHz, 405 MHz, P8, 13.88 W
1, 2026/09/15 09:59:43.362, 1, 16, 210 MHz, 405 MHz, P8, 13.53 W
0, 2026/09/15 09:59:43.563, 1, 16, 210 MHz, 405 MHz, P8, 13.88 W
1, 2026/09/15 09:59:43.563, 1, 16, 210 MHz, 405 MHz, P8, 13.53 W
0, 2026/09/15 09:59:43.763, 1, 16, 210 MHz, 405 MHz, P8, 13.88 W
1, 2026/09/15 09:59:43.763, 1, 16, 210 MHz, 405 MHz, P8, 13.53 W
0, 2026/09/15 09:59:43.964, 1, 16, 210 MHz, 405 MHz, P8, 14.16 W
1, 2026/09/15 09:59:43.964, 1, 16, 210 MHz, 405 MHz, P8, 13.70 W
0, 2026/09/15 09:59:44.164, 1, 16, 210 MHz, 405 MHz, P8, 14.16 W
1, 2026/09/15 09:59:44.164, 1, 16, 210 MHz, 405 MHz, P8, 13.70 W
0, 2026/09/15 09:59:44.364, 1, 16, 210 MHz, 405 MHz, P8, 14.16 W
1, 2026/09/15 09:59:44.365, 1, 16, 210 MHz, 405 MHz, P8, 13.70 W
0, 2026/09/15 09:59:44.565, 1, 16, 210 MHz, 405 MHz, P8, 14.16 W
1, 2026/09/15 09:59:44.565, 1, 16, 210 MHz, 405 MHz, P8, 13.70 W
0, 2026/09/15 09:59:44.765, 1, 16, 210 MHz, 405 MHz, P8, 14.16 W
1, 2026/09/15 09:59:44.765, 1, 16, 210 MHz, 405 MHz, P8, 13.70 W
0, 2026/09/15 09:59:44.966, 1, 16, 210 MHz, 405 MHz, P8, 14.61 W
1, 2026/09/15 09:59:44.966, 1, 16, 210 MHz, 405 MHz, P8, 13.94 W
0, 2026/09/15 09:59:45.166, 1, 16, 210 MHz, 405 MHz, P8, 14.61 W
1, 2026/09/15 09:59:45.166, 1, 16, 210 MHz, 405 MHz, P8, 13.94 W
0, 2026/09/15 09:59:45.366, 1, 16, 210 MHz, 405 MHz, P8, 14.61 W
1, 2026/09/15 09:59:45.367, 1, 16, 210 MHz, 405 MHz, P8, 13.94 W
0, 2026/09/15 09:59:45.567, 1, 16, 210 MHz, 405 MHz, P8, 14.61 W
1, 2026/09/15 09:59:45.567, 1, 16, 210 MHz, 405 MHz, P8, 13.94 W
0, 2026/09/15 09:59:45.767, 1, 16, 210 MHz, 405 MHz, P8, 14.61 W
1, 2026/09/15 09:59:45.767, 1, 16, 210 MHz, 405 MHz, P8, 13.94 W
0, 2026/09/15 09:59:45.967, 1, 16, 210 MHz, 405 MHz, P8, 14.84 W
1, 2026/09/15 09:59:45.968, 1, 16, 210 MHz, 405 MHz, P8, 13.96 W
0, 2026/09/15 09:59:46.168, 1, 16, 210 MHz, 405 MHz, P8, 14.84 W
1, 2026/09/15 09:59:46.168, 1, 16, 210 MHz, 405 MHz, P8, 13.96 W
0, 2026/09/15 09:59:46.368, 1, 16, 210 MHz, 405 MHz, P8, 14.84 W
1, 2026/09/15 09:59:46.368, 1, 16, 210 MHz, 405 MHz, P8, 13.96 W
0, 2026/09/15 09:59:46.569, 1, 16, 210 MHz, 405 MHz, P8, 14.84 W
1, 2026/09/15 09:59:46.569, 1, 16, 210 MHz, 405 MHz, P8, 13.96 W
0, 2026/09/15 09:59:46.769, 1, 16, 210 MHz, 405 MHz, P8, 14.84 W
1, 2026/09/15 09:59:46.769, 1, 16, 210 MHz, 405 MHz, P8, 13.96 W
0, 2026/09/15 09:59:46.969, 1, 16, 210 MHz, 405 MHz, P8, 14.82 W
1, 2026/09/15 09:59:46.970, 1, 16, 210 MHz, 405 MHz, P8, 13.90 W
0, 2026/09/15 09:59:47.170, 1, 16, 210 MHz, 405 MHz, P8, 14.82 W
1, 2026/09/15 09:59:47.170, 1, 16, 210 MHz, 405 MHz, P8, 13.90 W
0, 2026/09/15 09:59:47.370, 1, 16, 210 MHz, 405 MHz, P8, 14.82 W
1, 2026/09/15 09:59:47.370, 1, 16, 210 MHz, 405 MHz, P8, 13.90 W
0, 2026/09/15 09:59:47.571, 1, 16, 210 MHz, 405 MHz, P8, 14.82 W
1, 2026/09/15 09:59:47.571, 1, 16, 210 MHz, 405 MHz, P8, 13.90 W
0, 2026/09/15 09:59:47.771, 1, 16, 210 MHz, 405 MHz, P8, 14.82 W
1, 2026/09/15 09:59:47.771, 1, 16, 210 MHz, 405 MHz, P8, 13.90 W
0, 2026/09/15 09:59:47.971, 1, 16, 210 MHz, 405 MHz, P8, 14.82 W
1, 2026/09/15 09:59:47.972, 1, 16, 210 MHz, 405 MHz, P8, 13.86 W
0, 2026/09/15 09:59:48.172, 1, 16, 210 MHz, 405 MHz, P8, 14.82 W
1, 2026/09/15 09:59:48.172, 1, 16, 210 MHz, 405 MHz, P8, 13.86 W
0, 2026/09/15 09:59:48.372, 1, 16, 210 MHz, 405 MHz, P8, 14.82 W
1, 2026/09/15 09:59:48.372, 1, 16, 210 MHz, 405 MHz, P8, 13.86 W
0, 2026/09/15 09:59:48.573, 1, 16, 210 MHz, 405 MHz, P8, 14.82 W
1, 2026/09/15 09:59:48.573, 1, 16, 210 MHz, 405 MHz, P8, 13.86 W
0, 2026/09/15 09:59:48.773, 1, 16, 210 MHz, 405 MHz, P8, 14.82 W
1, 2026/09/15 09:59:48.773, 1, 16, 210 MHz, 405 MHz, P8, 13.86 W
0, 2026/09/15 09:59:48.973, 1, 16, 210 MHz, 405 MHz, P8, 14.85 W
1, 2026/09/15 09:59:48.974, 1, 16, 210 MHz, 405 MHz, P8, 14.14 W
0, 2026/09/15 09:59:49.174, 1, 16, 210 MHz, 405 MHz, P8, 14.85 W
1, 2026/09/15 09:59:49.174, 1, 16, 210 MHz, 405 MHz, P8, 14.14 W
0, 2026/09/15 09:59:49.374, 1, 16, 210 MHz, 405 MHz, P8, 14.85 W
1, 2026/09/15 09:59:49.374, 1, 16, 210 MHz, 405 MHz, P8, 14.14 W
0, 2026/09/15 09:59:49.575, 1, 16, 210 MHz, 405 MHz, P8, 14.85 W
1, 2026/09/15 09:59:49.575, 1, 16, 210 MHz, 405 MHz, P8, 14.14 W
0, 2026/09/15 09:59:49.775, 1, 16, 210 MHz, 405 MHz, P8, 14.85 W
1, 2026/09/15 09:59:49.775, 1, 16, 210 MHz, 405 MHz, P8, 14.14 W
0, 2026/09/15 09:59:49.975, 1, 16, 210 MHz, 405 MHz, P8, 14.92 W
1, 2026/09/15 09:59:49.976, 1, 16, 210 MHz, 405 MHz, P8, 14.12 W
0, 2026/09/15 09:59:50.176, 1, 16, 210 MHz, 405 MHz, P8, 14.92 W
1, 2026/09/15 09:59:50.176, 1, 16, 210 MHz, 405 MHz, P8, 14.12 W
0, 2026/09/15 09:59:50.376, 1, 16, 210 MHz, 405 MHz, P8, 14.92 W
1, 2026/09/15 09:59:50.376, 1, 16, 210 MHz, 405 MHz, P8, 14.12 W
0, 2026/09/15 09:59:50.577, 1, 16, 210 MHz, 405 MHz, P8, 14.92 W
1, 2026/09/15 09:59:50.577, 1, 16, 210 MHz, 405 MHz, P8, 14.12 W
0, 2026/09/15 09:59:50.777, 1, 16, 210 MHz, 405 MHz, P8, 14.92 W
1, 2026/09/15 09:59:50.777, 1, 16, 210 MHz, 405 MHz, P8, 14.12 W
0, 2026/09/15 09:59:50.977, 1, 16, 210 MHz, 405 MHz, P8, 15.06 W
1, 2026/09/15 09:59:50.978, 1, 16, 210 MHz, 405 MHz, P8, 13.86 W
0, 2026/09/15 09:59:51.178, 1, 16, 210 MHz, 405 MHz, P8, 15.06 W
1, 2026/09/15 09:59:51.178, 1, 16, 210 MHz, 405 MHz, P8, 13.86 W
0, 2026/09/15 09:59:51.378, 1, 16, 210 MHz, 405 MHz, P8, 15.06 W
1, 2026/09/15 09:59:51.378, 1, 16, 210 MHz, 405 MHz, P8, 13.86 W
0, 2026/09/15 09:59:51.579, 1, 16, 210 MHz, 405 MHz, P8, 15.06 W
1, 2026/09/15 09:59:51.579, 1, 16, 210 MHz, 405 MHz, P8, 13.86 W
0, 2026/09/15 09:59:51.779, 1, 16, 210 MHz, 405 MHz, P8, 15.06 W
1, 2026/09/15 09:59:51.779, 1, 16, 210 MHz, 405 MHz, P8, 13.86 W
0, 2026/09/15 09:59:51.979, 1, 16, 210 MHz, 405 MHz, P8, 14.94 W
1, 2026/09/15 09:59:51.979, 1, 16, 210 MHz, 405 MHz, P8, 13.85 W
0, 2026/09/15 09:59:52.180, 1, 16, 210 MHz, 405 MHz, P8, 14.94 W
1, 2026/09/15 09:59:52.180, 1, 16, 210 MHz, 405 MHz, P8, 13.85 W
0, 2026/09/15 09:59:52.380, 1, 16, 210 MHz, 405 MHz, P8, 14.94 W
1, 2026/09/15 09:59:52.380, 1, 16, 210 MHz, 405 MHz, P8, 13.85 W
0, 2026/09/15 09:59:52.581, 1, 16, 210 MHz, 405 MHz, P8, 14.94 W
1, 2026/09/15 09:59:52.581, 1, 16, 210 MHz, 405 MHz, P8, 13.85 W
0, 2026/09/15 09:59:52.781, 1, 16, 210 MHz, 405 MHz, P8, 14.94 W
1, 2026/09/15 09:59:52.781, 1, 16, 210 MHz, 405 MHz, P8, 13.85 W
0, 2026/09/15 09:59:52.982, 1, 16, 210 MHz, 405 MHz, P8, 15.00 W
1, 2026/09/15 09:59:52.982, 1, 16, 210 MHz, 405 MHz, P8, 14.07 W
0, 2026/09/15 09:59:53.182, 1, 16, 210 MHz, 405 MHz, P8, 15.00 W
1, 2026/09/15 09:59:53.182, 1, 16, 210 MHz, 405 MHz, P8, 14.07 W
0, 2026/09/15 09:59:53.383, 1, 16, 210 MHz, 405 MHz, P8, 15.00 W
1, 2026/09/15 09:59:53.383, 1, 16, 210 MHz, 405 MHz, P8, 14.07 W
0, 2026/09/15 09:59:53.583, 1, 16, 210 MHz, 405 MHz, P8, 15.00 W
1, 2026/09/15 09:59:53.583, 1, 16, 210 MHz, 405 MHz, P8, 14.07 W
0, 2026/09/15 09:59:53.784, 1, 16, 210 MHz, 405 MHz, P8, 15.00 W
1, 2026/09/15 09:59:53.784, 1, 16, 210 MHz, 405 MHz, P8, 14.07 W
0, 2026/09/15 09:59:53.984, 1, 16, 210 MHz, 405 MHz, P8, 15.59 W
1, 2026/09/15 09:59:53.984, 1, 16, 210 MHz, 405 MHz, P8, 14.33 W
0, 2026/09/15 09:59:54.185, 1, 16, 210 MHz, 405 MHz, P8, 15.59 W
1, 2026/09/15 09:59:54.185, 1, 16, 210 MHz, 405 MHz, P8, 14.33 W
0, 2026/09/15 09:59:54.385, 1, 16, 210 MHz, 405 MHz, P8, 15.59 W
1, 2026/09/15 09:59:54.386, 1, 16, 210 MHz, 405 MHz, P8, 14.33 W
0, 2026/09/15 09:59:54.586, 1, 16, 210 MHz, 405 MHz, P8, 15.59 W
1, 2026/09/15 09:59:54.586, 1, 16, 210 MHz, 405 MHz, P8, 14.33 W
0, 2026/09/15 09:59:54.786, 1, 16, 210 MHz, 405 MHz, P8, 15.59 W
1, 2026/09/15 09:59:54.787, 1, 16, 210 MHz, 405 MHz, P8, 14.33 W
0, 2026/09/15 09:59:54.987, 1, 16, 210 MHz, 405 MHz, P8, 15.81 W
1, 2026/09/15 09:59:54.987, 1, 16, 210 MHz, 405 MHz, P8, 14.43 W
0, 2026/09/15 09:59:55.187, 1, 16, 210 MHz, 405 MHz, P8, 15.81 W
1, 2026/09/15 09:59:55.187, 1, 16, 210 MHz, 405 MHz, P8, 14.43 W
0, 2026/09/15 09:59:55.388, 1, 16, 210 MHz, 405 MHz, P8, 15.81 W
1, 2026/09/15 09:59:55.388, 1, 16, 210 MHz, 405 MHz, P8, 14.43 W
0, 2026/09/15 09:59:55.588, 1, 16, 210 MHz, 405 MHz, P8, 15.81 W
1, 2026/09/15 09:59:55.588, 1, 16, 210 MHz, 405 MHz, P8, 14.43 W
0, 2026/09/15 09:59:55.789, 1, 16, 210 MHz, 405 MHz, P8, 15.81 W
1, 2026/09/15 09:59:55.789, 1, 16, 210 MHz, 405 MHz, P8, 14.43 W
0, 2026/09/15 09:59:55.990, 1, 16, 210 MHz, 405 MHz, P8, 15.58 W
1, 2026/09/15 09:59:55.990, 1, 16, 210 MHz, 405 MHz, P8, 14.41 W
0, 2026/09/15 09:59:56.191, 1, 16, 210 MHz, 405 MHz, P8, 15.58 W
1, 2026/09/15 09:59:56.191, 1, 16, 210 MHz, 405 MHz, P8, 14.41 W
0, 2026/09/15 09:59:56.391, 1, 16, 210 MHz, 405 MHz, P8, 15.58 W
1, 2026/09/15 09:59:56.391, 1, 16, 210 MHz, 405 MHz, P8, 14.41 W
0, 2026/09/15 09:59:56.592, 1, 16, 210 MHz, 405 MHz, P8, 15.58 W
1, 2026/09/15 09:59:56.592, 1, 16, 210 MHz, 405 MHz, P8, 14.41 W
0, 2026/09/15 09:59:56.792, 1, 16, 210 MHz, 405 MHz, P8, 15.58 W
1, 2026/09/15 09:59:56.792, 1, 16, 210 MHz, 405 MHz, P8, 14.41 W
0, 2026/09/15 09:59:56.992, 1, 16, 210 MHz, 405 MHz, P8, 15.21 W
1, 2026/09/15 09:59:56.993, 1, 16, 210 MHz, 405 MHz, P8, 14.39 W
0, 2026/09/15 09:59:57.193, 1, 16, 210 MHz, 405 MHz, P8, 15.21 W
1, 2026/09/15 09:59:57.193, 1, 16, 210 MHz, 405 MHz, P8, 14.39 W
0, 2026/09/15 09:59:57.393, 1, 16, 210 MHz, 405 MHz, P8, 15.21 W
1, 2026/09/15 09:59:57.393, 1, 16, 210 MHz, 405 MHz, P8, 14.39 W
0, 2026/09/15 09:59:57.594, 1, 16, 210 MHz, 405 MHz, P8, 15.21 W
1, 2026/09/15 09:59:57.594, 1, 16, 210 MHz, 405 MHz, P8, 14.39 W
0, 2026/09/15 09:59:57.794, 1, 16, 210 MHz, 405 MHz, P8, 15.21 W
1, 2026/09/15 09:59:57.794, 1, 16, 210 MHz, 405 MHz, P8, 14.39 W
0, 2026/09/15 09:59:57.994, 1, 16, 210 MHz, 405 MHz, P8, 14.95 W
1, 2026/09/15 09:59:57.995, 1, 16, 210 MHz, 405 MHz, P8, 14.41 W
0, 2026/09/15 09:59:58.195, 1, 16, 210 MHz, 405 MHz, P8, 14.95 W
1, 2026/09/15 09:59:58.195, 1, 16, 210 MHz, 405 MHz, P8, 14.41 W
0, 2026/09/15 09:59:58.395, 1, 16, 210 MHz, 405 MHz, P8, 14.95 W
1, 2026/09/15 09:59:58.395, 1, 16, 210 MHz, 405 MHz, P8, 14.41 W
0, 2026/09/15 09:59:58.596, 1, 16, 210 MHz, 405 MHz, P8, 14.95 W
1, 2026/09/15 09:59:58.596, 1, 16, 210 MHz, 405 MHz, P8, 14.41 W
0, 2026/09/15 09:59:58.796, 1, 16, 210 MHz, 405 MHz, P8, 14.95 W
1, 2026/09/15 09:59:58.796, 1, 16, 210 MHz, 405 MHz, P8, 14.41 W
0, 2026/09/15 09:59:58.997, 1, 16, 210 MHz, 405 MHz, P8, 14.89 W
1, 2026/09/15 09:59:58.997, 1, 16, 210 MHz, 405 MHz, P8, 14.39 W
0, 2026/09/15 09:59:59.197, 1, 16, 210 MHz, 405 MHz, P8, 14.89 W
1, 2026/09/15 09:59:59.197, 1, 16, 210 MHz, 405 MHz, P8, 14.39 W
0, 2026/09/15 09:59:59.397, 1, 16, 210 MHz, 405 MHz, P8, 14.89 W
1, 2026/09/15 09:59:59.398, 1, 16, 210 MHz, 405 MHz, P8, 14.39 W
0, 2026/09/15 09:59:59.598, 1, 16, 210 MHz, 405 MHz, P8, 14.89 W
1, 2026/09/15 09:59:59.598, 1, 16, 210 MHz, 405 MHz, P8, 14.39 W
0, 2026/09/15 09:59:59.798, 1, 16, 210 MHz, 405 MHz, P8, 14.89 W
1, 2026/09/15 09:59:59.798, 1, 16, 210 MHz, 405 MHz, P8, 14.39 W
0, 2026/09/15 09:59:59.999, 1, 16, 210 MHz, 405 MHz, P8, 14.68 W
1, 2026/09/15 09:59:59.999, 1, 16, 210 MHz, 405 MHz, P8, 14.19 W
0, 2026/09/15 10:00:00.199, 1, 16, 210 MHz, 405 MHz, P8, 14.68 W
1, 2026/09/15 10:00:00.199, 1, 16, 210 MHz, 405 MHz, P8, 14.19 W
0, 2026/09/15 10:00:00.399, 1, 16, 210 MHz, 405 MHz, P8, 14.68 W
1, 2026/09/15 10:00:00.400, 1, 16, 210 MHz, 405 MHz, P8, 14.19 W
0, 2026/09/15 10:00:00.600, 1, 16, 210 MHz, 405 MHz, P8, 14.68 W
1, 2026/09/15 10:00:00.600, 1, 16, 210 MHz, 405 MHz, P8, 14.19 W
0, 2026/09/15 10:00:00.800, 1, 16, 210 MHz, 405 MHz, P8, 14.68 W
1, 2026/09/15 10:00:00.800, 1, 16, 210 MHz, 405 MHz, P8, 14.19 W
0, 2026/09/15 10:00:01.001, 1, 16, 210 MHz, 405 MHz, P8, 14.47 W
1, 2026/09/15 10:00:01.001, 1, 16, 210 MHz, 405 MHz, P8, 13.93 W
0, 2026/09/15 10:00:01.201, 1, 16, 210 MHz, 405 MHz, P8, 14.47 W
1, 2026/09/15 10:00:01.201, 1, 16, 210 MHz, 405 MHz, P8, 13.93 W
0, 2026/09/15 10:00:01.402, 1, 16, 210 MHz, 405 MHz, P8, 14.47 W
1, 2026/09/15 10:00:01.402, 1, 16, 210 MHz, 405 MHz, P8, 13.93 W
0, 2026/09/15 10:00:01.602, 1, 16, 210 MHz, 405 MHz, P8, 14.47 W
1, 2026/09/15 10:00:01.602, 1, 16, 210 MHz, 405 MHz, P8, 13.93 W
0, 2026/09/15 10:00:01.802, 1, 16, 210 MHz, 405 MHz, P8, 14.47 W
1, 2026/09/15 10:00:01.802, 1, 16, 210 MHz, 405 MHz, P8, 13.93 W
0, 2026/09/15 10:00:02.003, 1, 16, 210 MHz, 405 MHz, P8, 14.54 W
1, 2026/09/15 10:00:02.003, 1, 16, 210 MHz, 405 MHz, P8, 13.79 W
0, 2026/09/15 10:00:02.203, 1, 16, 210 MHz, 405 MHz, P8, 14.54 W
1, 2026/09/15 10:00:02.203, 1, 16, 210 MHz, 405 MHz, P8, 13.79 W
0, 2026/09/15 10:00:02.404, 1, 16, 210 MHz, 405 MHz, P8, 14.54 W
1, 2026/09/15 10:00:02.404, 1, 16, 210 MHz, 405 MHz, P8, 13.79 W
0, 2026/09/15 10:00:02.604, 1, 16, 210 MHz, 405 MHz, P8, 14.54 W
1, 2026/09/15 10:00:02.604, 1, 16, 210 MHz, 405 MHz, P8, 13.79 W
0, 2026/09/15 10:00:02.804, 1, 16, 210 MHz, 405 MHz, P8, 14.54 W
1, 2026/09/15 10:00:02.804, 1, 16, 210 MHz, 405 MHz, P8, 13.79 W
0, 2026/09/15 10:00:03.005, 1, 16, 210 MHz, 405 MHz, P8, 14.91 W
1, 2026/09/15 10:00:03.005, 1, 16, 210 MHz, 405 MHz, P8, 13.90 W
0, 2026/09/15 10:00:03.205, 1, 16, 210 MHz, 405 MHz, P8, 14.91 W
1, 2026/09/15 10:00:03.205, 1, 16, 210 MHz, 405 MHz, P8, 13.90 W
0, 2026/09/15 10:00:03.406, 1, 16, 210 MHz, 405 MHz, P8, 14.91 W
1, 2026/09/15 10:00:03.406, 1, 16, 210 MHz, 405 MHz, P8, 13.90 W
0, 2026/09/15 10:00:03.606, 1, 16, 210 MHz, 405 MHz, P8, 14.91 W
1, 2026/09/15 10:00:03.606, 1, 16, 210 MHz, 405 MHz, P8, 13.90 W
0, 2026/09/15 10:00:03.806, 1, 16, 210 MHz, 405 MHz, P8, 14.91 W
1, 2026/09/15 10:00:03.806, 1, 16, 210 MHz, 405 MHz, P8, 13.90 W
0, 2026/09/15 10:00:04.007, 1, 16, 210 MHz, 405 MHz, P8, 15.66 W
1, 2026/09/15 10:00:04.007, 1, 16, 210 MHz, 405 MHz, P8, 14.16 W
0, 2026/09/15 10:00:04.207, 1, 16, 210 MHz, 405 MHz, P8, 15.66 W
1, 2026/09/15 10:00:04.207, 1, 16, 210 MHz, 405 MHz, P8, 14.16 W
0, 2026/09/15 10:00:04.407, 1, 16, 210 MHz, 405 MHz, P8, 15.66 W
1, 2026/09/15 10:00:04.408, 1, 16, 210 MHz, 405 MHz, P8, 14.16 W
0, 2026/09/15 10:00:04.608, 1, 16, 210 MHz, 405 MHz, P8, 15.66 W
1, 2026/09/15 10:00:04.608, 1, 16, 210 MHz, 405 MHz, P8, 14.16 W
0, 2026/09/15 10:00:04.809, 1, 16, 210 MHz, 405 MHz, P8, 15.66 W
1, 2026/09/15 10:00:04.809, 1, 16, 210 MHz, 405 MHz, P8, 14.16 W
0, 2026/09/15 10:00:05.009, 1, 16, 210 MHz, 405 MHz, P8, 16.27 W
1, 2026/09/15 10:00:05.009, 1, 16, 210 MHz, 405 MHz, P8, 14.30 W
0, 2026/09/15 10:00:05.209, 1, 16, 210 MHz, 405 MHz, P8, 16.27 W
1, 2026/09/15 10:00:05.210, 1, 16, 210 MHz, 405 MHz, P8, 14.30 W
0, 2026/09/15 10:00:05.410, 1, 16, 210 MHz, 405 MHz, P8, 16.27 W
1, 2026/09/15 10:00:05.410, 1, 16, 210 MHz, 405 MHz, P8, 14.30 W
0, 2026/09/15 10:00:05.610, 1, 16, 210 MHz, 405 MHz, P8, 16.27 W
1, 2026/09/15 10:00:05.610, 1, 16, 210 MHz, 405 MHz, P8, 14.30 W
0, 2026/09/15 10:00:05.811, 1, 16, 210 MHz, 405 MHz, P8, 16.27 W
1, 2026/09/15 10:00:05.811, 1, 16, 210 MHz, 405 MHz, P8, 14.30 W
0, 2026/09/15 10:00:06.011, 1, 16, 210 MHz, 405 MHz, P8, 16.44 W
1, 2026/09/15 10:00:06.011, 1, 16, 210 MHz, 405 MHz, P8, 14.39 W
0, 2026/09/15 10:00:06.211, 1, 16, 210 MHz, 405 MHz, P8, 16.44 W
1, 2026/09/15 10:00:06.212, 1, 16, 210 MHz, 405 MHz, P8, 14.39 W
0, 2026/09/15 10:00:06.412, 1, 16, 210 MHz, 405 MHz, P8, 16.44 W
1, 2026/09/15 10:00:06.412, 1, 16, 210 MHz, 405 MHz, P8, 14.39 W
0, 2026/09/15 10:00:06.612, 1, 16, 210 MHz, 405 MHz, P8, 16.44 W
1, 2026/09/15 10:00:06.612, 1, 16, 210 MHz, 405 MHz, P8, 14.39 W
0, 2026/09/15 10:00:06.813, 1, 16, 210 MHz, 405 MHz, P8, 16.44 W
1, 2026/09/15 10:00:06.813, 1, 16, 210 MHz, 405 MHz, P8, 14.39 W
0, 2026/09/15 10:00:07.013, 1, 16, 210 MHz, 405 MHz, P8, 16.41 W
1, 2026/09/15 10:00:07.013, 1, 16, 210 MHz, 405 MHz, P8, 14.40 W
0, 2026/09/15 10:00:07.213, 1, 16, 210 MHz, 405 MHz, P8, 16.41 W
1, 2026/09/15 10:00:07.214, 1, 16, 210 MHz, 405 MHz, P8, 14.40 W
0, 2026/09/15 10:00:07.414, 1, 16, 210 MHz, 405 MHz, P8, 16.41 W
1, 2026/09/15 10:00:07.414, 1, 16, 210 MHz, 405 MHz, P8, 14.40 W
0, 2026/09/15 10:00:07.614, 1, 16, 210 MHz, 405 MHz, P8, 16.41 W
1, 2026/09/15 10:00:07.614, 1, 16, 210 MHz, 405 MHz, P8, 14.40 W
0, 2026/09/15 10:00:07.815, 1, 16, 210 MHz, 405 MHz, P8, 16.41 W
1, 2026/09/15 10:00:07.815, 1, 16, 210 MHz, 405 MHz, P8, 14.40 W
0, 2026/09/15 10:00:08.015, 1, 16, 210 MHz, 405 MHz, P8, 16.05 W
1, 2026/09/15 10:00:08.015, 1, 16, 210 MHz, 405 MHz, P8, 14.26 W
0, 2026/09/15 10:00:08.216, 1, 16, 210 MHz, 405 MHz, P8, 16.05 W
1, 2026/09/15 10:00:08.216, 1, 16, 210 MHz, 405 MHz, P8, 14.26 W
0, 2026/09/15 10:00:08.416, 1, 16, 210 MHz, 405 MHz, P8, 16.05 W
1, 2026/09/15 10:00:08.416, 1, 16, 210 MHz, 405 MHz, P8, 14.26 W
0, 2026/09/15 10:00:08.616, 1, 16, 210 MHz, 405 MHz, P8, 16.05 W
1, 2026/09/15 10:00:08.617, 1, 16, 210 MHz, 405 MHz, P8, 14.26 W
0, 2026/09/15 10:00:08.817, 1, 16, 210 MHz, 405 MHz, P8, 16.05 W
1, 2026/09/15 10:00:08.817, 1, 16, 210 MHz, 405 MHz, P8, 14.26 W
0, 2026/09/15 10:00:09.017, 1, 16, 210 MHz, 405 MHz, P8, 15.38 W
1, 2026/09/15 10:00:09.018, 1, 16, 210 MHz, 405 MHz, P8, 14.06 W
0, 2026/09/15 10:00:09.218, 1, 16, 210 MHz, 405 MHz, P8, 15.38 W
1, 2026/09/15 10:00:09.218, 1, 16, 210 MHz, 405 MHz, P8, 14.06 W
0, 2026/09/15 10:00:09.418, 1, 16, 210 MHz, 405 MHz, P8, 15.38 W
1, 2026/09/15 10:00:09.434, 1, 16, 210 MHz, 405 MHz, P8, 14.06 W
0, 2026/09/15 10:00:09.635, 1, 16, 210 MHz, 405 MHz, P8, 15.38 W
1, 2026/09/15 10:00:09.635, 1, 16, 210 MHz, 405 MHz, P8, 14.06 W
0, 2026/09/15 10:00:09.835, 1, 16, 210 MHz, 405 MHz, P8, 15.38 W
1, 2026/09/15 10:00:09.835, 1, 16, 210 MHz, 405 MHz, P8, 14.05 W
0, 2026/09/15 10:00:10.036, 1, 16, 210 MHz, 405 MHz, P8, 15.33 W
1, 2026/09/15 10:00:10.036, 1, 16, 210 MHz, 405 MHz, P8, 14.05 W
0, 2026/09/15 10:00:10.236, 1, 16, 210 MHz, 405 MHz, P8, 15.33 W
1, 2026/09/15 10:00:10.236, 1, 16, 210 MHz, 405 MHz, P8, 14.05 W
0, 2026/09/15 10:00:10.436, 1, 16, 210 MHz, 405 MHz, P8, 15.33 W
1, 2026/09/15 10:00:10.437, 1, 16, 210 MHz, 405 MHz, P8, 14.05 W
0, 2026/09/15 10:00:10.637, 1, 16, 210 MHz, 405 MHz, P8, 15.33 W
1, 2026/09/15 10:00:10.637, 1, 16, 210 MHz, 405 MHz, P8, 14.05 W
0, 2026/09/15 10:00:10.837, 1, 16, 210 MHz, 405 MHz, P8, 15.33 W
1, 2026/09/15 10:00:10.837, 1, 16, 210 MHz, 405 MHz, P8, 14.18 W
0, 2026/09/15 10:00:11.038, 1, 16, 210 MHz, 405 MHz, P8, 15.43 W
1, 2026/09/15 10:00:11.038, 1, 16, 210 MHz, 405 MHz, P8, 14.18 W
0, 2026/09/15 10:00:11.238, 1, 16, 210 MHz, 405 MHz, P8, 15.43 W
1, 2026/09/15 10:00:11.238, 1, 16, 210 MHz, 405 MHz, P8, 14.18 W
0, 2026/09/15 10:00:11.439, 1, 16, 210 MHz, 405 MHz, P8, 15.43 W
1, 2026/09/15 10:00:11.439, 1, 16, 210 MHz, 405 MHz, P8, 14.18 W
0, 2026/09/15 10:00:11.639, 1, 16, 210 MHz, 405 MHz, P8, 15.43 W
1, 2026/09/15 10:00:11.639, 1, 16, 210 MHz, 405 MHz, P8, 14.18 W
0, 2026/09/15 10:00:11.839, 1, 16, 210 MHz, 405 MHz, P8, 15.43 W
1, 2026/09/15 10:00:11.840, 1, 16, 210 MHz, 405 MHz, P8, 14.14 W
0, 2026/09/15 10:00:12.040, 1, 16, 210 MHz, 405 MHz, P8, 15.08 W
1, 2026/09/15 10:00:12.040, 1, 16, 210 MHz, 405 MHz, P8, 14.14 W
0, 2026/09/15 10:00:12.240, 1, 16, 210 MHz, 405 MHz, P8, 15.08 W
1, 2026/09/15 10:00:12.240, 1, 16, 210 MHz, 405 MHz, P8, 14.14 W
0, 2026/09/15 10:00:12.441, 1, 16, 210 MHz, 405 MHz, P8, 15.08 W
1, 2026/09/15 10:00:12.441, 1, 16, 210 MHz, 405 MHz, P8, 14.14 W
0, 2026/09/15 10:00:12.641, 1, 16, 210 MHz, 405 MHz, P8, 15.08 W
1, 2026/09/15 10:00:12.642, 1, 16, 210 MHz, 405 MHz, P8, 14.14 W
0, 2026/09/15 10:00:12.842, 1, 16, 210 MHz, 405 MHz, P8, 15.08 W
1, 2026/09/15 10:00:12.844, 1, 16, 210 MHz, 405 MHz, P8, 13.94 W
0, 2026/09/15 10:00:13.044, 1, 16, 210 MHz, 405 MHz, P8, 14.75 W
1, 2026/09/15 10:00:13.044, 1, 16, 210 MHz, 405 MHz, P8, 13.94 W
0, 2026/09/15 10:00:13.244, 1, 16, 210 MHz, 405 MHz, P8, 14.75 W
1, 2026/09/15 10:00:13.244, 1, 16, 210 MHz, 405 MHz, P8, 13.94 W
0, 2026/09/15 10:00:13.445, 1, 16, 210 MHz, 405 MHz, P8, 14.75 W
1, 2026/09/15 10:00:13.445, 1, 16, 210 MHz, 405 MHz, P8, 13.94 W
0, 2026/09/15 10:00:13.645, 1, 16, 210 MHz, 405 MHz, P8, 14.75 W
1, 2026/09/15 10:00:13.645, 1, 16, 210 MHz, 405 MHz, P8, 13.94 W
0, 2026/09/15 10:00:13.846, 1, 16, 210 MHz, 405 MHz, P8, 14.75 W
1, 2026/09/15 10:00:13.846, 1, 16, 210 MHz, 405 MHz, P8, 13.87 W
0, 2026/09/15 10:00:14.046, 1, 16, 210 MHz, 405 MHz, P8, 14.62 W
1, 2026/09/15 10:00:14.046, 1, 16, 210 MHz, 405 MHz, P8, 13.87 W
0, 2026/09/15 10:00:14.247, 1, 16, 210 MHz, 405 MHz, P8, 14.62 W
1, 2026/09/15 10:00:14.247, 1, 16, 210 MHz, 405 MHz, P8, 13.87 W
0, 2026/09/15 10:00:14.447, 1, 16, 210 MHz, 405 MHz, P8, 14.62 W
1, 2026/09/15 10:00:14.447, 1, 16, 210 MHz, 405 MHz, P8, 13.87 W
0, 2026/09/15 10:00:14.648, 1, 16, 210 MHz, 405 MHz, P8, 14.62 W
1, 2026/09/15 10:00:14.648, 1, 16, 210 MHz, 405 MHz, P8, 13.87 W
0, 2026/09/15 10:00:14.848, 1, 16, 210 MHz, 405 MHz, P8, 14.62 W
1, 2026/09/15 10:00:14.848, 1, 16, 210 MHz, 405 MHz, P8, 14.09 W
0, 2026/09/15 10:00:15.049, 1, 16, 210 MHz, 405 MHz, P8, 14.82 W
1, 2026/09/15 10:00:15.049, 1, 16, 210 MHz, 405 MHz, P8, 14.09 W
0, 2026/09/15 10:00:15.249, 1, 16, 210 MHz, 405 MHz, P8, 14.82 W
1, 2026/09/15 10:00:15.249, 1, 16, 210 MHz, 405 MHz, P8, 14.09 W
0, 2026/09/15 10:00:15.450, 1, 16, 210 MHz, 405 MHz, P8, 14.82 W
1, 2026/09/15 10:00:15.450, 1, 16, 210 MHz, 405 MHz, P8, 14.09 W
0, 2026/09/15 10:00:15.650, 1, 16, 210 MHz, 405 MHz, P8, 14.82 W
1, 2026/09/15 10:00:15.650, 1, 16, 210 MHz, 405 MHz, P8, 14.09 W
0, 2026/09/15 10:00:15.851, 1, 16, 210 MHz, 405 MHz, P8, 14.82 W
1, 2026/09/15 10:00:15.851, 1, 16, 210 MHz, 405 MHz, P8, 14.20 W
0, 2026/09/15 10:00:16.051, 1, 16, 210 MHz, 405 MHz, P8, 14.86 W
1, 2026/09/15 10:00:16.051, 1, 16, 210 MHz, 405 MHz, P8, 14.20 W
0, 2026/09/15 10:00:16.252, 1, 16, 210 MHz, 405 MHz, P8, 14.86 W
1, 2026/09/15 10:00:16.252, 1, 16, 210 MHz, 405 MHz, P8, 14.20 W
0, 2026/09/15 10:00:16.452, 1, 16, 210 MHz, 405 MHz, P8, 14.86 W
1, 2026/09/15 10:00:16.452, 1, 16, 210 MHz, 405 MHz, P8, 14.20 W
0, 2026/09/15 10:00:16.653, 1, 16, 210 MHz, 405 MHz, P8, 14.86 W
1, 2026/09/15 10:00:16.653, 1, 16, 210 MHz, 405 MHz, P8, 14.20 W
0, 2026/09/15 10:00:16.854, 1, 16, 210 MHz, 405 MHz, P8, 14.86 W
1, 2026/09/15 10:00:16.854, 1, 16, 210 MHz, 405 MHz, P8, 14.26 W
0, 2026/09/15 10:00:17.054, 1, 16, 210 MHz, 405 MHz, P8, 15.24 W
1, 2026/09/15 10:00:17.054, 1, 16, 210 MHz, 405 MHz, P8, 14.26 W
0, 2026/09/15 10:00:17.254, 1, 16, 210 MHz, 405 MHz, P8, 15.24 W
1, 2026/09/15 10:00:17.255, 1, 16, 210 MHz, 405 MHz, P8, 14.26 W
0, 2026/09/15 10:00:17.455, 1, 16, 210 MHz, 405 MHz, P8, 15.24 W
1, 2026/09/15 10:00:17.455, 1, 16, 210 MHz, 405 MHz, P8, 14.26 W
0, 2026/09/15 10:00:17.655, 1, 16, 210 MHz, 405 MHz, P8, 15.24 W
1, 2026/09/15 10:00:17.656, 1, 16, 210 MHz, 405 MHz, P8, 14.26 W
0, 2026/09/15 10:00:17.856, 1, 16, 210 MHz, 405 MHz, P8, 15.24 W
1, 2026/09/15 10:00:17.856, 1, 16, 210 MHz, 405 MHz, P8, 14.39 W
0, 2026/09/15 10:00:18.056, 1, 16, 210 MHz, 405 MHz, P8, 15.84 W
1, 2026/09/15 10:00:18.056, 1, 16, 210 MHz, 405 MHz, P8, 14.39 W
0, 2026/09/15 10:00:18.257, 1, 16, 210 MHz, 405 MHz, P8, 15.84 W
1, 2026/09/15 10:00:18.257, 1, 16, 210 MHz, 405 MHz, P8, 14.39 W
0, 2026/09/15 10:00:18.457, 1, 16, 210 MHz, 405 MHz, P8, 15.84 W
1, 2026/09/15 10:00:18.457, 1, 16, 210 MHz, 405 MHz, P8, 14.39 W
0, 2026/09/15 10:00:18.658, 1, 16, 210 MHz, 405 MHz, P8, 15.84 W
1, 2026/09/15 10:00:18.658, 1, 16, 210 MHz, 405 MHz, P8, 14.39 W
0, 2026/09/15 10:00:18.859, 1, 16, 210 MHz, 405 MHz, P8, 15.84 W
1, 2026/09/15 10:00:18.859, 1, 16, 210 MHz, 405 MHz, P8, 14.12 W
0, 2026/09/15 10:00:19.059, 1, 16, 210 MHz, 405 MHz, P8, 15.54 W
1, 2026/09/15 10:00:19.059, 1, 16, 210 MHz, 405 MHz, P8, 14.12 W
0, 2026/09/15 10:00:19.260, 1, 16, 210 MHz, 405 MHz, P8, 15.54 W
1, 2026/09/15 10:00:19.260, 1, 16, 210 MHz, 405 MHz, P8, 14.12 W
0, 2026/09/15 10:00:19.460, 1, 16, 210 MHz, 405 MHz, P8, 15.54 W
1, 2026/09/15 10:00:19.460, 1, 16, 210 MHz, 405 MHz, P8, 14.12 W
0, 2026/09/15 10:00:19.661, 1, 16, 210 MHz, 405 MHz, P8, 15.54 W
1, 2026/09/15 10:00:19.661, 1, 16, 210 MHz, 405 MHz, P8, 14.12 W
0, 2026/09/15 10:00:19.861, 1, 16, 210 MHz, 405 MHz, P8, 15.54 W
1, 2026/09/15 10:00:19.861, 1, 16, 210 MHz, 405 MHz, P8, 13.95 W
0, 2026/09/15 10:00:20.062, 1, 16, 210 MHz, 405 MHz, P8, 15.16 W
1, 2026/09/15 10:00:20.091, 1, 16, 210 MHz, 405 MHz, P8, 13.95 W
0, 2026/09/15 10:00:20.292, 1, 16, 210 MHz, 405 MHz, P8, 15.16 W
1, 2026/09/15 10:00:20.292, 1, 16, 210 MHz, 405 MHz, P8, 13.95 W
0, 2026/09/15 10:00:20.493, 1, 16, 210 MHz, 405 MHz, P8, 15.16 W
1, 2026/09/15 10:00:20.493, 1, 16, 210 MHz, 405 MHz, P8, 13.95 W
0, 2026/09/15 10:00:20.693, 1, 16, 210 MHz, 405 MHz, P8, 15.16 W
1, 2026/09/15 10:00:20.693, 1, 16, 210 MHz, 405 MHz, P8, 13.95 W
0, 2026/09/15 10:00:20.893, 1, 16, 210 MHz, 405 MHz, P8, 15.56 W
1, 2026/09/15 10:00:20.894, 1, 16, 210 MHz, 405 MHz, P8, 14.10 W
0, 2026/09/15 10:00:21.094, 1, 16, 210 MHz, 405 MHz, P8, 15.56 W
1, 2026/09/15 10:00:21.094, 1, 16, 210 MHz, 405 MHz, P8, 14.10 W
0, 2026/09/15 10:00:21.295, 1, 16, 210 MHz, 405 MHz, P8, 15.56 W
1, 2026/09/15 10:00:21.295, 1, 16, 210 MHz, 405 MHz, P8, 14.10 W
0, 2026/09/15 10:00:21.495, 1, 16, 210 MHz, 405 MHz, P8, 15.56 W
1, 2026/09/15 10:00:21.495, 1, 16, 210 MHz, 405 MHz, P8, 14.10 W
0, 2026/09/15 10:00:21.696, 1, 16, 210 MHz, 405 MHz, P8, 15.56 W
1, 2026/09/15 10:00:21.696, 1, 16, 210 MHz, 405 MHz, P8, 14.10 W
0, 2026/09/15 10:00:21.896, 1, 16, 210 MHz, 405 MHz, P8, 15.79 W
1, 2026/09/15 10:00:21.897, 1, 16, 210 MHz, 405 MHz, P8, 14.10 W
0, 2026/09/15 10:00:22.097, 1, 16, 210 MHz, 405 MHz, P8, 15.79 W
1, 2026/09/15 10:00:22.097, 1, 16, 210 MHz, 405 MHz, P8, 14.10 W
0, 2026/09/15 10:00:22.297, 1, 16, 210 MHz, 405 MHz, P8, 15.79 W
1, 2026/09/15 10:00:22.298, 1, 16, 210 MHz, 405 MHz, P8, 14.10 W
0, 2026/09/15 10:00:22.498, 1, 16, 210 MHz, 405 MHz, P8, 15.79 W
1, 2026/09/15 10:00:22.498, 1, 16, 210 MHz, 405 MHz, P8, 14.10 W
0, 2026/09/15 10:00:22.698, 1, 16, 210 MHz, 405 MHz, P8, 15.79 W
1, 2026/09/15 10:00:22.698, 1, 16, 210 MHz, 405 MHz, P8, 14.10 W
0, 2026/09/15 10:00:22.899, 1, 16, 210 MHz, 405 MHz, P8, 15.85 W
1, 2026/09/15 10:00:22.899, 1, 16, 210 MHz, 405 MHz, P8, 14.17 W
0, 2026/09/15 10:00:23.099, 1, 16, 210 MHz, 405 MHz, P8, 15.85 W
1, 2026/09/15 10:00:23.099, 1, 16, 210 MHz, 405 MHz, P8, 14.17 W
0, 2026/09/15 10:00:23.300, 1, 16, 210 MHz, 405 MHz, P8, 15.85 W
1, 2026/09/15 10:00:23.300, 1, 16, 210 MHz, 405 MHz, P8, 14.17 W
0, 2026/09/15 10:00:23.500, 1, 16, 210 MHz, 405 MHz, P8, 15.85 W
1, 2026/09/15 10:00:23.500, 1, 16, 210 MHz, 405 MHz, P8, 14.17 W
0, 2026/09/15 10:00:23.701, 1, 16, 210 MHz, 405 MHz, P8, 15.85 W
1, 2026/09/15 10:00:23.701, 1, 16, 210 MHz, 405 MHz, P8, 14.17 W
0, 2026/09/15 10:00:23.901, 1, 16, 210 MHz, 405 MHz, P8, 16.01 W
1, 2026/09/15 10:00:23.901, 1, 16, 210 MHz, 405 MHz, P8, 14.34 W
0, 2026/09/15 10:00:24.102, 1, 16, 210 MHz, 405 MHz, P8, 16.01 W
1, 2026/09/15 10:00:24.102, 1, 16, 210 MHz, 405 MHz, P8, 14.34 W
0, 2026/09/15 10:00:24.302, 1, 16, 210 MHz, 405 MHz, P8, 16.01 W
1, 2026/09/15 10:00:24.302, 1, 16, 210 MHz, 405 MHz, P8, 14.34 W
0, 2026/09/15 10:00:24.503, 1, 16, 210 MHz, 405 MHz, P8, 16.01 W
1, 2026/09/15 10:00:24.503, 1, 16, 210 MHz, 405 MHz, P8, 14.34 W
0, 2026/09/15 10:00:24.703, 1, 16, 210 MHz, 405 MHz, P8, 16.01 W
1, 2026/09/15 10:00:24.703, 1, 16, 210 MHz, 405 MHz, P8, 14.34 W
0, 2026/09/15 10:00:24.903, 1, 16, 210 MHz, 405 MHz, P8, 15.95 W
1, 2026/09/15 10:00:24.904, 1, 16, 210 MHz, 405 MHz, P8, 14.21 W
0, 2026/09/15 10:00:25.104, 1, 16, 210 MHz, 405 MHz, P8, 15.95 W
1, 2026/09/15 10:00:25.104, 1, 16, 210 MHz, 405 MHz, P8, 14.21 W
0, 2026/09/15 10:00:25.304, 1, 16, 210 MHz, 405 MHz, P8, 15.95 W
1, 2026/09/15 10:00:25.304, 1, 16, 210 MHz, 405 MHz, P8, 14.21 W
0, 2026/09/15 10:00:25.505, 1, 16, 210 MHz, 405 MHz, P8, 15.95 W
1, 2026/09/15 10:00:25.505, 1, 16, 210 MHz, 405 MHz, P8, 14.21 W
0, 2026/09/15 10:00:25.705, 1, 16, 210 MHz, 405 MHz, P8, 15.95 W
1, 2026/09/15 10:00:25.705, 1, 16, 210 MHz, 405 MHz, P8, 14.21 W
0, 2026/09/15 10:00:25.906, 1, 16, 210 MHz, 405 MHz, P8, 15.40 W
1, 2026/09/15 10:00:25.906, 1, 16, 210 MHz, 405 MHz, P8, 13.89 W
0, 2026/09/15 10:00:26.106, 1, 16, 210 MHz, 405 MHz, P8, 15.40 W
1, 2026/09/15 10:00:26.106, 1, 16, 210 MHz, 405 MHz, P8, 13.89 W
0, 2026/09/15 10:00:26.307, 1, 16, 210 MHz, 405 MHz, P8, 15.40 W
1, 2026/09/15 10:00:26.307, 1, 16, 210 MHz, 405 MHz, P8, 13.89 W
0, 2026/09/15 10:00:26.507, 1, 16, 210 MHz, 405 MHz, P8, 15.40 W
1, 2026/09/15 10:00:26.507, 1, 16, 210 MHz, 405 MHz, P8, 13.89 W
0, 2026/09/15 10:00:26.708, 1, 16, 210 MHz, 405 MHz, P8, 15.40 W
1, 2026/09/15 10:00:26.708, 1, 16, 210 MHz, 405 MHz, P8, 13.89 W
0, 2026/09/15 10:00:26.908, 1, 16, 210 MHz, 405 MHz, P8, 15.25 W
1, 2026/09/15 10:00:26.908, 1, 16, 210 MHz, 405 MHz, P8, 14.09 W
0, 2026/09/15 10:00:27.109, 1, 16, 210 MHz, 405 MHz, P8, 15.25 W
1, 2026/09/15 10:00:27.109, 1, 16, 210 MHz, 405 MHz, P8, 14.09 W
0, 2026/09/15 10:00:27.309, 1, 16, 210 MHz, 405 MHz, P8, 15.25 W
1, 2026/09/15 10:00:27.309, 1, 16, 210 MHz, 405 MHz, P8, 14.09 W
0, 2026/09/15 10:00:27.509, 1, 16, 210 MHz, 405 MHz, P8, 15.25 W
1, 2026/09/15 10:00:27.510, 1, 16, 210 MHz, 405 MHz, P8, 14.09 W
0, 2026/09/15 10:00:27.710, 1, 16, 210 MHz, 405 MHz, P8, 15.25 W
1, 2026/09/15 10:00:27.710, 1, 16, 210 MHz, 405 MHz, P8, 14.09 W
0, 2026/09/15 10:00:27.910, 1, 16, 210 MHz, 405 MHz, P8, 15.83 W
1, 2026/09/15 10:00:27.910, 1, 16, 210 MHz, 405 MHz, P8, 14.54 W
0, 2026/09/15 10:00:28.111, 1, 16, 210 MHz, 405 MHz, P8, 15.83 W
1, 2026/09/15 10:00:28.111, 1, 16, 210 MHz, 405 MHz, P8, 14.54 W
0, 2026/09/15 10:00:28.311, 1, 16, 210 MHz, 405 MHz, P8, 15.83 W
1, 2026/09/15 10:00:28.311, 1, 16, 210 MHz, 405 MHz, P8, 14.54 W
0, 2026/09/15 10:00:28.512, 1, 16, 210 MHz, 405 MHz, P8, 15.83 W
1, 2026/09/15 10:00:28.512, 1, 16, 210 MHz, 405 MHz, P8, 14.54 W
0, 2026/09/15 10:00:28.712, 1, 16, 210 MHz, 405 MHz, P8, 15.83 W
1, 2026/09/15 10:00:28.712, 1, 16, 210 MHz, 405 MHz, P8, 14.54 W
0, 2026/09/15 10:00:28.912, 1, 16, 210 MHz, 405 MHz, P8, 15.96 W
1, 2026/09/15 10:00:28.913, 1, 16, 210 MHz, 405 MHz, P8, 14.55 W
0, 2026/09/15 10:00:29.113, 1, 16, 210 MHz, 405 MHz, P8, 15.96 W
1, 2026/09/15 10:00:29.113, 1, 16, 210 MHz, 405 MHz, P8, 14.55 W
0, 2026/09/15 10:00:29.314, 1, 16, 210 MHz, 405 MHz, P8, 15.96 W
1, 2026/09/15 10:00:29.314, 1, 16, 210 MHz, 405 MHz, P8, 14.55 W
0, 2026/09/15 10:00:29.514, 1, 16, 210 MHz, 405 MHz, P8, 15.96 W
1, 2026/09/15 10:00:29.514, 1, 16, 210 MHz, 405 MHz, P8, 14.55 W
0, 2026/09/15 10:00:29.715, 1, 16, 210 MHz, 405 MHz, P8, 15.96 W
1, 2026/09/15 10:00:29.715, 1, 16, 210 MHz, 405 MHz, P8, 14.55 W
0, 2026/09/15 10:00:29.915, 1, 16, 210 MHz, 405 MHz, P8, 15.85 W
1, 2026/09/15 10:00:29.915, 1, 16, 210 MHz, 405 MHz, P8, 14.36 W
0, 2026/09/15 10:00:30.116, 1, 16, 210 MHz, 405 MHz, P8, 15.85 W
1, 2026/09/15 10:00:30.116, 1, 16, 210 MHz, 405 MHz, P8, 14.36 W
0, 2026/09/15 10:00:30.316, 1, 16, 210 MHz, 405 MHz, P8, 15.85 W
1, 2026/09/15 10:00:30.316, 1, 16, 210 MHz, 405 MHz, P8, 14.36 W
0, 2026/09/15 10:00:30.516, 1, 16, 210 MHz, 405 MHz, P8, 15.85 W
1, 2026/09/15 10:00:30.517, 1, 16, 210 MHz, 405 MHz, P8, 14.36 W
0, 2026/09/15 10:00:30.717, 1, 16, 210 MHz, 405 MHz, P8, 15.85 W
1, 2026/09/15 10:00:30.717, 1, 16, 210 MHz, 405 MHz, P8, 14.36 W
0, 2026/09/15 10:00:30.917, 1, 16, 210 MHz, 405 MHz, P8, 15.89 W
1, 2026/09/15 10:00:30.917, 1, 16, 210 MHz, 405 MHz, P8, 14.14 W
0, 2026/09/15 10:00:31.118, 1, 16, 210 MHz, 405 MHz, P8, 15.89 W
1, 2026/09/15 10:00:31.118, 1, 16, 210 MHz, 405 MHz, P8, 14.14 W
0, 2026/09/15 10:00:31.318, 1, 16, 210 MHz, 405 MHz, P8, 15.89 W
1, 2026/09/15 10:00:31.318, 1, 16, 210 MHz, 405 MHz, P8, 14.14 W
0, 2026/09/15 10:00:31.518, 1, 16, 210 MHz, 405 MHz, P8, 15.89 W
1, 2026/09/15 10:00:31.519, 1, 16, 210 MHz, 405 MHz, P8, 14.14 W
0, 2026/09/15 10:00:31.719, 1, 16, 210 MHz, 405 MHz, P8, 15.89 W
1, 2026/09/15 10:00:31.719, 1, 16, 210 MHz, 405 MHz, P8, 14.14 W
0, 2026/09/15 10:00:31.919, 1, 16, 210 MHz, 405 MHz, P8, 15.22 W
1, 2026/09/15 10:00:31.920, 1, 16, 210 MHz, 405 MHz, P8, 13.67 W
0, 2026/09/15 10:00:32.120, 1, 16, 210 MHz, 405 MHz, P8, 15.22 W
1, 2026/09/15 10:00:32.120, 1, 16, 210 MHz, 405 MHz, P8, 13.67 W
0, 2026/09/15 10:00:32.320, 1, 16, 210 MHz, 405 MHz, P8, 15.22 W
1, 2026/09/15 10:00:32.321, 1, 16, 210 MHz, 405 MHz, P8, 13.67 W
0, 2026/09/15 10:00:32.521, 1, 16, 210 MHz, 405 MHz, P8, 15.22 W
1, 2026/09/15 10:00:32.521, 1, 16, 210 MHz, 405 MHz, P8, 13.67 W
0, 2026/09/15 10:00:32.721, 1, 16, 210 MHz, 405 MHz, P8, 15.22 W
1, 2026/09/15 10:00:32.721, 1, 16, 210 MHz, 405 MHz, P8, 13.67 W
0, 2026/09/15 10:00:32.922, 1, 16, 210 MHz, 405 MHz, P8, 14.65 W
1, 2026/09/15 10:00:32.922, 1, 16, 210 MHz, 405 MHz, P8, 13.55 W
0, 2026/09/15 10:00:33.122, 1, 16, 210 MHz, 405 MHz, P8, 14.65 W
1, 2026/09/15 10:00:33.122, 1, 16, 210 MHz, 405 MHz, P8, 13.55 W
0, 2026/09/15 10:00:33.323, 1, 16, 210 MHz, 405 MHz, P8, 14.65 W
1, 2026/09/15 10:00:33.323, 1, 16, 210 MHz, 405 MHz, P8, 13.55 W
0, 2026/09/15 10:00:33.523, 1, 16, 210 MHz, 405 MHz, P8, 14.65 W
1, 2026/09/15 10:00:33.523, 1, 16, 210 MHz, 405 MHz, P8, 13.55 W
0, 2026/09/15 10:00:33.724, 1, 16, 210 MHz, 405 MHz, P8, 14.65 W
1, 2026/09/15 10:00:33.724, 1, 16, 210 MHz, 405 MHz, P8, 13.55 W
0, 2026/09/15 10:00:33.924, 1, 16, 210 MHz, 405 MHz, P8, 14.77 W
1, 2026/09/15 10:00:33.924, 1, 16, 210 MHz, 405 MHz, P8, 13.75 W
0, 2026/09/15 10:00:34.124, 1, 16, 210 MHz, 405 MHz, P8, 14.77 W
1, 2026/09/15 10:00:34.125, 1, 16, 210 MHz, 405 MHz, P8, 13.75 W
0, 2026/09/15 10:00:34.325, 1, 16, 210 MHz, 405 MHz, P8, 14.77 W
1, 2026/09/15 10:00:34.325, 1, 16, 210 MHz, 405 MHz, P8, 13.75 W
0, 2026/09/15 10:00:34.525, 1, 16, 210 MHz, 405 MHz, P8, 14.77 W
1, 2026/09/15 10:00:34.526, 1, 16, 210 MHz, 405 MHz, P8, 13.75 W
0, 2026/09/15 10:00:34.726, 1, 16, 210 MHz, 405 MHz, P8, 14.77 W
1, 2026/09/15 10:00:34.726, 1, 16, 210 MHz, 405 MHz, P8, 13.75 W
0, 2026/09/15 10:00:34.926, 1, 16, 210 MHz, 405 MHz, P8, 14.62 W
1, 2026/09/15 10:00:34.927, 1, 16, 210 MHz, 405 MHz, P8, 13.75 W
0, 2026/09/15 10:00:35.127, 1, 16, 210 MHz, 405 MHz, P8, 14.62 W
1, 2026/09/15 10:00:35.127, 1, 16, 210 MHz, 405 MHz, P8, 13.75 W
0, 2026/09/15 10:00:35.327, 1, 16, 210 MHz, 405 MHz, P8, 14.62 W
1, 2026/09/15 10:00:35.328, 1, 16, 210 MHz, 405 MHz, P8, 13.75 W
0, 2026/09/15 10:00:35.528, 1, 16, 210 MHz, 405 MHz, P8, 14.62 W
1, 2026/09/15 10:00:35.528, 1, 16, 210 MHz, 405 MHz, P8, 13.75 W
0, 2026/09/15 10:00:35.728, 1, 16, 210 MHz, 405 MHz, P8, 14.62 W
1, 2026/09/15 10:00:35.729, 1, 16, 210 MHz, 405 MHz, P8, 13.75 W
0, 2026/09/15 10:00:35.929, 1, 16, 210 MHz, 405 MHz, P8, 14.47 W
1, 2026/09/15 10:00:35.929, 1, 16, 210 MHz, 405 MHz, P8, 13.81 W
0, 2026/09/15 10:00:36.130, 1, 16, 210 MHz, 405 MHz, P8, 14.47 W
1, 2026/09/15 10:00:36.130, 1, 16, 210 MHz, 405 MHz, P8, 13.81 W
0, 2026/09/15 10:00:36.330, 1, 16, 210 MHz, 405 MHz, P8, 14.47 W
1, 2026/09/15 10:00:36.330, 1, 16, 210 MHz, 405 MHz, P8, 13.81 W
0, 2026/09/15 10:00:36.530, 1, 16, 210 MHz, 405 MHz, P8, 14.47 W
1, 2026/09/15 10:00:36.531, 1, 16, 210 MHz, 405 MHz, P8, 13.81 W
0, 2026/09/15 10:00:36.731, 1, 16, 210 MHz, 405 MHz, P8, 14.47 W
1, 2026/09/15 10:00:36.731, 1, 16, 210 MHz, 405 MHz, P8, 13.81 W
0, 2026/09/15 10:00:36.931, 1, 16, 210 MHz, 405 MHz, P8, 14.40 W
1, 2026/09/15 10:00:36.931, 1, 16, 210 MHz, 405 MHz, P8, 13.90 W
0, 2026/09/15 10:00:37.132, 1, 16, 210 MHz, 405 MHz, P8, 14.40 W
1, 2026/09/15 10:00:37.132, 1, 16, 210 MHz, 405 MHz, P8, 13.90 W
0, 2026/09/15 10:00:37.332, 1, 16, 210 MHz, 405 MHz, P8, 14.40 W
1, 2026/09/15 10:00:37.332, 1, 16, 210 MHz, 405 MHz, P8, 13.90 W
0, 2026/09/15 10:00:37.532, 1, 16, 210 MHz, 405 MHz, P8, 14.40 W
1, 2026/09/15 10:00:37.533, 1, 16, 210 MHz, 405 MHz, P8, 13.90 W
0, 2026/09/15 10:00:37.733, 1, 16, 210 MHz, 405 MHz, P8, 14.40 W
1, 2026/09/15 10:00:37.733, 1, 16, 210 MHz, 405 MHz, P8, 13.90 W
0, 2026/09/15 10:00:37.933, 1, 16, 210 MHz, 405 MHz, P8, 14.49 W
1, 2026/09/15 10:00:37.933, 1, 16, 210 MHz, 405 MHz, P8, 13.86 W
0, 2026/09/15 10:00:38.134, 1, 16, 210 MHz, 405 MHz, P8, 14.49 W
1, 2026/09/15 10:00:38.134, 1, 16, 210 MHz, 405 MHz, P8, 13.86 W
0, 2026/09/15 10:00:38.334, 1, 16, 210 MHz, 405 MHz, P8, 14.49 W
1, 2026/09/15 10:00:38.334, 1, 16, 210 MHz, 405 MHz, P8, 13.86 W
0, 2026/09/15 10:00:38.534, 1, 16, 210 MHz, 405 MHz, P8, 14.49 W
1, 2026/09/15 10:00:38.535, 1, 16, 210 MHz, 405 MHz, P8, 13.86 W
0, 2026/09/15 10:00:38.735, 1, 16, 210 MHz, 405 MHz, P8, 14.49 W
1, 2026/09/15 10:00:38.735, 1, 16, 210 MHz, 405 MHz, P8, 13.86 W
0, 2026/09/15 10:00:38.936, 1, 16, 210 MHz, 405 MHz, P8, 14.78 W
1, 2026/09/15 10:00:38.936, 1, 16, 210 MHz, 405 MHz, P8, 13.68 W
0, 2026/09/15 10:00:39.136, 1, 16, 210 MHz, 405 MHz, P8, 14.78 W
1, 2026/09/15 10:00:39.136, 1, 16, 210 MHz, 405 MHz, P8, 13.68 W
0, 2026/09/15 10:00:39.336, 1, 16, 210 MHz, 405 MHz, P8, 14.78 W
1, 2026/09/15 10:00:39.337, 1, 16, 210 MHz, 405 MHz, P8, 13.68 W
0, 2026/09/15 10:00:39.537, 1, 16, 210 MHz, 405 MHz, P8, 14.78 W
1, 2026/09/15 10:00:39.537, 1, 16, 210 MHz, 405 MHz, P8, 13.68 W
0, 2026/09/15 10:00:39.737, 1, 16, 210 MHz, 405 MHz, P8, 14.78 W
1, 2026/09/15 10:00:39.737, 1, 16, 210 MHz, 405 MHz, P8, 13.68 W
0, 2026/09/15 10:00:39.938, 1, 16, 210 MHz, 405 MHz, P8, 14.96 W
1, 2026/09/15 10:00:39.938, 1, 16, 210 MHz, 405 MHz, P8, 13.56 W
0, 2026/09/15 10:00:40.138, 1, 16, 210 MHz, 405 MHz, P8, 14.96 W
1, 2026/09/15 10:00:40.138, 1, 16, 210 MHz, 405 MHz, P8, 13.56 W
0, 2026/09/15 10:00:40.338, 1, 16, 210 MHz, 405 MHz, P8, 14.96 W
1, 2026/09/15 10:00:40.339, 1, 16, 210 MHz, 405 MHz, P8, 13.56 W
0, 2026/09/15 10:00:40.539, 1, 16, 210 MHz, 405 MHz, P8, 14.96 W
1, 2026/09/15 10:00:40.539, 1, 16, 210 MHz, 405 MHz, P8, 13.56 W
0, 2026/09/15 10:00:40.739, 1, 16, 210 MHz, 405 MHz, P8, 14.96 W
1, 2026/09/15 10:00:40.739, 1, 16, 210 MHz, 405 MHz, P8, 13.56 W
0, 2026/09/15 10:00:40.940, 1, 16, 210 MHz, 405 MHz, P8, 14.97 W
1, 2026/09/15 10:00:40.940, 1, 16, 210 MHz, 405 MHz, P8, 13.60 W
0, 2026/09/15 10:00:41.140, 1, 16, 210 MHz, 405 MHz, P8, 14.97 W
1, 2026/09/15 10:00:41.140, 1, 16, 210 MHz, 405 MHz, P8, 13.60 W
0, 2026/09/15 10:00:41.340, 1, 16, 210 MHz, 405 MHz, P8, 14.97 W
1, 2026/09/15 10:00:41.341, 1, 16, 210 MHz, 405 MHz, P8, 13.60 W
0, 2026/09/15 10:00:41.541, 1, 16, 210 MHz, 405 MHz, P8, 14.97 W
1, 2026/09/15 10:00:41.541, 1, 16, 210 MHz, 405 MHz, P8, 13.60 W
0, 2026/09/15 10:00:41.741, 1, 16, 210 MHz, 405 MHz, P8, 14.97 W
1, 2026/09/15 10:00:41.741, 1, 16, 210 MHz, 405 MHz, P8, 13.60 W
0, 2026/09/15 10:00:41.942, 1, 16, 210 MHz, 405 MHz, P8, 15.11 W
1, 2026/09/15 10:00:41.942, 1, 16, 210 MHz, 405 MHz, P8, 13.87 W
0, 2026/09/15 10:00:42.142, 1, 16, 210 MHz, 405 MHz, P8, 15.11 W
1, 2026/09/15 10:00:42.142, 1, 16, 210 MHz, 405 MHz, P8, 13.87 W
0, 2026/09/15 10:00:42.342, 1, 16, 210 MHz, 405 MHz, P8, 15.11 W
1, 2026/09/15 10:00:42.343, 1, 16, 210 MHz, 405 MHz, P8, 13.87 W
0, 2026/09/15 10:00:42.543, 1, 16, 210 MHz, 405 MHz, P8, 15.11 W
1, 2026/09/15 10:00:42.543, 1, 16, 210 MHz, 405 MHz, P8, 13.87 W
0, 2026/09/15 10:00:42.743, 1, 16, 210 MHz, 405 MHz, P8, 15.11 W
1, 2026/09/15 10:00:42.743, 1, 16, 210 MHz, 405 MHz, P8, 13.87 W
0, 2026/09/15 10:00:42.944, 1, 16, 210 MHz, 405 MHz, P8, 15.00 W
1, 2026/09/15 10:00:42.944, 1, 16, 210 MHz, 405 MHz, P8, 14.06 W
0, 2026/09/15 10:00:43.144, 1, 16, 210 MHz, 405 MHz, P8, 15.00 W
1, 2026/09/15 10:00:43.144, 1, 16, 210 MHz, 405 MHz, P8, 14.06 W
0, 2026/09/15 10:00:43.344, 1, 16, 210 MHz, 405 MHz, P8, 15.00 W
1, 2026/09/15 10:00:43.344, 1, 16, 210 MHz, 405 MHz, P8, 14.06 W
0, 2026/09/15 10:00:43.545, 1, 16, 210 MHz, 405 MHz, P8, 15.00 W
1, 2026/09/15 10:00:43.545, 1, 16, 210 MHz, 405 MHz, P8, 14.06 W
0, 2026/09/15 10:00:43.745, 1, 16, 210 MHz, 405 MHz, P8, 15.00 W
1, 2026/09/15 10:00:43.745, 1, 16, 210 MHz, 405 MHz, P8, 14.06 W
0, 2026/09/15 10:00:43.945, 1, 16, 210 MHz, 405 MHz, P8, 14.96 W
1, 2026/09/15 10:00:43.946, 1, 16, 210 MHz, 405 MHz, P8, 14.08 W
0, 2026/09/15 10:00:44.146, 1, 16, 210 MHz, 405 MHz, P8, 14.96 W
1, 2026/09/15 10:00:44.146, 1, 16, 210 MHz, 405 MHz, P8, 14.08 W
0, 2026/09/15 10:00:44.346, 1, 16, 210 MHz, 405 MHz, P8, 14.96 W
1, 2026/09/15 10:00:44.347, 1, 16, 210 MHz, 405 MHz, P8, 14.08 W
0, 2026/09/15 10:00:44.547, 1, 16, 210 MHz, 405 MHz, P8, 14.96 W
1, 2026/09/15 10:00:44.547, 1, 16, 210 MHz, 405 MHz, P8, 14.08 W
0, 2026/09/15 10:00:44.747, 1, 16, 210 MHz, 405 MHz, P8, 14.96 W
1, 2026/09/15 10:00:44.747, 1, 16, 210 MHz, 405 MHz, P8, 14.08 W
0, 2026/09/15 10:00:44.948, 1, 16, 210 MHz, 405 MHz, P8, 15.27 W
1, 2026/09/15 10:00:44.948, 1, 16, 210 MHz, 405 MHz, P8, 14.07 W
0, 2026/09/15 10:00:45.148, 1, 16, 210 MHz, 405 MHz, P8, 15.27 W
1, 2026/09/15 10:00:45.148, 1, 16, 210 MHz, 405 MHz, P8, 14.07 W
0, 2026/09/15 10:00:45.348, 1, 16, 210 MHz, 405 MHz, P8, 15.27 W
1, 2026/09/15 10:00:45.349, 1, 16, 210 MHz, 405 MHz, P8, 14.07 W
0, 2026/09/15 10:00:45.549, 1, 16, 210 MHz, 405 MHz, P8, 15.27 W
1, 2026/09/15 10:00:45.549, 1, 16, 210 MHz, 405 MHz, P8, 14.07 W
0, 2026/09/15 10:00:45.749, 1, 16, 210 MHz, 405 MHz, P8, 15.27 W
1, 2026/09/15 10:00:45.749, 1, 16, 210 MHz, 405 MHz, P8, 14.07 W
0, 2026/09/15 10:00:45.950, 1, 16, 210 MHz, 405 MHz, P8, 15.05 W
1, 2026/09/15 10:00:45.950, 1, 16, 210 MHz, 405 MHz, P8, 13.95 W
0, 2026/09/15 10:00:46.150, 1, 16, 210 MHz, 405 MHz, P8, 15.05 W
1, 2026/09/15 10:00:46.150, 1, 16, 210 MHz, 405 MHz, P8, 13.95 W
0, 2026/09/15 10:00:46.350, 1, 16, 210 MHz, 405 MHz, P8, 15.05 W
1, 2026/09/15 10:00:46.351, 1, 16, 210 MHz, 405 MHz, P8, 13.95 W
0, 2026/09/15 10:00:46.551, 1, 16, 210 MHz, 405 MHz, P8, 15.05 W
1, 2026/09/15 10:00:46.551, 1, 16, 210 MHz, 405 MHz, P8, 13.95 W
0, 2026/09/15 10:00:46.752, 1, 16, 210 MHz, 405 MHz, P8, 15.05 W
1, 2026/09/15 10:00:46.752, 1, 16, 210 MHz, 405 MHz, P8, 13.95 W
0, 2026/09/15 10:00:46.952, 1, 16, 210 MHz, 405 MHz, P8, 14.54 W
1, 2026/09/15 10:00:46.952, 1, 16, 210 MHz, 405 MHz, P8, 13.88 W
0, 2026/09/15 10:00:47.153, 1, 16, 210 MHz, 405 MHz, P8, 14.54 W
1, 2026/09/15 10:00:47.153, 1, 16, 210 MHz, 405 MHz, P8, 13.88 W
0, 2026/09/15 10:00:47.353, 1, 16, 210 MHz, 405 MHz, P8, 14.54 W
1, 2026/09/15 10:00:47.353, 1, 16, 210 MHz, 405 MHz, P8, 13.88 W
0, 2026/09/15 10:00:47.553, 1, 16, 210 MHz, 405 MHz, P8, 14.54 W
1, 2026/09/15 10:00:47.554, 1, 16, 210 MHz, 405 MHz, P8, 13.88 W
0, 2026/09/15 10:00:47.754, 1, 16, 210 MHz, 405 MHz, P8, 14.54 W
1, 2026/09/15 10:00:47.754, 1, 16, 210 MHz, 405 MHz, P8, 13.88 W
0, 2026/09/15 10:00:47.954, 1, 16, 210 MHz, 405 MHz, P8, 14.52 W
1, 2026/09/15 10:00:47.955, 1, 16, 210 MHz, 405 MHz, P8, 13.80 W
0, 2026/09/15 10:00:48.155, 1, 16, 210 MHz, 405 MHz, P8, 14.52 W
1, 2026/09/15 10:00:48.155, 1, 16, 210 MHz, 405 MHz, P8, 13.80 W
0, 2026/09/15 10:00:48.355, 1, 16, 210 MHz, 405 MHz, P8, 14.52 W
1, 2026/09/15 10:00:48.355, 1, 16, 210 MHz, 405 MHz, P8, 13.80 W
0, 2026/09/15 10:00:48.556, 1, 16, 210 MHz, 405 MHz, P8, 14.52 W
1, 2026/09/15 10:00:48.556, 1, 16, 210 MHz, 405 MHz, P8, 13.80 W
0, 2026/09/15 10:00:48.756, 1, 16, 210 MHz, 405 MHz, P8, 14.52 W
1, 2026/09/15 10:00:48.756, 1, 16, 210 MHz, 405 MHz, P8, 13.80 W
0, 2026/09/15 10:00:48.956, 1, 16, 210 MHz, 405 MHz, P8, 14.86 W
1, 2026/09/15 10:00:48.957, 1, 16, 210 MHz, 405 MHz, P8, 13.65 W
0, 2026/09/15 10:00:49.157, 1, 16, 210 MHz, 405 MHz, P8, 14.86 W
1, 2026/09/15 10:00:49.157, 1, 16, 210 MHz, 405 MHz, P8, 13.65 W
0, 2026/09/15 10:00:49.357, 1, 16, 210 MHz, 405 MHz, P8, 14.86 W
1, 2026/09/15 10:00:49.358, 1, 16, 210 MHz, 405 MHz, P8, 13.65 W
0, 2026/09/15 10:00:49.558, 1, 16, 210 MHz, 405 MHz, P8, 14.86 W
1, 2026/09/15 10:00:49.558, 1, 16, 210 MHz, 405 MHz, P8, 13.65 W
0, 2026/09/15 10:00:49.758, 1, 16, 210 MHz, 405 MHz, P8, 14.86 W
1, 2026/09/15 10:00:49.758, 1, 16, 210 MHz, 405 MHz, P8, 13.65 W
0, 2026/09/15 10:00:49.959, 1, 16, 210 MHz, 405 MHz, P8, 14.89 W
1, 2026/09/15 10:00:49.959, 1, 16, 210 MHz, 405 MHz, P8, 13.59 W
0, 2026/09/15 10:00:50.159, 1, 16, 210 MHz, 405 MHz, P8, 14.89 W
1, 2026/09/15 10:00:50.159, 1, 16, 210 MHz, 405 MHz, P8, 13.59 W
0, 2026/09/15 10:00:50.359, 1, 16, 210 MHz, 405 MHz, P8, 14.89 W
1, 2026/09/15 10:00:50.360, 1, 16, 210 MHz, 405 MHz, P8, 13.59 W
0, 2026/09/15 10:00:50.560, 1, 16, 210 MHz, 405 MHz, P8, 14.89 W
1, 2026/09/15 10:00:50.560, 1, 16, 210 MHz, 405 MHz, P8, 13.59 W
0, 2026/09/15 10:00:50.760, 1, 16, 210 MHz, 405 MHz, P8, 14.89 W
1, 2026/09/15 10:00:50.761, 1, 16, 210 MHz, 405 MHz, P8, 13.59 W
0, 2026/09/15 10:00:50.961, 1, 16, 210 MHz, 405 MHz, P8, 14.89 W
1, 2026/09/15 10:00:50.961, 1, 16, 210 MHz, 405 MHz, P8, 13.71 W
0, 2026/09/15 10:00:51.161, 1, 16, 210 MHz, 405 MHz, P8, 14.89 W
1, 2026/09/15 10:00:51.161, 1, 16, 210 MHz, 405 MHz, P8, 13.71 W
0, 2026/09/15 10:00:51.362, 1, 16, 210 MHz, 405 MHz, P8, 14.89 W
1, 2026/09/15 10:00:51.362, 1, 16, 210 MHz, 405 MHz, P8, 13.71 W
0, 2026/09/15 10:00:51.562, 1, 16, 210 MHz, 405 MHz, P8, 14.89 W
1, 2026/09/15 10:00:51.562, 1, 16, 210 MHz, 405 MHz, P8, 13.71 W
0, 2026/09/15 10:00:51.762, 1, 16, 210 MHz, 405 MHz, P8, 14.89 W
1, 2026/09/15 10:00:51.763, 1, 16, 210 MHz, 405 MHz, P8, 13.71 W
0, 2026/09/15 10:00:51.963, 1, 16, 210 MHz, 405 MHz, P8, 15.09 W
1, 2026/09/15 10:00:51.963, 1, 16, 210 MHz, 405 MHz, P8, 13.80 W
0, 2026/09/15 10:00:52.163, 1, 16, 210 MHz, 405 MHz, P8, 15.09 W
1, 2026/09/15 10:00:52.163, 1, 16, 210 MHz, 405 MHz, P8, 13.80 W
0, 2026/09/15 10:00:52.364, 1, 16, 210 MHz, 405 MHz, P8, 15.09 W
1, 2026/09/15 10:00:52.364, 1, 16, 210 MHz, 405 MHz, P8, 13.80 W
0, 2026/09/15 10:00:52.564, 1, 16, 210 MHz, 405 MHz, P8, 15.09 W
1, 2026/09/15 10:00:52.564, 1, 16, 210 MHz, 405 MHz, P8, 13.80 W
0, 2026/09/15 10:00:52.764, 1, 16, 210 MHz, 405 MHz, P8, 15.09 W
1, 2026/09/15 10:00:52.764, 1, 16, 210 MHz, 405 MHz, P8, 13.80 W
0, 2026/09/15 10:00:52.965, 1, 16, 210 MHz, 405 MHz, P8, 15.19 W
1, 2026/09/15 10:00:52.965, 1, 16, 210 MHz, 405 MHz, P8, 13.88 W
0, 2026/09/15 10:00:53.165, 1, 16, 210 MHz, 405 MHz, P8, 15.19 W
1, 2026/09/15 10:00:53.165, 1, 16, 210 MHz, 405 MHz, P8, 13.88 W
0, 2026/09/15 10:00:53.365, 1, 16, 210 MHz, 405 MHz, P8, 15.19 W
1, 2026/09/15 10:00:53.366, 1, 16, 210 MHz, 405 MHz, P8, 13.88 W
0, 2026/09/15 10:00:53.566, 1, 16, 210 MHz, 405 MHz, P8, 15.19 W
1, 2026/09/15 10:00:53.566, 1, 16, 210 MHz, 405 MHz, P8, 13.88 W
0, 2026/09/15 10:00:53.766, 1, 16, 210 MHz, 405 MHz, P8, 15.19 W
1, 2026/09/15 10:00:53.766, 1, 16, 210 MHz, 405 MHz, P8, 13.88 W
0, 2026/09/15 10:00:53.967, 1, 16, 210 MHz, 405 MHz, P8, 14.99 W
1, 2026/09/15 10:00:53.967, 1, 16, 210 MHz, 405 MHz, P8, 13.84 W
0, 2026/09/15 10:00:54.167, 1, 16, 210 MHz, 405 MHz, P8, 14.99 W
1, 2026/09/15 10:00:54.167, 1, 16, 210 MHz, 405 MHz, P8, 13.84 W
0, 2026/09/15 10:00:54.367, 1, 16, 210 MHz, 405 MHz, P8, 14.99 W
1, 2026/09/15 10:00:54.367, 1, 16, 210 MHz, 405 MHz, P8, 13.84 W
0, 2026/09/15 10:00:54.568, 1, 16, 210 MHz, 405 MHz, P8, 14.99 W
1, 2026/09/15 10:00:54.568, 1, 16, 210 MHz, 405 MHz, P8, 13.84 W
0, 2026/09/15 10:00:54.768, 1, 16, 210 MHz, 405 MHz, P8, 14.99 W
1, 2026/09/15 10:00:54.768, 1, 16, 210 MHz, 405 MHz, P8, 13.84 W
0, 2026/09/15 10:00:54.968, 1, 16, 210 MHz, 405 MHz, P8, 14.60 W
1, 2026/09/15 10:00:54.969, 1, 16, 210 MHz, 405 MHz, P8, 13.67 W
0, 2026/09/15 10:00:55.169, 1, 16, 210 MHz, 405 MHz, P8, 14.60 W
1, 2026/09/15 10:00:55.169, 1, 16, 210 MHz, 405 MHz, P8, 13.67 W
0, 2026/09/15 10:00:55.369, 1, 16, 210 MHz, 405 MHz, P8, 14.60 W
1, 2026/09/15 10:00:55.369, 1, 16, 210 MHz, 405 MHz, P8, 13.67 W
0, 2026/09/15 10:00:55.570, 1, 16, 210 MHz, 405 MHz, P8, 14.60 W
1, 2026/09/15 10:00:55.570, 1, 16, 210 MHz, 405 MHz, P8, 13.67 W
0, 2026/09/15 10:00:55.770, 1, 16, 210 MHz, 405 MHz, P8, 14.60 W
1, 2026/09/15 10:00:55.770, 1, 16, 210 MHz, 405 MHz, P8, 13.67 W
0, 2026/09/15 10:00:55.970, 1, 16, 210 MHz, 405 MHz, P8, 14.21 W
1, 2026/09/15 10:00:55.971, 1, 16, 210 MHz, 405 MHz, P8, 13.55 W
0, 2026/09/15 10:00:56.171, 1, 16, 210 MHz, 405 MHz, P8, 14.21 W
1, 2026/09/15 10:00:56.171, 1, 16, 210 MHz, 405 MHz, P8, 13.55 W
0, 2026/09/15 10:00:56.371, 1, 16, 210 MHz, 405 MHz, P8, 14.21 W
1, 2026/09/15 10:00:56.371, 1, 16, 210 MHz, 405 MHz, P8, 13.55 W
0, 2026/09/15 10:00:56.571, 1, 16, 210 MHz, 405 MHz, P8, 14.21 W
1, 2026/09/15 10:00:56.572, 1, 16, 210 MHz, 405 MHz, P8, 13.55 W
